transactiondate,product,product_GBU,yearmth,customer_no,bill_to_customer_name,Extract_Number,customer_no_dupes,bill_to_custname_wo_dupes,st_customer_name,st_customer_no,invoice_no,invoice_type,revenue,cost,Quantity,sale_amount,Profit-Loss
1/3/2023,3rd party,CI,202301,1061010,CHU Montpellier Pharm Euromédicine - Plateforme Log Phar,,,,,20152968,90373942,Credit Memo,-747.89,-356.03,-50,37394.5,37750.53
1/3/2023,3rd party,CI,202301,1061010,CHU Montpellier Pharm Euromédicine - Plateforme Log Phar,,,,,20152968,90373943,Debit Memo,747.89,356.03,50,37394.5,37038.47
1/3/2023,CGT Non-Core,Non-Core,202301,1089747,Apsu Medical AB,,,,,20170910,90373944,Credit Memo,-3156.16,0,-1,3156.16,3156.16
4/3/2023,CGT Non-Core,Non-Core,202301,1089747,Apsu Medical AB,,,,,20170910,90373948,Credit Memo,-3156.16,0,-1,3156.16,3156.16
1/3/2023,Flowmaster,Uro,202301,1058746,"Asras Medical CO., LTD.",,,,,1058746,90373959,Invoice,0,0,0,0,0
1/3/2023,GI Service Contracts,GI,202301,1019810,Boston Medical Center Health System,,,,,20083715,90373935,Invoice,4767.3,0,1,4767.3,4767.3
1/3/2023,GI Service Contracts,GI,202301,1059744,BWC Management Services Ltd CQ3 Payables F715,,,,,20168508,90373937,Invoice,1041.37,0,1,1041.37,1041.37
1/3/2023,GI Service Contracts,GI,202301,1059775,Ashford & St Peters Hospital RTK Payables A185,,,,,20154912,90373956,Invoice,3587.23,0,1,3587.23,3587.23
1/3/2023,Optilume Strictures,Uro,202301,1089747,Apsu Medical AB,,,,,20170910,90373944,Credit Memo,0,0,-1,0,0
1/3/2023,Optilume Strictures,Uro,202301,1089747,Apsu Medical AB,,,,,20170910,90373945,Debit Memo,0,0,1,0,0
1/3/2023,Optilume Strictures,Uro,202301,1089747,Apsu Medical AB,,,,,20170910,90373946,Invoice Cancellation,-15000,0,-10,150000,150000
1/3/2023,UDS Other Service & Repairs,Uro,202301,1024264,U.S. Bank Equipment Finance Division of U.S. Bank Nat'l Assoc.,,,,,20171252,90373940,Invoice,0,0,1,0,0
1/3/2023,UDS Other Service & Repairs,Uro,202301,1061808,SHL Spire Healthcare Ltd Accounts Payable,,,,,1061808,90373941,Invoice,1308.44,0,1,1308.44,1308.44
1/3/2023,UDS Other Service & Repairs,Uro,202301,1058746,"Asras Medical CO., LTD.",,,,,1058746,90373958,Invoice,0,0,2,0,0
1/3/2023,UDS Other Service & Repairs,Uro,202301,1058746,"Asras Medical CO., LTD.",,,,,1058746,90373959,Invoice,0,0,3.5,0,0
1/3/2023,UDS Other Service & Repairs,Uro,202301,1058746,"Asras Medical CO., LTD.",,,,,1058746,90373959,Invoice,0,0,1,0,0
1/3/2023,UDS Other Service & Repairs,Uro,202301,1019709,Bronson Healthcare,,,,,20171072,90373963,Invoice,3615.68,0,0,0,0
1/3/2023,UDS Other Service & Repairs,Uro,202301,1019709,Bronson Healthcare,,,,,20171072,90373963,Invoice,1500.01,0,0,0,0
1/3/2023,UDS Other Service & Repairs,Uro,202301,1019709,Bronson Healthcare,,,,,20171072,90373963,Invoice,-3615.68,0,0,0,0
1/3/2023,UDS Other Service & Repairs,Uro,202301,1019709,Bronson Healthcare,,,,,20171072,90373963,Invoice,-1500.01,0,0,0,0
1/3/2023,UDS Other Service & Repairs,Uro,202301,1019709,Bronson Healthcare,,,,,20171072,90373963,Invoice,350,0,1,350,350
1/4/2023,babyLance,CI,202301,1061762,Aneurin Bevan Local Health Board 342049 Accounts Payable,,,,,20166842,90373967,Invoice,171.32,70.98,200,34264,34193.02
1/4/2023,babyLance,CI,202301,1061762,Aneurin Bevan Local Health Board 342049 Accounts Payable,,,,,20166842,90373967,Invoice,171.32,70.98,200,34264,34193.02
1/4/2023,CGT Non-Core,Non-Core,202301,1089747,Apsu Medical AB,,,,,20170910,90373947,Credit Memo Cancella,3156.16,0,1,3156.16,3156.16
1/4/2023,Clearview,CI,202301,1061863,NHS Supply Chain NHS Suppply Chain Accounts Payable,,,,,20170861,90373971,Invoice,1222.48,298.34,20,24449.6,24151.26
1/4/2023,Clearview,CI,202301,1061813,Nuffield Health The Account Department,,,,,20170855,90373976,Invoice,248.69,74.58,5,1243.45,1168.87
1/4/2023,Kiwi,CI,202301,1061854,Maidstone &Tunbridge Wells NHS Trust,,,,,20155238,90373968,Invoice,381.79,54.57,10,3817.9,3763.33
1/4/2023,Kiwi,CI,202301,1061863,NHS Supply Chain NHS Suppply Chain Accounts Payable,,,,,20170835,90373973,Invoice,9728.42,1637.32,300,2918526,2916888.68
1/4/2023,Optilume Strictures,Uro,202301,1089747,Apsu Medical AB,,,,,20170910,90373946,Invoice Cancellation,0,0,-1,0,0
1/4/2023,Optilume Strictures,Uro,202301,1089747,Apsu Medical AB,,,,,20170910,90373948,Credit Memo,0,0,-1,0,0
1/4/2023,Other GI Supply Disposables,GI,202301,1108704,HCA - Wesley Woodlawn Hospital Attn Accounts Payable 26330,,,,,20084372,90373966,Invoice,90,34.5,50,4500,4465.5
1/4/2023,ROM,CI,202301,1061863,NHS Supply Chain NHS Suppply Chain Accounts Payable,,,,,20170862,90373969,Invoice,637.55,230.67,50,31877.5,31646.83
1/4/2023,Traxi,CI,202301,1061863,NHS Supply Chain NHS Suppply Chain Accounts Payable,,,,,20151486,90373970,Invoice,134.61,37.57,5,673.05,635.48
1/4/2023,Traxi,CI,202301,1061863,NHS Supply Chain NHS Suppply Chain Accounts Payable,,,,,20151486,90373974,Invoice,134.61,37.57,5,673.05,635.48
1/4/2023,Traxi,CI,202301,1061863,NHS Supply Chain NHS Suppply Chain Accounts Payable,,,,,20151478,90373978,Invoice,269.21,75.13,10,2692.1,2616.97
1/4/2023,UDS Service Contracts,Uro,202301,1023121,VA Wilmington Health Care,,,,,20068551,90373965,Invoice,2420,0,1,2420,2420
1/5/2023,babyLance,CI,202301,1061762,Aneurin Bevan Local Health Board 342049 Accounts Payable,,,,,20154953,90373975,Invoice,171.32,70.98,200,34264,34193.02
1/5/2023,CGT Non-Core,Non-Core,202301,1061928,West Suffolk Hospital,,,,,1061928,90373957,Credit Memo,0,0,-1,0,0
1/5/2023,Clearview,CI,202301,1061863,NHS Supply Chain NHS Suppply Chain Accounts Payable,,,,,20155578,90373977,Invoice,305.62,74.59,5,1528.1,1453.51
1/5/2023,DSD,CI,202301,1061863,NHS Supply Chain NHS Suppply Chain Accounts Payable,,,,,20170833,90374360,Invoice,121.15,43.45,50,6057.5,6014.05
1/5/2023,Nexam,Uro,202301,1058746,"Asras Medical CO., LTD.",,,,,1058746,90373958,Invoice,0,0,0,0,0
1/5/2023,Optilume Strictures,Uro,202301,1089747,Apsu Medical AB,,,,,20170910,90373949,Debit Memo,0,0,1,0,0
1/5/2023,Optilume Strictures,Uro,202301,1089747,Apsu Medical AB,,,,,20170910,90373945,Debit Memo,15000,0,10,150000,150000
1/5/2023,Optilume Strictures,Uro,202301,1089747,Apsu Medical AB,,,,,20170910,90373947,Credit Memo Cancella,0,0,1,0,0
1/5/2023,Optilume Strictures,Uro,202301,1089747,Apsu Medical AB,,,,,20170910,90373944,Credit Memo,-15000,0,-10,150000,150000
1/5/2023,Optilume Strictures,Uro,202301,1089747,Apsu Medical AB,,,,,20170910,90373947,Credit Memo Cancella,15000,0,10,150000,150000
1/5/2023,Optilume Strictures,Uro,202301,1089747,Apsu Medical AB,,,,,20170910,90373948,Credit Memo,-15000,0,-10,150000,150000
1/5/2023,Optilume Strictures,Uro,202301,1089747,Apsu Medical AB,,,,,20170910,90373949,Debit Memo,15000,0,10,150000,150000
1/5/2023,Spot Ex,GI,202301,1021977,Randolph Health,,,,,20195506,90373961,Invoice,380,33.6,10,3800,3766.4
1/6/2023,DSD,CI,202301,1061863,NHS Supply Chain NHS Suppply Chain Accounts Payable,,,,,20151486,90373972,Invoice,121.15,43.45,50,6057.5,6014.05
1/7/2023,Kiwi,CI,202301,1061206,Hôpital Nord Franche-Comte,,,,,20151660,90373984,Debit Memo,3463.27,311.37,60,207796.2,207484.83
1/7/2023,T-Doc Catheters,Uro,202301,1061206,Hôpital Nord Franche-Comte,,,,,20151660,90373985,Credit Memo,-373.45,-52.87,-20,7469,7521.87
1/7/2023,T-Doc Catheters,Uro,202301,1061206,Hôpital Nord Franche-Comte,,,,,20151660,90373985,Credit Memo,-503.95,-86.31,-20,10079,10165.31
1/7/2023,T-Doc Catheters,Uro,202301,1061206,Hôpital Nord Franche-Comte,,,,,20151660,90373986,Debit Memo,373.45,52.87,20,7469,7416.13
1/7/2023,T-Doc Catheters,Uro,202301,1061206,Hôpital Nord Franche-Comte,,,,,20151660,90373986,Debit Memo,503.95,86.31,20,10079,9992.69
1/7/2023,Tubing,Uro,202301,1079255,Wiener Gesundheitsverbund,,,,,20155363,90373980,Debit Memo,1229.95,197.44,100,122995,122797.56
1/7/2023,UDS Other Service & Repairs,Uro,202301,1061206,Hôpital Nord Franche-Comte,,,,,20155873,90373981,Credit Memo,-176.94,-38.11,-1,176.94,215.05
1/7/2023,UDS Other Service & Repairs,Uro,202301,1061206,Hôpital Nord Franche-Comte,,,,,20155873,90373982,Debit Memo,176.94,38.11,1,176.94,138.83
1/8/2023,3rd party,CI,202301,1060785,SMS medipool GmbH,,,,,20154600,90373996,Invoice,356.04,139.31,3,1068.12,928.81
1/8/2023,3rd party,CI,202301,1059433,KKB Ilmtalklinik Pfaffenhofen GmbH,,,,,1059433,90374003,Invoice,334.46,87.87,4,1337.84,1249.97
1/8/2023,3rd party,CI,202301,1060253,Helios Beschaffungsmanagement GmbH,,,,,20155870,90374004,Invoice,102.5,46.44,1,102.5,56.06
1/8/2023,3rd party,CI,202301,1060253,Helios Beschaffungsmanagement GmbH,,,,,20155870,90374004,Invoice,148.35,57.18,25,3708.75,3651.57
1/8/2023,babyLance,CI,202301,1089833,Ev. Diakonissenanstalt SP-MA-DÜW K.d.ö.R Rechnungsprüfung (RP),,,,,20154842,90374000,Invoice,86.31,17.8,50,4315.5,4297.7
1/8/2023,Electrodes,Uro,202301,1069976,Schwarzwald-Baar Klinikum VS GmbH Verwaltung,,,,,20154015,90374001,Invoice,755.23,226.57,200,151046,150819.43
1/8/2023,Kiwi,CI,202301,1059349,Kliniken im Naturpark Altmühltal KU des LK Eichstätt A.d.ö.R.,,,,,20153109,90373994,Invoice,300.2,31.12,5,1501,1469.88
1/8/2023,Kiwi,CI,202301,1059391,Ortenau Klinikum Offenburg Zentralapotheke - Medikalprodukte,,,,,20153206,90373998,Invoice,540.37,51.9,10,5403.7,5351.8
1/8/2023,Kiwi,CI,202301,1059433,KKB Ilmtalklinik Pfaffenhofen GmbH,,,,,20153226,90374002,Invoice,248.2,43.16,5,1241,1197.84
1/8/2023,Kiwi,CI,202301,1060268,Universitätsklinikum Ruppin-Brandenburg Ruppiner Kliniken GmbH,,,,,1060268,90374009,Invoice,270.18,31.13,5,1350.9,1319.77
1/8/2023,Kiwi,CI,202301,1069860,Klinikum Südstadt Rostock Material- und Versorgungswissenscha,,,,,20155867,90374010,Invoice,1200.82,103.79,20,24016.4,23912.61
1/8/2023,ROM,CI,202301,1089734,Johannesstift Diakonie Services GmbH Zentrale Dienste Finanzen/0041,,,,,20152084,90374007,Invoice,525.96,119.21,25,13149,13029.79
1/8/2023,T-Doc Catheters,Uro,202301,1069689,Hôpital Nord Franche-Comte Pole Logistique-Service Pharmacie,,,,,20151660,90373988,Debit Memo,186.73,26.44,10,1867.3,1840.86
1/8/2023,T-Doc Catheters,Uro,202301,1061206,Hôpital Nord Franche-Comte,,,,,20151660,90373990,Credit Memo,-251.98,-43.16,-10,2519.8,2562.96
1/8/2023,T-Doc Catheters,Uro,202301,1061206,Hôpital Nord Franche-Comte,,,,,20151660,90373991,Debit Memo,251.98,43.16,10,2519.8,2476.64
1/8/2023,UDS Other Service & Repairs,Uro,202301,1061206,Hôpital Nord Franche-Comte,,,,,20155873,90373992,Credit Memo,-176.94,-38.11,-1,176.94,215.05
1/8/2023,UDS Other Service & Repairs,Uro,202301,1061206,Hôpital Nord Franche-Comte,,,,,20155873,90373993,Debit Memo,176.94,38.11,1,176.94,138.83
1/8/2023,UDS Other Service & Repairs,Uro,202301,1060365,DIAKOVERE gGmbH Einkauf,,,,,1060365,90374012,Invoice,0,0,0,0,0
1/8/2023,UDS Other Service & Repairs,Uro,202301,1060365,DIAKOVERE gGmbH Einkauf,,,,,1060365,90374012,Invoice,0,0,0,0,0
1/9/2023,3rd party,CI,202301,1060599,Klinikum Mutterhaus der Borromäerinnen gGmbH,,,,,20170931,90374020,Invoice,427.24,185.74,4,1708.96,1523.22
1/9/2023,3rd party,CI,202301,1069506,ViDia Christliche Kliniken Karlsruh Einkauf & Versorgung,,,,,20170662,90374031,Invoice,1233.18,517.87,20,24663.6,24145.73
1/9/2023,babyLance,CI,202301,1069829,Klinikum Passau Rechnungseingang,,,,,20155964,90374036,Invoice,178.02,53.41,150,26703,26649.59
1/9/2023,Electrodes,Uro,202301,1060552,ProServ Rhein - Erft GmbH Einkauf,,,,,1060552,90374018,Invoice,377.62,113.29,100,37762,37648.71
1/9/2023,Incontinence UPC Lead Sets,Uro,202301,1069492,Universitätsklinikum Essen AöR Rechnungsbüro,,,,,20156227,90374016,Invoice,1599.25,191.26,1,1599.25,1407.99
1/9/2023,Kiwi,CI,202301,1060390,Katholische Hospitalvereinigung Ostwestfalen gem. GmbH,,,,,1060390,90374014,Invoice,265.89,25.94,5,1329.45,1303.51
1/9/2023,Kiwi,CI,202301,1060411,St. Josefs Krankenhaus Balserische Stiftung gGmbH,,,,,1060411,90374015,Invoice,1715.45,155.68,30,51463.5,51307.82
1/9/2023,Kiwi,CI,202301,1108557,Asklepios Großhandelsgesellschaft mbH AGK 8280,,,,,20155744,90374023,Invoice,486.04,51.89,10,4860.4,4808.51
1/9/2023,Kiwi,CI,202301,1069898,Marienhaus Dienstleistungen GmbH BUK0952,,,,,20156129,90374027,Invoice,1080.73,124.5,20,21614.6,21490.1
1/9/2023,Kiwi,CI,202301,1060736,SLK-Kliniken Heilbronn GmbH,,,,,20152322,90374030,Invoice,540.37,86.31,10,5403.7,5317.39
1/9/2023,ROM,CI,202301,1069898,Marienhaus Dienstleistungen GmbH BUK0952,,,,,20152227,90374026,Invoice,525.96,119.21,25,13149,13029.79
1/9/2023,UDS Other Service & Repairs,Uro,202301,1060365,DIAKOVERE gGmbH Einkauf,,,,,1060365,90374012,Invoice,0,0,0,0,0
1/9/2023,UDS Other Service & Repairs,Uro,202301,1060365,DIAKOVERE gGmbH Einkauf,,,,,1060365,90374012,Invoice,0,0,0,0,0
1/9/2023,Water Catheters,Uro,202301,1060380,Apotheke Im Medico Dr. Klaus Michels e.K.,,,,,1060380,90374013,Invoice,172.62,46.28,10,1726.2,1679.92
1/9/2023,Water Catheters,Uro,202301,1070349,Kreiskrankenhaus Mechernich GmbH Zentraleinkauf,,,,,20153991,90374019,Invoice,345.25,92.57,20,6905,6812.43
1/9/2023,Water Catheters,Uro,202301,1069742,Sana Einkauf & Logistik GmbH Krankenhausvollversorgung,,,,,20164286,90374033,Invoice,534.06,161.84,50,26703,26541.16
1/9/2023,Water Catheters,Uro,202301,1069742,Sana Einkauf & Logistik GmbH Krankenhausvollversorgung,,,,,20164286,90374033,Invoice,155.36,46.28,10,1553.6,1507.32
1/10/2023,3rd party,CI,202301,1088967,Vinzenz von Paul Kliniken gGmbH Marienhospital Stuttgart,,,,,1088967,90374041,Invoice,126.23,37.76,20,2524.6,2486.84
1/10/2023,Anorectal Manometry Catheters,GI,202301,1060897,Zentralklinik Bad Berka GmbH Materialwirtschaft,,,,,1060897,90374038,Invoice,1467.3,468.02,20,29346,28877.98
1/10/2023,Kiwi,CI,202301,1089086,Klinikum Konstanz GmbH Zentralapotheke im GLKN,,,,,1089086,90374044,Invoice,265.89,25.94,5,1329.45,1303.51
1/10/2023,Kiwi,CI,202301,1089098,Katholisches Klinikum Bochum gGmbH,,,,,20170054,90374045,Invoice,531.79,51.9,10,5317.9,5266
1/10/2023,Kiwi,CI,202301,1089260,Krankenhaus Saarlouis vom DRK Einkauf,,,,,20170090,90374046,Invoice,480.33,51.9,10,4803.3,4751.4
1/10/2023,Other GI Disposables,GI,202301,1060873,Gemeinnützige Krankenhausgesellschaft des Landkreises Bamberg mbH,,,,,20152934,90374037,Invoice,34.52,9.77,1,34.52,24.75
1/10/2023,Other GI Disposables,GI,202301,1060873,Gemeinnützige Krankenhausgesellschaft des Landkreises Bamberg mbH,,,,,20152934,90374037,Invoice,34.52,9.77,1,34.52,24.75
1/10/2023,Other Uro Dx Equipment,Uro,202301,1108696,Urologicum Osnabrück,,,,,1108696,90374049,Invoice,931.74,277.54,2,1863.48,1585.94
1/10/2023,UDS Other Service & Repairs,Uro,202301,1083502,Helios Klinik Blankenhain,,,,,1083502,90374039,Invoice,5129.33,0,0,0,0
1/10/2023,UDS Other Service & Repairs,Uro,202301,1083502,Helios Klinik Blankenhain,,,,,1083502,90374039,Invoice,3529.95,0,0,0,0
1/11/2023,Anorectal Manometry Catheters,GI,202301,1059259,City Hospitals Independent Commercial Entreprises Ltd,,,,,20154470,90374050,Invoice,4597.5,1566.21,50,229875,228308.79
1/11/2023,Esophageal Manometry catheters,GI,202301,1070385,"University Hospitals Sussex NHS FT Creditors Payments Level A4, Bright",,,,,20166641,90374056,Invoice,4234,2806.85,40,169360,166553.15
1/11/2023,Incontinence MPQ,Uro,202301,1061748,"Buckinghamshire Hospitals NHS Trust Accounts Payable, Amersham Hospital",,,,,20155564,90374060,Invoice,164.02,40.16,2,328.04,287.88
1/11/2023,Incontinence UPC Lead Sets,Uro,202301,1069806,Swansea Bay University Health Board NWSSP Accounts Payable,,,,,20155154,90374051,Invoice,2927.82,158.98,4,11711.28,11552.3
1/11/2023,Ph/Impedance Catheters,GI,202301,1059259,City Hospitals Independent Commercial Entreprises Ltd,,,,,20154470,90374050,Invoice,1265.31,161.17,10,12653.1,12491.93
1/11/2023,Ph/Impedance Catheters,GI,202301,1069727,Royal Brompton Harefield Clinical Group,,,,,20155644,90374054,Invoice,1255.52,137.14,10,12555.2,12418.06
1/11/2023,Ph/Impedance Catheters,GI,202301,1059678,Royal Brompton Harefield Clinical Group,,,,,20155644,90374055,Invoice,1255.52,137.14,10,12555.2,12418.06
1/11/2023,Ph/Impedance Catheters,GI,202301,1061743,NHS Greater Glasgow & Clyde Finance Department,,,,,20163578,90374059,Invoice,1362.22,137.14,10,13622.2,13485.06
1/11/2023,Tubing,Uro,202301,1059559,KCH Interventional Facilities Management,,,,,20154852,90374052,Invoice,239.91,99.04,50,11995.5,11896.46
1/11/2023,UDS Other Service & Repairs,Uro,202301,1108696,Urologicum Osnabrück,,,,,1108696,90374049,Invoice,407.18,76.22,2,814.36,738.14
1/11/2023,UDS Other Service & Repairs,Uro,202301,1108696,Urologicum Osnabrück,,,,,1108696,90374049,Invoice,0,7.49,2,0,-7.49
1/11/2023,Water Catheters,Uro,202301,1059559,KCH Interventional Facilities Management,,,,,20154852,90374052,Invoice,81.4,45.24,10,814,768.76
1/12/2023,Anorectal Manometry Catheters,GI,202301,1061801,Plymouth Hospitals NHS Trust RK9 PAYABLES 6355,,,,,20155768,90374073,Invoice,2867.13,939.73,30,86013.9,85074.17
1/12/2023,Anorectal Manometry Catheters,GI,202301,1061898,South Tees NHS FT,,,,,20156312,90374081,Invoice,1126.93,626.49,20,22538.6,21912.11
1/12/2023,Endoscopy Sheaths,Uro,202301,1061775,"Mid and South Essex NHS FT Finance Department, Britannia House",,,,,20155094,90374065,Invoice,970.79,215.83,20,19415.8,19199.97
1/12/2023,Endoscopy Sheaths,Uro,202301,1061924,York and Scarborough Teaching Hospitals NHS Foundation Trust,,,,,20154815,90374082,Invoice,1941.57,427.76,40,77662.8,77235.04
1/12/2023,Incontinence UPC Lead Sets,Uro,202301,1061751,Alder Hey Children's NHS FT Finance Department,,,,,20155998,90374061,Invoice,1330.82,79.49,2,2661.64,2582.15
1/12/2023,Incontinence UPC Lead Sets,Uro,202301,1061790,Great Western Hospital NHS FT RN3 Payables 7435,,,,,20155337,90374068,Invoice,7984.94,476.94,12,95819.28,95342.34
1/12/2023,Other GI Equipment,GI,202301,1061794,Lewisham & Greenwich NHS trust RJ2 Payables 4715,,,,,20153356,90374070,Invoice,4030.87,2245.61,6,24185.22,21939.61
1/12/2023,Ph/Impedance Catheters,GI,202301,1061751,Alder Hey Children's NHS FT Finance Department,,,,,20155998,90374062,Invoice,1497.81,205.71,15,22467.15,22261.44
1/12/2023,Ph/Impedance Catheters,GI,202301,1061813,Nuffield Health The Account Department,,,,,20168649,90374074,Invoice,630.45,80.58,5,3152.25,3071.67
1/12/2023,Tubing,Uro,202301,1061795,"Barking - Havering & Redbridge RF4 Payables 6615,",,,,,20151404,90374071,Invoice,239.91,99.04,50,11995.5,11896.46
1/12/2023,Water Catheters,Uro,202301,1061786,Great Ormond Street Hospital NHS Trust Finance Department,,,,,20151684,90374066,Invoice,338.44,143.85,30,10153.2,10009.35
1/12/2023,Water Catheters,Uro,202301,1061863,NHS Supply Chain NHS Suppply Chain Accounts Payable,,,,,20151546,90374080,Invoice,57.27,45.13,10,572.7,527.57
1/13/2023,Clearview,CI,202301,1061082,CH Valenciennes,,,,,20154230,90374099,Invoice,0,0,1,0,0
1/13/2023,Electrodes,Uro,202301,1079743,Sogenor Normandy,,,,,20170405,90374113,Invoice,198.41,113.28,100,19841,19727.72
1/13/2023,Endoscopy Sheaths,Uro,202301,1061025,CH de Vienne,,,,,20155195,90374093,Invoice,776.81,215.13,20,15536.2,15321.07
1/13/2023,Endoscopy Sheaths,Uro,202301,1079925,Polyclinique la Pergola DA PER,,,,,20153921,90374103,Invoice,712.07,215.13,20,14241.4,14026.27
1/13/2023,Endoscopy Sheaths,Uro,202301,1061344,GCS Clinique Chig Libournais,,,,,20151514,90374104,Invoice,1068.11,322.7,30,32043.3,31720.6
1/13/2023,Endoscopy Sheaths,Uro,202301,1089974,Clinique Rhône Durance DA RHO,,,,,20152542,90374110,Invoice,2848.3,860.53,80,227864,227003.47
1/13/2023,Endoscopy Sheaths,Uro,202301,1061566,Clinique Gaston Metivet,,,,,20155218,90374111,Invoice,1780.18,473.09,50,89009,88535.91
1/13/2023,Kiwi,CI,202301,1060992,CH Chartres,,,,,1060992,90374091,Invoice,1529.34,155.68,30,45880.2,45724.52
1/13/2023,Kiwi,CI,202301,1061372,Clinique Belledonne,,,,,20155951,90374107,Invoice,2562.39,259.48,50,128119.5,127860.02
1/13/2023,Koala,CI,202301,1061230,CHI Créteil,,,,,20151748,90374101,Invoice,508.81,42.94,10,5088.1,5045.16
1/13/2023,Other GI Disposables,GI,202301,1082741,CHU Dijon - Cellule Gestion Pharmacie PHA,,,,,20155911,90374090,Invoice,41.32,13.69,1,41.32,27.63
1/13/2023,Other GI Disposables,GI,202301,1082741,CHU Dijon - Cellule Gestion Pharmacie PHA,,,,,20155911,90374090,Invoice,41.32,13.69,1,41.32,27.63
1/13/2023,Traxi,CI,202301,1061038,CHU Nantes,,,,,20151129,90374094,Invoice,458.53,42.18,5,2292.65,2250.47
1/13/2023,Traxi,CI,202301,1061069,CH Bretagne Atlantique,,,,,20154126,90374096,Invoice,733.65,42.18,5,3668.25,3626.07
1/13/2023,UDS Other Service & Repairs,Uro,202301,1061081,GH Seclin Carvin,,,,,20155615,90374098,Invoice,0,75.25,1,0,-75.25
1/13/2023,UDS Other Service & Repairs,Uro,202301,1079928,Clinique Saint Augustin DA AUG,,,,,1061345,90374105,Invoice,0,0,0,0,0
1/13/2023,UDS Other Service & Repairs,Uro,202301,1079928,Clinique Saint Augustin DA AUG,,,,,1061345,90374105,Invoice,0,0,0,0,0
1/14/2023,Endoscopy Sheaths,Uro,202301,9980001376,Aurore Salaun,,,,,9980001376,90374118,Invoice,0,107.57,10,0,-107.57
1/14/2023,Kiwi,CI,202301,1083912,Polyclinique de Blois,,,,,1083912,90374114,Invoice,1922.6,155.69,30,57678,57522.31
1/14/2023,Kiwi,CI,202301,1058737,A.M.I. Magyarország Kft.,,,,,20151703,90374126,Invoice,1069.78,181.63,35,37442.3,37260.67
1/14/2023,Other Uro Dx Disposables,Uro,202301,1108664,Uropôle - Dr. Nazih Amadane,,,,,1108664,90374117,Invoice,0,10.03,3,0,-10.03
1/14/2023,Other Uro Dx Equipment,Uro,202301,1060122,Dr. med. Frank Grutter Reception,,,,,1060122,90374119,Invoice,1740.01,657.55,1,1740.01,1082.46
1/14/2023,Ph/Impedance Catheters,GI,202301,1059820,GH de Charleroi,,,,,20151841,90374123,Invoice,608.5,68.35,5,3042.5,2974.15
1/14/2023,Ph/Impedance Catheters,GI,202301,1059820,GH de Charleroi,,,,,20151841,90374123,Invoice,608.5,68.35,5,3042.5,2974.15
1/14/2023,Ph/Impedance Catheters,GI,202301,1058737,A.M.I. Magyarország Kft.,,,,,20166924,90374127,Invoice,1025.49,205.04,15,15382.35,15177.31
1/14/2023,Ph/Impedance Catheters,GI,202301,1058742,Advamed s.r.o.,,,,,20153384,90374128,Invoice,3507.94,3366.17,30,105238.2,101872.03
1/14/2023,Ph/Impedance Catheters,GI,202301,1058742,Advamed s.r.o.,,,,,20153384,90374128,Invoice,1023.44,136.69,10,10234.4,10097.71
1/14/2023,Ph/Impedance Catheters,GI,202301,1058951,Medicina y Mercado S.L,,,,,1058951,90374132,Invoice,855.6,136.7,10,8556,8419.3
1/14/2023,Ph/Impedance Catheters,GI,202301,1070382,MEQnordic A/S Accouning Dept.,,,,,20151617,90374134,Invoice,1483.99,341.74,25,37099.75,36758.01
1/14/2023,Solar Blue,Uro,202301,1108664,Uropôle - Dr. Nazih Amadane,,,,,1108664,90374117,Invoice,0,1823.17,1,0,-1823.17
1/14/2023,Tubing,Uro,202301,1108585,Les Trois Soleils,,,,,1108585,90374116,Invoice,408.42,98.72,50,20421,20322.28
1/14/2023,UDS Other Service & Repairs,Uro,202301,1060122,Dr. med. Frank Grutter Reception,,,,,1060122,90374119,Invoice,88.38,19.16,1,88.38,69.22
1/15/2023,BoogieBaby,CI,202301,1019717,Banner Health,,,,,20080725,90374156,Invoice,298,102,200,59600,59498
1/15/2023,Endoscopy Parts & Accessories,Uro,202301,1059691,Moss S.p.A.,,,,,1059691,90374140,Invoice,478.17,102,1,478.17,376.17
1/15/2023,Endoscopy Scopes,Uro,202301,1059691,Moss S.p.A.,,,,,1059691,90374140,Invoice,14122.25,7739.21,2,28244.5,20505.29
1/15/2023,Incontinence MPQ,Uro,202301,1059728,Brain Medical Oscar A. Revello,,,,,1059728,90374141,Invoice,1394.6,559.93,38,52994.8,52434.87
1/15/2023,Incontinence MPQ,Uro,202301,1059728,Brain Medical Oscar A. Revello,,,,,1059728,90374141,Invoice,334.92,231.66,1,334.92,103.26
1/15/2023,Incontinence MPQ,Uro,202301,1059728,Brain Medical Oscar A. Revello,,,,,1059728,90374141,Invoice,1061.46,270.73,6,6368.76,6098.03
1/15/2023,Incontinence UPC Lead Sets,Uro,202301,1059728,Brain Medical Oscar A. Revello,,,,,1059728,90374141,Invoice,2160.84,234.91,6,12965.04,12730.13
1/15/2023,Kiwi,CI,202301,1059504,Landeskrankenanstalten Betriebsgesellschaft - KABEG,,,,,1059504,90374143,Invoice,855.58,77.84,15,12833.7,12755.86
1/15/2023,Kiwi,CI,202301,1081239,St. Josef-Krankenhaus GmbH Medikamentendepot,,,,,1081239,90374146,Invoice,4796.79,518.95,100,479679,479160.05
1/15/2023,Koala,CI,202301,1059023,Palex Medical SA,,,,,20154212,90374137,Invoice,1561.38,257.64,60,93682.8,93425.16
1/15/2023,Ohmega,GI,202301,1059162,King,,,,,20156341,90374139,Invoice,0,0,0,0,0
1/15/2023,Other GI Disposables,GI,202301,1059003,Sisk Healthcare t/a M.E.D. Surgical Unit 3,,,,,20150917,90374135,Invoice,243.53,52.89,19,4627.07,4574.18
1/15/2023,Ph/Impedance Catheters,GI,202301,1059021,Urovision F.H.,,,,,20153405,90374136,Invoice,468.74,68.35,5,2343.7,2275.35
1/15/2023,Tubing,Uro,202301,1059517,Vlbg. Krankenhaus-Betriebsges.m.b.H. Landeskrankenhaus Feldkirch,,,,,1059517,90374144,Invoice,177.48,106.81,50,8874,8767.19
1/15/2023,UDS Service Contracts,Uro,202301,1022625,The Urology Group LLC,,,,,20075978,90374150,Invoice,1713.25,0,1,1713.25,1713.25
1/15/2023,UDS Service Contracts,Uro,202301,1023180,VA Houston Health Care,,,,,20076467,90374152,Invoice,571.08,0,1,571.08,571.08
1/15/2023,UDS Service Contracts,Uro,202301,1023471,Wyneski Urogyn,,,,,20070549,90374154,Invoice,725,0,1,725,725
1/15/2023,Water Catheters,Uro,202301,1069386,Tirol Kliniken GmbH Abt. Finanzbuchhaltung,,,,,20171155,90374142,Invoice,737.81,347.95,50,36890.5,36542.55
1/16/2023,BoogieBaby,CI,202301,1019717,Banner Health,,,,,20163913,90374157,Invoice,122,52,100,12200,12148
1/16/2023,BoogieBaby,CI,202301,1020032,CentraCare Health,,,,,1020032,90374158,Invoice,2025,780,1500,3037500,3036720
1/16/2023,BoogieBaby,CI,202301,1021928,Providence Health & Services,,,,,20073830,90374159,Invoice,244,82,200,48800,48718
1/16/2023,BoogieBaby,CI,202301,1022342,Integris Health,,,,,1022342,90374160,Invoice,135,41,100,13500,13459
1/16/2023,Kiwi,CI,202301,1078679,Cardinal Health,,,,,20162529,90374170,Invoice,200,35.95,5,1000,964.05
1/16/2023,Kiwi,CI,202301,1078745,"Medline Industries, Inc",,,,,20163056,90374179,Invoice,2800,503.3,70,196000,195496.7
1/16/2023,Koala,CI,202301,1078678,Concordance Healthcare Solutions,,,,,20162436,90374166,Invoice,1928.5,317.1,70,134995,134677.9
1/16/2023,ROM,CI,202301,1078678,Concordance Healthcare Solutions,,,,,20162436,90374166,Invoice,2775,405.75,75,208125,207719.25
1/16/2023,ROM,CI,202301,1078679,Cardinal Health,,,,,20166710,90374175,Invoice,127.5,92.25,15,1912.5,1820.25
1/16/2023,ROM,CI,202301,1078679,Cardinal Health,,,,,20166710,90374176,Invoice,212.5,153.75,25,5312.5,5158.75
1/16/2023,ROM,CI,202301,1078745,"Medline Industries, Inc",,,,,20163056,90374179,Invoice,6475,946.75,175,1133125,1132178.25
1/16/2023,Traxi,CI,202301,1078679,Cardinal Health,,,,,20166710,90374167,Invoice,1360,178.2,20,27200,27021.8
1/16/2023,Traxi,CI,202301,1078679,Cardinal Health,,,,,20166710,90374168,Invoice,680,89.1,10,6800,6710.9
1/16/2023,Traxi,CI,202301,1078745,"Medline Industries, Inc",,,,,20163056,90374179,Invoice,2040,267.3,30,61200,60932.7
1/17/2023,babyLance,CI,202301,1078745,"Medline Industries, Inc",,,,,20163063,90374180,Invoice,1320,429,1100,1452000,1451571
1/17/2023,BoogieBaby,CI,202301,1078745,"Medline Industries, Inc",,,,,20163019,90374181,Invoice,1200,312,600,720000,719688
1/17/2023,BoogieBaby,CI,202301,1078745,"Medline Industries, Inc",,,,,20163025,90374182,Invoice,869.4,204,400,347760,347556
1/17/2023,Clearview,CI,202301,1078745,"Medline Industries, Inc",,,,,20163056,90374179,Invoice,750,160.2,10,7500,7339.8
1/17/2023,Clearview,CI,202301,1078745,"Medline Industries, Inc",,,,,20163032,90374183,Invoice,4875,1041.3,65,316875,315833.7
1/17/2023,Kiwi,CI,202301,1078745,"Medline Industries, Inc",,,,,20163056,90374179,Invoice,400,84,10,4000,3916
1/17/2023,Kiwi,CI,202301,1078745,"Medline Industries, Inc",,,,,20163063,90374180,Invoice,1750,320.5,50,87500,87179.5
1/17/2023,Kiwi,CI,202301,1078745,"Medline Industries, Inc",,,,,20163019,90374181,Invoice,2400,431.4,60,144000,143568.6
1/17/2023,Kiwi,CI,202301,1078745,"Medline Industries, Inc",,,,,20163025,90374182,Invoice,1400,256.4,40,56000,55743.6
1/17/2023,Koala,CI,202301,1078745,"Medline Industries, Inc",,,,,20163032,90374183,Invoice,4959,815.4,180,892620,891804.6
1/18/2023,babyLance,CI,202301,1078745,"Medline Industries, Inc",,,,,20163059,90374186,Invoice,480,156,400,192000,191844
1/18/2023,babyLance,CI,202301,1078784,OM Owens & Minor,,,,,20163161,90374193,Invoice,60,19.5,50,3000,2980.5
1/18/2023,BoogieBaby,CI,202301,1078745,"Medline Industries, Inc",,,,,20163055,90374184,Invoice,1521.45,357,700,1065015,1064658
1/18/2023,BoogieBaby,CI,202301,1078745,"Medline Industries, Inc",,,,,20163055,90374184,Invoice,1956.15,459,900,1760535,1760076
1/18/2023,BoogieBaby,CI,202301,1078784,OM Owens & Minor,,,,,20163183,90374189,Invoice,217.35,51,100,21735,21684
1/18/2023,Clearview,CI,202301,1078784,OM Owens & Minor,,,,,20163177,90374191,Invoice,750,160.2,10,7500,7339.8
1/18/2023,Kiwi,CI,202301,1078745,"Medline Industries, Inc",,,,,20164100,90374185,Invoice,400,84,10,4000,3916
1/18/2023,Kiwi,CI,202301,1078745,"Medline Industries, Inc",,,,,20163059,90374186,Invoice,2800,418.4,80,224000,223581.6
1/18/2023,Kiwi,CI,202301,1078784,OM Owens & Minor,,,,,20163183,90374189,Invoice,1050,156.9,30,31500,31343.1
1/18/2023,Kiwi,CI,202301,1078784,OM Owens & Minor,,,,,20171047,90374190,Invoice,175,26.15,5,875,848.85
1/18/2023,Kiwi,CI,202301,1078784,OM Owens & Minor,,,,,20163177,90374191,Invoice,200,35.95,5,1000,964.05
1/18/2023,Koala,CI,202301,1078745,"Medline Industries, Inc",,,,,20163059,90374186,Invoice,3581.5,588.9,130,465595,465006.1
1/18/2023,Traxi,CI,202301,1078784,OM Owens & Minor,,,,,20171047,90374190,Invoice,680,89.1,10,6800,6710.9
1/19/2023,babyLance,CI,202301,1078784,OM Owens & Minor,,,,,20163195,90374195,Invoice,540,175.5,450,243000,242824.5
1/19/2023,BoogieBaby,CI,202301,1078784,OM Owens & Minor,,,,,20163173,90374194,Invoice,310.5,80,200,62100,62020
1/19/2023,BoogieBaby,CI,202301,1078784,OM Owens & Minor,,,,,20163173,90374194,Invoice,465.75,120,300,139725,139605
1/19/2023,Kiwi,CI,202301,1078784,OM Owens & Minor,,,,,20163161,90374193,Invoice,525,78.45,15,7875,7796.55
1/19/2023,Kiwi,CI,202301,1078784,OM Owens & Minor,,,,,20163161,90374193,Invoice,175,32.05,5,875,842.95
1/19/2023,Kiwi,CI,202301,1078784,OM Owens & Minor,,,,,20163173,90374194,Invoice,1750,261.5,50,87500,87238.5
1/19/2023,Kiwi,CI,202301,1078784,OM Owens & Minor,,,,,20163173,90374194,Invoice,700,128.2,20,14000,13871.8
1/19/2023,ROM,CI,202301,1078784,OM Owens & Minor,,,,,20163161,90374193,Invoice,1850,270.5,50,92500,92229.5
1/20/2023,babyLance,CI,202301,1078784,OM Owens & Minor,,,,,20163172,90374196,Invoice,60,19.5,50,3000,2980.5
1/20/2023,BoogieBaby,CI,202301,1078784,OM Owens & Minor,,,,,20163169,90374199,Invoice,200,52,100,20000,19948
1/20/2023,Clearview,CI,202301,1078784,OM Owens & Minor,,,,,20163193,90374197,Invoice,375,80.1,5,1875,1794.9
1/20/2023,Kiwi,CI,202301,1078784,OM Owens & Minor,,,,,20163195,90374195,Invoice,11025,1647.45,315,3472875,3471227.55
1/20/2023,Kiwi,CI,202301,1078784,OM Owens & Minor,,,,,20163179,90374198,Invoice,1225,183.05,35,42875,42691.95
1/20/2023,Kiwi,CI,202301,1078784,OM Owens & Minor,,,,,20163179,90374198,Invoice,1000,179.75,25,25000,24820.25
1/20/2023,Kiwi,CI,202301,1078784,OM Owens & Minor,,,,,20163180,90374200,Invoice,3150,470.7,90,283500,283029.3
1/20/2023,Kiwi,CI,202301,1078784,OM Owens & Minor,,,,,20163180,90374200,Invoice,1925,352.55,55,105875,105522.45
1/20/2023,Kiwi,CI,202301,1078784,OM Owens & Minor,,,,,20163158,90374202,Invoice,800,143.8,20,16000,15856.2
1/20/2023,ROM,CI,202301,1078784,OM Owens & Minor,,,,,20163195,90374195,Invoice,925,135.25,25,23125,22989.75
1/20/2023,Traxi,CI,202301,1078784,OM Owens & Minor,,,,,20163193,90374197,Invoice,340,14.8,5,1700,1685.2
1/20/2023,Traxi,CI,202301,1078784,OM Owens & Minor,,,,,20163193,90374197,Invoice,1360,178.2,20,27200,27021.8
1/20/2023,Traxi,CI,202301,1078784,OM Owens & Minor,,,,,20163182,90374201,Invoice,455,29.6,10,4550,4520.4
1/21/2023,BoogieBaby,CI,202301,1078784,OM Owens & Minor,,,,,20163190,90374203,Invoice,155.25,40,100,15525,15485
1/21/2023,BoogieBaby,CI,202301,1078784,OM Owens & Minor,,,,,20163190,90374203,Invoice,200,41,100,20000,19959
1/21/2023,BoogieBaby,CI,202301,1078784,OM Owens & Minor,,,,,20163178,90374204,Invoice,200,41,100,20000,19959
1/21/2023,BoogieBaby,CI,202301,1078784,OM Owens & Minor,,,,,20163160,90374205,Invoice,155.25,40,100,15525,15485
1/21/2023,BoogieBaby,CI,202301,1078784,OM Owens & Minor,,,,,20163160,90374205,Invoice,1000,260,500,500000,499740
1/21/2023,Clearview,CI,202301,1078784,OM Owens & Minor,,,,,20163178,90374204,Invoice,1125,240.3,15,16875,16634.7
1/21/2023,Kiwi,CI,202301,1078784,OM Owens & Minor,,,,,20163178,90374204,Invoice,175,32.05,5,875,842.95
1/21/2023,Kiwi,CI,202301,1078784,OM Owens & Minor,,,,,20163160,90374205,Invoice,1750,261.5,50,87500,87238.5
1/21/2023,Koala,CI,202301,1078784,OM Owens & Minor,,,,,20163158,90374202,Invoice,450,175.7,10,4500,4324.3
1/21/2023,Koala,CI,202301,1078784,OM Owens & Minor,,,,,20168091,90374207,Invoice,1402.5,226.5,50,70125,69898.5
1/21/2023,ROM,CI,202301,1078784,OM Owens & Minor,,,,,20163158,90374202,Invoice,255,184.5,30,7650,7465.5
1/21/2023,Traxi,CI,202301,1078784,OM Owens & Minor,,,,,20163158,90374202,Invoice,2040,267.3,30,61200,60932.7
1/21/2023,Traxi,CI,202301,1078784,OM Owens & Minor,,,,,20163158,90374202,Invoice,910,59.2,20,18200,18140.8
1/21/2023,Traxi,CI,202301,1078784,OM Owens & Minor,,,,,20163178,90374204,Invoice,3400,445.5,50,170000,169554.5
1/21/2023,Traxi,CI,202301,1078784,OM Owens & Minor,,,,,20163160,90374205,Invoice,680,89.1,10,6800,6710.9
1/22/2023,Kiwi,CI,202301,1078784,OM Owens & Minor,,,,,20168091,90374216,Invoice,2100,384.6,60,126000,125615.4
1/22/2023,Kiwi,CI,202301,1078787,THE OTTAWA HOSPITAL,,,,,20163235,90374224,Invoice,3301.7,471.47,65,214610.5,214139.03
1/22/2023,Kiwi,CI,202301,1078834,Saskatchewan Health Authority,,,,,20170649,90374226,Invoice,692.66,108.8,15,10389.9,10281.1
1/22/2023,Koala,CI,202301,1078784,OM Owens & Minor,,,,,20168091,90374209,Invoice,1377.5,226.5,50,68875,68648.5
1/22/2023,Koala,CI,202301,1078784,OM Owens & Minor,,,,,20168091,90374210,Invoice,275.5,45.3,10,2755,2709.7
1/22/2023,Koala,CI,202301,1078784,OM Owens & Minor,,,,,20168091,90374212,Invoice,275.5,45.3,10,2755,2709.7
1/22/2023,Koala,CI,202301,1078784,OM Owens & Minor,,,,,20168091,90374215,Invoice,1402.5,226.5,50,70125,69898.5
1/22/2023,Koala,CI,202301,1078784,OM Owens & Minor,,,,,20168091,90374217,Invoice,1122,181.2,40,44880,44698.8
1/22/2023,Koala,CI,202301,1078784,OM Owens & Minor,,,,,20168091,90374218,Invoice,561,90.6,20,11220,11129.4
1/22/2023,Koala,CI,202301,1078784,OM Owens & Minor,,,,,20168091,90374219,Invoice,1402.5,226.5,50,70125,69898.5
1/22/2023,Koala,CI,202301,1078784,OM Owens & Minor,,,,,20168091,90374220,Invoice,841.5,135.9,30,25245,25109.1
1/22/2023,Koala,CI,202301,1080952,SCI Logistics Ltd.,,,,,20166100,90374228,Invoice,715.01,91.4,20,14300.2,14208.8
1/22/2023,Optilume Strictures,Uro,202301,1019541,Allina Health System,,,,,20084640,90374232,Invoice,2095,0,1,2095,2095
1/22/2023,Portascan 3D,Uro,202301,1019576,Adventist Health,,,,,20079680,90374233,Invoice,7760,0,1,7760,7760
1/22/2023,Portascan 3D,Uro,202301,1019576,Adventist Health,,,,,20079680,90374233,Invoice,0,0.81,0,0,-0.81
1/22/2023,Portascan 3D,Uro,202301,1019576,Adventist Health,,,,,20079680,90374233,Invoice,0,1500,0,0,-1500
1/22/2023,ROM,CI,202301,9980001133,Matt Wheeler,,,,,9980001133,90374222,Invoice,0,270.5,50,0,-270.5
1/22/2023,ROM,CI,202301,9980001133,Matt Wheeler,,,,,9980001133,90374222,Invoice,0,92.25,15,0,-92.25
1/22/2023,Traxi,CI,202301,1078694,Eastern Health,,,,,20162898,90374223,Invoice,1769.64,179.77,20,35392.8,35213.03
1/23/2023,Incontinence UPC Lead Sets,Uro,202301,1019875,Carilion Clinic,,,,,20075461,90374235,Invoice,1638,83.76,2,3276,3192.24
1/23/2023,Incontinence UPC Lead Sets,Uro,202301,1020373,Emory Healthcare,,,,,20068899,90374239,Invoice,4670,209.4,5,23350,23140.6
1/23/2023,Incontinence UPC Lead Sets,Uro,202301,1020665,County of Los Angeles,,,,,20167850,90374242,Invoice,889,41.88,1,889,847.12
1/23/2023,Incontinence UPC Lead Sets,Uro,202301,1020820,Haywood Regional Medical Center,,,,,20081229,90374243,Invoice,934,41.88,1,934,892.12
1/23/2023,Incontinence UPC Lead Sets,Uro,202301,1021135,Loma Linda Univ.Health Care,,,,,20070996,90374245,Invoice,1778,83.76,2,3556,3472.24
1/23/2023,Incontinence UPC Lead Sets,Uro,202301,1021190,Mayo Clinic,,,,,20170386,90374246,Invoice,3356,167.52,4,13424,13256.48
1/23/2023,Incontinence UPC Lead Sets,Uro,202301,1021301,HCA Mission Health Hospital *11.22.24 CONSOLIDATED F2*,2,,,,20084768,90374247,Invoice,4680,251.28,6,28080,27828.72
1/23/2023,InjeTAK,Uro,202301,1019852,Baptist Health,,,,,20084763,90374234,Invoice,310,76,4,1240,1164
1/23/2023,InjeTAK,Uro,202301,1019852,Baptist Health,,,,,20084763,90374234,Invoice,310,76,4,1240,1164
1/23/2023,Portascan 3D,Uro,202301,1019576,Adventist Health,,,,,20079680,90374233,Invoice,518,412,1,518,106
1/23/2023,Solar GI HRM,GI,202301,1020062,Cincinnati Children's Hospital,,,,,20080047,90374236,Invoice,139338,25353.98,2,278676,253322.02
1/23/2023,Tubing,Uro,202301,1020914,LCMC: West Jefferson Medical Center,,,,,20074894,90374244,Invoice,549,42,25,13725,13683
1/23/2023,UDS Service Contracts,Uro,202301,1019576,Adventist Health,,,,,20079680,90374233,Invoice,1200,0,1,1200,1200
1/24/2023,Incontinence MPQ,Uro,202301,1021590,Novant Health Inc.,,,,,20067437,90374255,Invoice,1338.6,126.18,3,4015.8,3889.62
1/24/2023,Incontinence MPQ,Uro,202301,1021590,Novant Health Inc.,,,,,20067437,90374255,Invoice,90,33.6,3,270,236.4
1/24/2023,Incontinence UPC Lead Sets,Uro,202301,1021341,MyMichigan Health,,,,,20164124,90374251,Invoice,2667,125.64,3,8001,7875.36
1/24/2023,InjeTAK,Uro,202301,1021726,Memorial Care Health Services,,,,,20076462,90374259,Invoice,625,103,10,6250,6147
1/24/2023,Optilume Strictures,Uro,202301,1021279,The Methodist Health System,,,,,20077188,90374249,Invoice,0,112,0,0,-112
1/24/2023,Optilume Strictures,Uro,202301,1021590,Novant Health Inc.,,,,,20073926,90374252,Invoice,4190,0,2,8380,8380
1/24/2023,Optilume Strictures,Uro,202301,1021590,Novant Health Inc.,,,,,20073926,90374252,Invoice,0,402,0,0,-402
1/24/2023,Optilume Strictures,Uro,202301,1021590,Novant Health Inc.,,,,,20163348,90374254,Invoice,0,402,0,0,-402
1/24/2023,Optilume Strictures,Uro,202301,1021590,Novant Health Inc.,,,,,20163348,90374254,Invoice,0,56,0,0,-56
1/24/2023,Optilume Strictures,Uro,202301,1021590,Novant Health Inc.,,,,,20163348,90374254,Invoice,0,56,0,0,-56
1/24/2023,Optilume Strictures,Uro,202301,1021596,Northside Hospital,,,,,20083564,90374256,Invoice,2095,0,1,2095,2095
1/24/2023,Optilume Strictures,Uro,202301,1021596,Northside Hospital,,,,,20083564,90374256,Invoice,0,28,0,0,-28
1/24/2023,Optilume Strictures,Uro,202301,1021596,Northside Hospital,,,,,20083564,90374257,Invoice,6285,0,3,18855,18855
1/24/2023,Optilume Strictures,Uro,202301,1021596,Northside Hospital,,,,,20083564,90374257,Invoice,0,603,0,0,-603
1/24/2023,Optilume Strictures,Uro,202301,1021596,Northside Hospital,,,,,20083564,90374257,Invoice,0,84,0,0,-84
1/24/2023,Portascan 3D,Uro,202301,1021287,Dignity Health - CA,,,,,20069224,90374250,Invoice,0,0.81,0,0,-0.81
1/24/2023,Portascan 3D,Uro,202301,1021287,Dignity Health - CA,,,,,20069224,90374250,Invoice,0,1320,0,0,-1320
1/25/2023,Incontinence UPC Lead Sets,Uro,202301,1022236,Scripps Health,,,,,20081346,90374266,Invoice,1778,83.76,2,3556,3472.24
1/25/2023,Incontinence UPC Lead Sets,Uro,202301,1022237,Sharp Healthcare,,,,,20072560,90374267,Invoice,1638,83.76,2,3276,3192.24
1/25/2023,InjeTAK,Uro,202301,1021925,Intermountain Healthcare,,,,,20073939,90374263,Invoice,1480,380,20,29600,29220
1/25/2023,InjeTAK,Uro,202301,1022115,Hospital Sisters Health System,,,,,20083991,90374265,Invoice,310,76,4,1240,1164
1/25/2023,Optilume Strictures,Uro,202301,1022487,Sutter Health System Office,,,,,20070977,90374277,Invoice,0,804,0,0,-804
1/25/2023,Other Uro Dx Disposables,Uro,202301,1021787,Palo Alto Medical Foundation Health Care Division V# 33010,,,,,20070379,90374261,Invoice,54,5.2,20,1080,1074.8
1/25/2023,Other Uro Dx Equipment,Uro,202301,1022499,CHI - Common Spirit Health,,,,,20167278,90374278,Invoice,168,41.75,1,168,126.25
1/25/2023,T-Doc Catheters,Uro,202301,1022236,Scripps Health,,,,,20081346,90374266,Invoice,1164,57.8,20,23280,23222.2
1/25/2023,T-Doc Catheters,Uro,202301,1022361,Corewell Health,,,,,20167546,90374270,Invoice,1623,111.6,30,48690,48578.4
1/25/2023,T-Doc Catheters,Uro,202301,1022567,Jefferson Health,,,,,20083666,90374279,Invoice,2732,148.8,40,109280,109131.2
1/25/2023,UDS Service Contracts,Uro,202301,1022439,Urology of St Louis,,,,,1022439,90374275,Invoice,201.67,0,1,201.67,201.67
1/25/2023,UDS Service Contracts,Uro,202301,1022439,Urology of St Louis,,,,,1022439,90374275,Invoice,186.54,0,1,186.54,186.54
1/25/2023,UDS Service Contracts,Uro,202301,1022439,Urology of St Louis,,,,,1022439,90374275,Invoice,161.33,0,2,322.66,322.66
1/25/2023,UDS Service Contracts,Uro,202301,1022439,Urology of St Louis,,,,,1022439,90374275,Invoice,239.48,0,11,2634.28,2634.28
1/25/2023,UDS Service Contracts,Uro,202301,1022439,Urology of St Louis,,,,,1022439,90374275,Invoice,39.31,0,2,78.62,78.62
1/26/2023,Incontinence UPC Lead Sets,Uro,202301,1022837,University of Chicago Medicine,,,,,20084938,90374285,Invoice,934,41.88,1,934,892.12
1/26/2023,Optilume Strictures,Uro,202301,1022826,University of Rochester,,,,,20073183,90374283,Invoice,2395,0,1,2395,2395
1/26/2023,Optilume Strictures,Uro,202301,1022826,University of Rochester,,,,,20073183,90374283,Invoice,0,201,0,0,-201
1/26/2023,Optilume Strictures,Uro,202301,1022826,University of Rochester,,,,,20073183,90374283,Invoice,0,28,0,0,-28
1/26/2023,Optilume Strictures,Uro,202301,1022826,University of Rochester,,,,,20073183,90374283,Invoice,0,151,0,0,-151
1/26/2023,Optilume Strictures,Uro,202301,1022826,University of Rochester,,,,,20073183,90374283,Invoice,2395,0,1,2395,2395
1/26/2023,Other Uro Dx Disposables,Uro,202301,1022826,University of Rochester,,,,,20084561,90374282,Invoice,110,46.8,20,2200,2153.2
1/26/2023,T-Doc Catheters,Uro,202301,1022826,University of Rochester,,,,,20084561,90374282,Invoice,642,71.6,10,6420,6348.4
1/26/2023,T-Doc Catheters,Uro,202301,1022837,University of Chicago Medicine,,,,,20079953,90374284,Invoice,1164,394,20,23280,22886
1/26/2023,Tubing,Uro,202301,1022826,University of Rochester,,,,,20084561,90374281,Invoice,844,84,50,42200,42116
1/26/2023,Tubing,Uro,202301,1022837,University of Chicago Medicine,,,,,20079953,90374284,Invoice,220,24.1,10,2200,2175.9
1/27/2023,Incontinence UPC Lead Sets,Uro,202301,1022954,GenesisCare,,,,,20069635,90374291,Invoice,660,41.88,1,660,618.12
1/27/2023,InjeTAK,Uro,202301,1022897,Beth Israel Lahey Health,,,,,20075709,90374288,Invoice,1240,304,16,19840,19536
1/27/2023,Other Uro Dx Disposables,Uro,202301,1022848,University of Colorado Health,,,,,20167864,90374286,Invoice,108,18.9,10,1080,1061.1
1/27/2023,Other Uro Dx Equipment,Uro,202301,1022994,University of Missouri Healthcare,,,,,20066963,90374292,Invoice,0,528.26,1,0,-528.26
1/27/2023,Tubing,Uro,202301,1022954,GenesisCare,,,,,20077166,90374290,Invoice,219,90.75,75,16425,16334.25
1/27/2023,UDS Other Service & Repairs,Uro,202301,1022994,University of Missouri Healthcare,,,,,20066963,90374292,Invoice,0,193.02,0,0,-193.02
1/28/2023,Optilume Strictures,Uro,202301,1023078,UT Southwestern Medical Center,,,,,20083938,90374295,Invoice,9580,0,4,38320,38320
1/28/2023,Optilume Strictures,Uro,202301,1023078,UT Southwestern Medical Center,,,,,20083938,90374295,Invoice,0,604,0,0,-604
1/28/2023,Optilume Strictures,Uro,202301,1023078,UT Southwestern Medical Center,,,,,20083938,90374295,Invoice,6285,0,3,18855,18855
1/28/2023,Optilume Strictures,Uro,202301,1023078,UT Southwestern Medical Center,,,,,20083938,90374295,Invoice,0,84,0,0,-84
1/28/2023,Portascan 3D,Uro,202301,1023267,Aspirus Health,,,,,20197348,90374297,Invoice,0,0.81,0,0,-0.81
1/28/2023,Portascan 3D,Uro,202301,1023267,Aspirus Health,,,,,20197348,90374297,Invoice,0,20,0,0,-20
1/28/2023,Portascan 3D,Uro,202301,1023267,Aspirus Health,,,,,20197348,90374297,Invoice,0,1500,0,0,-1500
1/28/2023,Portascan 3D,Uro,202301,1023267,Aspirus Health,,,,,20197348,90374297,Invoice,0,0,0,0,0
1/28/2023,Portascan 3D,Uro,202301,1023267,Aspirus Health,,,,,20197348,90374297,Invoice,518,412,1,518,106
1/28/2023,Portascan 3D,Uro,202301,1023267,Aspirus Health,,,,,20197348,90374297,Invoice,0,32.47,1,0,-32.47
1/28/2023,Tubing,Uro,202301,1022999,Urodynamic PRN LLC,,,,,20076058,90374293,Invoice,336,25,50,16800,16775
1/28/2023,UDS Other Service & Repairs,Uro,202301,1022994,University of Missouri Healthcare,,,,,20066963,90374292,Invoice,0,227.22,0,0,-227.22
1/28/2023,UDS Other Service & Repairs,Uro,202301,1022994,University of Missouri Healthcare,,,,,20066963,90374292,Invoice,0,17.53,0,0,-17.53
1/28/2023,UDS Other Service & Repairs,Uro,202301,1023267,Aspirus Health,,,,,20197348,90374297,Invoice,0,3.4,0,0,-3.4
1/29/2023,Incontinence UPC Lead Sets,Uro,202301,1087643,Southland Uro+Gynecology LLC,,,,,20168689,90374301,Invoice,0,366.17,1,0,-366.17
1/29/2023,Other Uro Dx Disposables,Uro,202301,1023307,WakeMed Health and Hospitals,,,,,20167894,90374298,Invoice,0,26.52,1,0,-26.52
1/29/2023,Portascan 3D,Uro,202301,1079825,"AvTech Capital, LLC",,,,,20171077,90374302,Invoice,7055,0,1,7055,7055
1/29/2023,Portascan 3D,Uro,202301,1079825,"AvTech Capital, LLC",,,,,20171077,90374302,Invoice,0,0.81,0,0,-0.81
1/29/2023,UDS Other Service & Repairs,Uro,202301,1023307,WakeMed Health and Hospitals,,,,,20167894,90374298,Invoice,0,124.64,0,0,-124.64
1/29/2023,UDS Other Service & Repairs,Uro,202301,1023307,WakeMed Health and Hospitals,,,,,20167894,90374298,Invoice,0,227.22,0,0,-227.22
1/29/2023,UDS Other Service & Repairs,Uro,202301,1023307,WakeMed Health and Hospitals,,,,,20167894,90374298,Invoice,0,17.53,0,0,-17.53
1/29/2023,UDS Other Service & Repairs,Uro,202301,1079825,"AvTech Capital, LLC",,,,,20171077,90374302,Invoice,0,160,0,0,-160
1/29/2023,UDS Service Contracts,Uro,202301,1023267,Aspirus Health,,,,,20197348,90374297,Invoice,1000,0,1,1000,1000
1/29/2023,Urocap IV,Uro,202301,1023307,WakeMed Health and Hospitals,,,,,20167894,90374298,Invoice,0,562.41,1,0,-562.41
1/30/2023,Portascan 3D,Uro,202301,1079825,"AvTech Capital, LLC",,,,,20171077,90374302,Invoice,0,20,0,0,-20
1/30/2023,Portascan 3D,Uro,202301,1079825,"AvTech Capital, LLC",,,,,20171077,90374302,Invoice,518,412,1,518,106
1/30/2023,Portascan 3D,Uro,202301,1079825,"AvTech Capital, LLC",,,,,20171077,90374302,Invoice,0,32.47,1,0,-32.47
1/30/2023,Portascan 3D,Uro,202301,1079825,"AvTech Capital, LLC",,,,,20171080,90374303,Invoice,7055,0,1,7055,7055
1/30/2023,Portascan 3D,Uro,202301,1079825,"AvTech Capital, LLC",,,,,20171080,90374303,Invoice,0,0.81,0,0,-0.81
1/30/2023,Portascan 3D,Uro,202301,1079825,"AvTech Capital, LLC",,,,,20171080,90374303,Invoice,0,20,0,0,-20
1/30/2023,Portascan 3D,Uro,202301,1079825,"AvTech Capital, LLC",,,,,20171080,90374303,Invoice,0,1500,0,0,-1500
1/30/2023,Portascan 3D,Uro,202301,1079825,"AvTech Capital, LLC",,,,,20171080,90374303,Invoice,0,0,0,0,0
1/30/2023,Portascan 3D,Uro,202301,1079825,"AvTech Capital, LLC",,,,,20171080,90374303,Invoice,518,412,1,518,106
1/30/2023,Portascan 3D,Uro,202301,1079825,"AvTech Capital, LLC",,,,,20171080,90374303,Invoice,0,32.47,1,0,-32.47
1/31/2023,babyLance,CI,202301,1089833,Ev. Diakonissenanstalt SP-MA-DÜW K.d.ö.R Rechnungsprüfung (RP),,,,,20154842,90373999,Invoice,517.87,106.81,300,155361,155254.19
1/31/2023,DSD,CI,202301,1061863,NHS Supply Chain NHS Suppply Chain Accounts Payable,,,,,20151486,90374317,Invoice,121.15,43.45,50,6057.5,6014.05
1/31/2023,DSD,CI,202301,1061863,NHS Supply Chain NHS Suppply Chain Accounts Payable,,,,,20151478,90374325,Invoice,121.15,43.45,50,6057.5,6014.05
1/31/2023,DSD,CI,202301,1061863,NHS Supply Chain NHS Suppply Chain Accounts Payable,,,,,20151485,90374326,Invoice,121.15,43.45,50,6057.5,6014.05
1/31/2023,Incontinence MPQ,Uro,202301,1059728,Brain Medical Oscar A. Revello,,,,,1059728,90374354,Invoice Cancellation,-334.92,-231.66,-1,334.92,566.58
1/31/2023,Incontinence MPQ,Uro,202301,1059728,Brain Medical Oscar A. Revello,,,,,1059728,90374354,Invoice Cancellation,-1061.46,-270.73,-6,6368.76,6639.49
1/31/2023,Incontinence MPQ,Uro,202301,1061844,Lanarkshire NHS Kirkfield Cottage,,,,,20155501,90374076,Invoice,298.24,59.84,4,1192.96,1133.12
1/31/2023,Kiwi,CI,202301,1069898,Marienhaus Dienstleistungen GmbH BUK0952,,,,,20171028,90374028,Invoice,270.18,25.95,5,1350.9,1324.95
1/31/2023,Kiwi,CI,202301,1089271,Malteser Krankenhaus St. Johannes Einkauf/Verwaltung,,,,,20170115,90374047,Invoice,600.41,51.9,10,6004.1,5952.2
1/31/2023,Ph/Impedance Catheters,GI,202301,1061743,NHS Greater Glasgow & Clyde Finance Department,,,,,20163578,90374058,Invoice,1363.2,137.14,10,13632,13494.86
1/31/2023,Ph/Impedance Catheters,GI,202301,1061833,Hull University Teaching Hospitals NHS Trust,,,,,20155302,90374075,Invoice,321.22,68.56,5,1606.1,1537.54
1/31/2023,Traxi,CI,202301,1061863,NHS Supply Chain NHS Suppply Chain Accounts Payable,,,,,20170861,90374315,Invoice,134.61,37.57,5,673.05,635.48
1/31/2023,Traxi,CI,202301,1061794,Lewisham & Greenwich NHS trust RJ2 Payables 4715,,,,,20153356,90374323,Invoice,807.64,122.25,15,12114.6,11992.35
1/31/2023,Water Catheters,Uro,202301,1059559,KCH Interventional Facilities Management,,,,,20154852,90374052,Invoice,154.24,81.19,25,3856,3774.81
2/1/2023,babyLance,CI,202301,1078678,Concordance Healthcare Solutions,,,,,20162423,90374164,Invoice,360,117,300,108000,107883
2/1/2023,babyLance,CI,202301,1078678,Concordance Healthcare Solutions,,,,,20162423,90374164,Invoice,2460,799.5,2050,5043000,5042200.5
2/1/2023,Endoscopy Sheaths,Uro,202301,1058856,Hôpital Clinique Claude Bernard,,,,,20155707,90374084,Invoice,1424.15,378.48,40,56966,56587.52
2/1/2023,Flowmaster,Uro,202301,1108664,Uropôle - Dr. Nazih Amadane,,,,,1108664,90374117,Invoice,0,446.3,1,0,-446.3
2/1/2023,Kiwi,CI,202301,1060940,CH Narbonne,,,,,20151210,90374088,Invoice,857.73,77.85,15,12865.95,12788.1
2/1/2023,Other Uro Dx Equipment,Uro,202301,1108423,scm Saint Germain l'Auxerrois,,,,,1108423,90374115,Invoice,0,75.18,2,0,-75.18
2/1/2023,Ph/Impedance Catheters,GI,202301,1061077,CHU de Lille,,,,,20151633,90374097,Invoice,1132.85,205.05,15,16992.75,16787.7
2/1/2023,Ph/Impedance Catheters,GI,202301,1061595,Dr Patrick Congard,,,,,1061595,90374112,Invoice,355.35,107.68,10,3553.5,3445.82
2/1/2023,Ph/Impedance Catheters,GI,202301,1058937,Solution Medical Care,,,,,20156166,90374131,Invoice,706.17,136.69,10,7061.7,6925.01
2/1/2023,Portascan 3D,Uro,202301,1060995,CHRU Brest,,,,,1060995,90374092,Invoice,0,1450.14,1,0,-1450.14
2/1/2023,ROM,CI,202301,1022938,Upson Regional Medical Center,,,,,20079121,90374161,Invoice,1098.75,135.25,25,27468.75,27333.5
2/1/2023,ROM,CI,202301,1078678,Concordance Healthcare Solutions,,,,,20162425,90374163,Invoice,3700,541,100,370000,369459
2/1/2023,UDS Other Service & Repairs,Uro,202301,1108664,Uropôle - Dr. Nazih Amadane,,,,,1108664,90374117,Invoice,0,38.11,1,0,-38.11
2/1/2023,UDS Other Service & Repairs,Uro,202301,1108664,Uropôle - Dr. Nazih Amadane,,,,,1108664,90374117,Invoice,0,3.74,1,0,-3.74
2/1/2023,UDS Service Contracts,Uro,202301,1023180,VA Houston Health Care,,,,,20076467,90374152,Invoice,571.08,0,1,571.08,571.08
2/2/2023,babyLance,CI,202301,1078784,OM Owens & Minor,,,,,20163161,90374193,Invoice,180,58.5,150,27000,26941.5
2/2/2023,babyLance,CI,202301,1078784,OM Owens & Minor,,,,,20163161,90374193,Invoice,60,19.5,50,3000,2980.5
2/2/2023,BoogieBaby,CI,202301,1078745,"Medline Industries, Inc",,,,,20163063,90374180,Invoice,800,164,400,320000,319836
2/2/2023,BoogieBaby,CI,202301,1078745,"Medline Industries, Inc",,,,,20163059,90374186,Invoice,2400,624,1200,2880000,2879376
2/2/2023,BoogieBaby,CI,202301,1078784,OM Owens & Minor,,,,,20163183,90374189,Invoice,434.7,102,200,86940,86838
2/2/2023,Clearview,CI,202301,1078679,Cardinal Health,,,,,20166710,90374173,Invoice,750,160.2,10,7500,7339.8
2/2/2023,Kiwi,CI,202301,1078745,"Medline Industries, Inc",,,,,20163055,90374184,Invoice,1400,251.65,35,49000,48748.35
2/2/2023,Kiwi,CI,202301,1078784,OM Owens & Minor,,,,,20163161,90374193,Invoice,200,35.95,5,1000,964.05
2/2/2023,Kiwi,CI,202301,1078784,OM Owens & Minor,,,,,20163195,90374195,Invoice,350,64.1,10,3500,3435.9
2/2/2023,Kiwi,CI,202301,1078784,OM Owens & Minor,,,,,20163193,90374197,Invoice,175,26.15,5,875,848.85
2/2/2023,Kiwi,CI,202301,1078784,OM Owens & Minor,,,,,20163193,90374197,Invoice,175,32.05,5,875,842.95
2/2/2023,Koala,CI,202301,1078745,"Medline Industries, Inc",,,,,20163019,90374181,Invoice,4408,724.8,160,705280,704555.2
2/2/2023,ROM,CI,202301,1078784,OM Owens & Minor,,,,,20163173,90374194,Invoice,14800,2164,400,5920000,5917836
2/2/2023,Traxi,CI,202301,1078745,"Medline Industries, Inc",,,,,20163032,90374183,Invoice,455,29.6,10,4550,4520.4
2/2/2023,Traxi,CI,202301,1078784,OM Owens & Minor,,,,,20163191,90374192,Invoice,1360,178.2,20,27200,27021.8
2/3/2023,babyLance,CI,202301,1078784,OM Owens & Minor,,,,,20163178,90374204,Invoice,180,58.5,150,27000,26941.5
2/3/2023,babyLance,CI,202301,1078784,OM Owens & Minor,,,,,20163160,90374205,Invoice,3720,1209,3100,11532000,11530791
2/3/2023,BoogieBaby,CI,202301,1078784,OM Owens & Minor,,,,,20163158,90374202,Invoice,200,52,100,20000,19948
2/3/2023,Incontinence MPQ,Uro,202301,1019070,Associates for Surgical Care,,,,,20073959,90374230,Invoice,1414,84.12,2,2828,2743.88
2/3/2023,Incontinence MPQ,Uro,202301,1019070,Associates for Surgical Care,,,,,20073959,90374230,Invoice,78,22.4,2,156,133.6
2/3/2023,Incontinence UPC Lead Sets,Uro,202301,1019217,MJW Medical Solutions Inc,,,,,20084669,90374231,Invoice,1560,83.76,2,3120,3036.24
2/3/2023,Kiwi,CI,202301,1078834,Saskatchewan Health Authority,,,,,20170649,90374225,Invoice,923.55,145.06,20,18471,18325.94
2/3/2023,Koala,CI,202301,1078784,OM Owens & Minor,,,,,20168091,90374208,Invoice,275.5,45.3,10,2755,2709.7
2/3/2023,ROM,CI,202301,1078784,OM Owens & Minor,,,,,20163193,90374197,Invoice,4625,676.25,125,578125,577448.75
2/4/2023,Electrodes,Uro,202301,1022826,University of Rochester,,,,,20084561,90374282,Invoice,176,39.8,20,3520,3480.2
2/4/2023,Endoscopy Sheaths,Uro,202301,1020190,The Surgical Ctr of Morehead City,,,,,20073946,90374238,Invoice,380,113.7,10,3800,3686.3
2/4/2023,Incontinence MPQ,Uro,202301,1021590,Novant Health Inc.,,,,,20164035,90374253,Invoice,1338.6,126.18,3,4015.8,3889.62
2/4/2023,InjeTAK,Uro,202301,1021253,MedStar Health,,,,,20076665,90374248,Invoice,775,190,10,7750,7560
2/4/2023,InjeTAK,Uro,202301,1021732,Ohio State University Physicians,,,,,20068824,90374260,Invoice,1550,380,20,31000,30620
2/4/2023,InjeTAK,Uro,202301,1022292,SSM Health Care St Louis,,,,,20164112,90374268,Invoice,310,76,4,1240,1164
2/4/2023,Optilume Strictures,Uro,202301,1021279,The Methodist Health System,,,,,20077188,90374249,Invoice,8380,0,4,33520,33520
2/4/2023,Optilume Strictures,Uro,202301,1021590,Novant Health Inc.,,,,,20073926,90374252,Invoice,0,56,0,0,-56
2/4/2023,Optilume Strictures,Uro,202301,1022487,Sutter Health System Office,,,,,20070977,90374277,Invoice,8380,0,4,33520,33520
2/4/2023,Optilume Strictures,Uro,202301,1022487,Sutter Health System Office,,,,,20070977,90374277,Invoice,0,112,0,0,-112
2/4/2023,Portascan 3D,Uro,202301,1021287,Dignity Health - CA,,,,,20069224,90374250,Invoice,0,1500,0,0,-1500
2/4/2023,Portascan 3D,Uro,202301,1021287,Dignity Health - CA,,,,,20069224,90374250,Invoice,0,32.47,1,0,-32.47
2/4/2023,Tubing,Uro,202301,1022456,St Lukes Health System,,,,,20082258,90374276,Invoice,549,42,25,13725,13683
2/4/2023,UDS Other Service & Repairs,Uro,202301,1021287,Dignity Health - CA,,,,,20069224,90374250,Invoice,0,3.4,0,0,-3.4
2/4/2023,UDS Service Contracts,Uro,202301,1021287,Dignity Health - CA,,,,,20069224,90374250,Invoice,1200,0,1,1200,1200
2/5/2023,DSD,CI,202301,1061863,NHS Supply Chain NHS Suppply Chain Accounts Payable,,,,,20155578,90374319,Invoice,121.15,43.45,50,6057.5,6014.05
2/5/2023,Incontinence MPQ,Uro,202301,1023148,Vanderbilt University Medical Center,,,,,20071177,90374296,Invoice,561,42.06,1,561,518.94
2/5/2023,Incontinence UPC Lead Sets,Uro,202301,1023307,WakeMed Health and Hospitals,,,,,20167894,90374299,Invoice,2667,125.64,3,8001,7875.36
2/5/2023,Incontinence UPC Lead Sets,Uro,202301,1087643,Southland Uro+Gynecology LLC,,,,,20168689,90374301,Invoice,1980,125.64,3,5940,5814.36
2/5/2023,Incontinence UPC Lead Sets,Uro,202301,1059728,Brain Medical Oscar A. Revello,,,,,1059728,90374354,Invoice Cancellation,-2160.84,-234.91,-6,12965.04,13199.95
2/5/2023,InjeTAK,Uro,202301,1023307,WakeMed Health and Hospitals,,,,,20167894,90374299,Invoice,310,76,4,1240,1164
2/5/2023,Kiwi,CI,202301,1060785,SMS medipool GmbH,,,,,20154600,90373995,Invoice,496.4,51.89,10,4964,4912.11
2/5/2023,Kiwi,CI,202301,1059433,KKB Ilmtalklinik Pfaffenhofen GmbH,,,,,20153226,90374002,Invoice,1241,129.73,25,31025,30895.27
2/5/2023,Optilume Strictures,Uro,202301,1022826,University of Rochester,,,,,20073183,90374283,Invoice,0,28,0,0,-28
2/5/2023,Other Uro Dx Disposables,Uro,202301,1022851,University of Utah Health,,,,,20082059,90374287,Invoice,108,18.9,10,1080,1061.1
2/5/2023,Other Uro Dx Disposables,Uro,202301,1022994,University of Missouri Healthcare,,,,,20066963,90374292,Invoice,0,26.52,1,0,-26.52
2/5/2023,UDS Other Service & Repairs,Uro,202301,1023267,Aspirus Health,,,,,20197348,90374297,Invoice,0,160,0,0,-160
2/5/2023,UDS Other Service & Repairs,Uro,202301,1079825,"AvTech Capital, LLC",,,,,20171080,90374303,Invoice,0,160,0,0,-160
2/5/2023,UDS Other Service & Repairs,Uro,202301,1108645,"Physical Medicine Specialists, Inc. DBA Brooks Rehab Medical Group",,,,,20197403,90374305,Invoice,0,0,1,0,0
2/6/2023,3rd party,CI,202301,1060253,Helios Beschaffungsmanagement GmbH,,,,,20155471,90374005,Invoice,496.29,215.78,20,9925.8,9710.02
2/6/2023,3rd party,CI,202301,1089772,Katholisches Klinikum Koblenz Einkauf Koblenz,,,,,1060616,90374021,Invoice,223.33,107.89,10,2233.3,2125.41
2/6/2023,3rd party,CI,202301,1108557,Asklepios Großhandelsgesellschaft mbH AGK 8280,,,,,20197276,90374025,Invoice,1024.95,539.45,50,51247.5,50708.05
2/6/2023,Electrodes,Uro,202301,1061786,Great Ormond Street Hospital NHS Trust Finance Department,,,,,20151684,90374067,Invoice,106.78,39.13,15,1601.7,1562.57
2/6/2023,Endoscopy Sheaths,Uro,202301,9980001357,LOUISE Gibbs,,,,,9980001357,90374083,Invoice,0,103.04,10,0,-103.04
2/6/2023,Incontinence UPC Lead Sets,Uro,202301,1069492,Universitätsklinikum Essen AöR Rechnungsbüro,,,,,20156227,90374016,Invoice,326.26,39.62,1,326.26,286.64
2/6/2023,Incontinence UPC Lead Sets,Uro,202301,1061759,Mid Cheshire Hospitals NHS FT Leighton Hospital,,,,,20154899,90374064,Invoice,7319.56,397.46,10,73195.6,72798.14
2/6/2023,Kiwi,CI,202301,1070349,Kreiskrankenhaus Mechernich GmbH Zentraleinkauf,,,,,20153991,90374019,Invoice,558.37,51.89,10,5583.7,5531.81
2/6/2023,Kiwi,CI,202301,1060736,SLK-Kliniken Heilbronn GmbH,,,,,20152322,90374030,Invoice,540.37,51.9,10,5403.7,5351.8
2/6/2023,Kiwi,CI,202301,1089209,Zollernalb Klinikum gGmbH Finanzabteilung,,,,,20169930,90374042,Invoice,1116.76,103.79,20,22335.2,22231.41
2/6/2023,Kiwi,CI,202301,1089033,Katholische Hospitalvereinigung Ostwestfalen gGmbH - Medikal KHO,,,,,1089033,90374043,Invoice,531.79,51.9,10,5317.9,5266
2/6/2023,Other Uro Dx Disposables,Uro,202301,1059559,KCH Interventional Facilities Management,,,,,20154852,90374052,Invoice,1303.24,691.65,50,65162,64470.35
2/6/2023,Ph/Impedance Catheters,GI,202301,1070237,University Hospitals Of Derby & Bur Royal Derby Hospital - Finance Depa,,,,,20154809,90374053,Invoice,876.17,137.14,10,8761.7,8624.56
2/6/2023,Ph/Impedance Catheters,GI,202301,1061751,Alder Hey Children's NHS FT Finance Department,,,,,20155998,90374063,Invoice,998.54,137.14,10,9985.4,9848.26
2/6/2023,Water Catheters,Uro,202301,1061863,NHS Supply Chain NHS Suppply Chain Accounts Payable,,,,,20163892,90374079,Invoice,57.27,45.13,10,572.7,527.57
2/7/2023,BoogieBaby,CI,202301,1078678,Concordance Healthcare Solutions,,,,,20162426,90374165,Invoice,400,104,200,80000,79896
2/7/2023,Endoscopy Sheaths,Uro,202301,1060913,CH Bourg en Bresse,,,,,20154253,90374085,Invoice,2718.83,756.96,80,217506.4,216749.44
2/7/2023,Incontinence MPQ,Uro,202301,1059691,Moss S.p.A.,,,,,1059691,90374140,Invoice,1191.11,298.21,20,23822.2,23523.99
2/7/2023,Kiwi,CI,202301,1088955,Kepler Universitätsklinikum GmbH Beschaff.-&Invest.mngt/Med. Campus IV,,,,,1088955,90374147,Invoice,1080.73,103.79,20,21614.6,21510.81
2/7/2023,Kiwi,CI,202301,1078678,Concordance Healthcare Solutions,,,,,20162436,90374166,Invoice,9600,1725.6,240,2304000,2302274.4
2/7/2023,Koala,CI,202301,1078678,Concordance Healthcare Solutions,,,,,20162426,90374165,Invoice,2204,362.4,80,176320,175957.6
2/7/2023,Ph/Impedance Catheters,GI,202301,1058759,Al Zahrawi Medical  LLC Qatar,,,,,20156388,90374129,Invoice,4390.4,540.35,40,175616,175075.65
2/7/2023,Ph/Impedance Catheters,GI,202301,1058913,BioElektronika d.o.o.,,,,,1058913,90374130,Invoice,1412.36,273.4,20,28247.2,27973.8
2/7/2023,Traxi,CI,202301,1059796,UZA,,,,,20150995,90374121,Invoice,349.56,42.18,5,1747.8,1705.62
2/7/2023,Traxi,CI,202301,1059796,UZA,,,,,20150995,90374122,Invoice,349.56,42.18,5,1747.8,1705.62
2/7/2023,Tubing,Uro,202301,1060175,Unilabs SA Comptabilite Fournisseurs,,,,,1060126,90374120,Invoice,189.45,13.66,10,1894.5,1880.84
2/7/2023,UDS Other Service & Repairs,Uro,202301,1060122,Dr. med. Frank Grutter Reception,,,,,1060122,90374119,Invoice,187.81,30.68,1,187.81,157.13
2/7/2023,UDS Service Contracts,Uro,202301,1021355,Midtown Urology Associates,,,,,20070696,90374149,Invoice,665.5,0,1,665.5,665.5
2/7/2023,UDS Service Contracts,Uro,202301,1022625,The Urology Group LLC,,,,,20075978,90374150,Invoice,816.75,0,1,816.75,816.75
2/8/2023,babyLance,CI,202301,1078745,"Medline Industries, Inc",,,,,20163032,90374183,Invoice,1080,351,900,972000,971649
2/8/2023,babyLance,CI,202301,1078745,"Medline Industries, Inc",,,,,20163059,90374186,Invoice,2100,682.5,1750,3675000,3674317.5
2/8/2023,babyLance,CI,202301,1078784,OM Owens & Minor,,,,,20163173,90374194,Invoice,60,19.5,50,3000,2980.5
2/8/2023,babyLance,CI,202301,1078784,OM Owens & Minor,,,,,20163173,90374194,Invoice,240,78,200,48000,47922
2/8/2023,BoogieBaby,CI,202301,1078745,"Medline Industries, Inc",,,,,20164100,90374185,Invoice,1800,369,900,1620000,1619631
2/8/2023,BoogieBaby,CI,202301,1078784,OM Owens & Minor,,,,,20163173,90374194,Invoice,310.5,80,200,62100,62020
2/8/2023,Kiwi,CI,202301,1078679,Cardinal Health,,,,,20166710,90374169,Invoice,700,128.2,20,14000,13871.8
2/8/2023,Kiwi,CI,202301,1078784,OM Owens & Minor,,,,,20163173,90374194,Invoice,800,143.8,20,16000,15856.2
2/8/2023,Kiwi,CI,202301,1078784,OM Owens & Minor,,,,,20163182,90374201,Invoice,1400,209.2,40,56000,55790.8
2/8/2023,Koala,CI,202301,1078745,"Medline Industries, Inc",,,,,20163063,90374180,Invoice,4408,724.8,160,705280,704555.2
2/8/2023,Koala,CI,202301,1078784,OM Owens & Minor,,,,,20168091,90374187,Invoice,2755,453,100,275500,275047
2/8/2023,ROM,CI,202301,1078784,OM Owens & Minor,,,,,20163179,90374198,Invoice,925,135.25,25,23125,22989.75
2/9/2023,ABBy,CI,202301,1107079,NATCHITOCHES REGIONAL MEDICAL CTR ACCOUNTS PAYABLE,,,,,20195063,90374221,Invoice,675,124.5,5,3375,3250.5
2/9/2023,babyLance,CI,202301,1078784,OM Owens & Minor,,,,,20163190,90374203,Invoice,240,78,200,48000,47922
2/9/2023,babyLance,CI,202301,1078784,OM Owens & Minor,,,,,20163190,90374203,Invoice,300,97.5,250,75000,74902.5
2/9/2023,babyLance,CI,202301,1078784,OM Owens & Minor,,,,,20163160,90374205,Invoice,180,58.5,150,27000,26941.5
2/9/2023,Endoscopy Sheaths,Uro,202301,1020151,Cambridge Health Alliance,,,,,20077374,90374237,Invoice,2356,450.4,40,94240,93789.6
2/9/2023,Incontinence UPC Lead Sets,Uro,202301,1020373,Emory Healthcare,,,,,20074388,90374240,Invoice,1868,83.76,2,3736,3652.24
2/9/2023,InjeTAK,Uro,202301,1020419,Intermountain Health,,,,,20068325,90374241,Invoice,125,20.6,2,250,229.4
2/9/2023,Kiwi,CI,202301,1078784,OM Owens & Minor,,,,,20163178,90374204,Invoice,875,130.75,25,21875,21744.25
2/9/2023,Koala,CI,202301,1078784,OM Owens & Minor,,,,,20168091,90374210,Invoice,275.5,45.3,10,2755,2709.7
2/9/2023,Koala,CI,202301,1078784,OM Owens & Minor,,,,,20168091,90374211,Invoice,551,90.6,20,11020,10929.4
2/9/2023,Portascan 3D,Uro,202301,1019576,Adventist Health,,,,,20079680,90374233,Invoice,0,0,0,0,0
2/9/2023,Portascan 3D,Uro,202301,1021287,Dignity Health - CA,,,,,20069224,90374250,Invoice,7760,0,1,7760,7760
2/9/2023,Portascan 3D,Uro,202301,1021287,Dignity Health - CA,,,,,20069224,90374250,Invoice,0,20,0,0,-20
2/9/2023,UDS Other Service & Repairs,Uro,202301,1019576,Adventist Health,,,,,20079680,90374233,Invoice,0,3.4,0,0,-3.4
2/9/2023,UDS Other Service & Repairs,Uro,202301,1021287,Dignity Health - CA,,,,,20069224,90374250,Invoice,0,160,0,0,-160
2/10/2023,InjeTAK,Uro,202301,1021600,Northwestern Medicine,,,,,20168734,90374258,Invoice,465,114,6,2790,2676
2/10/2023,Optilume Strictures,Uro,202301,1021590,Novant Health Inc.,,,,,20163348,90374254,Invoice,4190,0,2,8380,8380
2/10/2023,Optilume Strictures,Uro,202301,1021596,Northside Hospital,,,,,20083564,90374256,Invoice,0,201,0,0,-201
2/10/2023,Tables/Chairs,Uro,202301,1022392,Covenant: St Joseph Nashua,,,,,20195880,90374271,Invoice,18995,8230,1,18995,10765
2/11/2023,Endoscopy Service Contracts,Uro,202301,1022439,Urology of St Louis,,,,,1022439,90374275,Invoice,3086.92,0,20,61738.4,61738.4
2/11/2023,Goby CT,Uro,202301,1022581,Thibodaux Regional Health System,,,,,20077557,90374280,Invoice,26495,894.32,1,26495,25600.68
2/11/2023,Goby CT,Uro,202301,1023307,WakeMed Health and Hospitals,,,,,20167894,90374298,Invoice,33125,1596.61,1,33125,31528.39
2/11/2023,Optilume Strictures,Uro,202301,1022826,University of Rochester,,,,,20073183,90374283,Invoice,0,151,0,0,-151
2/11/2023,Optilume Strictures,Uro,202301,1022826,University of Rochester,,,,,20073183,90374283,Invoice,2395,0,1,2395,2395
2/11/2023,Other Uro Dx Disposables,Uro,202301,1022954,GenesisCare,,,,,20164293,90374289,Invoice,330,140.4,60,19800,19659.6
2/11/2023,Other Uro Dx Equipment,Uro,202301,1022421,Stanford Hospital & Clinics,,,,,20070699,90374274,Invoice,0,6.3,1,0,-6.3
2/11/2023,Other Uro Dx Equipment,Uro,202301,1022994,University of Missouri Healthcare,,,,,20066963,90374292,Invoice,0,6.27,0,0,-6.27
2/11/2023,T-Doc Catheters,Uro,202301,1022400,Trinity Health,,,,,20163689,90374272,Invoice,582,28.9,10,5820,5791.1
2/11/2023,T-Doc Catheters,Uro,202301,1022826,University of Rochester,,,,,20084561,90374282,Invoice,2150,144.5,50,107500,107355.5
2/11/2023,T-Doc Catheters,Uro,202301,1022837,University of Chicago Medicine,,,,,20079953,90374284,Invoice,1366,461.6,20,27320,26858.4
2/11/2023,Water Catheters,Uro,202301,1022999,Urodynamic PRN LLC,,,,,20076058,90374293,Invoice,666,61.8,30,19980,19918.2
2/12/2023,babyLance,CI,202301,1060698,Klinikum Worms gGmbH,,,,,20152126,90374029,Invoice,442.49,124.61,350,154871.5,154746.89
2/12/2023,DSD,CI,202301,1061863,NHS Supply Chain NHS Suppply Chain Accounts Payable,,,,,20170861,90374316,Invoice,242.29,86.88,100,24229,24142.12
2/12/2023,DSD,CI,202301,1061863,NHS Supply Chain NHS Suppply Chain Accounts Payable,,,,,20151486,90374318,Invoice,121.15,43.45,50,6057.5,6014.05
2/12/2023,DSD,CI,202301,1061863,NHS Supply Chain NHS Suppply Chain Accounts Payable,,,,,20151485,90374327,Invoice,121.15,43.45,50,6057.5,6014.05
2/12/2023,Incontinence MPQ,Uro,202301,1023458,Wayne Surgical Center,,,,,20076417,90374300,Invoice,2121,126.18,3,6363,6236.82
2/12/2023,Incontinence MPQ,Uro,202301,1059728,Brain Medical Oscar A. Revello,,,,,1059728,90374354,Invoice Cancellation,-1394.6,-559.93,-38,52994.8,53554.73
2/12/2023,Kiwi,CI,202301,1061863,NHS Supply Chain NHS Suppply Chain Accounts Payable,,,,,20170874,90374328,Invoice,1853.17,300.29,60,111190.2,110889.91
2/12/2023,Kiwi,CI,202301,1061863,NHS Supply Chain NHS Suppply Chain Accounts Payable,,,,,20170874,90374328,Invoice,3891.37,654.93,120,466964.4,466309.47
2/12/2023,Kiwi,CI,202301,1061206,Hôpital Nord Franche-Comte,,,,,20151660,90373983,Credit Memo,-3463.27,-311.37,-60,207796.2,208107.57
2/12/2023,Kiwi,CI,202301,1059366,Medical Krankenhaus Winsen Abteilung Apotheke,,,,,1059366,90373997,Invoice,957.22,103.79,20,19144.4,19040.61
2/12/2023,Other Uro Dx Equipment,Uro,202301,1108648,Ass. Gastroenterologie Rumst VOF,,,,,1108648,90373989,Invoice,3327.33,0,1,3327.33,3327.33
2/12/2023,Ph/Impedance Catheters,GI,202301,1060262,Universitätsklinikum Brandenburg an der Havel GmbH / ZLAG,,,,,20154442,90374008,Invoice,629.86,68.35,5,3149.3,3080.95
2/12/2023,Portascan 3D,Uro,202301,1079825,"AvTech Capital, LLC",,,,,20171077,90374302,Invoice,0,1500,0,0,-1500
2/12/2023,Tubing,Uro,202301,1079255,Wiener Gesundheitsverbund,,,,,20155363,90373979,Credit Memo,-1229.95,-197.44,-100,122995,123192.44
2/12/2023,Water Catheters,Uro,202301,1069238,BG Klinikum Hamburg gGmbH Zentraler Einkauf,,,,,20152611,90374011,Invoice,461.53,157.09,40,18461.2,18304.11
2/13/2023,3rd party,CI,202301,1089601,Ev. KKH GmbH Mülheim a.d. Ruhr,,,,,20170068,90374048,Invoice,213.62,92.87,2,427.24,334.37
2/13/2023,Endoscopy Sheaths,Uro,202301,1087472,Praxis für Urologie Dres. Rödder / Neumann / Reiß,,,,,1087472,90374040,Invoice,485.5,107.56,10,4855,4747.44
2/13/2023,Esophageal Manometry catheters,GI,202301,1059259,City Hospitals Independent Commercial Entreprises Ltd,,,,,20154470,90374050,Invoice,7484.52,3508.56,50,374226,370717.44
2/13/2023,Flowmaster,Uro,202301,1108696,Urologicum Osnabrück,,,,,1108696,90374049,Invoice,5383.17,892.59,2,10766.34,9873.75
2/13/2023,Kiwi,CI,202301,1060815,KJF Klinik Josefinum gGmbH,,,,,1060815,90374035,Invoice,270.18,25.95,5,1350.9,1324.95
2/13/2023,Other GI Disposables,GI,202301,1069257,Universitätklinikum Freiburg Geschäftsbereich 1-Kreditorenbuchhaltung,,,,,20155163,90374032,Invoice,233.04,78.22,25,5826,5747.78
2/13/2023,Ph/Impedance Catheters,GI,202301,1069259,Universitätsklinikum Augsburg Einkauf,,,,,20153469,90374034,Invoice,557.87,68.35,5,2789.35,2721
2/14/2023,BoogieBaby,CI,202301,1023230,Virtua Health Inc.,,,,,20166740,90374162,Invoice,135,52,100,13500,13448
2/14/2023,Breath Test consumables,GI,202301,1061846,United Lincolnshire Hospitals NHS Trust,,,,,20170280,90374077,Invoice,1900.41,814.5,250,475102.5,474288
2/14/2023,Endoscopy Sheaths,Uro,202301,1061234,HP Thiais - Clinique du Sud,,,,,20153598,90374102,Invoice,1196.28,322.69,30,35888.4,35565.71
2/14/2023,Esophageal Manometry catheters,GI,202301,1069417,Oxford University Hospitals NHS FT Accounts Payable,,,,,20153526,90374057,Invoice,23486.47,11929.09,170,3992699.9,3980770.81
2/14/2023,Incontinence MPQ,Uro,202301,1070200,Leids Universitair Medisch Centrum Crediteurenadministratie,,,,,20153604,90374138,Invoice,122.99,29.82,2,245.98,216.16
2/14/2023,Incontinence MPQ,Uro,202301,1059691,Moss S.p.A.,,,,,1059691,90374140,Invoice,8228.16,805.3,20,164563.2,163757.9
2/14/2023,Other Uro Dx Equipment,Uro,202301,1108664,Uropôle - Dr. Nazih Amadane,,,,,1108664,90374117,Invoice,0,138.77,1,0,-138.77
2/14/2023,Ph/Impedance Catheters,GI,202301,1069417,Oxford University Hospitals NHS FT Accounts Payable,,,,,20153526,90374057,Invoice,15602.17,2739.83,170,2652368.9,2649629.07
2/14/2023,Ph/Impedance Catheters,GI,202301,1070164,Newcastle Upon Tyne Hospitals Accounts Payable Invoicing,,,,,20152772,90374078,Invoice,2315.24,274.28,20,46304.8,46030.52
2/14/2023,Ph/Impedance Catheters,GI,202301,1060957,CHU Caen,,,,,20151934,90374089,Invoice,364.34,68.34,5,1821.7,1753.36
2/14/2023,Ph/Impedance Catheters,GI,202301,1059830,ASBL CHU HELORA,,,,,20153609,90374124,Invoice,1217,136.7,10,12170,12033.3
2/14/2023,T-Doc Catheters,Uro,202301,1108423,scm Saint Germain l'Auxerrois,,,,,1108423,90374115,Invoice,149.43,26.44,10,1494.3,1467.86
2/14/2023,Tubing,Uro,202301,1069408,Krankenhaus BHS Ried Betriebsges. m Finanzbuchhaltung,,,,,20153320,90374145,Invoice,82,48.01,25,2050,2001.99
2/14/2023,UDS Service Contracts,Uro,202301,1087712,Carondelet St Josephs Hospital,,,,,1087712,90374155,Invoice,3025,0,1,3025,3025
2/14/2023,Water Catheters,Uro,202301,1058742,Advamed s.r.o.,,,,,20153384,90374128,Invoice,931.31,242.54,80,74504.8,74262.26
2/15/2023,babyLance,CI,202301,1078679,Cardinal Health,,,,,20166710,90374174,Invoice,95,39,100,9500,9461
2/15/2023,babyLance,CI,202301,1078784,OM Owens & Minor,,,,,20163195,90374195,Invoice,660,214.5,550,363000,362785.5
2/15/2023,BoogieBaby,CI,202301,1078745,"Medline Industries, Inc",,,,,20163063,90374180,Invoice,1086.75,255,500,543375,543120
2/15/2023,DSD,CI,202301,1078745,"Medline Industries, Inc",,,,,20163059,90374178,Invoice,900,139.5,150,135000,134860.5
2/15/2023,Kiwi,CI,202301,1078679,Cardinal Health,,,,,20166710,90374177,Invoice,175,32.05,5,875,842.95
2/15/2023,Kiwi,CI,202301,1078745,"Medline Industries, Inc",,,,,20163056,90374179,Invoice,2450,366.1,70,171500,171133.9
2/15/2023,Kiwi,CI,202301,1078745,"Medline Industries, Inc",,,,,20164100,90374185,Invoice,1200,215.7,30,36000,35784.3
2/15/2023,Kiwi,CI,202301,1078784,OM Owens & Minor,,,,,20163172,90374196,Invoice,1050,156.9,30,31500,31343.1
2/15/2023,Koala,CI,202301,1078745,"Medline Industries, Inc",,,,,20163056,90374179,Invoice,4408,724.8,160,705280,704555.2
2/15/2023,Koala,CI,202301,1078784,OM Owens & Minor,,,,,20168091,90374188,Invoice,551,90.6,20,11020,10929.4
2/15/2023,ROM,CI,202301,1078745,"Medline Industries, Inc",,,,,20163056,90374179,Invoice,2775,451.5,75,208125,207673.5
2/15/2023,ROM,CI,202301,1078784,OM Owens & Minor,,,,,20163172,90374196,Invoice,925,135.25,25,23125,22989.75
2/15/2023,Traxi,CI,202301,1078679,Cardinal Health,,,,,20166710,90374172,Invoice,3500,445.5,50,175000,174554.5
2/15/2023,Traxi,CI,202301,1078745,"Medline Industries, Inc",,,,,20163059,90374186,Invoice,4760,623.7,70,333200,332576.3
2/16/2023,babyLance,CI,202301,1078784,OM Owens & Minor,,,,,20163182,90374201,Invoice,120,39,100,12000,11961
2/16/2023,babyLance,CI,202301,1078784,OM Owens & Minor,,,,,20163182,90374201,Invoice,120,39,100,12000,11961
2/16/2023,babyLance,CI,202301,1078784,OM Owens & Minor,,,,,20163178,90374204,Invoice,480,156,400,192000,191844
2/16/2023,babyLance,CI,202301,1078784,OM Owens & Minor,,,,,20163160,90374205,Invoice,960,312,800,768000,767688
2/16/2023,Kiwi,CI,202301,1078784,OM Owens & Minor,,,,,20163158,90374202,Invoice,875,130.75,25,21875,21744.25
2/16/2023,Koala,CI,202301,1078784,OM Owens & Minor,,,,,20168091,90374213,Invoice,280.5,45.3,10,2805,2759.7
2/16/2023,Koala,CI,202301,1078784,OM Owens & Minor,,,,,20168091,90374214,Invoice,561,90.6,20,11220,11129.4
2/16/2023,Koala,CI,202301,1079705,Cambridge Memorial Hospital,,,,,20163688,90374227,Invoice,375.38,45.7,10,3753.8,3708.1
2/16/2023,Optilume Strictures,Uro,202301,1019541,Allina Health System,,,,,20084640,90374232,Invoice,0,201,0,0,-201
2/16/2023,Optilume Strictures,Uro,202301,1021279,The Methodist Health System,,,,,20077188,90374249,Invoice,0,804,0,0,-804
2/16/2023,Portascan 3D,Uro,202301,1019576,Adventist Health,,,,,20079680,90374233,Invoice,0,1320,0,0,-1320
2/16/2023,Portascan 3D,Uro,202301,1021287,Dignity Health - CA,,,,,20069224,90374250,Invoice,0,0,0,0,0
2/16/2023,UDS Other Service & Repairs,Uro,202301,1019576,Adventist Health,,,,,20079680,90374233,Invoice,0,160,0,0,-160
2/17/2023,Optilume Strictures,Uro,202301,1022826,University of Rochester,,,,,20073183,90374283,Invoice,0,201,0,0,-201
2/17/2023,Optilume Strictures,Uro,202301,1022826,University of Rochester,,,,,20073183,90374283,Invoice,0,151,0,0,-151
2/17/2023,Portascan 3D,Uro,202301,1021287,Dignity Health - CA,,,,,20069224,90374250,Invoice,518,412,1,518,106
2/17/2023,T-Doc Catheters,Uro,202301,1022400,Trinity Health,,,,,20163689,90374272,Invoice,683,37.2,10,6830,6792.8
2/17/2023,T-Doc Catheters,Uro,202301,1022826,University of Rochester,,,,,20084561,90374281,Invoice,1366,461.6,20,27320,26858.4
2/17/2023,UDS Service Contracts,Uro,202301,1022439,Urology of St Louis,,,,,1022439,90374275,Invoice,292.42,0,1,292.42,292.42
2/17/2023,UDS Service Contracts,Uro,202301,1022439,Urology of St Louis,,,,,1022439,90374275,Invoice,108.6,0,1,108.6,108.6
2/17/2023,UDS Service Contracts,Uro,202301,1022439,Urology of St Louis,,,,,1022439,90374275,Invoice,12.67,0,1,12.67,12.67
2/18/2023,InjeTAK,Uro,202301,1023072,USC University Hospital,,,,,20071547,90374294,Invoice,930,228,12,11160,10932
2/18/2023,Optilume Strictures,Uro,202301,1023078,UT Southwestern Medical Center,,,,,20083938,90374295,Invoice,0,112,0,0,-112
2/18/2023,Other Uro Dx Equipment,Uro,202301,1022994,University of Missouri Healthcare,,,,,20066963,90374292,Invoice,0,84.22,0,0,-84.22
2/18/2023,Portascan 3D,Uro,202301,1023267,Aspirus Health,,,,,20197348,90374297,Invoice,7055,0,1,7055,7055
2/18/2023,Portascan 3D,Uro,202301,1023267,Aspirus Health,,,,,20197348,90374297,Invoice,0,1320,0,0,-1320
2/18/2023,Portascan 3D,Uro,202301,1079825,"AvTech Capital, LLC",,,,,20171077,90374302,Invoice,0,1320,0,0,-1320
2/18/2023,T-Doc Catheters,Uro,202301,1023072,USC University Hospital,,,,,20071547,90374294,Invoice,2910,144.5,50,145500,145355.5
2/18/2023,Tubing,Uro,202301,1022999,Urodynamic PRN LLC,,,,,20076058,90374293,Invoice,146,70,50,7300,7230
2/18/2023,Water Catheters,Uro,202301,1022999,Urodynamic PRN LLC,,,,,20076058,90374293,Invoice,362,71.8,20,7240,7168.2
2/19/2023,Incontinence MPQ,Uro,202301,1108517,Nashville Urology PC,,,,,20170524,90374304,Invoice,948,84.12,2,1896,1811.88
2/19/2023,Incontinence MPQ,Uro,202301,1108517,Nashville Urology PC,,,,,20170524,90374304,Invoice,39,11.2,1,39,27.8
2/19/2023,Kiwi,CI,202301,1069287,Stiftungsklinikum Proselis gGmbH Einkauf / Rechnungseingang,,,,,20152423,90374017,Invoice,558.37,51.89,10,5583.7,5531.81
2/19/2023,Portascan 3D,Uro,202301,1079825,"AvTech Capital, LLC",,,,,20171080,90374303,Invoice,0,1320,0,0,-1320
2/19/2023,T-Doc Catheters,Uro,202301,1069689,Hôpital Nord Franche-Comte Pole Logistique-Service Pharmacie,,,,,20151660,90373987,Credit Memo,-186.73,-26.44,-10,1867.3,1893.74
2/19/2023,Tubing,Uro,202301,1060253,Helios Beschaffungsmanagement GmbH,,,,,20152090,90374006,Invoice,200.68,102.5,50,10034,9931.5
2/19/2023,UDS Other Service & Repairs,Uro,202301,1079825,"AvTech Capital, LLC",,,,,20171077,90374302,Invoice,0,3.4,0,0,-3.4
2/20/2023,3rd party,CI,202301,1060659,Agaplesion Logistikzentrum gGmbH,,,,,20155027,90374022,Invoice,230.78,107.89,10,2307.8,2199.91
2/20/2023,3rd party,CI,202301,1060939,GAPM - Plateforme Médico-Logistique,,,,,20155672,90374087,Invoice,474.72,249.66,10,4747.2,4497.54
2/20/2023,babyLance,CI,202301,1108557,Asklepios Großhandelsgesellschaft mbH AGK 8280,,,,,20153699,90374024,Invoice,206.18,53.41,150,30927,30873.59
2/20/2023,Endoscopy Sheaths,Uro,202301,1087472,Praxis für Urologie Dres. Rödder / Neumann / Reiß,,,,,1087472,90374040,Invoice,863.12,189.24,20,17262.4,17073.16
2/20/2023,Endoscopy Sheaths,Uro,202301,1061461,Fondation Saint-François,,,,,1061461,90374108,Invoice,1196.28,280.94,30,35888.4,35607.46
2/20/2023,Endoscopy Sheaths,Uro,202301,1061504,Clinique St Jean l'Ermitage,,,,,20151706,90374109,Invoice,2136.22,645.4,60,128173.2,127527.8
2/20/2023,Kiwi,CI,202301,1060933,CH Ardèche Nord (Annonay),,,,,1060933,90374086,Invoice,1683.08,155.68,30,50492.4,50336.72
2/20/2023,Kiwi,CI,202301,1061205,CH Sens La Chauvellière,,,,,20152591,90374100,Invoice,1281.73,103.79,20,25634.6,25530.81
2/20/2023,Koala,CI,202301,1061050,CHU Angers,,,,,20154516,90374095,Invoice,2120.04,214.7,50,106002,105787.3
2/20/2023,Other GI Equipment,GI,202301,1061795,"Barking - Havering & Redbridge RF4 Payables 6615,",,,,,20151404,90374072,Invoice,6240.87,3742.69,10,62408.7,58666.01
2/20/2023,Ph/Impedance Catheters,GI,202301,1059259,City Hospitals Independent Commercial Entreprises Ltd,,,,,20154470,90374050,Invoice,2074.32,432.09,40,82972.8,82540.71
2/20/2023,Ph/Impedance Catheters,GI,202301,1061792,Uni Hospitals Southampton NHS FT Finance Department,,,,,20155135,90374069,Invoice,2413.14,274.28,20,48262.8,47988.52
2/21/2023,Electrodes,Uro,202301,1069408,Krankenhaus BHS Ried Betriebsges. m Finanzbuchhaltung,,,,,20153320,90374145,Invoice,258.94,148.89,300,77682,77533.11
2/21/2023,Incontinence MPQ,Uro,202301,1059691,Moss S.p.A.,,,,,1059691,90374140,Invoice,2293.7,456.59,10,22937,22480.41
2/21/2023,Kiwi,CI,202301,1089504,PremiQaMed Privatkliniken GmbH Privatklinik Döbling,,,,,1089504,90374148,Invoice,744.44,77.84,15,11166.6,11088.76
2/21/2023,Other Uro Dx Disposables,Uro,202301,1108664,Uropôle - Dr. Nazih Amadane,,,,,1108664,90374117,Invoice,0,6.59,1,0,-6.59
2/21/2023,Other Uro Dx Disposables,Uro,202301,1058952,Meden-Inmed Sp. z o.o.,,,,,1058952,90374133,Invoice,849.78,707.75,100,84978,84270.25
2/21/2023,Other Uro Dx Equipment,Uro,202301,1108664,Uropôle - Dr. Nazih Amadane,,,,,1108664,90374117,Invoice,0,345.98,1,0,-345.98
2/21/2023,Ph/Impedance Catheters,GI,202301,1059839,AZ Sint-Jan AV,,,,,20155368,90374125,Invoice,492.3,68.35,5,2461.5,2393.15
2/21/2023,T-Doc Catheters,Uro,202301,1108423,scm Saint Germain l'Auxerrois,,,,,1108423,90374115,Invoice,210.39,43.16,10,2103.9,2060.74
2/21/2023,Traxi,CI,202301,1078678,Concordance Healthcare Solutions,,,,,20162426,90374165,Invoice,680,89.1,10,6800,6710.9
2/21/2023,Tubing,Uro,202301,1058952,Meden-Inmed Sp. z o.o.,,,,,1058952,90374133,Invoice,1191.8,391.64,300,357540,357148.36
2/21/2023,UDS Service Contracts,Uro,202301,1020473,University of Vermont Medical Center,,,,,20077517,90374151,Invoice,7350,0,1,7350,7350
2/21/2023,UDS Service Contracts,Uro,202301,1023206,VA San Francisco Health Care,,,,,20079741,90374153,Invoice,673.75,0,1,673.75,673.75
2/22/2023,babyLance,CI,202301,1078784,OM Owens & Minor,,,,,20163173,90374194,Invoice,1320,429,1100,1452000,1451571
2/22/2023,babyLance,CI,202301,1078784,OM Owens & Minor,,,,,20163172,90374196,Invoice,60,19.5,50,3000,2980.5
2/22/2023,babyLance,CI,202301,1078784,OM Owens & Minor,,,,,20163172,90374196,Invoice,60,19.5,50,3000,2980.5
2/22/2023,BoogieBaby,CI,202301,1078745,"Medline Industries, Inc",,,,,20163063,90374180,Invoice,465.75,120,300,139725,139605
2/22/2023,Kiwi,CI,202301,1078745,"Medline Industries, Inc",,,,,20163025,90374182,Invoice,2400,431.4,60,144000,143568.6
2/22/2023,Kiwi,CI,202301,1078784,OM Owens & Minor,,,,,20163180,90374200,Invoice,2600,467.35,65,169000,168532.65
2/22/2023,Kiwi,CI,202301,1078784,OM Owens & Minor,,,,,20163190,90374203,Invoice,175,26.15,5,875,848.85
2/22/2023,Kiwi,CI,202301,1078784,OM Owens & Minor,,,,,20163178,90374204,Invoice,1600,287.6,40,64000,63712.4
2/22/2023,Kiwi,CI,202301,1078784,OM Owens & Minor,,,,,20163160,90374205,Invoice,350,64.1,10,3500,3435.9
2/22/2023,Koala,CI,202301,1078745,"Medline Industries, Inc",,,,,20163059,90374186,Invoice,1485,579.81,33,49005,48425.19
2/22/2023,Koala,CI,202301,1078784,OM Owens & Minor,,,,,20168091,90374206,Invoice,280.5,45.3,10,2805,2759.7
2/22/2023,ROM,CI,202301,1078679,Cardinal Health,,,,,20166710,90374171,Invoice,42.5,30.75,5,212.5,181.75
2/22/2023,ROM,CI,202301,1078745,"Medline Industries, Inc",,,,,20164100,90374185,Invoice,1850,270.5,50,92500,92229.5
2/22/2023,ROM,CI,202301,1078784,OM Owens & Minor,,,,,20163173,90374194,Invoice,42.5,30.75,5,212.5,181.75
2/22/2023,ROM,CI,202301,1078784,OM Owens & Minor,,,,,20163160,90374205,Invoice,4625,676.25,125,578125,577448.75
2/22/2023,Traxi,CI,202301,1078745,"Medline Industries, Inc",,,,,20163032,90374183,Invoice,2040,267.3,30,61200,60932.7
2/22/2023,Traxi,CI,202301,1078784,OM Owens & Minor,,,,,20163182,90374201,Invoice,1360,178.2,20,27200,27021.8
2/23/2023,Incontinence UPC Lead Sets,Uro,202301,1022350,Spartanburg Regional Healthcare System,,,,,20075357,90374269,Invoice,2667,125.64,3,8001,7875.36
2/23/2023,InjeTAK,Uro,202301,1021928,Providence Health & Services,,,,,20079519,90374264,Invoice,360,114,6,2160,2046
2/23/2023,InjeTAK,Uro,202301,1022400,Trinity Health,,,,,20197222,90374273,Invoice,750,123.6,12,9000,8876.4
2/23/2023,Koala,CI,202301,1078784,OM Owens & Minor,,,,,20168091,90374217,Invoice,1122,181.2,40,44880,44698.8
2/23/2023,Optilume Strictures,Uro,202301,1019541,Allina Health System,,,,,20084640,90374232,Invoice,0,28,0,0,-28
2/23/2023,Optilume Strictures,Uro,202301,1021590,Novant Health Inc.,,,,,20163348,90374254,Invoice,4190,0,2,8380,8380
2/23/2023,Optilume Strictures,Uro,202301,1021590,Novant Health Inc.,,,,,20163348,90374254,Invoice,0,402,0,0,-402
2/23/2023,Optilume Strictures,Uro,202301,1022826,University of Rochester,,,,,20073183,90374283,Invoice,0,28,0,0,-28
2/23/2023,Portascan 3D,Uro,202301,1019576,Adventist Health,,,,,20079680,90374233,Invoice,0,20,0,0,-20
2/23/2023,Portascan 3D,Uro,202301,1019576,Adventist Health,,,,,20079680,90374233,Invoice,0,32.47,1,0,-32.47
2/23/2023,T-Doc Catheters,Uro,202301,1022567,Jefferson Health,,,,,20083666,90374279,Invoice,2328,115.6,40,93120,93004.4
2/23/2023,T-Doc Catheters,Uro,202301,1022826,University of Rochester,,,,,20084561,90374281,Invoice,1164,394,20,23280,22886
2/24/2023,Aquarius XT,Uro,202301,1022994,University of Missouri Healthcare,,,,,20066963,90374292,Invoice,124950,19701.5,1,124950,105248.5
2/24/2023,Optilume Strictures,Uro,202301,1022826,University of Rochester,,,,,20073183,90374283,Invoice,0,201,0,0,-201
2/24/2023,Optilume Strictures,Uro,202301,1023078,UT Southwestern Medical Center,,,,,20083938,90374295,Invoice,0,804,0,0,-804
2/24/2023,Optilume Strictures,Uro,202301,1023078,UT Southwestern Medical Center,,,,,20083938,90374295,Invoice,0,603,0,0,-603
2/24/2023,Portascan 3D,Uro,202301,1079825,"AvTech Capital, LLC",,,,,20171077,90374302,Invoice,0,0,0,0,0
2/24/2023,Traxi,CI,202301,1061743,NHS Greater Glasgow & Clyde Finance Department,,,,,20170837,90374321,Invoice,305.62,40.75,5,1528.1,1487.35
2/24/2023,Tubing,Uro,202301,1022999,Urodynamic PRN LLC,,,,,20076058,90374293,Invoice,336,25,50,16800,16775
2/24/2023,UDS Other Service & Repairs,Uro,202301,1023307,WakeMed Health and Hospitals,,,,,20167894,90374298,Invoice,0,193.02,0,0,-193.02
2/24/2023,UDS Other Service & Repairs,Uro,202301,1079825,"AvTech Capital, LLC",,,,,20171080,90374303,Invoice,0,3.4,0,0,-3.4
2/24/2023,Water Catheters,Uro,202301,1022999,Urodynamic PRN LLC,,,,,20076058,90374293,Invoice,231,35.6,10,2310,2274.4
2/25/2023,Kiwi,CI,202301,1061762,Aneurin Bevan Local Health Board 342049 Accounts Payable,,,,,20166842,90374324,Invoice,378.12,50.05,10,3781.2,3731.15
2/25/2023,Traxi,CI,202301,1061743,NHS Greater Glasgow & Clyde Finance Department,,,,,20170837,90374321,Invoice,977.74,150.27,20,19554.8,19404.53
3/12/2023,3rd party,CI,202301,1061013,CHU Rennes,,,,,20151110,90374310,Credit Memo,-431.56,-249.66,-10,4315.6,4565.26
3/12/2023,3rd party,CI,202301,1061013,CHU Rennes,,,,,20151110,90374311,Debit Memo,431.56,249.66,10,4315.6,4065.94
3/12/2023,Endoscopy Sheaths,Uro,202301,1058855,CH Samuel Pozzi,,,,,20151794,90374313,Debit Memo,390.95,94.62,10,3909.5,3814.88
3/12/2023,Endoscopy Sheaths,Uro,202301,1089385,CH Haut Bugey Pharmacie,,,,,20154128,90374320,Credit Memo,-1359.41,-378.47,-40,54376.4,54754.87
3/12/2023,Endoscopy Sheaths,Uro,202301,1089385,CH Haut Bugey Pharmacie,,,,,20154128,90374322,Debit Memo,1359.41,378.47,40,54376.4,53997.93
3/12/2023,InjeTAK,Uro,202301,1089385,CH Haut Bugey Pharmacie,,,,,20154128,90374322,Debit Memo,48.77,19.66,2,97.54,77.88
3/12/2023,Other Uro Dx Equipment,Uro,202301,1070382,MEQnordic A/S Accouning Dept.,,,,,1058994,90374314,Invoice,2672.69,0,1,2672.69,2672.69
3/12/2023,T-Doc Catheters,Uro,202301,1060927,CH Grasse,,,,,20152891,90374331,Credit Memo,-448.95,-86.31,-20,8979,9065.31
3/13/2023,InjeTAK,Uro,202301,1061001,CHU Toulouse,,,,,20151157,90374337,Credit Memo,-200.03,-108.76,-6,1200.18,1308.94
3/13/2023,InjeTAK,Uro,202301,1061001,CHU Toulouse,,,,,20151157,90374338,Debit Memo,200.03,108.76,6,1200.18,1091.42
3/13/2023,Kiwi,CI,202301,1060965,CH Saintonge,,,,,20152892,90374333,Credit Memo,-1514.78,-155.69,-30,45443.4,45599.09
3/13/2023,Kiwi,CI,202301,1060965,CH Saintonge,,,,,20152892,90374334,Debit Memo,1514.78,155.69,30,45443.4,45287.71
3/13/2023,Koala,CI,202301,1061001,CHU Toulouse,,,,,20151157,90374341,Credit Memo,-1582.96,-171.76,-40,63318.4,63490.16
3/13/2023,Ph/Impedance Catheters,GI,202301,1060969,CH Tulle,,,,,20151265,90374335,Credit Memo,-364.34,-199.59,-10,3643.4,3842.99
3/13/2023,Ph/Impedance Catheters,GI,202301,1069360,CHU Toulouse Service Pharmacie 1er étage,,,,,20151157,90374339,Credit Memo,-297.78,-199.6,-10,2977.8,3177.4
3/13/2023,Ph/Impedance Catheters,GI,202301,1069360,CHU Toulouse Service Pharmacie 1er étage,,,,,20151157,90374340,Debit Memo,297.78,139.83,10,2977.8,2837.97
3/13/2023,T-Doc Catheters,Uro,202301,1060927,CH Grasse,,,,,20152891,90374331,Credit Memo,-161.84,-26.44,-10,1618.4,1644.84
3/13/2023,Tubing,Uro,202301,1060965,CH Saintonge,,,,,20152892,90374334,Debit Memo,340.02,127.31,50,17001,16873.69
3/13/2023,Tubing,Uro,202301,1060922,CH de Vichy,,,,,20153850,90374346,Debit Memo,117.6,13.81,10,1176,1162.19
3/14/2023,Endoscopy Service Contracts,Uro,202301,1061504,Clinique St Jean l'Ermitage,,,,,20151706,90374353,Invoice,4099.82,0,1,4099.82,4099.82
3/14/2023,InjeTAK,Uro,202301,1058796,CH Nord Mayenne,,,,,20151916,90374350,Debit Memo,41,19.66,2,82,62.34
3/14/2023,Kiwi,CI,202301,1061034,CH du Forez - Site de Fleurs,,,,,1061034,90374356,Credit Memo,-1683.08,-155.68,-30,50492.4,50648.08
3/14/2023,Kiwi,CI,202301,1061034,CH du Forez - Site de Fleurs,,,,,1061034,90374357,Debit Memo,1683.08,155.68,30,50492.4,50336.72
3/14/2023,Kiwi,CI,202301,1060466,Klinikum Dortmund gGmbH,,,,,1060466,90374370,Invoice,1080.73,103.79,20,21614.6,21510.81
3/14/2023,Kiwi,CI,202301,1069558,Kreiskliniken Böblingen gGmbH B11 Kreditorenbuchhaltung,,,,,20166571,90374378,Invoice,481.84,51.9,10,4818.4,4766.5
3/14/2023,Tubing,Uro,202301,1060926,CH Cannes,,,,,20151253,90374347,Credit Memo,-485.5,-127.31,-50,24275,24402.31
3/14/2023,Tubing,Uro,202301,1060926,CH Cannes,,,,,20151253,90374348,Debit Memo,485.5,127.31,50,24275,24147.69
3/14/2023,Tubing,Uro,202301,1082702,Kliniken des Landkreises Lörrach GmbH Rechnungseingang,,,,,20155054,90374365,Invoice,593.39,98.71,50,29669.5,29570.79
3/14/2023,UDS Other Service & Repairs,Uro,202301,1070327,Martha-Maria Krankenhaus gGmbH,,,,,20152301,90374368,Invoice,239.52,38.11,1,239.52,201.41
3/14/2023,Water Catheters,Uro,202301,1083861,Oberschwaben Klinik gGmbH Krankenhaus St. Elisabeth,,,,,1059302,90374363,Invoice,860.31,83.72,20,17206.2,17122.48
3/14/2023,Water Catheters,Uro,202301,1082702,Kliniken des Landkreises Lörrach GmbH Rechnungseingang,,,,,20155054,90374365,Invoice,172.62,46.28,10,1726.2,1679.92
3/14/2023,Water Catheters,Uro,202301,1082702,Kliniken des Landkreises Lörrach GmbH Rechnungseingang,,,,,20155054,90374365,Invoice,204.99,54.16,10,2049.9,1995.74
3/14/2023,Water Catheters,Uro,202301,1069492,Universitätsklinikum Essen AöR Rechnungsbüro,,,,,20156227,90374371,Invoice,472.6,162.48,30,14178,14015.52
3/15/2023,InjeTAK,Uro,202301,1061863,NHS Supply Chain NHS Suppply Chain Accounts Payable,,,,,20163892,90374392,Invoice,278.64,109.11,6,1671.84,1562.73
3/15/2023,InjeTAK,Uro,202301,1061863,NHS Supply Chain NHS Suppply Chain Accounts Payable,,,,,20151546,90374396,Invoice,1857.58,727.37,40,74303.2,73575.83
3/15/2023,InjeTAK,Uro,202301,1061863,NHS Supply Chain NHS Suppply Chain Accounts Payable,,,,,20151486,90374399,Invoice,158.1,39.44,4,632.4,592.96
3/15/2023,InjeTAK,Uro,202301,1061863,NHS Supply Chain NHS Suppply Chain Accounts Payable,,,,,20163892,90374400,Invoice,557.27,218.21,12,6687.24,6469.03
3/15/2023,InjeTAK,Uro,202301,1061863,NHS Supply Chain NHS Suppply Chain Accounts Payable,,,,,20152822,90374401,Invoice,92.88,36.37,2,185.76,149.39
3/15/2023,Kiwi,CI,202301,1089088,SANA Helmut-G.-Walter-Klinikum Lichtenfels GmbH,,,,,20170043,90374382,Invoice,540.37,51.9,10,5403.7,5351.8
3/15/2023,Other Uro Dx Disposables,Uro,202301,1061808,SHL Spire Healthcare Ltd Accounts Payable,,,,,20163640,90374389,Invoice,1172.92,691.65,50,58646,57954.35
3/15/2023,Tubing,Uro,202301,1089506,Alexianer Krefeld GmbH,,,,,20170381,90374383,Invoice,534.06,98.72,50,26703,26604.28
3/15/2023,Tubing,Uro,202301,1061745,Frimley Park Hospital NHS FT Heatherwood Hospital,,,,,20153591,90374385,Invoice,103.38,27.71,20,2067.6,2039.89
3/15/2023,UDS Other Service & Repairs,Uro,202301,1061751,Alder Hey Children's NHS FT Finance Department,,,,,20155998,90374387,Invoice,697.51,139.28,1,697.51,558.23
3/15/2023,UDS Other Service & Repairs,Uro,202301,1083538,HP Dijon Bourgogne (HPDB),,,,,1058772,90374402,Invoice,0,0,0,0,0
3/15/2023,UDS Other Service & Repairs,Uro,202301,1083538,HP Dijon Bourgogne (HPDB),,,,,1058772,90374402,Invoice,0,0,0,0,0
3/15/2023,UDS Other Service & Repairs,Uro,202301,1083538,HP Dijon Bourgogne (HPDB),,,,,1058772,90374402,Invoice,0,0,0,0,0
3/15/2023,Water Catheters,Uro,202301,1061863,NHS Supply Chain NHS Suppply Chain Accounts Payable,,,,,20151478,90374398,Invoice,57.27,45.13,10,572.7,527.57
3/16/2023,Clearview,CI,202301,9980001262,Peggy Querrec,,,,,9980001262,90374414,Invoice,0,77.2,5,0,-77.2
3/16/2023,Clearview,CI,202301,9980001262,Peggy Querrec,,,,,9980001262,90374414,Invoice,0,78.11,5,0,-78.11
3/16/2023,Endoscopy Parts & Accessories,Uro,202301,1058862,Mcmed,,,,,1058862,90374403,Invoice,0,48.96,1,0,-48.96
3/16/2023,Kiwi,CI,202301,1083908,SA Champeau Méditerranée,,,,,1083908,90374413,Invoice,566.42,51.89,10,5664.2,5612.31
3/16/2023,Koala,CI,202301,1061497,Clinique Mathilde,,,,,20196955,90374411,Invoice,1119.9,85.88,20,22398,22312.12
3/16/2023,Other Uro Dx Disposables,Uro,202301,1061060,CH du Haut Anjou,,,,,20151139,90374406,Invoice,400.81,23.73,50,20040.5,20016.77
3/16/2023,Tubing,Uro,202301,1061037,GCS Pui - Cité Sanitaire,,,,,20151128,90374405,Invoice,64.73,48.01,25,1618.25,1570.24
3/16/2023,UDS Other Service & Repairs,Uro,202301,1061347,NCBA Clinique Bel Air - GBNA,,,,,1061347,90374409,Invoice,0,0,0,0,0
3/16/2023,UDS Other Service & Repairs,Uro,202301,1061347,NCBA Clinique Bel Air - GBNA,,,,,1061347,90374409,Invoice,0,0,0,0,0
3/16/2023,UDS Other Service & Repairs,Uro,202301,1079964,Clinique Ormeau Pyrénées DA ORP,,,,,1061460,90374410,Invoice,4447.99,0,0,0,0
3/16/2023,UDS Other Service & Repairs,Uro,202301,1079964,Clinique Ormeau Pyrénées DA ORP,,,,,1061460,90374410,Invoice,2229.44,0,0,0,0
3/16/2023,UDS Other Service & Repairs,Uro,202301,1059725,Medicor Medical Supplies NV,,,,,20155360,90374418,Invoice,2727.01,0,0,0,0
3/16/2023,UDS Other Service & Repairs,Uro,202301,1059725,Medicor Medical Supplies NV,,,,,20155360,90374418,Invoice,1472.7,0,0,0,0
3/16/2023,Water Catheters,Uro,202301,1060139,Clinique Romande de Réadaptation Magasin des soins infirmiers,,,,,1060139,90374417,Invoice,922.81,169.93,40,36912.4,36742.47
3/17/2023,babyLance,CI,202301,1020072,Claflin Company,,,,,20163260,90374436,Invoice,760,312,800,608000,607688
3/17/2023,babyLance,CI,202301,1020072,Claflin Company,,,,,20163260,90374436,Invoice,190,78,200,38000,37922
3/17/2023,Incontinence MPQ,Uro,202301,1070159,Academisch Ziekenhuis Maastricht Crediteurenadministratie,,,,,20151844,90374424,Invoice,2255.98,120.79,3,6767.94,6647.15
3/17/2023,Kiwi,CI,202301,1070328,CHC asbl Comptabilité,,,,,20156239,90374419,Invoice,5826.06,518.95,100,582606,582087.05
3/17/2023,Kiwi,CI,202301,1059220,Isala,,,,,20150943,90374427,Invoice,235.2,25.95,5,1176,1150.05
3/17/2023,Kiwi,CI,202301,1069453,Vlbg. Krankenhaus-Betriebsges.m.b.H. Landeskrankenhaus Bregenz,,,,,20156306,90374432,Invoice,496.29,51.89,10,4962.9,4911.01
3/17/2023,Optilume Strictures,Uro,202301,1089747,Apsu Medical AB,,,,,20170910,90374429,Invoice,9000,0,6,54000,54000
3/17/2023,Optilume Strictures,Uro,202301,1089747,Apsu Medical AB,,,,,20170910,90374429,Invoice,0,180.18,0,0,-180.18
3/17/2023,Other GI Disposables,GI,202301,1059003,Sisk Healthcare t/a M.E.D. Surgical Unit 3,,,,,20150917,90374423,Invoice,345.46,59.77,20,6909.2,6849.43
3/17/2023,Other GI Disposables,GI,202301,1059197,Zorgsaam Ziekenhuis Crediteurenadministratie,,,,,20153578,90374426,Invoice,29.13,9.77,1,29.13,19.36
3/17/2023,Other Uro Dx Equipment,Uro,202301,1069667,EB Neuro  S.p.A.,,,,,20156439,90374421,Invoice,269.72,0,1,269.72,269.72
3/17/2023,Other Uro Dx Equipment,Uro,202301,1070382,MEQnordic A/S Accouning Dept.,,,,,20151617,90374422,Invoice,1849.94,0,1,1849.94,1849.94
3/17/2023,Tubing,Uro,202301,1059517,Vlbg. Krankenhaus-Betriebsges.m.b.H. Landeskrankenhaus Feldkirch,,,,,1059517,90374431,Invoice,498.45,89.65,30,14953.5,14863.85
3/18/2023,babyLance,CI,202301,1078703,"Distribution Cooperative, Inc.",,,,,20162912,90374450,Invoice,624,312,800,499200,498888
3/18/2023,BoogieBaby,CI,202301,1020177,Cuyuna Regional Medical Center,,,,,20163713,90374437,Invoice,118,40,100,11800,11760
3/18/2023,BoogieBaby,CI,202301,1020177,Cuyuna Regional Medical Center,,,,,20163713,90374438,Invoice,118,40,100,11800,11760
3/18/2023,BoogieBaby,CI,202301,1022024,Reid Hospital & Health Care Services Inc,,,,,20073945,90374441,Invoice,135,41,100,13500,13459
3/18/2023,Kiwi,CI,202301,1022575,ThedaCare Inc,,,,,20166762,90374443,Invoice,135,26.15,5,675,648.85
3/18/2023,Kiwi,CI,202301,1078679,Cardinal Health,,,,,20166710,90374448,Invoice,400,71.9,10,4000,3928.1
3/18/2023,Koala,CI,202301,1078679,Cardinal Health,,,,,20166710,90374447,Invoice,55,17.57,1,55,37.43
3/18/2023,Koala,CI,202301,1078784,OM Owens & Minor,,,,,20168091,90374451,Invoice,1122,181.2,40,44880,44698.8
3/18/2023,Koala,CI,202301,1078784,OM Owens & Minor,,,,,20168091,90374452,Invoice,561,90.6,20,11220,11129.4
3/18/2023,Koala,CI,202301,1078784,OM Owens & Minor,,,,,20168091,90374453,Invoice,841.5,135.9,30,25245,25109.1
3/18/2023,ROM,CI,202301,1020072,Claflin Company,,,,,20163260,90374436,Invoice,3700,602,100,370000,369398
3/18/2023,ROM,CI,202301,1020775,Ardent: Hillcrest Healthcare System,,,,,20073991,90374439,Invoice,1750,270.5,50,87500,87229.5
3/18/2023,ROM,CI,202301,1020775,Ardent: Hillcrest Healthcare System,,,,,20073991,90374439,Invoice,35,30.75,5,175,144.25
3/18/2023,ROM,CI,202301,1021253,MedStar Health,,,,,20073738,90374440,Invoice,7400,1204,200,1480000,1478796
3/18/2023,ROM,CI,202301,1021253,MedStar Health,,,,,20073738,90374440,Invoice,212.5,153.75,25,5312.5,5158.75
3/18/2023,Traxi,CI,202301,1078679,Cardinal Health,,,,,20166710,90374445,Invoice,455,29.6,10,4550,4520.4
3/19/2023,babyLance,CI,202301,1108644,Community Midwives of Halton,,,,,20197401,90374480,Invoice,223.44,78.69,200,44688,44609.31
3/19/2023,ClearView Total,CI,202301,9980001255,Susan Smyth,,,,,9980001255,90374463,Invoice,0,147.8,5,0,-147.8
3/19/2023,Kiwi,CI,202301,9980001255,Susan Smyth,,,,,9980001255,90374463,Invoice,0,71.9,10,0,-71.9
3/19/2023,Kiwi,CI,202301,1078661,Alberta Health Service,,,,,20168277,90374464,Invoice,344.1,52.76,10,3441,3388.24
3/19/2023,Kiwi,CI,202301,1078825,SUNNYBROOK HEALTH SCIENCES CENTRE,,,,,20163868,90374472,Invoice,1862,263.8,50,93100,92836.2
3/19/2023,Kiwi,CI,202301,1080952,SCI Logistics Ltd.,,,,,20166100,90374479,Invoice,1001.76,131.91,25,25044,24912.09
3/19/2023,Koala,CI,202301,1078784,OM Owens & Minor,,,,,20168091,90374454,Invoice,1683,271.8,60,100980,100708.2
3/19/2023,Koala,CI,202301,1078784,OM Owens & Minor,,,,,20168091,90374456,Invoice,280.5,45.3,10,2805,2759.7
3/19/2023,Koala,CI,202301,9980001104,Ross Collins,,,,,9980001104,90374460,Invoice,0,74.84,4,0,-74.84
3/19/2023,Koala,CI,202301,1078799,Prince Albert Parkland Health Region **CONSOLIDATED use 1078834**,1078834,,,,20163254,90374471,Invoice,750.76,91.4,20,15015.2,14923.8
3/19/2023,ROM,CI,202301,9980001104,Ross Collins,,,,,9980001104,90374460,Invoice,0,150.5,25,0,-150.5
3/19/2023,ROM,CI,202301,9980001104,Ross Collins,,,,,9980001104,90374460,Invoice,0,135.25,25,0,-135.25
3/19/2023,Traxi,CI,202301,9980001107,Mark Gables,,,,,9980001107,90374461,Invoice,0,356.4,40,0,-356.4
3/19/2023,Traxi,CI,202301,9980001107,Mark Gables,,,,,9980001107,90374461,Invoice,0,118.4,40,0,-118.4
3/20/2023,Incontinence UPC Lead Sets,Uro,202301,1019217,MJW Medical Solutions Inc,,,,,20072166,90374488,Invoice,780,41.88,1,780,738.12
3/20/2023,Incontinence UPC Lead Sets,Uro,202301,1019476,Advanced Urology Institute LLC,,,,,20074176,90374493,Invoice,1740,125.64,3,5220,5094.36
3/20/2023,Incontinence UPC Lead Sets,Uro,202301,1019535,Albany Med Health System,,,,,20168243,90374496,Invoice,660,41.88,1,660,618.12
3/20/2023,Incontinence UPC Lead Sets,Uro,202301,1019540,UnityPoint Health,,,,,20074543,90374497,Invoice,819,41.88,1,819,777.12
3/20/2023,Incontinence UPC Lead Sets,Uro,202301,1019582,Luminis Health,,,,,20073381,90374501,Invoice,1868,83.76,2,3736,3652.24
3/20/2023,Optilume Strictures,Uro,202301,1019036,Columbus Reg Healthcare System,,,,,20164176,90374483,Invoice,2095,0,1,2095,2095
3/20/2023,Optilume Strictures,Uro,202301,1019036,Columbus Reg Healthcare System,,,,,20164176,90374483,Invoice,0,28,0,0,-28
3/20/2023,Optilume Strictures,Uro,202301,1019647,New Hanover Regional Medical Ctr *CONSOLIDATED use 1021590*,1021590,,,,20069038,90374505,Invoice,4190,0,2,8380,8380
3/20/2023,Optilume Strictures,Uro,202301,1019647,New Hanover Regional Medical Ctr *CONSOLIDATED use 1021590*,1021590,,,,20069038,90374505,Invoice,0,56,0,0,-56
3/20/2023,Optilume Strictures,Uro,202301,1019647,New Hanover Regional Medical Ctr *CONSOLIDATED use 1021590*,1021590,,,,20069038,90374505,Invoice,4190,0,2,8380,8380
3/20/2023,Other Uro Tx Disposables,Uro,202301,1019428,Mobile Dysphagia Imaging of North Jersey,,,,,20170905,90374492,Invoice,298,42.6,12,3576,3533.4
3/20/2023,RenovaRP Consumables,GI,202301,1019605,Appalachian Regional HC Inc.,,,,,20078098,90374503,Invoice,215,100,20,4300,4200
3/20/2023,Spot Ex,GI,202301,1019214,Doctors Medical Center of Modesto,,,,,20073915,90374487,Invoice,345,33.6,10,3450,3416.4
3/21/2023,Endoscopy Sheaths,Uro,202301,1019703,Florida Urology Partners LLP,,,,,20070775,90374516,Invoice,3510,1137,100,351000,349863
3/21/2023,Endoscopy Sheaths,Uro,202301,1019856,UNC Appalachian Regional Healthcare,,,,,20081174,90374527,Invoice,868,227.4,20,17360,17132.6
3/21/2023,EverLift,GI,202301,1019652,BJC Healthcare,,,,,20193062,90374507,Invoice,720,90.9,10,7200,7109.1
3/21/2023,Incontinence UPC Lead Sets,Uro,202301,1019658,Augusta Urology Assoc. LLC,,,,,20079908,90374509,Invoice,934,41.88,1,934,892.12
3/21/2023,Incontinence UPC Lead Sets,Uro,202301,1019824,Boulder Medical Center P.C.,,,,,20080236,90374524,Invoice,5604,251.28,6,33624,33372.72
3/21/2023,Optilume Strictures,Uro,202301,1019647,New Hanover Regional Medical Ctr *CONSOLIDATED use 1021590*,1021590,,,,20069038,90374505,Invoice,0,402,0,0,-402
3/21/2023,Optilume Strictures,Uro,202301,1019647,New Hanover Regional Medical Ctr *CONSOLIDATED use 1021590*,1021590,,,,20069038,90374505,Invoice,0,56,0,0,-56
3/21/2023,Optilume Strictures,Uro,202301,1019652,BJC Healthcare,,,,,20078904,90374508,Invoice,2095,0,1,2095,2095
3/21/2023,Optilume Strictures,Uro,202301,1019652,BJC Healthcare,,,,,20078904,90374508,Invoice,0,201,0,0,-201
3/21/2023,Optilume Strictures,Uro,202301,1019652,BJC Healthcare,,,,,20078904,90374508,Invoice,0,28,0,0,-28
3/21/2023,Other GI Supply Disposables,GI,202301,1019986,Boston Children's Hospital,,,,,20167614,90374529,Invoice,124,60,100,12400,12340
3/21/2023,RenovaRP Consumables,GI,202301,1019668,Aurora Health *Consolidated* Use BP# 1020857,,,,,20170938,90374510,Invoice,1950,328.5,30,58500,58171.5
3/21/2023,RenovaRP Consumables,GI,202301,1019668,Aurora Health *Consolidated* Use BP# 1020857,,,,,20084706,90374511,Invoice,1950,328.5,30,58500,58171.5
3/21/2023,RenovaRP Consumables,GI,202301,1019668,Aurora Health *Consolidated* Use BP# 1020857,,,,,20084706,90374511,Invoice,760,400,80,60800,60400
3/21/2023,RenovaRP Consumables,GI,202301,1019812,Bon Secours Mercy Health,,,,,20166355,90374522,Invoice,1425,273.75,25,35625,35351.25
3/21/2023,Spot Ex,GI,202301,1019697,Bayhealth Inc,,,,,20079955,90374514,Invoice,380,33.6,10,3800,3766.4
3/21/2023,Spot Ex,GI,202301,1019717,Banner Health,,,,,20080725,90374517,Invoice,760,67.2,20,15200,15132.8
3/21/2023,Spot Ex,GI,202301,1019812,Bon Secours Mercy Health,,,,,20167042,90374521,Invoice,380,33.6,10,3800,3766.4
3/21/2023,Spot Ex,GI,202301,1019819,Philip R. Bowden MD PA,,,,,20072051,90374523,Invoice,380,33.6,10,3800,3766.4
3/21/2023,Spot Ex,GI,202301,1020032,CentraCare Health,,,,,20080058,90374530,Invoice,760,67.2,20,15200,15132.8
3/21/2023,Spot Ex,GI,202301,1020042,Christus Health,,,,,20070477,90374532,Invoice,690,67.2,20,13800,13732.8
3/22/2023,Endoscopy Sheaths,Uro,202301,1020165,Crisp Regional Hospital Inc.,,,,,20071748,90374550,Invoice,619,112.6,10,6190,6077.4
3/22/2023,Incontinence MPQ,Uro,202301,1020159,United Urology Group,,,,,20197029,90374545,Invoice,1960,210.3,5,9800,9589.7
3/22/2023,Incontinence UPC Lead Sets,Uro,202301,1020112,Cone Health,,,,,20170609,90374540,Invoice,934,41.88,1,934,892.12
3/22/2023,Incontinence UPC Lead Sets,Uro,202301,1020159,United Urology Group,,,,,20074821,90374544,Invoice,600,41.88,1,600,558.12
3/22/2023,Incontinence UPC Lead Sets,Uro,202301,1020159,United Urology Group,,,,,20070854,90374549,Invoice,600,41.88,1,600,558.12
3/22/2023,Other Uro Tx Disposables,Uro,202301,1020325,Northern Light Health,,,,,20084441,90374554,Invoice,298,42.6,12,3576,3533.4
3/22/2023,Spot Ex,GI,202301,1020064,City Of Hope,,,,,20078727,90374535,Invoice,380,33.6,10,3800,3766.4
3/22/2023,Spot Ex,GI,202301,1020112,Cone Health,,,,,20168227,90374539,Invoice,1140,100.8,30,34200,34099.2
3/22/2023,Spot Ex,GI,202301,1020129,CSC Surgical Management Gr. LLC,,,,,20079679,90374541,Invoice,380,33.6,10,3800,3766.4
3/23/2023,Endoscopy Sheaths,Uro,202301,1020359,Ellis Hospital,,,,,20075423,90374557,Invoice,848.8,227.4,20,16976,16748.6
3/23/2023,Endoscopy Sheaths,Uro,202301,1020359,Ellis Hospital,,,,,20075423,90374558,Invoice,4244,1137,100,424400,423263
3/23/2023,Optilume Strictures,Uro,202301,1020407,Ardent: UT Health East Texas,,,,,20074052,90374562,Invoice,0,402,0,0,-402
3/23/2023,Optilume Strictures,Uro,202301,1020407,Ardent: UT Health East Texas,,,,,20074052,90374562,Invoice,0,56,0,0,-56
3/23/2023,RenovaRP Consumables,GI,202301,1020378,Legacy Health System,,,,,20073674,90374559,Invoice,300,54.75,5,1500,1445.25
3/23/2023,RenovaRP Consumables,GI,202301,1020394,Erlanger Health System,,,,,20068082,90374560,Invoice,225,54.75,5,1125,1070.25
3/23/2023,Spot Ex,GI,202301,1020450,Forrest General Hosp.,,,,,20077812,90374566,Invoice,380,33.6,10,3800,3766.4
3/23/2023,Spot Ex,GI,202301,1020577,Tidelands Health,,,,,20084810,90374570,Invoice,760,67.2,20,15200,15132.8
3/23/2023,Spot Ex,GI,202301,1020577,Tidelands Health,,,,,20084810,90374571,Invoice,760,67.2,20,15200,15132.8
3/23/2023,Spot Ex,GI,202301,1020584,Glens Falls Hospital *Consolidated* Use BP# 1019535,,,,,20082890,90374572,Invoice,380,33.6,10,3800,3766.4
3/24/2023,Endoscopy Sheaths,Uro,202301,1020822,Hutchinson Regional Medical Ctr.,,,,,20069662,90374591,Invoice,1857,341.1,30,55710,55368.9
3/24/2023,Endoscopy Sheaths,Uro,202301,1020912,Washington University,,,,,20166182,90374592,Invoice,3040,900.8,80,243200,242299.2
3/24/2023,H. pylori Tests ,GI,202301,1020621,CHI - Common Spirit Health,,,,,20071472,90374576,Invoice,520,202,100,52000,51798
3/24/2023,Incontinence UPC Lead Sets,Uro,202301,1020597,Genesis Healthcare Partners,,,,,20073824,90374573,Invoice,12300,837.6,20,246000,245162.4
3/24/2023,Incontinence UPC Lead Sets,Uro,202301,1020597,Genesis Healthcare Partners,,,,,20081193,90374574,Invoice,12300,837.6,20,246000,245162.4
3/24/2023,Incontinence UPC Lead Sets,Uro,202301,1020632,Prisma Health,,,,,20085020,90374582,Invoice,660,41.88,1,660,618.12
3/24/2023,Incontinence UPC Lead Sets,Uro,202301,1020693,Urology Specialists of the Carolinas,,,,,20083824,90374585,Invoice,1320,83.76,2,2640,2556.24
3/24/2023,Incontinence UPC Lead Sets,Uro,202301,1020971,Kaiser Health Plan Asset Mgmt,,,,,20167255,90374600,Invoice,1104,83.76,2,2208,2124.24
3/24/2023,Other GI Supply Disposables,GI,202301,1020621,CHI - Common Spirit Health,,,,,20194001,90374577,Invoice,97,34.5,50,4850,4815.5
3/24/2023,Other GI Supply Disposables,GI,202301,1020752,Memorial Hermann Health System,,,,,20194084,90374588,Invoice,250,160,10,2500,2340
3/24/2023,RenovaRP Consumables,GI,202301,1020670,Guthrie Healthcare System,,,,,20070508,90374584,Invoice,1950,1000,200,390000,389000
3/24/2023,RenovaRP Consumables,GI,202301,1020752,Memorial Hermann Health System,,,,,20076174,90374587,Invoice,700,219,20,14000,13781
3/24/2023,RenovaRP Consumables,GI,202301,1020971,Kaiser Health Plan Asset Mgmt,,,,,20083533,90374597,Invoice,800,235.4,10,8000,7764.6
3/24/2023,Spot Ex,GI,202301,1020921,1000-St. Joseph Health System *Consolidated* Use BP# 1021928,,,,,20067030,90374593,Invoice,360,33.6,10,3600,3566.4
3/24/2023,Spot Ex,GI,202301,1020971,Kaiser Health Plan Asset Mgmt,,,,,20194371,90374598,Invoice,760,67.2,20,15200,15132.8
3/24/2023,Spot Ex,GI,202301,1021016,Knox Community Hospital,,,,,20194323,90374602,Invoice,345,33.6,10,3450,3416.4
3/25/2023,EverLift,GI,202301,1021190,Mayo Clinic,,,,,20074851,90374623,Invoice,1580,181.8,20,31600,31418.2
3/25/2023,EverLift,GI,202301,1021279,The Methodist Health System,,,,,20192734,90374633,Invoice,5200,727.2,80,416000,415272.8
3/25/2023,Incontinence UPC Lead Sets,Uro,202301,1021169,Mainehealth,,,,,20083708,90374619,Invoice,1868,83.76,2,3736,3652.24
3/25/2023,Optilume Strictures,Uro,202301,1021279,The Methodist Health System,,,,,20168752,90374635,Invoice,4190,0,2,8380,8380
3/25/2023,Other GI Supply Disposables,GI,202301,1021190,Mayo Clinic,,,,,20068059,90374622,Invoice,165,57.75,75,12375,12317.25
3/25/2023,Other GI Supply Disposables,GI,202301,1021190,Mayo Clinic,,,,,20170386,90374624,Invoice,270,103.5,150,40500,40396.5
3/25/2023,Spot Ex,GI,202301,1021016,Knox Community Hospital,,,,,20194323,90374603,Invoice,345,33.6,10,3450,3416.4
3/25/2023,Spot Ex,GI,202301,1021054,Lake Regional Health System,,,,,20067472,90374607,Invoice,380,33.6,10,3800,3766.4
3/25/2023,Spot Ex,GI,202301,1021074,Labette County Med. Ctr.,,,,,20068777,90374608,Invoice,1140,100.8,30,34200,34099.2
3/25/2023,Spot Ex,GI,202301,1021074,Labette County Med. Ctr.,,,,,20068777,90374609,Invoice,760,67.2,20,15200,15132.8
3/25/2023,Spot Ex,GI,202301,1021075,Lake Charles Memorial Health,,,,,20076799,90374611,Invoice,345,33.6,10,3450,3416.4
3/25/2023,Spot Ex,GI,202301,1021158,NYU Langone Health System,,,,,20195129,90374616,Invoice,760,67.2,20,15200,15132.8
3/25/2023,Spot Ex,GI,202301,1021169,Mainehealth,,,,,20083708,90374618,Invoice,380,33.6,10,3800,3766.4
3/25/2023,Spot Ex,GI,202301,1021266,Mercy Medical Center,,,,,20078681,90374628,Invoice,380,33.6,10,3800,3766.4
3/25/2023,Spot Ex,GI,202301,1021279,The Methodist Health System,,,,,20170472,90374634,Invoice,345,33.6,10,3450,3416.4
3/25/2023,UDS Other Service & Repairs,Uro,202301,1021127,Lowcountry Urology Clinics PA,,,,,20075311,90374615,Invoice,3615.68,0,0,0,0
3/25/2023,UDS Other Service & Repairs,Uro,202301,1021127,Lowcountry Urology Clinics PA,,,,,20075311,90374615,Invoice,1500.01,0,0,0,0
3/26/2023,Endoscopy Sheaths,Uro,202301,1021446,Mary South MD LLC,,,,,20084393,90374647,Invoice,2476,450.4,40,99040,98589.6
3/26/2023,EverLift,GI,202301,1021444,Ballad Health,,,,,20079177,90374646,Invoice,400,44.5,10,4000,3955.5
3/26/2023,Incontinence UPC Lead Sets,Uro,202301,1021287,Dignity Health - CA,,,,,20163867,90374637,Invoice,4670,209.4,5,23350,23140.6
3/26/2023,Optilume Strictures,Uro,202301,1021279,The Methodist Health System,,,,,20168752,90374635,Invoice,0,402,0,0,-402
3/26/2023,Optilume Strictures,Uro,202301,1021536,New York Presbyterian Hospital,,,,,20083623,90374652,Invoice,2395,0,1,2395,2395
3/26/2023,Optilume Strictures,Uro,202301,1021536,New York Presbyterian Hospital,,,,,20083623,90374652,Invoice,0,201,0,0,-201
3/26/2023,Optilume Strictures,Uro,202301,1021536,New York Presbyterian Hospital,,,,,20083623,90374652,Invoice,2395,0,1,2395,2395
3/26/2023,Optilume Strictures,Uro,202301,1021536,New York Presbyterian Hospital,,,,,20083623,90374652,Invoice,0,151,0,0,-151
3/26/2023,Optilume Strictures,Uro,202301,1021536,New York Presbyterian Hospital,,,,,20083623,90374652,Invoice,2395,0,1,2395,2395
3/26/2023,Other GI Supply Disposables,GI,202301,1021341,MyMichigan Health,,,,,20166611,90374642,Invoice,118,32.5,50,5900,5867.5
3/26/2023,Spot Ex,GI,202301,1021301,HCA Mission Health Hospital *11.22.24 CONSOLIDATED 1114774*,1114774,,,,20197106,90374639,Invoice,345,33.6,10,3450,3416.4
3/26/2023,Spot Ex,GI,202301,1021327,Penn State Health,,,,,20080307,90374641,Invoice,760,67.2,20,15200,15132.8
3/26/2023,Spot Ex,GI,202301,1021388,Mount Nittany Medical Center,,,,,20069131,90374643,Invoice,760,67.2,20,15200,15132.8
3/26/2023,Spot Ex,GI,202301,1021487,Mary Washington Healthcare,,,,,20077182,90374651,Invoice,720,67.2,20,14400,14332.8
3/27/2023,Endoscopy Sheaths,Uro,202301,1021682,Collaborative Care Svcs Inc,,,,,20168201,90374669,Invoice,1482,337.8,30,44460,44122.2
3/27/2023,Endoscopy Sheaths,Uro,202301,1021753,Atlantic Health System,,,,,20077108,90374676,Invoice,619,113.7,10,6190,6076.3
3/27/2023,EverLift,GI,202301,1021686,Ochsner Health,,,,,20195137,90374671,Invoice,350,44.5,10,3500,3455.5
3/27/2023,Incontinence MPQ,Uro,202301,1021590,Novant Health Inc.,,,,,20067437,90374653,Invoice,2231,210.3,5,11155,10944.7
3/27/2023,Incontinence UPC Lead Sets,Uro,202301,1021591,Northwell Health,,,,,20068065,90374656,Invoice,3000,209.4,5,15000,14790.6
3/27/2023,Incontinence UPC Lead Sets,Uro,202301,1021597,Northwest Iowa Urologists,,,,,20077355,90374658,Invoice,2802,125.64,3,8406,8280.36
3/27/2023,Incontinence UPC Lead Sets,Uro,202301,1021650,Northwest Urology LLC,,,,,20074160,90374668,Invoice,1560,83.76,2,3120,3036.24
3/27/2023,Optilume Strictures,Uro,202301,1021536,New York Presbyterian Hospital,,,,,20083623,90374652,Invoice,0,201,0,0,-201
3/27/2023,Optilume Strictures,Uro,202301,1021536,New York Presbyterian Hospital,,,,,20083623,90374652,Invoice,0,151,0,0,-151
3/27/2023,Optilume Strictures,Uro,202301,1021596,Northside Hospital,,,,,20083564,90374657,Invoice,2095,0,1,2095,2095
3/27/2023,Optilume Strictures,Uro,202301,1021596,Northside Hospital,,,,,20083564,90374657,Invoice,0,201,0,0,-201
3/27/2023,Optilume Strictures,Uro,202301,1021596,Northside Hospital,,,,,20083564,90374657,Invoice,0,28,0,0,-28
3/27/2023,Other Uro Tx Disposables,Uro,202301,1021787,Palo Alto Medical Foundation Health Care Division V# 33010,,,,,20074146,90374679,Invoice,1788,255.6,72,128736,128480.4
3/27/2023,Spot Ex,GI,202301,1021620,Northeast Georgia Health System Inc.,,,,,20166695,90374663,Invoice,760,67.2,20,15200,15132.8
3/27/2023,Spot Ex,GI,202301,1021686,Ochsner Health,,,,,20069553,90374670,Invoice,345,33.6,10,3450,3416.4
3/27/2023,Spot Ex,GI,202301,1021766,University of Pennsylvania Health,,,,,20163352,90374677,Invoice,380,33.6,10,3800,3766.4
3/27/2023,Spot Ex,GI,202301,1021775,Piedmont Healthcare,,,,,20170471,90374678,Invoice,380,33.6,10,3800,3766.4
3/27/2023,Spot Ex,GI,202301,1021799,"ProHEALTH Medical Management, LLC",,,,,20195315,90374680,Invoice,2280,201.6,60,136800,136598.4
3/28/2023,Incontinence MPQ,Uro,202301,1021925,Intermountain Healthcare,,,,,20073939,90374688,Invoice,78,22.4,2,156,133.6
3/28/2023,Incontinence MPQ,Uro,202301,1022120,Salina Surgical Hospital,,,,,20074050,90374699,Invoice,156,44.8,4,624,579.2
3/28/2023,Optilume Strictures,Uro,202301,1021829,PeaceHealth Shared Services,,,,,20079345,90374683,Invoice,0,402,0,0,-402
3/28/2023,Optilume Strictures,Uro,202301,1021833,Putnam General Hospital,,,,,20083245,90374684,Invoice,0,402,0,0,-402
3/28/2023,Optilume Strictures,Uro,202301,1021833,Putnam General Hospital,,,,,20083245,90374684,Invoice,0,56,0,0,-56
3/28/2023,Optilume Strictures,Uro,202301,1021833,Putnam General Hospital,,,,,20083245,90374684,Invoice,4190,0,2,8380,8380
3/28/2023,Optilume Strictures,Uro,202301,1022138,Santa Clara Valley Health & Hosp,,,,,20075407,90374700,Invoice,4190,0,2,8380,8380
3/28/2023,Optilume Strictures,Uro,202301,1022138,Santa Clara Valley Health & Hosp,,,,,20075407,90374700,Invoice,0,402,0,0,-402
3/28/2023,RenovaRP Consumables,GI,202301,1021890,Ardent: Portneuf Medical Center,,,,,20076676,90374685,Invoice,880,400,80,70400,70000
3/28/2023,RenovaRP Consumables,GI,202301,1022013,Reading Hospital (Tower Health),,,,,20195502,90374693,Invoice,390,200,40,15600,15400
3/28/2023,RenovaRP Consumables,GI,202301,1022013,Reading Hospital (Tower Health),,,,,20195502,90374694,Invoice,1000,402.2,10,10000,9597.8
3/28/2023,Spot Ex,GI,202301,1021807,Perry County Memorial Hospital,,,,,20066879,90374681,Invoice,380,33.6,10,3800,3766.4
3/28/2023,Spot Ex,GI,202301,1021890,Ardent: Portneuf Medical Center,,,,,20076676,90374686,Invoice,345,33.6,10,3450,3416.4
3/28/2023,Spot Ex,GI,202301,1021984,Monument Health,,,,,20195473,90374691,Invoice,380,33.6,10,3800,3766.4
3/28/2023,Spot Ex,GI,202301,1022013,Reading Hospital (Tower Health),,,,,20195329,90374695,Invoice,345,33.6,10,3450,3416.4
3/28/2023,Spot Ex,GI,202301,1022117,UW Health Swedish American,,,,,20078609,90374698,Invoice,380,33.6,10,3800,3766.4
3/29/2023,Incontinence MPQ,Uro,202301,1022174,Surgery Center of Fremont,,,,,20077613,90374707,Invoice,1414,84.12,2,2828,2743.88
3/29/2023,Incontinence UPC Lead Sets,Uro,202301,1022236,Scripps Health,,,,,20164194,90374713,Invoice,1868,83.76,2,3736,3652.24
3/29/2023,Incontinence UPC Lead Sets,Uro,202301,1022309,Mount Sinai - South Nassau,,,,,20083932,90374715,Invoice,934,41.88,1,934,892.12
3/29/2023,Optilume Strictures,Uro,202301,1022138,Santa Clara Valley Health & Hosp,,,,,20075407,90374700,Invoice,0,56,0,0,-56
3/29/2023,Optilume Strictures,Uro,202301,1022138,Santa Clara Valley Health & Hosp,,,,,20075407,90374700,Invoice,4190,0,2,8380,8380
3/29/2023,RenovaRP Consumables,GI,202301,1022160,Baylor Scott & White Health,,,,,20084139,90374703,Invoice,680,400,80,54400,54000
3/29/2023,RenovaRP Consumables,GI,202301,1022160,Baylor Scott & White Health,,,,,20084139,90374705,Invoice,680,400,80,54400,54000
3/29/2023,RenovaRP Consumables,GI,202301,1022188,Sentara Healthcare,,,,,20073916,90374708,Invoice,495,201.1,5,2475,2273.9
3/29/2023,RenovaRP Consumables,GI,202301,1022252,Silver Cross Hospital and Medical Center,,,,,20071094,90374714,Invoice,600,109.5,10,6000,5890.5
3/29/2023,RenovaRP Consumables,GI,202301,1022252,Silver Cross Hospital and Medical Center,,,,,20071094,90374714,Invoice,390,200,40,15600,15400
3/29/2023,Spot Ex,GI,202301,1022192,St Francis Health System,,,,,20197088,90374711,Invoice,380,33.6,10,3800,3766.4
3/30/2023,EverLift,GI,202301,1022444,Mercy Health,,,,,20069398,90374727,Invoice,800,89,20,16000,15911
3/30/2023,EverLift,GI,202301,1022444,Mercy Health,,,,,20074857,90374728,Invoice,720,90.9,10,7200,7109.1
3/30/2023,Optilume Strictures,Uro,202301,1022415,Baycare Health System,,,,,20074769,90374724,Invoice,4190,0,2,8380,8380
3/30/2023,Optilume Strictures,Uro,202301,1022419,UCSF Medical Center,,,,,20071221,90374725,Invoice,4190,0,2,8380,8380
3/30/2023,Optilume Strictures,Uro,202301,1022419,UCSF Medical Center,,,,,20071221,90374725,Invoice,0,402,0,0,-402
3/30/2023,Optilume Strictures,Uro,202301,1022419,UCSF Medical Center,,,,,20071221,90374725,Invoice,0,56,0,0,-56
3/30/2023,Other GI Supply Disposables,GI,202301,1022407,St. Luke's Hospital & Health Networ,,,,,20074111,90374722,Invoice,205,63,100,20500,20437
3/30/2023,Other Uro Tx Disposables,Uro,202301,1022439,Urology of St Louis,,,,,20068489,90374726,Invoice,284,42.6,12,3408,3365.4
3/30/2023,RenovaRP Consumables,GI,202301,1022399,Stony Brook Med: State Univ of NY,,,,,20196297,90374718,Invoice,630,109.5,10,6300,6190.5
3/30/2023,RenovaRP Consumables,GI,202301,1022400,Trinity Health,,,,,20167729,90374720,Invoice,7500,3016.5,75,562500,559483.5
3/30/2023,RenovaRP Consumables,GI,202301,1022400,Trinity Health,,,,,20167729,90374720,Invoice,4100,2000,400,1640000,1638000
3/30/2023,Spot Ex,GI,202301,1022392,Covenant: St Joseph Nashua,,,,,20195880,90374717,Invoice,380,33.6,10,3800,3766.4
3/30/2023,Spot Ex,GI,202301,1022407,St. Luke's Hospital & Health Networ,,,,,20074111,90374721,Invoice,380,33.6,10,3800,3766.4
3/31/2023,Endoscopy Sheaths,Uro,202301,1022444,Mercy Health,,,,,20074262,90374729,Invoice,6190,1126,100,619000,617874
3/31/2023,Endoscopy Sheaths,Uro,202301,1022531,Town Center ASC LLC,,,,,20078661,90374744,Invoice,1857,341.1,30,55710,55368.9
3/31/2023,EverLift,GI,202301,1022487,Sutter Health System Office,,,,,20196777,90374737,Invoice,700,90.9,10,7000,6909.1
3/31/2023,EverLift,GI,202301,1022487,Sutter Health System Office,,,,,20196045,90374738,Invoice,360,44.5,10,3600,3555.5
3/31/2023,Incontinence UPC Lead Sets,Uro,202301,1022522,University of Louisville Physicians,,,,,20068204,90374743,Invoice,2340,125.64,3,7020,6894.36
3/31/2023,Optilume Strictures,Uro,202301,1022487,Sutter Health System Office,,,,,20070977,90374740,Invoice,2095,0,1,2095,2095
3/31/2023,Optilume Strictures,Uro,202301,1022487,Sutter Health System Office,,,,,20070977,90374740,Invoice,0,201,0,0,-201
3/31/2023,Other GI Supply Disposables,GI,202301,1022572,Cleveland Clinic Health,,,,,20068528,90374746,Invoice,205,50,100,20500,20450
3/31/2023,RenovaRP Consumables,GI,202301,1022572,Cleveland Clinic Health,,,,,20167144,90374747,Invoice,360,200,40,14400,14200
3/31/2023,RenovaRP Consumables,GI,202301,1022572,Cleveland Clinic Health,,,,,20072475,90374748,Invoice,350,109.5,10,3500,3390.5
3/31/2023,RenovaRP Consumables,GI,202301,1022572,Cleveland Clinic Health,,,,,20196704,90374749,Invoice,180,100,20,3600,3500
3/31/2023,RenovaRP Consumables,GI,202301,1022572,Cleveland Clinic Health,,,,,20166704,90374750,Invoice,360,200,40,14400,14200
3/31/2023,RenovaRP Consumables,GI,202301,1022572,Cleveland Clinic Health,,,,,20069947,90374752,Invoice,950,500,100,95000,94500
3/31/2023,RenovaRP Consumables,GI,202301,1022572,Cleveland Clinic Health,,,,,20167144,90374754,Invoice,1170,328.5,30,35100,34771.5
3/31/2023,RenovaRP Consumables,GI,202301,1022572,Cleveland Clinic Health,,,,,20167144,90374754,Invoice,400,200,40,16000,15800
3/31/2023,Spot Ex,GI,202301,1022454,CommonSpirit Mountain Region,,,,,20080668,90374730,Invoice,345,33.6,10,3450,3416.4
3/31/2023,Spot Ex,GI,202301,1022459,Franciscan Alliance Inc,,,,,20168549,90374733,Invoice,345,33.6,10,3450,3416.4
3/31/2023,Spot Ex,GI,202301,1022459,Franciscan Alliance Inc,,,,,20077058,90374734,Invoice,345,33.6,10,3450,3416.4
4/1/2023,Endoscopy Sheaths,Uro,202301,1022954,GenesisCare,,,,,20072485,90374771,Invoice,1900,563,50,95000,94437
4/1/2023,Endoscopy Sheaths,Uro,202301,1022954,GenesisCare,,,,,20072485,90374771,Invoice,1900,563,50,95000,94437
4/1/2023,Incontinence MPQ,Uro,202301,1022801,Christiana Care Cecil County,,,,,20072692,90374760,Invoice,707,42.06,1,707,664.94
4/1/2023,Incontinence UPC Lead Sets,Uro,202301,1022855,UCLA Health,,,,,20067866,90374769,Invoice,4760,293.16,7,33320,33026.84
4/1/2023,Incontinence UPC Lead Sets,Uro,202301,1023007,Urologic Specialists of Oklahoma,,,,,20082534,90374774,Invoice,9340,418.8,10,93400,92981.2
4/1/2023,Other Uro Tx Disposables,Uro,202301,1022955,Urology Institute of Central Florida,,,,,20073244,90374772,Invoice,582,175.04,8,4656,4480.96
4/1/2023,RenovaRP Consumables,GI,202301,1022821,UMass Memorial Health,,,,,20084337,90374762,Invoice,3500,1177,50,175000,173823
4/1/2023,RenovaRP Consumables,GI,202301,1022821,UMass Memorial Health,,,,,20084337,90374762,Invoice,1950,1000,200,390000,389000
4/1/2023,Spot Ex,GI,202301,1022575,ThedaCare Inc,,,,,20077205,90374756,Invoice,380,33.6,10,3800,3766.4
4/1/2023,Spot Ex,GI,202301,1022828,University of Virginia Health System,,,,,20167491,90374763,Invoice,380,33.6,10,3800,3766.4
4/1/2023,Spot Ex,GI,202301,1022829,UPMC Health System,,,,,20078842,90374764,Invoice,345,33.6,10,3450,3416.4
4/1/2023,UDS Other Service & Repairs,Uro,202301,1022962,"Urology Associates, PC",,,,,20081868,90374773,Invoice,0,0,0,0,0
4/1/2023,UDS Other Service & Repairs,Uro,202301,1022962,"Urology Associates, PC",,,,,20081868,90374773,Invoice,0,0,0,0,0
4/2/2023,Endoscopy Sheaths,Uro,202301,1023033,Las Vegas Urology,,,,,20073805,90374777,Invoice,2238,682.2,60,134280,133597.8
4/2/2023,Incontinence UPC Lead Sets,Uro,202301,1023010,USMD Health System,,,,,20164278,90374775,Invoice,1778,83.76,2,3556,3472.24
4/2/2023,Incontinence UPC Lead Sets,Uro,202301,1023024,Urological Assoc of Western Colorado,,,,,20074208,90374776,Invoice,7200,502.56,12,86400,85897.44
4/2/2023,Incontinence UPC Lead Sets,Uro,202301,1023034,Urology Nevada,,,,,20074548,90374778,Invoice,9340,418.8,10,93400,92981.2
4/2/2023,Optilume Strictures,Uro,202301,1023078,UT Southwestern Medical Center,,,,,20083936,90374782,Invoice,2395,0,1,2395,2395
4/2/2023,Optilume Strictures,Uro,202301,1023078,UT Southwestern Medical Center,,,,,20083936,90374782,Invoice,0,201,0,0,-201
4/2/2023,RenovaRP Consumables,GI,202301,1023078,UT Southwestern Medical Center,,,,,20196359,90374781,Invoice,2125,1005.5,25,53125,52119.5
4/2/2023,Spot Ex,GI,202301,1023072,USC University Hospital,,,,,20080153,90374779,Invoice,1140,100.8,30,34200,34099.2
4/2/2023,UDS Other Service & Repairs,Uro,202301,1023072,USC University Hospital,,,,,20197426,90374780,Invoice,324,0,0,0,0
4/2/2023,UDS Other Service & Repairs,Uro,202301,1023072,USC University Hospital,,,,,20197426,90374780,Invoice,284.75,0,0,0,0
4/3/2023,Endoscopy Sheaths,Uro,202301,1023091,Wellstone Health Partners,,,,,20168672,90374783,Invoice,589,113.7,10,5890,5776.3
4/3/2023,Endoscopy Sheaths,Uro,202301,1023195,Valley Urologic Associates,,,,,20068593,90374789,Invoice,4340,1137,100,434000,432863
4/3/2023,Incontinence UPC Lead Sets,Uro,202301,1023195,Valley Urologic Associates,,,,,20068593,90374789,Invoice,3120,167.52,4,12480,12312.48
4/3/2023,Optilume Strictures,Uro,202301,1023078,UT Southwestern Medical Center,,,,,20083936,90374782,Invoice,0,151,0,0,-151
4/3/2023,Optilume Strictures,Uro,202301,1023139,VA Hospital(Lake CityFL) **CONSOLIDATED USE 1023131**,1023131,,,,20079635,90374784,Invoice,0,402,0,0,-402
4/3/2023,Other Uro Tx Disposables,Uro,202301,1023188,VA Eastern Colorado Health Care,,,,,20074968,90374788,Invoice,582,175.04,8,4656,4480.96
4/3/2023,RenovaRP Consumables,GI,202301,1023156,VA Indiana Health Care,,,,,20068633,90374785,Invoice,1075,500,100,107500,107000
4/3/2023,RenovaRP Consumables,GI,202301,1023176,VA Oklahoma City Health Care,,,,,20196417,90374787,Invoice,430,200,40,17200,17000
4/3/2023,RenovaRP Consumables,GI,202301,1023208,VA Northern California Health Care,,,,,20076142,90374790,Invoice,430,200,40,17200,17000
4/3/2023,RenovaRP Consumables,GI,202301,1023208,VA Northern California Health Care,,,,,20076142,90374790,Invoice,520,109.5,10,5200,5090.5
4/4/2023,EverLift,GI,202301,1023244,ECU Health,,,,,20076501,90374794,Invoice,2100,272.7,30,63000,62727.3
4/4/2023,Incontinence MPQ,Uro,202301,1025531,Moberly Regional Medical Center (CHS),,,,,20084334,90374802,Invoice,1414,84.12,2,2828,2743.88
4/4/2023,Optilume Strictures,Uro,202301,1023443,White Plains Hospital,,,,,20077600,90374799,Invoice,0,201,0,0,-201
4/4/2023,Optilume Strictures,Uro,202301,1023443,White Plains Hospital,,,,,20077600,90374799,Invoice,0,28,0,0,-28
4/4/2023,Other GI Supply Disposables,GI,202301,1023225,Valley Health,,,,,20067683,90374791,Invoice,220,50,100,22000,21950
4/4/2023,Spot Ex,GI,202301,1023239,Virginia Mason Medical Center,,,,,20076482,90374793,Invoice,380,33.6,10,3800,3766.4
4/4/2023,Spot Ex,GI,202301,1026191,Baylor Scott & White Surg.Hosp-Sher,,,,,20084593,90374803,Invoice,690,67.2,20,13800,13732.8
4/4/2023,UDS Other Service & Repairs,Uro,202301,1023230,Virtua Health Inc.,,,,,20071515,90374792,Invoice,46.5,0,0,0,0
4/4/2023,UDS Other Service & Repairs,Uro,202301,1023230,Virtua Health Inc.,,,,,20071515,90374792,Invoice,600,0,0,0,0
4/5/2023,EverLift,GI,202301,1026530,Mason City Surgery Center,,,,,20084697,90374804,Invoice,800,89,20,16000,15911
4/5/2023,EverLift,GI,202301,1105358,ADVANCED ENDOSCOPY CENTER ACCOUNTS PAYABLE,,,,,20192507,90374816,Invoice,400,44.5,10,4000,3955.5
4/5/2023,EverLift,GI,202301,1106026,ELY BLOOMENSON HOSPITAL ACCOUNTS PAYABLE,,,,,20193461,90374833,Invoice,720,90.9,10,7200,7109.1
4/5/2023,Other GI Supply Disposables,GI,202301,1105950,DIGESTIVE HEALTH ASSOCIATES ACCOUNTS PAYABLE,,,,,20193345,90374831,Invoice,100,0,4,400,400
4/5/2023,Other GI Supply Disposables,GI,202301,1105950,DIGESTIVE HEALTH ASSOCIATES ACCOUNTS PAYABLE,,,,,20193345,90374831,Invoice,100,0,4,400,400
4/5/2023,Other GI Supply Disposables,GI,202301,1106174,FALL HILL GASTROENTEROLOGY ASSOC ACCOUNTS PAYABLE,,,,,20193670,90374835,Invoice,117.5,0,5,587.5,587.5
4/5/2023,Other GI Supply Disposables,GI,202301,1106224,ENDOSCOPY CENTER OF FAIRFIELD CNTY ACCOUNTS PAYABLE,,,,,20193740,90374837,Invoice,23.5,0,1,23.5,23.5
4/5/2023,Other GI Supply Disposables,GI,202301,1106224,ENDOSCOPY CENTER OF FAIRFIELD CNTY ACCOUNTS PAYABLE,,,,,20193740,90374837,Invoice,23.5,0,1,23.5,23.5
4/5/2023,Other GI Supply Disposables,GI,202301,1106224,ENDOSCOPY CENTER OF FAIRFIELD CNTY ACCOUNTS PAYABLE,,,,,20193740,90374837,Invoice,141,0,6,846,846
4/5/2023,Spot Ex,GI,202301,1078783,Integris Health *2.10.25 CONSOLIDATED 1022342*,1022342,,,,20084461,90374808,Invoice,760,67.2,20,15200,15132.8
4/5/2023,Spot Ex,GI,202301,1079511,St. Francis Cardiovascular Physicians PC,,,,,20195715,90374809,Invoice,760,67.2,20,15200,15132.8
4/5/2023,Spot Ex,GI,202301,1082721,Tulsa Spine & Specialty,,,,,20167055,90374811,Invoice,345,33.6,10,3450,3416.4
4/5/2023,Spot Ex,GI,202301,1084005,Oaklawn Hospital,,,,,20167878,90374813,Invoice,760,67.2,20,15200,15132.8
4/5/2023,Spot Ex,GI,202301,1105480,RAJIV BANSAL MD ACCOUNTS PAYABLE,,,,,20192696,90374820,Invoice,380,33.6,10,3800,3766.4
4/5/2023,Spot Ex,GI,202301,1105519,BAYLOR AMBULATORY ENDOSCOPY CENTER ACCOUNTS PAYABLE,,,,,20192744,90374822,Invoice,690,67.2,20,13800,13732.8
4/5/2023,Spot Ex,GI,202301,1105540,Medical CB of Birmingham,,,,,20192769,90374823,Invoice,690,67.2,20,13800,13732.8
4/5/2023,Spot Ex,GI,202301,1105556,110 Prisma Health - Upstate *Consolidated* Use BP# 1020632,,,,,20067635,90374827,Invoice,760,67.2,20,15200,15132.8
4/5/2023,Spot Ex,GI,202301,1105923,SOAR SURGERY CENTER ACCOUNTS PAYABLE,,,,,20196079,90374830,Invoice,380,33.6,10,3800,3766.4
4/6/2023,EverLift,GI,202301,1106541,UNITED SURGERY CTR IRVINE ACCOUNTS PAYABLE,,,,,20194201,90374844,Invoice,400,44.5,10,4000,3955.5
4/6/2023,Optilume Strictures,Uro,202301,1106607,KONA COMMUNITY HOSPITAL ACCOUNTS PAYABLE,,,,,20194325,90374848,Invoice,4790,0,2,9580,9580
4/6/2023,Optilume Strictures,Uro,202301,1106607,KONA COMMUNITY HOSPITAL ACCOUNTS PAYABLE,,,,,20194325,90374848,Invoice,0,402,0,0,-402
4/6/2023,Optilume Strictures,Uro,202301,1106607,KONA COMMUNITY HOSPITAL ACCOUNTS PAYABLE,,,,,20194325,90374848,Invoice,0,302,0,0,-302
4/6/2023,Optilume Strictures,Uro,202301,1106607,KONA COMMUNITY HOSPITAL ACCOUNTS PAYABLE,,,,,20194325,90374848,Invoice,0,56,0,0,-56
4/6/2023,Other GI Supply Disposables,GI,202301,1106224,ENDOSCOPY CENTER OF FAIRFIELD CNTY ACCOUNTS PAYABLE,,,,,20193740,90374837,Invoice,23.5,0,1,23.5,23.5
4/6/2023,Other GI Supply Disposables,GI,202301,1106429,HACKENSACK ENDOSCOPY CENTER ACCOUNTS PAYABLE,,,,,20194028,90374842,Invoice,520,320,20,10400,10080
4/6/2023,Other GI Supply Disposables,GI,202301,1107016,HCA Houston Healthcare North Cypress,,,,,20194978,90374854,Invoice,194,69,100,19400,19331
4/6/2023,RenovaRP Consumables,GI,202301,1106594,JOHN T MATHER HOSPITAL ACCOUNTS PAYABLE,,,,,20194302,90374847,Invoice,860,400,80,68800,68400
4/6/2023,RenovaRP Consumables,GI,202301,1106820,UNITY MEDICAL CENTER ACCOUNTS PAYABLE,,,,,20194625,90374851,Invoice,1000,402.2,10,10000,9597.8
4/6/2023,Spot Ex,GI,202301,1106340,Gastro & Liver Specialists of Tidewater,,,,,20193905,90374840,Invoice,380,33.6,10,3800,3766.4
4/6/2023,Spot Ex,GI,202301,1107044,Northwest Gastro & Endoscopy,,,,,20195012,90374855,Invoice,760,67.2,20,15200,15132.8
4/7/2023,EverLift,GI,202301,1107167,East Greenwich Endoscopy Center,,,,,20195206,90374857,Invoice,360,44.5,10,3600,3555.5
4/7/2023,EverLift,GI,202301,1107838,UNIV CA SAN DIEGO MEDICAL CENTER *Consolidated* Use BP# 1022710,,,,,20196283,90374867,Invoice,350,44.5,10,3500,3455.5
4/7/2023,Other GI Supply Disposables,GI,202301,1107167,East Greenwich Endoscopy Center,,,,,20195206,90374857,Invoice,260,160,10,2600,2440
4/7/2023,Other GI Supply Disposables,GI,202301,1107716,SSM HEALTH CARE NETWORK **CONSOLIDATED USE 1022292**,1022292,,,,20196089,90374864,Invoice,55,16.25,25,1375,1358.75
4/7/2023,Spot Ex,GI,202301,1107345,ROWAN DIAGNOSTIC CLINIC ACCOUNTS PAYABLE,,,,,20195477,90374859,Invoice,380,33.6,10,3800,3766.4
4/7/2023,Spot Ex,GI,202301,1107513,SOUTH DENVER ENDOSCOPY CENTER ACCOUNTS PAYABLE,,,,,20195733,90374860,Invoice,345,33.6,10,3450,3416.4
4/7/2023,Spot Ex,GI,202301,1107534,SEATTLE GASTROENTEROLOGY ASSOCIATES ACCOUNTS PAYABLE,,,,,20195760,90374861,Invoice,760,67.2,20,15200,15132.8
4/7/2023,Spot Ex,GI,202301,1107644,SANTA MONICA-UCLA MEDICAL CENTER *Consolidated* Use BP# 1022708,,,,,20195982,90374863,Invoice,1035,100.8,30,31050,30949.2
4/7/2023,Spot Ex,GI,202301,1107716,SSM HEALTH CARE NETWORK **CONSOLIDATED USE 1022292**,1022292,,,,20196089,90374865,Invoice,1900,168,50,95000,94832
4/7/2023,Spot Ex,GI,202301,1107885,VA MEDICAL CENTER - DES MOINES ACCOUNTS PAYABLE,,,,,20196386,90374869,Invoice,380,33.6,10,3800,3766.4
4/8/2023,babyLance,CI,202301,1061762,Aneurin Bevan Local Health Board 342049 Accounts Payable,,,,,20156105,90374878,Invoice,1713.18,709.75,2000,3426360,3425650.25
4/8/2023,Clearview,CI,202301,1059705,North Tees & Hartlepool Solutions University Hospital North Tees,,,,,20155358,90374877,Invoice,290.63,74.59,5,1453.15,1378.56
4/8/2023,DSD,CI,202301,1061863,NHS Supply Chain NHS Suppply Chain Accounts Payable,,,,,20170826,90374884,Invoice,121.15,43.45,50,6057.5,6014.05
4/8/2023,Kiwi,CI,202301,1061863,NHS Supply Chain NHS Suppply Chain Accounts Payable,,,,,20151486,90374885,Invoice,15565.46,2619.69,480,7471420.8,7468801.11
4/8/2023,Kiwi,CI,202301,1061013,CHU Rennes,,,,,20151110,90374311,Debit Memo,3010.13,373.51,60,180607.8,180234.29
4/8/2023,Optilume Strictures,Uro,202301,9980000441,MICHAEL RYAN,,,,,9980000441,90374876,Invoice,0,302,2,0,-302
4/8/2023,Other GI Supply Disposables,GI,202301,1108035,WASHINGTON HOSPITAL ACCOUNTS PAYABLE,,,,,20196576,90374873,Invoice,25,0,1,25,25
4/8/2023,ROM,CI,202301,1061863,NHS Supply Chain NHS Suppply Chain Accounts Payable,,,,,20170853,90374879,Invoice,318.77,115.33,25,7969.25,7853.92
4/8/2023,ROM,CI,202301,1061863,NHS Supply Chain NHS Suppply Chain Accounts Payable,,,,,20151872,90374880,Invoice,318.77,115.33,25,7969.25,7853.92
4/8/2023,Spot Ex,GI,202301,1107916,HCA Venture Ambulatory Surgery Center,,,,,20196425,90374870,Invoice,345,33.6,10,3450,3416.4
4/8/2023,Spot Ex,GI,202301,1108062,CENTER FOR AMBULATORY SURGERY ACCOUNTS PAYABLE,,,,,20196621,90374874,Invoice,1140,100.8,30,34200,34099.2
4/8/2023,Spot Ex,GI,202301,1108711,North Florida Surgeons Colon & Rectal Associates,,,,,20197493,90374875,Invoice,380,33.6,10,3800,3766.4
4/8/2023,Traxi,CI,202301,1069797,Rotherham NHS FT Financial Service,,,,,20154967,90374881,Invoice,488.87,75.14,10,4888.7,4813.56
4/9/2023,Endoscopy Sheaths,Uro,202301,1058855,CH Samuel Pozzi,,,,,20151794,90374312,Credit Memo,-390.95,-94.62,-10,3909.5,4004.12
4/9/2023,InjeTAK,Uro,202301,1089385,CH Haut Bugey Pharmacie,,,,,20154128,90374320,Credit Memo,-48.77,-19.66,-2,97.54,117.2
4/9/2023,InjeTAK,Uro,202301,1061863,NHS Supply Chain NHS Suppply Chain Accounts Payable,,,,,20151485,90374395,Invoice,316.2,78.88,8,2529.6,2450.72
4/9/2023,Kiwi,CI,202301,1061497,Clinique Mathilde,,,,,20196955,90374411,Invoice,3366.17,311.37,60,201970.2,201658.83
4/9/2023,Kiwi,CI,202301,1078679,Cardinal Health,,,,,20166710,90374446,Invoice,200,35.95,5,1000,964.05
4/9/2023,Optilume Strictures,Uro,202301,1089720,Vivamed Ltd,,,,,1089720,90374428,Invoice,12000,0,8,96000,96000
4/9/2023,Optilume Strictures,Uro,202301,1089720,Vivamed Ltd,,,,,1089720,90374428,Invoice,0,240.24,0,0,-240.24
4/9/2023,Optilume Strictures,Uro,202301,1089720,Vivamed Ltd,,,,,1089720,90374428,Invoice,1500,0,1,1500,1500
4/9/2023,Other Uro Dx Equipment,Uro,202301,1061722,University Hospital Birmingham University Hospital Birmingham NHSFT,,,,,20153439,90374384,Invoice,2683.57,0,1,2683.57,2683.57
4/9/2023,ROM,CI,202301,1108655,HCA Nashville Supply Chain,,,,,20197421,90374458,Invoice,14000,2408,400,5600000,5597592
4/9/2023,ROM,CI,202301,9980001104,Ross Collins,,,,,9980001104,90374460,Invoice,0,81,25,0,-81
4/9/2023,T-Doc Catheters,Uro,202301,1060927,CH Grasse,,,,,20152891,90374332,Debit Memo,448.95,86.31,20,8979,8892.69
4/9/2023,T-Doc Catheters,Uro,202301,1060927,CH Grasse,,,,,20152891,90374332,Debit Memo,161.84,26.44,10,1618.4,1591.96
4/9/2023,Tubing,Uro,202301,1061204,CH Auxerre,,,,,20152994,90374344,Debit Memo,809.17,254.62,100,80917,80662.38
4/9/2023,Tubing,Uro,202301,1060922,CH de Vichy,,,,,20153850,90374345,Credit Memo,-117.6,-13.81,-10,1176,1189.81
4/9/2023,Tubing,Uro,202301,1061808,SHL Spire Healthcare Ltd Accounts Payable,,,,,20153820,90374390,Invoice,93.05,27.7,20,1861,1833.3
4/9/2023,UDS Other Service & Repairs,Uro,202301,1061347,NCBA Clinique Bel Air - GBNA,,,,,1061347,90374352,Debit Memo,0,0,1,0,0
4/9/2023,UDS Other Service & Repairs,Uro,202301,1022581,Thibodaux Regional Health System,,,,,20077557,90374433,Invoice,0,0,1,0,0
4/9/2023,Water Catheters,Uro,202301,1059446,St. Elisabeth Gruppe GmbH Kliniken Rhein-Ruhr St.Anna-Hospital,,,,,20154111,90374366,Invoice,3452.48,925.7,200,690496,689570.3
4/9/2023,Water Catheters,Uro,202301,1089891,"Universitätsklinikum Gießen und Marburg GmbH, Standort Marburg",,,,,20156257,90374369,Invoice,308.28,108.32,20,6165.6,6057.28
4/9/2023,Water Catheters,Uro,202301,1061767,North West Anglia RGN Payables 7455 - Phoenix House,,,,,20151388,90374388,Invoice,89.97,67.65,25,2249.25,2181.6
4/9/2023,Water Catheters,Uro,202301,1060089,Uniklinik Balgrist Rechnungseingang,,,,,20152775,90374416,Invoice,2057.89,417.35,100,205789,205371.65
4/10/2023,ABBy,CI,202301,9980001255,Susan Smyth,,,,,9980001255,90374463,Invoice,0,124.5,5,0,-124.5
4/10/2023,EverLift,GI,202301,1020032,CentraCare Health,,,,,20080058,90374531,Invoice,640,89,20,12800,12711
4/10/2023,EverLift,GI,202301,1020187,Cares Surgery Center,,,,,20077832,90374551,Invoice,790,90.9,10,7900,7809.1
4/10/2023,EverLift,GI,202301,1020358,NYC Health + Hospitals,,,,,20069561,90374556,Invoice,1440,181.8,20,28800,28618.2
4/10/2023,Incontinence MPQ,Uro,202301,1020082,Cumberland Medical Center Inc. *CONSOLIDATED use 1020487*,1020487,,,,20078826,90374538,Invoice,1414,84.12,2,2828,2743.88
4/10/2023,Incontinence MPQ,Uro,202301,1020082,Cumberland Medical Center Inc. *CONSOLIDATED use 1020487*,1020487,,,,20078826,90374538,Invoice,78,22.4,2,156,133.6
4/10/2023,Incontinence UPC Lead Sets,Uro,202301,1019588,Douglas Ankrom MD *11.21.24 CLOSED*,,,,,20078541,90374502,Invoice,6000,418.8,10,60000,59581.2
4/10/2023,Incontinence UPC Lead Sets,Uro,202301,1020159,United Urology Group,,,,,20084692,90374547,Invoice,1200,83.76,2,2400,2316.24
4/10/2023,Optilume Strictures,Uro,202301,1019101,Caromont Regional Medical Center dba Gaston Memorial Hospital,,,,,20074753,90374486,Invoice,0,28,0,0,-28
4/10/2023,Optilume Strictures,Uro,202301,1019413,Williamson Medical Center,,,,,20074025,90374491,Invoice,0,28,0,0,-28
4/10/2023,Optilume Strictures,Uro,202301,1019647,New Hanover Regional Medical Ctr *CONSOLIDATED use 1021590*,1021590,,,,20069038,90374505,Invoice,0,402,0,0,-402
4/10/2023,RenovaRP Consumables,GI,202301,1019541,Allina Health System,,,,,20196310,90374498,Invoice,630,109.5,10,6300,6190.5
4/10/2023,Spot Ex,GI,202301,1020469,OHI West Medical Group II LLC,,,,,20193690,90374568,Invoice,380,33.6,10,3800,3766.4
4/11/2023,EverLift,GI,202301,1020573,Geisinger System Services,,,,,20164107,90374569,Invoice,720,90.9,10,7200,7109.1
4/11/2023,EverLift,GI,202301,1021276,Methodist Health System,,,,,20171180,90374632,Invoice,2100,272.7,30,63000,62727.3
4/11/2023,Incontinence UPC Lead Sets,Uro,202301,1021590,Novant Health Inc.,,,,,20081526,90374654,Invoice,1795,366.17,1,1795,1428.83
4/11/2023,Optilume Strictures,Uro,202301,1021158,NYU Langone Health System,,,,,20167602,90374617,Invoice,0,201,1,0,-201
4/11/2023,Optilume Strictures,Uro,202301,1021536,New York Presbyterian Hospital,,,,,20083623,90374652,Invoice,0,28,0,0,-28
4/11/2023,Optilume Strictures,Uro,202301,1021536,New York Presbyterian Hospital,,,,,20083623,90374652,Invoice,0,28,0,0,-28
4/11/2023,Other GI Supply Disposables,GI,202301,1020752,Memorial Hermann Health System,,,,,20194084,90374588,Invoice,250,160,10,2500,2340
4/11/2023,Other GI Supply Disposables,GI,202301,1020971,Kaiser Health Plan Asset Mgmt,,,,,20082030,90374599,Invoice,560,320,20,11200,10880
4/11/2023,RenovaRP Consumables,GI,202301,1020624,Legacy Health Good Samaritan Med Ct **CONSOLIDATED USE 1020738**,1020738,,,,20068842,90374580,Invoice,585,300,60,35100,34800
4/11/2023,RenovaRP Consumables,GI,202301,1020752,Memorial Hermann Health System,,,,,20076174,90374587,Invoice,340,200,40,13600,13400
4/11/2023,RenovaRP Consumables,GI,202301,1020943,John Muir Health,,,,,20067730,90374594,Invoice,260,54.75,5,1300,1245.25
4/11/2023,RenovaRP Consumables,GI,202301,1020992,Kettering Health,,,,,20084618,90374601,Invoice,675,164.25,15,10125,9960.75
4/11/2023,RenovaRP Consumables,GI,202301,1021083,Lexington Medical Center,,,,,20073947,90374613,Invoice,585,300,60,35100,34800
4/12/2023,Endoscopy Sheaths,Uro,202301,1021590,Novant Health Inc.,,,,,20068846,90374655,Invoice,12950,3941,350,4532500,4528559
4/12/2023,Endoscopy Sheaths,Uro,202301,1022572,Cleveland Clinic Health,,,,,20168435,90374755,Invoice,450,112.6,10,4500,4387.4
4/12/2023,H. pylori Tests ,GI,202301,1023264,Vandalia Charleston Area Medical,,,,,20078701,90374796,Invoice,560,202,100,56000,55798
4/12/2023,Incontinence MPQ,Uro,202301,1022105,Sarasota Memorial Hospital,,,,,20074247,90374696,Invoice,39,11.2,1,39,27.8
4/12/2023,Incontinence MPQ,Uro,202301,1022115,Hospital Sisters Health System,,,,,20084573,90374697,Invoice,5656,336.48,8,45248,44911.52
4/12/2023,Incontinence MPQ,Uro,202301,1022115,Hospital Sisters Health System,,,,,20084573,90374697,Invoice,39,11.2,1,39,27.8
4/12/2023,Incontinence MPQ,Uro,202301,1022347,Southern California Continence Center,,,,,20072029,90374716,Invoice,707,42.06,1,707,664.94
4/12/2023,Incontinence MPQ,Uro,202301,1022700,University of Cincinnati Health,,,,,20068689,90374757,Invoice,78,22.4,2,156,133.6
4/12/2023,Incontinence MPQ,Uro,202301,1023261,Valley View Hospital,,,,,20079460,90374795,Invoice,4242,252.36,6,25452,25199.64
4/12/2023,Incontinence UPC Lead Sets,Uro,202301,1022811,UNM Hospital,,,,,20073850,90374761,Invoice,4900,293.16,7,34300,34006.84
4/12/2023,Optilume Strictures,Uro,202301,1022851,University of Utah Health,,,,,20081914,90374768,Invoice,4190,0,2,8380,8380
4/12/2023,Other Uro Tx Disposables,Uro,202301,1022487,Sutter Health System Office,,,,,20080315,90374741,Invoice,298,42.6,12,3576,3533.4
4/12/2023,Spot Ex,GI,202301,1021619,Northwest Healthcare (CHS),,,,,20170992,90374662,Invoice,345,33.6,10,3450,3416.4
4/12/2023,Spot Ex,GI,202301,1021632,AMSURG,,,,,20196175,90374666,Invoice,345,33.6,10,3450,3416.4
4/12/2023,Spot Ex,GI,202301,1021928,Providence Health & Services,,,,,20195959,90374689,Invoice,760,67.2,20,15200,15132.8
4/13/2023,H. pylori Tests ,GI,202301,1107622,SABINE MEDICAL CENTER ACCOUNTS PAYABLE,,,,,20195944,90374862,Invoice,260,101,50,13000,12899
4/13/2023,Other GI Supply Disposables,GI,202301,1023491,WellSpan Health,,,,,20068582,90374800,Invoice,205,63,100,20500,20437
4/13/2023,Other GI Supply Disposables,GI,202301,1089686,"Culpeper Surgery Center, LLC",,,,,20170615,90374814,Invoice,124,60,100,12400,12340
4/13/2023,Other GI Supply Disposables,GI,202301,1105514,Bayside Endoscopy Center,,,,,20192737,90374821,Invoice,260,160,10,2600,2440
4/13/2023,RenovaRP Consumables,GI,202301,1025279,University Health Serivces 158/338-MMH-LWR Acct Payables,,,,,20194823,90374801,Invoice,1365,700,140,191100,190400
4/13/2023,RenovaRP Consumables,GI,202301,1027107,Cape Regional Medical Center,,,,,20073207,90374805,Invoice,700,400,80,56000,55600
4/13/2023,Spot Ex,GI,202301,1079721,PeaceHealth **CONSOLIDATED use 1021829*,1021829,,,,20163727,90374810,Invoice,380,33.6,10,3800,3766.4
4/13/2023,Spot Ex,GI,202301,1105540,Medical CB of Birmingham,,,,,20192769,90374824,Invoice,345,33.6,10,3450,3416.4
4/13/2023,Spot Ex,GI,202301,1105956,DIGESTIVE HEALTH CENTER - CARMEL ACCOUNTS PAYABLE,,,,,20193357,90374832,Invoice,380,33.6,10,3800,3766.4
4/13/2023,Spot Ex,GI,202301,1106223,GI ASSOCIATES & ENDOSCOPY CENTER ACCOUNTS PAYABLE,,,,,20193737,90374836,Invoice,1380,134.4,40,55200,55065.6
4/13/2023,Spot Ex,GI,202301,1106781,Murray-Calloway County Hospital,,,,,20194575,90374850,Invoice,380,33.6,10,3800,3766.4
4/13/2023,Spot Ex,GI,202301,1107167,East Greenwich Endoscopy Center,,,,,20195206,90374857,Invoice,345,33.6,10,3450,3416.4
4/13/2023,UDS Other Service & Repairs,Uro,202301,1058798,Advanced Technology Company K.S.C.,,,,,1058798,90374806,Invoice,45.1,0,1,45.1,45.1
4/14/2023,Endoscopy Sheaths,Uro,202301,1020139,Corpus Christi Urology Group,,,,,20075601,90374542,Invoice,37440,6822,600,22464000,22457178
4/14/2023,Incontinence UPC Lead Sets,Uro,202301,1020143,Colorado Mountain Medical,,,,,20073920,90374543,Invoice,934,41.88,1,934,892.12
4/14/2023,Incontinence UPC Lead Sets,Uro,202301,1020159,United Urology Group,,,,,20163663,90374548,Invoice,600,41.88,1,600,558.12
4/14/2023,Incontinence UPC Lead Sets,Uro,202301,1020223,Comprehensive Urology,,,,,20080488,90374552,Invoice,14400,1005.12,24,345600,344594.88
4/14/2023,Optilume Strictures,Uro,202301,1020407,Ardent: UT Health East Texas,,,,,20074052,90374562,Invoice,4190,0,2,8380,8380
4/14/2023,RenovaRP Consumables,GI,202301,1020378,Legacy Health System,,,,,20073674,90374559,Invoice,195,100,20,3900,3800
4/14/2023,RenovaRP Consumables,GI,202301,1020394,Erlanger Health System,,,,,20068082,90374560,Invoice,185,100,20,3700,3600
4/14/2023,Spot Ex,GI,202301,1020419,Intermountain Health,,,,,20194140,90374563,Invoice,380,33.6,10,3800,3766.4
4/15/2023,Endoscopy Sheaths,Uro,202301,1021271,Minnesota Urology: Metro Uro Spec *Consolidated* Use BP# 1022981,,,,,20084219,90374630,Invoice,3240,1364.4,120,388800,387435.6
4/15/2023,EverLift,GI,202301,1021444,Ballad Health,,,,,20171219,90374645,Invoice,400,44.5,10,4000,3955.5
4/15/2023,Incontinence UPC Lead Sets,Uro,202301,1020427,Fairview Health System,,,,,20074775,90374565,Invoice,1868,83.76,2,3736,3652.24
4/15/2023,Incontinence UPC Lead Sets,Uro,202301,1021047,Lakeland Regional Medical Center,,,,,20196770,90374605,Invoice,1400,83.76,2,2800,2716.24
4/15/2023,Incontinence UPC Lead Sets,Uro,202301,1021482,MVM Management LLC,,,,,20082679,90374649,Invoice,780,41.88,1,780,738.12
4/15/2023,Optilume Strictures,Uro,202301,1021279,The Methodist Health System,,,,,20168752,90374635,Invoice,0,56,0,0,-56
4/15/2023,Other GI Supply Disposables,GI,202301,1020621,CHI - Common Spirit Health,,,,,20164153,90374579,Invoice,118,26,50,5900,5874
4/15/2023,Other GI Supply Disposables,GI,202301,1021247,Catholic Health Sytem,,,,,20194763,90374627,Invoice,220,63,100,22000,21937
4/15/2023,RenovaRP Consumables,GI,202301,1020820,Haywood Regional Medical Center,,,,,20081229,90374590,Invoice,2500,1005.5,25,62500,61494.5
4/15/2023,Spot Ex,GI,202301,1020427,Fairview Health System,,,,,20070660,90374564,Invoice,380,33.6,10,3800,3766.4
4/15/2023,Spot Ex,GI,202301,1021075,Lake Charles Memorial Health,,,,,20076799,90374610,Invoice,690,67.2,20,13800,13732.8
4/15/2023,Spot Ex,GI,202301,1021077,St. Luke's Chesterfield Hospital,,,,,20163574,90374612,Invoice,760,67.2,20,15200,15132.8
4/15/2023,Spot Ex,GI,202301,1021190,Mayo Clinic,,,,,20068042,90374625,Invoice,760,67.2,20,15200,15132.8
4/16/2023,Endoscopy Sheaths,Uro,202301,1082787,"Millennium Physician Group, LLC",,,,,20167290,90374812,Invoice,3515,1126,100,351500,350374
4/16/2023,EverLift,GI,202301,1021726,Memorial Care Health Services,,,,,20075326,90374672,Invoice,790,90.9,10,7900,7809.1
4/16/2023,EverLift,GI,202301,1022487,Sutter Health System Office,,,,,20194855,90374739,Invoice,360,44.5,10,3600,3555.5
4/16/2023,Incontinence MPQ,Uro,202301,1022174,Surgery Center of Fremont,,,,,20077613,90374707,Invoice,78,22.4,2,156,133.6
4/16/2023,Optilume Strictures,Uro,202301,1021536,New York Presbyterian Hospital,,,,,20083623,90374652,Invoice,0,151,0,0,-151
4/16/2023,Optilume Strictures,Uro,202301,1021536,New York Presbyterian Hospital,,,,,20083623,90374652,Invoice,0,201,0,0,-201
4/16/2023,Optilume Strictures,Uro,202301,1021833,Putnam General Hospital,,,,,20083245,90374684,Invoice,0,402,0,0,-402
4/16/2023,Optilume Strictures,Uro,202301,1022415,Baycare Health System,,,,,20074769,90374724,Invoice,0,56,0,0,-56
4/16/2023,Optilume Strictures,Uro,202301,1022851,University of Utah Health,,,,,20081914,90374768,Invoice,0,402,0,0,-402
4/16/2023,Optilume Strictures,Uro,202301,1022851,University of Utah Health,,,,,20081914,90374768,Invoice,0,56,0,0,-56
4/16/2023,Optilume Strictures,Uro,202301,1023078,UT Southwestern Medical Center,,,,,20083936,90374782,Invoice,0,28,0,0,-28
4/16/2023,Optilume Strictures,Uro,202301,1023443,White Plains Hospital,,,,,20077600,90374799,Invoice,2395,0,1,2395,2395
4/16/2023,Other Uro Tx Disposables,Uro,202301,1022487,Sutter Health System Office,,,,,20197130,90374742,Invoice,596,85.2,24,14304,14218.8
4/16/2023,RenovaRP Consumables,GI,202301,1021994,RUSH Copley Medical Center,,,,,20082086,90374692,Invoice,1200,603.3,15,18000,17396.7
4/16/2023,RenovaRP Consumables,GI,202301,1022160,Baylor Scott & White Health,,,,,20071446,90374702,Invoice,170,100,20,3400,3300
4/16/2023,RenovaRP Consumables,GI,202301,1022160,Baylor Scott & White Health,,,,,20071446,90374702,Invoice,175,54.75,5,875,820.25
4/16/2023,RenovaRP Consumables,GI,202301,1022160,Baylor Scott & White Health,,,,,20084139,90374704,Invoice,170,100,20,3400,3300
4/16/2023,RenovaRP Consumables,GI,202301,1022704,Urology Clinic P.C.,,,,,20080212,90374758,Invoice,900,164.25,15,13500,13335.75
4/16/2023,RenovaRP Consumables,GI,202301,1022795,United Health Services Hospitals,,,,,20083718,90374759,Invoice,860,400,80,68800,68400
4/16/2023,Spot Ex,GI,202301,1021726,Memorial Care Health Services,,,,,20076462,90374673,Invoice,380,33.6,10,3800,3766.4
4/16/2023,Spot Ex,GI,202301,1022400,Trinity Health,,,,,20084319,90374719,Invoice,345,33.6,10,3450,3416.4
4/16/2023,Spot Ex,GI,202301,1022415,Baycare Health System,,,,,20074769,90374723,Invoice,380,33.6,10,3800,3766.4
4/16/2023,Spot Ex,GI,202301,1022454,CommonSpirit Mountain Region,,,,,20068050,90374731,Invoice,380,33.6,10,3800,3766.4
4/16/2023,Spot Ex,GI,202301,1022829,UPMC Health System,,,,,20195830,90374765,Invoice,345,33.6,10,3450,3416.4
4/17/2023,EverLift,GI,202301,1105385,ADVANCED ENDOSCOPY CENTER ACCOUNTS PAYABLE,,,,,20192564,90374818,Invoice,740,90.9,10,7400,7309.1
4/17/2023,EverLift,GI,202301,1106334,LANSING SURGERY CENTER ACCOUNTS PAYABLE,,,,,20193897,90374839,Invoice,400,44.5,10,4000,3955.5
4/17/2023,H. pylori Tests ,GI,202301,1106142,O J ESPINOSA MD ACCOUNTS PAYABLE,,,,,20193624,90374834,Invoice,560,202,100,56000,55798
4/17/2023,Optilume Strictures,Uro,202301,1106607,KONA COMMUNITY HOSPITAL ACCOUNTS PAYABLE,,,,,20194325,90374848,Invoice,0,302,0,0,-302
4/17/2023,Other GI Supply Disposables,GI,202301,1105362,HCA Austin Endoscopy Center - Bee Cave,,,,,20192511,90374817,Invoice,780,480,30,23400,22920
4/17/2023,Other GI Supply Disposables,GI,202301,1106224,ENDOSCOPY CENTER OF FAIRFIELD CNTY ACCOUNTS PAYABLE,,,,,20193740,90374837,Invoice,258.5,0,11,2843.5,2843.5
4/17/2023,Spot Ex,GI,202301,1105541,Citizens Medical Center,,,,,20192770,90374825,Invoice,345,33.6,10,3450,3416.4
4/17/2023,Spot Ex,GI,202301,1105553,BETSY JOHNSON REGIONAL HOSPITAL ACCOUNTS PAYABLE,,,,,20192793,90374826,Invoice,380,33.6,10,3800,3766.4
4/17/2023,Spot Ex,GI,202301,1106371,GLENCOE REGIONAL HEALTH SERVICES ACCOUNTS PAYABLE,,,,,20193941,90374841,Invoice,380,33.6,10,3800,3766.4
4/17/2023,Spot Ex,GI,202301,1106561,JACKSONVILLE CTR OF ENDO SOUTHSIDE ACCOUNTS PAYABLE,,,,,20194253,90374845,Invoice,690,67.2,20,13800,13732.8
4/17/2023,Spot Ex,GI,202301,1106635,Ali’i Ambulatory Surgery Center,,,,,20194380,90374849,Invoice,760,67.2,20,15200,15132.8
4/17/2023,Spot Ex,GI,202301,1106832,Mayfair Digestive Health Center (GIA) **CONSOLIDATED use 1106610*,1106610,,,,20194642,90374852,Invoice,380,33.6,10,3800,3766.4
4/17/2023,Spot Ex,GI,202301,1106849,CENTRAL FL ENDO/SURIGAL INSTITUTE,,,,,20194665,90374853,Invoice,345,33.6,10,3450,3416.4
4/17/2023,Spot Ex,GI,202301,1107328,QUEEN OF THE VALLEY MEDICAL CENTER *Consolidated* Use BP# 1020233,,,,,20195452,90374858,Invoice,380,33.6,10,3800,3766.4
4/17/2023,Spot Ex,GI,202301,1107738,HCA SURGICARE OF WICHITA ACCOUNTS PAYABLE,,,,,20196138,90374866,Invoice,345,33.6,10,3450,3416.4
4/18/2023,Endoscopy Sheaths,Uro,202301,1060914,CH Haut Bugey,,,,,20154128,90374330,Debit Memo,339.85,94.62,10,3398.5,3303.88
4/18/2023,InjeTAK,Uro,202301,1058796,CH Nord Mayenne,,,,,20151916,90374349,Credit Memo,-41,-19.66,-2,82,101.66
4/18/2023,Kiwi,CI,202301,1078794,Pioneer Medical Supplies L.L.C.,,,,,20170955,90374359,Credit Memo,-81.3,-18.6,-3,243.9,262.5
4/18/2023,Koala,CI,202301,1061001,CHU Toulouse,,,,,20151157,90374342,Debit Memo,1582.96,171.76,40,63318.4,63146.64
4/18/2023,Optilume Strictures,Uro,202301,9980000441,MICHAEL RYAN,,,,,9980000441,90374876,Invoice,0,56,2,0,-56
4/18/2023,Other Uro Dx Equipment,Uro,202301,1070382,MEQnordic A/S Accouning Dept.,,,,,1058994,90374314,Invoice,2672.69,0,1,2672.69,2672.69
4/18/2023,Ph/Impedance Catheters,GI,202301,1069229,Universitätklinikum Leipzig AöR Zentraler Rechnungseingang,,,,,20152158,90374367,Invoice,695.89,80.32,5,3479.45,3399.13
4/18/2023,ROM,CI,202301,1061778,Chelsea & Westminster Hospital NHS FT Finance Department,,,,,20151717,90374882,Invoice,856.59,230.67,50,42829.5,42598.83
4/18/2023,Spot Ex,GI,202301,1107881,VA MEDICAL CENTER - JACKSONVILLE ACCOUNTS PAYABLE,,,,,20196381,90374868,Invoice,380,33.6,10,3800,3766.4
4/18/2023,Spot Ex,GI,202301,1108000,WINONA HEALTH SERVICES ACCOUNTS PAYABLE,,,,,20196531,90374872,Invoice,380,33.6,10,3800,3766.4
4/18/2023,Tubing,Uro,202301,1061204,CH Auxerre,,,,,20152994,90374343,Credit Memo,-809.17,-254.62,-100,80917,81171.62
4/19/2023,BoogieBaby,CI,202301,1019609,Arkansas Children's Hospital,,,,,20068520,90374434,Invoice,500.64,102,200,100128,100026
4/19/2023,Clearview,CI,202301,9980001255,Susan Smyth,,,,,9980001255,90374463,Invoice,0,80.1,5,0,-80.1
4/19/2023,Endoscopy Sheaths,Uro,202301,1061320,Clinique Mut de Bretagne Occidentale Pharmacie,,,,,20155899,90374408,Invoice,2791.33,662.34,70,195393.1,194730.76
4/19/2023,Incontinence UPC Lead Sets,Uro,202301,1061750,"Kingston Hospital NHS Trust Accounts Payable, Kingston Hosp NHS FT",,,,,20156095,90374386,Invoice,5323.29,317.97,8,42586.32,42268.35
4/19/2023,Kiwi,CI,202301,1070208,St. Antonius Ziekenhuis Nieuwegein Administratie,,,,,20154370,90374425,Invoice,2053.62,207.58,40,82144.8,81937.22
4/19/2023,Kiwi,CI,202301,1078731,INTERLAKE-EASTERN RHA,,,,,20162940,90374468,Invoice,200.35,26.38,5,1001.75,975.37
4/19/2023,Kiwi,CI,202301,1078795,Mohawk Medbuy Corporation *12.30.24 CONSOLIDATED*,,,,,20163249,90374470,Invoice,400.7,52.76,10,4007,3954.24
4/19/2023,Optilume Strictures,Uro,202301,1089720,Vivamed Ltd,,,,,1089720,90374428,Invoice,0,1503.92,0,0,-1503.92
4/19/2023,Optilume Strictures,Uro,202301,1089720,Vivamed Ltd,,,,,1089720,90374428,Invoice,0,187.99,0,0,-187.99
4/19/2023,Other Uro Dx Equipment,Uro,202301,9980000913,Albert Meek Meek,,,,,9980000913,90374430,Invoice,0,32,1,0,-32
4/19/2023,Ph/Impedance Catheters,GI,202301,1069318,"Universitätsklinikum Frankfurt Dez. 1, Abt. 1.4 - Zentr.Rechn.eingang",,,,,20152188,90374375,Invoice,626.3,75.04,5,3131.5,3056.46
4/19/2023,Ph/Impedance Catheters,GI,202301,1061833,Hull University Teaching Hospitals NHS Trust,,,,,20155302,90374391,Invoice,1927.33,483.5,30,57819.9,57336.4
4/19/2023,ROM,CI,202301,1019652,BJC Healthcare,,,,,20078904,90374435,Invoice,3600,541,100,360000,359459
4/19/2023,Traxi,CI,202301,9980001127,Moses Tauteoli,,,,,9980001127,90374462,Invoice,0,88.16,4,0,-88.16
4/19/2023,Tubing,Uro,202301,1058940,"Giant Boat Co., Ltd",,,,,1058940,90374420,Credit Memo,-928.26,-370.5,-150,139239,139609.5
4/19/2023,Water Catheters,Uro,202301,1089891,"Universitätsklinikum Gießen und Marburg GmbH, Standort Marburg",,,,,20156257,90374369,Invoice,668.61,242.76,75,50145.75,49902.99
4/19/2023,Water Catheters,Uro,202301,1061863,NHS Supply Chain NHS Suppply Chain Accounts Payable,,,,,20152822,90374394,Invoice,74.95,67.64,25,1873.75,1806.11
4/20/2023,Incontinence UPC Lead Sets,Uro,202301,1019007,Baxter Regional Medical Center,,,,,20074636,90374482,Invoice,660,41.88,1,660,618.12
4/20/2023,Kiwi,CI,202301,1080892,CISSS Monteregie Centre,,,,,20162928,90374477,Invoice,200.35,26.38,5,1001.75,975.37
4/20/2023,Optilume Strictures,Uro,202301,1019036,Columbus Reg Healthcare System,,,,,20164176,90374483,Invoice,0,201,0,0,-201
4/20/2023,Optilume Strictures,Uro,202301,1019101,Caromont Regional Medical Center dba Gaston Memorial Hospital,,,,,20074753,90374486,Invoice,0,201,0,0,-201
4/20/2023,Other Uro Tx Disposables,Uro,202301,1019428,Mobile Dysphagia Imaging of North Jersey,,,,,20170905,90374492,Invoice,291,87.52,4,1164,1076.48
4/20/2023,Spot Ex,GI,202301,1019078,University Medical Center,,,,,20084831,90374485,Invoice,380,33.6,10,3800,3766.4
4/20/2023,Spot Ex,GI,202301,1019390,Mt San Rafael Hospital,,,,,20074805,90374490,Invoice,380,33.6,10,3800,3766.4
4/20/2023,Spot Ex,GI,202301,1019529,Aspirus Keweenaw Hospital *CONSOLIDATED use 1023267*,1023267,,,,20076810,90374494,Invoice,760,67.2,20,15200,15132.8
4/20/2023,Spot Ex,GI,202301,1019534,Aspirus Langlade Hospital *CONSOLIDATED use 1023267*,1023267,,,,20166806,90374495,Invoice,380,33.6,10,3800,3766.4
4/20/2023,Spot Ex,GI,202301,1019607,St. Anthony Regional Hospital,,,,,20076881,90374504,Invoice,380,33.6,10,3800,3766.4
4/21/2023,Endoscopy Sheaths,Uro,202301,1019668,Aurora Health *Consolidated* Use BP# 1020857,,,,,20084294,90374512,Invoice,1238,225.2,20,24760,24534.8
4/21/2023,Endoscopy Sheaths,Uro,202301,1019767,Bristol Health,,,,,20083790,90374520,Invoice,1238,227.4,20,24760,24532.6
4/21/2023,Endoscopy Sheaths,Uro,202301,1022567,Jefferson Health,,,,,20083666,90374745,Invoice,3714,675.6,60,222840,222164.4
4/21/2023,Incontinence MPQ,Uro,202301,1020042,Christus Health,,,,,20084097,90374534,Invoice,4949,294.42,7,34643,34348.58
4/21/2023,Incontinence MPQ,Uro,202301,1022347,Southern California Continence Center,,,,,20072029,90374716,Invoice,39,11.2,1,39,27.8
4/21/2023,Incontinence MPQ,Uro,202301,1022829,UPMC Health System,,,,,20078842,90374766,Invoice,90,33.6,3,270,236.4
4/21/2023,RenovaRP Consumables,GI,202301,1020042,Christus Health,,,,,20072876,90374533,Invoice,1050,600,120,126000,125400
4/21/2023,RenovaRP Consumables,GI,202301,1022795,United Health Services Hospitals,,,,,20083718,90374759,Invoice,1260,219,20,25200,24981
4/21/2023,Spot Ex,GI,202301,1020069,Indiana University Health,,,,,20068291,90374536,Invoice,760,67.2,20,15200,15132.8
4/21/2023,Spot Ex,GI,202301,1022461,Hawaii Pacific: Straub Clinic & Hospital,,,,,20070860,90374735,Invoice,760,67.2,20,15200,15132.8
4/22/2023,Optilume Strictures,Uro,202301,1023139,VA Hospital(Lake CityFL) **CONSOLIDATED USE 1023131**,1023131,,,,20079635,90374784,Invoice,4190,0,2,8380,8380
4/22/2023,Optilume Strictures,Uro,202301,1023139,VA Hospital(Lake CityFL) **CONSOLIDATED USE 1023131**,1023131,,,,20079635,90374784,Invoice,0,56,0,0,-56
4/22/2023,Optilume Strictures,Uro,202301,1023443,White Plains Hospital,,,,,20077600,90374799,Invoice,0,151,0,0,-151
4/22/2023,Optilume Strictures,Uro,202301,1089920,UF Health Teaching Hospital & Clinics,,,,,20171108,90374815,Invoice,0,402,0,0,-402
4/22/2023,Optilume Strictures,Uro,202301,1089920,UF Health Teaching Hospital & Clinics,,,,,20171108,90374815,Invoice,0,56,0,0,-56
4/22/2023,RenovaRP Consumables,GI,202301,1023078,UT Southwestern Medical Center,,,,,20196359,90374781,Invoice,680,400,80,54400,54000
4/22/2023,RenovaRP Consumables,GI,202301,1023156,VA Indiana Health Care,,,,,20068633,90374785,Invoice,2500,1005.5,25,62500,61494.5
4/22/2023,Spot Ex,GI,202301,1023307,WakeMed Health and Hospitals,,,,,20067122,90374798,Invoice,380,33.6,10,3800,3766.4
4/22/2023,Spot Ex,GI,202301,1105426,ATLANTIS OUTPATIENT SURGERY CENTER ACCOUNTS PAYABLE,,,,,20192631,90374819,Invoice,345,33.6,10,3450,3416.4
4/22/2023,Spot Ex,GI,202301,1105595,Boca Raton Output Surg & Laser Ser Ctr,,,,,20192862,90374828,Invoice,345,33.6,10,3450,3416.4
4/22/2023,Spot Ex,GI,202301,1105909,DAYTON GASTROENTEROLOGY INC ACCOUNTS PAYABLE,,,,,20193478,90374829,Invoice,760,67.2,20,15200,15132.8
4/23/2023,3rd party,CI,202301,1060599,Klinikum Mutterhaus der Borromäerinnen gGmbH,,,,,20170931,90374373,Invoice,157.79,57.18,25,3944.75,3887.57
4/23/2023,3rd party,CI,202301,1069252,Universitätsmedizin Mainz Finanzabteilung,,,,,20151944,90374374,Invoice,56.8,18.88,10,568,549.12
4/23/2023,3rd party,CI,202301,1069898,Marienhaus Dienstleistungen GmbH BUK0952,,,,,1060693,90374377,Invoice,744.44,323.67,30,22333.2,22009.53
4/23/2023,Clearview,CI,202301,1059712,Nuffield Health The Holly Hospital,,,,,1059712,90374883,Invoice,290.63,74.59,5,1453.15,1378.56
4/23/2023,Kiwi,CI,202301,1061013,CHU Rennes,,,,,20151110,90374310,Credit Memo,-3010.13,-373.51,-60,180607.8,180981.31
4/23/2023,Kiwi,CI,202301,1059308,GFO Kliniken Troisdorf Betriebsstätte St. Johannes,,,,,1059308,90374364,Invoice,558.37,51.89,10,5583.7,5531.81
4/23/2023,Kiwi,CI,202301,1060659,Agaplesion Logistikzentrum gGmbH,,,,,20155027,90374376,Invoice,3350.28,311.37,60,201016.8,200705.43
4/23/2023,Optilume Strictures,Uro,202301,1106607,KONA COMMUNITY HOSPITAL ACCOUNTS PAYABLE,,,,,20194325,90374848,Invoice,4790,0,2,9580,9580
4/23/2023,Other GI Supply Disposables,GI,202301,1106237,GASTROENTEROLOGY ASSOCIATES-CANTON ACCOUNTS PAYABLE,,,,,20193756,90374838,Invoice,900,320,20,18000,17680
4/23/2023,Ph/Impedance Catheters,GI,202301,1060969,CH Tulle,,,,,20151265,90374336,Debit Memo,364.34,199.59,10,3643.4,3443.81
4/23/2023,Spot Ex,GI,202301,1106581,JEFFERSON HOSPITAL ACCOUNTS PAYABLE,,,,,20194282,90374846,Invoice,345,33.6,10,3450,3416.4
4/23/2023,T-Doc Catheters,Uro,202301,1083737,Hôpitaux Sud Charente,,,,,1083737,90374306,Credit Memo,-380.2,-86.31,-20,7604,7690.31
4/23/2023,T-Doc Catheters,Uro,202301,1083737,Hôpitaux Sud Charente,,,,,1083737,90374309,Debit Memo,190.1,43.15,10,1901,1857.85
4/23/2023,UDS Other Service & Repairs,Uro,202301,1061347,NCBA Clinique Bel Air - GBNA,,,,,1061347,90374351,Credit Memo,0,0,-1,0,0
4/23/2023,Water Catheters,Uro,202301,1069492,Universitätsklinikum Essen AöR Rechnungsbüro,,,,,20156227,90374371,Invoice,911.07,323.67,100,91107,90783.33
4/24/2023,3rd party,CI,202301,1069558,Kreiskliniken Böblingen gGmbH B11 Kreditorenbuchhaltung,,,,,20166571,90374378,Invoice,200.18,107.89,10,2001.8,1893.91
4/24/2023,3rd party,CI,202301,1069558,Kreiskliniken Böblingen gGmbH B11 Kreditorenbuchhaltung,,,,,20166571,90374378,Invoice,152.03,56.64,30,4560.9,4504.26
4/24/2023,Endoscopy Sheaths,Uro,202301,1079925,Polyclinique la Pergola DA PER,,,,,20153921,90374407,Invoice,1780.18,473.09,50,89009,88535.91
4/24/2023,Endoscopy Sheaths,Uro,202301,1081234,SCM Urologie Lanz Rivet Cappelle Centre urologie,,,,,20151066,90374412,Invoice,798.39,189.24,20,15967.8,15778.56
4/24/2023,Kiwi,CI,202301,1069889,Kreisklinken Reutlingen GmbH Servicecenter 3 - Einkauf und Logistik,,,,,20152115,90374379,Invoice,600.41,51.9,10,6004.1,5952.2
4/24/2023,Kiwi,CI,202301,1060794,Kliniken der Stadt und des Landkreises Rosenheim GmbH,,,,,20170380,90374380,Invoice,265.89,25.94,5,1329.45,1303.51
4/24/2023,Optilume Strictures,Uro,202301,1089720,Vivamed Ltd,,,,,1089720,90374428,Invoice,0,30.03,0,0,-30.03
4/24/2023,Optilume Strictures,Uro,202301,1089747,Apsu Medical AB,,,,,20170910,90374429,Invoice,0,1127.94,0,0,-1127.94
4/24/2023,Other Uro Dx Disposables,Uro,202301,1061745,Frimley Park Hospital NHS FT Heatherwood Hospital,,,,,20153591,90374385,Invoice,1303.24,691.65,50,65162,64470.35
4/24/2023,ROM,CI,202301,1022897,Beth Israel Lahey Health,,,,,20197016,90374444,Invoice,875,135.25,25,21875,21739.75
4/24/2023,Water Catheters,Uro,202301,1089506,Alexianer Krefeld GmbH,,,,,20170381,90374383,Invoice,582.61,217.94,50,29130.5,28912.56
4/24/2023,Water Catheters,Uro,202301,1061863,NHS Supply Chain NHS Suppply Chain Accounts Payable,,,,,20151546,90374397,Invoice,114.54,90.27,20,2290.8,2200.53
4/25/2023,babyLance,CI,202301,9980001255,Susan Smyth,,,,,9980001255,90374463,Invoice,0,19.5,50,0,-19.5
4/25/2023,Incontinence UPC Lead Sets,Uro,202301,1019543,Altru Health System,,,,,20078882,90374499,Invoice,934,41.88,1,934,892.12
4/25/2023,Kiwi,CI,202301,1078661,Alberta Health Service,,,,,20162392,90374465,Invoice,172.05,26.38,5,860.25,833.87
4/25/2023,Kiwi,CI,202301,1079681,McGill University Health Centre,,,,,20163647,90374474,Invoice,601.05,79.14,15,9015.75,8936.61
4/25/2023,Kiwi,CI,202301,1080926,VIHA - Island Health,,,,,20166054,90374478,Invoice,372.4,52.76,10,3724,3671.24
4/25/2023,Koala,CI,202301,1078784,OM Owens & Minor,,,,,20168091,90374457,Invoice,2805,453,100,280500,280047
4/25/2023,Koala,CI,202301,9980001255,Susan Smyth,,,,,9980001255,90374463,Invoice,0,45.3,10,0,-45.3
4/25/2023,Optilume Strictures,Uro,202301,1019413,Williamson Medical Center,,,,,20074025,90374491,Invoice,2095,0,1,2095,2095
4/25/2023,Optilume Strictures,Uro,202301,1019413,Williamson Medical Center,,,,,20074025,90374491,Invoice,0,201,0,0,-201
4/25/2023,ROM,CI,202301,1108655,HCA Nashville Supply Chain,,,,,20197421,90374459,Invoice,10500,1806,300,3150000,3148194
4/25/2023,Sales Interco,,202301,9980001255,Susan Smyth,,,,,9980001255,90374463,Invoice,0,30,10,0,-30
4/25/2023,Traxi,CI,202301,9980001104,Ross Collins,,,,,9980001104,90374460,Invoice,0,29.6,10,0,-29.6
4/26/2023,Endoscopy Sheaths,Uro,202301,1019582,Luminis Health,,,,,20084315,90374500,Invoice,1238,225.2,20,24760,24534.8
4/26/2023,Endoscopy Sheaths,Uro,202301,1021271,Minnesota Urology: Metro Uro Spec *Consolidated* Use BP# 1022981,,,,,20084148,90374629,Invoice,1620,682.2,60,97200,96517.8
4/26/2023,EverLift,GI,202301,1019943,Central Maine Medical Center,,,,,20070592,90374528,Invoice,800,89,20,16000,15911
4/26/2023,EverLift,GI,202301,1020714,Atrius Health,,,,,20080410,90374586,Invoice,1080,133.5,30,32400,32266.5
4/26/2023,EverLift,GI,202301,1021220,McLaren Health Care Corp.,,,,,20068060,90374626,Invoice,1580,181.8,20,31600,31418.2
4/26/2023,Incontinence UPC Lead Sets,Uro,202301,1019717,Banner Health,,,,,20167309,90374519,Invoice,3736,167.52,4,14944,14776.48
4/26/2023,Incontinence UPC Lead Sets,Uro,202301,1020597,Genesis Healthcare Partners,,,,,20074406,90374575,Invoice,1230,83.76,2,2460,2376.24
4/26/2023,Incontinence UPC Lead Sets,Uro,202301,1020625,Gwinnett's Progressive Healthcare for Wo,,,,,20167771,90374581,Invoice,934,41.88,1,934,892.12
4/26/2023,Other GI Supply Disposables,GI,202301,1021190,Mayo Clinic,,,,,20084767,90374621,Invoice,90,34.5,50,4500,4465.5
4/26/2023,RenovaRP Consumables,GI,202301,1019668,Aurora Health *Consolidated* Use BP# 1020857,,,,,20170938,90374510,Invoice,1140,600,120,136800,136200
4/26/2023,RenovaRP Consumables,GI,202301,1020670,Guthrie Healthcare System,,,,,20070508,90374584,Invoice,4000,1177,50,200000,198823
4/26/2023,RenovaRP Consumables,GI,202301,1020971,Kaiser Health Plan Asset Mgmt,,,,,20083533,90374597,Invoice,370,200,40,14800,14600
4/26/2023,RenovaRP Consumables,GI,202301,1020992,Kettering Health,,,,,20084618,90374601,Invoice,185,100,20,3700,3600
4/26/2023,Spot Ex,GI,202301,1019717,Banner Health,,,,,20166734,90374518,Invoice,380,33.6,10,3800,3766.4
4/26/2023,Spot Ex,GI,202301,1020243,Cayuga Medical Center,,,,,20168000,90374553,Invoice,380,33.6,10,3800,3766.4
4/26/2023,Spot Ex,GI,202301,1020621,CHI - Common Spirit Health,,,,,20195913,90374578,Invoice,345,33.6,10,3450,3416.4
4/26/2023,Spot Ex,GI,202301,1020971,Kaiser Health Plan Asset Mgmt,,,,,20082030,90374595,Invoice,760,67.2,20,15200,15132.8
4/26/2023,Spot Ex,GI,202301,1020971,Kaiser Health Plan Asset Mgmt,,,,,20072678,90374596,Invoice,1520,134.4,40,60800,60665.6
4/26/2023,Spot Ex,GI,202301,1021185,Margaret Mary Health,,,,,20068063,90374620,Invoice,380,33.6,10,3800,3766.4
4/27/2023,Endoscopy Sheaths,Uro,202301,1021734,Central Ohio Urology Surgery Center,,,,,20083845,90374675,Invoice,0,227.4,20,0,-227.4
4/27/2023,Incontinence UPC Lead Sets,Uro,202301,1021478,MultiCare Health System,,,,,20083712,90374648,Invoice,1778,83.76,2,3556,3472.24
4/27/2023,Incontinence UPC Lead Sets,Uro,202301,1021728,The Oregon Clinic PC,,,,,20074505,90374674,Invoice,5334,251.28,6,32004,31752.72
4/27/2023,Optilume Strictures,Uro,202301,1021829,PeaceHealth Shared Services,,,,,20079345,90374683,Invoice,4190,0,2,8380,8380
4/27/2023,Optilume Strictures,Uro,202301,1021829,PeaceHealth Shared Services,,,,,20079345,90374683,Invoice,0,56,0,0,-56
4/27/2023,Optilume Strictures,Uro,202301,1021833,Putnam General Hospital,,,,,20083245,90374684,Invoice,4190,0,2,8380,8380
4/27/2023,Optilume Strictures,Uro,202301,1021833,Putnam General Hospital,,,,,20083245,90374684,Invoice,0,56,0,0,-56
4/27/2023,Other GI Supply Disposables,GI,202301,1021487,Mary Washington Healthcare,,,,,20077182,90374650,Invoice,90,34.5,50,4500,4465.5
4/27/2023,Other GI Supply Disposables,GI,202301,1021600,Northwestern Medicine,,,,,20073486,90374661,Invoice,220,63,100,22000,21937
4/27/2023,Spot Ex,GI,202301,1021600,Northwestern Medicine,,,,,20168363,90374659,Invoice,760,67.2,20,15200,15132.8
4/28/2023,Endoscopy Sheaths,Uro,202301,1060914,CH Haut Bugey,,,,,20154128,90374329,Credit Memo,-339.85,-94.62,-10,3398.5,3493.12
4/28/2023,Endoscopy Sheaths,Uro,202301,1087472,Praxis für Urologie Dres. Rödder / Neumann / Reiß,,,,,20170434,90374381,Invoice,1294.68,283.86,30,38840.4,38556.54
4/28/2023,Kiwi,CI,202301,1060540,Niels-Stensen-Kliniken Abteilung Einkauf,,,,,20152067,90374372,Invoice,1080.73,103.79,20,21614.6,21510.81
4/28/2023,Optilume Strictures,Uro,202301,1022138,Santa Clara Valley Health & Hosp,,,,,20075407,90374700,Invoice,0,402,0,0,-402
4/28/2023,RenovaRP Consumables,GI,202301,1021890,Ardent: Portneuf Medical Center,,,,,20076676,90374685,Invoice,945,164.25,15,14175,14010.75
4/28/2023,RenovaRP Consumables,GI,202301,1022188,Sentara Healthcare,,,,,20073916,90374709,Invoice,990,402.2,10,9900,9497.8
4/28/2023,Spot Ex,GI,202301,1021977,Randolph Health,,,,,20195506,90374690,Invoice,380,33.6,10,3800,3766.4
4/28/2023,Spot Ex,GI,202301,1022191,HCA St Francis Hospital,,,,,20082263,90374710,Invoice,1380,134.4,40,55200,55065.6
4/28/2023,T-Doc Catheters,Uro,202301,1083737,Hôpitaux Sud Charente,,,,,1083737,90374307,Debit Memo,380.2,86.31,20,7604,7517.69
4/28/2023,T-Doc Catheters,Uro,202301,1083737,Hôpitaux Sud Charente,,,,,1083737,90374308,Credit Memo,-190.1,-43.15,-10,1901,1944.15
4/28/2023,Tubing,Uro,202301,1060965,CH Saintonge,,,,,20152892,90374333,Credit Memo,-340.02,-127.31,-50,17001,17128.31
4/28/2023,UDS Other Service & Repairs,Uro,202301,1022160,Baylor Scott & White Health,,,,,20084019,90374701,Invoice,0,0,1,0,0
4/28/2023,Water Catheters,Uro,202301,1083861,Oberschwaben Klinik gGmbH Krankenhaus St. Elisabeth,,,,,1059302,90374363,Invoice,537.94,85.45,20,10758.8,10673.35
4/28/2023,Water Catheters,Uro,202301,1069492,Universitätsklinikum Essen AöR Rechnungsbüro,,,,,20156227,90374371,Invoice,433.46,138.86,30,13003.8,12864.94
4/29/2023,InjeTAK,Uro,202301,1061863,NHS Supply Chain NHS Suppply Chain Accounts Payable,,,,,20152822,90374393,Invoice,185.76,72.74,4,743.04,670.3
4/29/2023,Kiwi,CI,202301,1061027,CH Jura Sud - Site Lons le Saunier,,,,,20151784,90374404,Invoice,1922.6,155.69,30,57678,57522.31
4/29/2023,Kiwi,CI,202301,1022575,ThedaCare Inc,,,,,20077205,90374442,Invoice,270,52.3,10,2700,2647.7
4/29/2023,Kiwi,CI,202301,1078703,"Distribution Cooperative, Inc.",,,,,20162912,90374450,Invoice,1702.87,339.95,65,110686.55,110346.6
4/29/2023,Kiwi,CI,202301,1078708,GRAND RIVER HOSPITAL,,,,,20163630,90374466,Invoice,372.4,52.76,10,3724,3671.24
4/29/2023,Kiwi,CI,202301,1078716,HEALTH SCIENCES NORTH,,,,,20163732,90374467,Invoice,372.4,52.76,10,3724,3671.24
4/29/2023,Koala,CI,202301,1078784,OM Owens & Minor,,,,,20168091,90374455,Invoice,561,90.6,20,11220,11129.4
4/29/2023,ROM,CI,202301,9980001104,Ross Collins,,,,,9980001104,90374460,Invoice,0,30.75,5,0,-30.75
4/29/2023,ROM,CI,202301,9980001255,Susan Smyth,,,,,9980001255,90374463,Invoice,0,30.75,5,0,-30.75
4/29/2023,ROM,CI,202301,9980001255,Susan Smyth,,,,,9980001255,90374463,Invoice,0,81,25,0,-81
4/29/2023,Traxi,CI,202301,1078679,Cardinal Health,,,,,20166710,90374449,Invoice,455,29.6,10,4550,4520.4
4/29/2023,Tubing,Uro,202301,1060139,Clinique Romande de Réadaptation Magasin des soins infirmiers,,,,,1060139,90374417,Invoice,757.73,54.66,40,30309.2,30254.54
4/29/2023,Water Catheters,Uro,202301,1059991,Universitätsspital Basel Zentraler Faktureneingang,,,,,20152640,90374415,Invoice,473.31,80.05,25,11832.75,11752.7
4/30/2023,Endoscopy Sheaths,Uro,202301,1019386,Tallahassee Memorial HealthCare,,,,,20171121,90374489,Invoice,3714,675.6,60,222840,222164.4
4/30/2023,Incontinence UPC Lead Sets,Uro,202301,1019829,Bronx-Lebanon Hospital Center,,,,,20071729,90374525,Invoice,1868,83.76,2,3736,3652.24
4/30/2023,Incontinence UPC Lead Sets,Uro,202301,1019854,Doylestown Health Urology,,,,,20079360,90374526,Invoice,934,41.88,1,934,892.12
4/30/2023,Kiwi,CI,202301,1080892,CISSS Monteregie Centre,,,,,20162928,90374476,Invoice,200.35,26.38,5,1001.75,975.37
4/30/2023,Koala,CI,202301,1078779,Nova Scotia Health Authority,,,,,20163115,90374469,Invoice,375.38,45.7,10,3753.8,3708.1
4/30/2023,Optilume Strictures,Uro,202301,1079678,Northern Health Authority,,,,,20166066,90374473,Invoice,1452.36,202.77,1,1452.36,1249.59
4/30/2023,Optilume Strictures,Uro,202301,1019101,Caromont Regional Medical Center dba Gaston Memorial Hospital,,,,,20074753,90374486,Invoice,2095,0,1,2095,2095
4/30/2023,RenovaRP Consumables,GI,202301,1019541,Allina Health System,,,,,20196310,90374498,Invoice,380,200,40,15200,15000
4/30/2023,Spot Ex,GI,202301,1019042,Carroll Hospital Center,,,,,20072236,90374484,Invoice,380,33.6,10,3800,3766.4
4/30/2023,Spot Ex,GI,202301,1019652,BJC Healthcare,,,,,20192791,90374506,Invoice,690,67.2,20,13800,13732.8
4/30/2023,Spot Ex,GI,202301,1019697,Bayhealth Inc,,,,,20079955,90374513,Invoice,380,33.6,10,3800,3766.4
4/30/2023,Spot Ex,GI,202301,1019700,Baptist Medical Center,,,,,20078129,90374515,Invoice,380,33.6,10,3800,3766.4
4/30/2023,Traxi,CI,202301,1079725,Horizon Health Network,,,,,20167076,90374475,Invoice,884.82,89.88,10,8848.2,8758.32
5/1/2023,Endoscopy Sheaths,Uro,202301,1021047,Lakeland Regional Medical Center,,,,,20080907,90374606,Invoice,3534,675.6,60,212040,211364.4
5/1/2023,EverLift,GI,202301,1020069,Indiana University Health,,,,,20194227,90374537,Invoice,375,44.5,10,3750,3705.5
5/1/2023,EverLift,GI,202301,1020355,Eisenhower Medical Center,,,,,20078676,90374555,Invoice,790,90.9,10,7900,7809.1
5/1/2023,H. pylori Tests ,GI,202301,1020657,Good Samaritan Hospital,,,,,20076811,90374583,Invoice,560,202,100,56000,55798
5/1/2023,Incontinence UPC Lead Sets,Uro,202301,1020159,United Urology Group,,,,,20196877,90374546,Invoice,1200,83.76,2,2400,2316.24
5/1/2023,Incontinence UPC Lead Sets,Uro,202301,1020400,Essentia Health - Innovis Health,,,,,20083412,90374561,Invoice,780,41.88,1,780,738.12
5/1/2023,Incontinence UPC Lead Sets,Uro,202301,1021026,Logan Health Medical Center,,,,,20080204,90374604,Invoice,5604,251.28,6,33624,33372.72
5/1/2023,Spot Ex,GI,202301,1020468,AdventHealth,,,,,20074481,90374567,Invoice,380,33.6,10,3800,3766.4
5/1/2023,Spot Ex,GI,202301,1020775,Ardent: Hillcrest Healthcare System,,,,,20073991,90374589,Invoice,345,33.6,10,3450,3416.4
5/1/2023,Spot Ex,GI,202301,1021118,Lee Memorial Health System,,,,,20079886,90374614,Invoice,345,33.6,10,3450,3416.4
5/2/2023,Endoscopy Sheaths,Uro,202301,1021647,Northeast Urologic Surgery PC,,,,,20072907,90374667,Invoice,3800,1137,100,380000,378863
5/2/2023,Endoscopy Sheaths,Uro,202301,1021753,Atlantic Health System,,,,,20077108,90374676,Invoice,1238,225.2,20,24760,24534.8
5/2/2023,Endoscopy Sheaths,Uro,202301,1022173,Springfield Clinic LLP,,,,,20076257,90374706,Invoice,1238,227.4,20,24760,24532.6
5/2/2023,EverLift,GI,202301,1021276,Methodist Health System,,,,,20194836,90374631,Invoice,700,90.9,10,7000,6909.1
5/2/2023,EverLift,GI,202301,1021291,Maine General Medical Center,,,,,20076072,90374638,Invoice,1580,181.8,20,31600,31418.2
5/2/2023,EverLift,GI,202301,1021632,AMSURG,,,,,20193114,90374665,Invoice,360,44.5,10,3600,3555.5
5/2/2023,Incontinence MPQ,Uro,202301,1021590,Novant Health Inc.,,,,,20067437,90374653,Invoice,150,56,5,750,694
5/2/2023,Incontinence MPQ,Uro,202301,1022208,Saratoga Hospital *Consolidated* Use BP# 1019535,,,,,20076270,90374712,Invoice,78,22.4,2,156,133.6
5/2/2023,Incontinence UPC Lead Sets,Uro,202301,1021918,Presbyterian Healthcare Services,,,,,20071280,90374687,Invoice,5604,251.28,6,33624,33372.72
5/2/2023,Incontinence UPC Lead Sets,Uro,202301,1022485,Suncoast Urology PA,,,,,20079208,90374736,Invoice,2802,125.64,3,8406,8280.36
5/2/2023,Optilume Strictures,Uro,202301,1021536,New York Presbyterian Hospital,,,,,20083623,90374652,Invoice,0,28,0,0,-28
5/2/2023,Optilume Strictures,Uro,202301,1022138,Santa Clara Valley Health & Hosp,,,,,20075407,90374700,Invoice,0,56,0,0,-56
5/2/2023,Optilume Strictures,Uro,202301,1022415,Baycare Health System,,,,,20074769,90374724,Invoice,0,402,0,0,-402
5/2/2023,Optilume Strictures,Uro,202301,1022487,Sutter Health System Office,,,,,20070977,90374740,Invoice,0,28,0,0,-28
5/2/2023,RenovaRP Consumables,GI,202301,1022457,Dignity Health - AZ/NV,,,,,20079919,90374732,Invoice,475,201.1,5,2375,2173.9
5/2/2023,Spot Ex,GI,202301,1021287,Dignity Health - CA,,,,,20164314,90374636,Invoice,760,67.2,20,15200,15132.8
5/2/2023,Spot Ex,GI,202301,1021322,Middlesex Hospital,,,,,20166828,90374640,Invoice,380,33.6,10,3800,3766.4
5/2/2023,Spot Ex,GI,202301,1021444,Ballad Health,,,,,20194291,90374644,Invoice,380,33.6,10,3800,3766.4
5/2/2023,Spot Ex,GI,202301,1021600,Northwestern Medicine,,,,,20197389,90374660,Invoice,760,67.2,20,15200,15132.8
5/2/2023,Spot Ex,GI,202301,1021632,AMSURG,,,,,20196173,90374664,Invoice,345,33.6,10,3450,3416.4
5/3/2023,Endoscopy Sheaths,Uro,202301,1023158,VA Ann Arbor Health Care,,,,,20084741,90374786,Invoice,619,112.6,10,6190,6077.4
5/3/2023,EverLift,GI,202301,1023273,Marshfield Clinic Health System,,,,,20167244,90374797,Invoice,1580,181.8,20,31600,31418.2
5/3/2023,Incontinence UPC Lead Sets,Uro,202301,1022922,Keystone Urology Specialists *11.4.24 CONSOLIDATED 1025594*,1025594,,,,20071884,90374770,Invoice,5604,251.28,6,33624,33372.72
5/3/2023,Optilume Strictures,Uro,202301,1023139,VA Hospital(Lake CityFL) **CONSOLIDATED USE 1023131**,1023131,,,,20079635,90374784,Invoice,0,402,0,0,-402
5/3/2023,Optilume Strictures,Uro,202301,1023139,VA Hospital(Lake CityFL) **CONSOLIDATED USE 1023131**,1023131,,,,20079635,90374784,Invoice,4190,0,2,8380,8380
5/3/2023,Optilume Strictures,Uro,202301,1023139,VA Hospital(Lake CityFL) **CONSOLIDATED USE 1023131**,1023131,,,,20079635,90374784,Invoice,0,56,0,0,-56
5/3/2023,Other GI Supply Disposables,GI,202301,1022572,Cleveland Clinic Health,,,,,20068528,90374746,Invoice,205,50,100,20500,20450
5/3/2023,RenovaRP Consumables,GI,202301,1022572,Cleveland Clinic Health,,,,,20072475,90374748,Invoice,900,500,100,90000,89500
5/3/2023,RenovaRP Consumables,GI,202301,1022572,Cleveland Clinic Health,,,,,20073565,90374751,Invoice,360,200,40,14400,14200
5/3/2023,RenovaRP Consumables,GI,202301,1022572,Cleveland Clinic Health,,,,,20073565,90374753,Invoice,195,54.75,5,975,920.25
5/3/2023,Spot Ex,GI,202301,1022833,UW Health,,,,,20078378,90374767,Invoice,760,67.2,20,15200,15132.8
5/4/2023,EverLift,GI,202301,1107101,NORTH SHORE GASTROENTEROLOGY ACCOUNTS PAYABLE,,,,,20195083,90374856,Invoice,700,89,20,14000,13911
5/4/2023,Optilume Strictures,Uro,202301,1089920,UF Health Teaching Hospital & Clinics,,,,,20171108,90374815,Invoice,4190,0,2,8380,8380
5/4/2023,Optilume Strictures,Uro,202301,1106607,KONA COMMUNITY HOSPITAL ACCOUNTS PAYABLE,,,,,20194325,90374848,Invoice,0,402,0,0,-402
5/4/2023,Optilume Strictures,Uro,202301,1106607,KONA COMMUNITY HOSPITAL ACCOUNTS PAYABLE,,,,,20194325,90374848,Invoice,0,56,0,0,-56
5/4/2023,Other GI Supply Disposables,GI,202301,1106174,FALL HILL GASTROENTEROLOGY ASSOC ACCOUNTS PAYABLE,,,,,20193670,90374835,Invoice,117.5,0,5,587.5,587.5
5/4/2023,Other GI Supply Disposables,GI,202301,1106224,ENDOSCOPY CENTER OF FAIRFIELD CNTY ACCOUNTS PAYABLE,,,,,20193740,90374837,Invoice,23.5,0,1,23.5,23.5
5/4/2023,RenovaRP Consumables,GI,202301,1025279,University Health Serivces 158/338-MMH-LWR Acct Payables,,,,,20194823,90374801,Invoice,1225,383.25,35,42875,42491.75
5/4/2023,RenovaRP Consumables,GI,202301,1106594,JOHN T MATHER HOSPITAL ACCOUNTS PAYABLE,,,,,20194302,90374847,Invoice,1220,219,20,24400,24181
5/4/2023,Spot Ex,GI,202301,1078657,HCA Rio Grande Regional Hospital,,,,,20162370,90374807,Invoice,345,33.6,10,3450,3416.4
5/4/2023,Spot Ex,GI,202301,1089686,"Culpeper Surgery Center, LLC",,,,,20170615,90374814,Invoice,380,33.6,10,3800,3766.4
5/4/2023,Spot Ex,GI,202301,1106514,HAZELTON SURGERY CENTER ACCOUNTS PAYABLE,,,,,20194165,90374843,Invoice,380,33.6,10,3800,3766.4
5/5/2023,Other GI Supply Disposables,GI,202301,1108035,WASHINGTON HOSPITAL ACCOUNTS PAYABLE,,,,,20196576,90374873,Invoice,75,0,3,225,225
5/5/2023,Spot Ex,GI,202301,1107951,VALLEY HOSPITAL *Consolidated* Use BP# 1021836,,,,,20196472,90374871,Invoice,1520,134.4,40,60800,60665.6
5/5/2023,Traxi,CI,202301,1069797,Rotherham NHS FT Financial Service,,,,,20154967,90374881,Invoice,611.73,81.5,10,6117.3,6035.8
6/7/2023,Endoscopy Scopes,Uro,202301,1059198,Zorgservice XL t.a.v. Crediteurenadministratie,,,,,1059189,90374892,Credit Memo,-3834.82,-4548.52,-1,3834.82,8383.34
6/7/2023,GI Other Service (Repairs),GI,202301,29002,Diversatek Healthcare,,,,,,408800,Invoice,333.34,0,1,333.34,333.34
6/7/2023,Kiwi,CI,202301,1061240,CH de Gonesse,,,,,20155665,90374889,Credit Memo,-3398.53,-311.37,-60,203911.8,204223.17
6/7/2023,Other GI Disposables,GI,202301,1061717,Phoenix Pharma,,,,,20153628,90374888,Credit Memo,-68.53,-26.85,-2,137.06,163.91
6/7/2023,Other GI Disposables,GI,202301,1059297,Sophien- und Hufeland Klinikum gGmbH Einkauf,,,,,20153942,90374898,Invoice,62.14,19.55,2,124.28,104.73
6/7/2023,Ph/Impedance Catheters,GI,202301,1061717,Phoenix Pharma,,,,,20153628,90374888,Credit Memo,-1376.66,-236.42,-15,20649.9,20886.32
6/7/2023,UDS Service Contracts,Uro,202301,1061930,Wrightington Wigan & Leigh NHS Trust RRF Payables F615,,,,,1061930,90374886,Invoice,318.71,0,1,318.71,318.71
6/7/2023,UDS Service Contracts,Uro,202301,1061930,Wrightington Wigan & Leigh NHS Trust RRF Payables F615,,,,,1061930,90374886,Invoice,349.81,0,1,349.81,349.81
6/7/2023,Unisensor SS,GI,202301,29002,Diversatek Healthcare,,,,,,408800,Invoice,0,4630.35,1,0,-4630.35
6/7/2023,Unisensor SS,GI,202301,29002,Diversatek Healthcare,,,,,,408801,Invoice,14970.8,9678.74,1,14970.8,5292.06
6/7/2023,Unisensor SS,GI,202301,29002,Diversatek Healthcare,,,,,,408801,Invoice,14970.8,9678.74,1,14970.8,5292.06
6/7/2023,Unisensor SS,GI,202301,29002,Diversatek Healthcare,,,,,,408801,Invoice,14970.8,9678.74,1,14970.8,5292.06
6/7/2023,Unisensor SS,GI,202301,29002,Diversatek Healthcare,,,,,,408802,Invoice,16802.62,5191.61,1,16802.62,11611.01
6/8/2023,babyLance,CI,202301,1089833,Ev. Diakonissenanstalt SP-MA-DÜW K.d.ö.R Rechnungsprüfung (RP),,,,,20154842,90374901,Invoice,345.25,71.21,200,69050,68978.79
6/8/2023,Breath Analyzers,GI,202301,1061730,"University Hospitals Bristol NHS FT UHBFT Creditor Payment Site, Trust HQ",,,,,20155399,90374914,Invoice,507.84,0,0,0,0
6/8/2023,Kiwi,CI,202301,1077854,Klinikum Gütersloh gGmbH Apotheke,,,,,20152485,90374903,Invoice,531.79,51.9,10,5317.9,5266
6/8/2023,Kiwi,CI,202301,1089029,Johanniter-Krankenhaus Geesthacht Zentraleinkauf,,,,,20169984,90374911,Invoice,1116.76,103.79,20,22335.2,22231.41
6/8/2023,Other GI Disposables,GI,202301,1059297,Sophien- und Hufeland Klinikum gGmbH Einkauf,,,,,20153942,90374898,Invoice,62.14,19.55,2,124.28,104.73
6/8/2023,Other GI Disposables,GI,202301,1089188,Rems-Murr-Kliniken gGmbH Einkauf,,,,,20170147,90374913,Invoice,233.04,78.22,25,5826,5747.78
6/8/2023,Solar Blue,Uro,202301,1061740,Barts and The London NHS Trust,,,,,20154007,90374915,Invoice,2468.72,1953.92,1,2468.72,514.8
6/8/2023,Tubing,Uro,202301,1089891,"Universitätsklinikum Gießen und Marburg GmbH, Standort Marburg",,,,,20152649,90374904,Invoice,425.52,145.11,50,21276,21130.89
6/8/2023,Tubing,Uro,202301,1061754,Betsi Cadwaladr Univercity LHB Betsi Calwaladr University LHB,,,,,20151723,90374916,Invoice,155.07,41.57,30,4652.1,4610.53
6/8/2023,UDS Other Service & Repairs,Uro,202301,1061730,"University Hospitals Bristol NHS FT UHBFT Creditor Payment Site, Trust HQ",,,,,20155399,90374914,Invoice,68.92,0,1,68.92,68.92
6/8/2023,Water Catheters,Uro,202301,1089891,"Universitätsklinikum Gießen und Marburg GmbH, Standort Marburg",,,,,20152649,90374904,Invoice,222.87,80.92,25,5571.75,5490.83
6/9/2023,Breath Analyzers,GI,202301,1061758,Northern Care Alliance NHS FT,,,,,20154454,90374917,Invoice,507.84,0,0,0,0
6/9/2023,Endoscopy Service Contracts,Uro,202301,1069674,HP Sevigne Service-Biomedical,,,,,20154030,90374940,Invoice,4099.82,0,1,4099.82,4099.82
6/9/2023,Endoscopy Service Contracts,Uro,202301,1069674,HP Sevigne Service-Biomedical,,,,,20154030,90374940,Invoice,4099.82,0,1,4099.82,4099.82
6/9/2023,Endoscopy Sheaths,Uro,202301,1060952,CH Edmond Garcin Aubagne,,,,,20151072,90374931,Invoice,2006.75,567.71,60,120405,119837.29
6/9/2023,Kiwi,CI,202301,1060929,CHU Nice,,,,,20154400,90374928,Invoice,1715.45,155.68,30,51463.5,51307.82
6/9/2023,Kiwi,CI,202301,1060944,CH Millau,,,,,20154402,90374930,Invoice,1715.45,155.68,30,51463.5,51307.82
6/9/2023,Kiwi,CI,202301,1061036,CH de Roanne,,,,,20155901,90374941,Invoice,3366.17,311.37,60,201970.2,201658.83
6/9/2023,Tubing,Uro,202301,1061863,NHS Supply Chain NHS Suppply Chain Accounts Payable,,,,,20151598,90374924,Invoice,122.25,41.57,30,3667.5,3625.93
6/9/2023,Tubing,Uro,202301,1060939,GAPM - Plateforme Médico-Logistique,,,,,20155672,90374929,Invoice,84.69,13.81,10,846.9,833.09
6/9/2023,Tubing,Uro,202301,1061052,CH Avranches Granville,,,,,20153031,90374942,Invoice,72.23,13.81,10,722.3,708.49
6/9/2023,UDS Other Service & Repairs,Uro,202301,1060945,AP-HM,,,,,1060954,90374932,Invoice,407.82,0,3,1223.46,1223.46
6/9/2023,UDS Other Service & Repairs,Uro,202301,1060945,AP-HM,,,,,1060954,90374933,Invoice,1127.45,0,1,1127.45,1127.45
6/9/2023,Water Catheters,Uro,202301,1061863,NHS Supply Chain NHS Suppply Chain Accounts Payable,,,,,20163892,90374925,Invoice,449.71,405.89,150,67456.5,67050.61
6/10/2023,3rd party,CI,202301,1061097,CH Lens,,,,,20153001,90374948,Invoice,863.12,499.31,20,17262.4,16763.09
6/10/2023,Endoscopy Sheaths,Uro,202301,1061101,CH Boulogne s/mer,,,,,20152532,90374949,Invoice,2675.67,756.95,80,214053.6,213296.65
6/10/2023,Endoscopy Sheaths,Uro,202301,1061122,CH St Joseph St Luc service comptabilité,,,,,20154575,90374952,Invoice,1197.58,283.86,30,35927.4,35643.54
6/10/2023,Endoscopy Sheaths,Uro,202301,1061122,CH St Joseph St Luc service comptabilité,,,,,20154575,90374953,Invoice,1197.58,283.86,30,35927.4,35643.54
6/10/2023,Endoscopy Sheaths,Uro,202301,1083537,HPDA Valence,,,,,20153508,90374964,Invoice,1780.18,473.09,50,89009,88535.91
6/10/2023,Endoscopy Sheaths,Uro,202301,1089543,SA Courlancy Santé Service Comptabilité Fournisseurs,,,,,20154171,90374968,Invoice,8091.75,2365.49,250,2022937.5,2020572.01
6/10/2023,Endoscopy Sheaths,Uro,202301,1061604,Hopital Privé d'Eure et Loire,,,,,20154118,90374976,Invoice,4272.44,1135.43,120,512692.8,511557.37
6/10/2023,Kiwi,CI,202301,1061207,GH Nord Essonne,,,,,20155617,90374958,Invoice,3398.53,311.37,60,203911.8,203600.43
6/10/2023,Kiwi,CI,202301,1061226,CHI André Grégoire - Montreuil,,,,,20154155,90374961,Invoice,2265.69,207.58,40,90627.6,90420.02
6/10/2023,Kiwi,CI,202301,1058761,Service Facturier AP/HP SIRET 26750045201928,,,,,20154135,90374962,Invoice,1143.63,103.79,20,22872.6,22768.81
6/10/2023,Kiwi,CI,202301,1079994,CH Selestat,,,,,20196892,90374978,Invoice,1922.6,155.69,30,57678,57522.31
6/10/2023,T-Doc Catheters,Uro,202301,1061491,Centre d'Imagérie Médicale Cardinet,,,,,1061491,90374973,Invoice,1281.19,215.78,50,64059.5,63843.72
6/10/2023,T-Doc Catheters,Uro,202301,1108423,scm Saint Germain l'Auxerrois,,,,,1108423,90374980,Invoice,420.77,86.31,20,8415.4,8329.09
6/10/2023,Tubing,Uro,202301,1061090,CH Roubaix,,,,,20155699,90374944,Invoice,289.23,41.43,30,8676.9,8635.47
6/10/2023,Tubing,Uro,202301,1061092,GH Public du Sud de l'Oise,,,,,20152797,90374946,Invoice,368.44,98.72,50,18422,18323.28
6/10/2023,Tubing,Uro,202301,1061164,GH du Havre,,,,,20155204,90374955,Invoice,465.28,98.72,50,23264,23165.28
6/10/2023,Tubing,Uro,202301,1061404,Pr Staerman,,,,,20151602,90374969,Invoice,223.12,27.62,20,4462.4,4434.78
6/10/2023,Tubing,Uro,202301,1083548,Clinique St Amé,,,,,20151134,90374971,Invoice,93.93,13.81,10,939.3,925.49
6/10/2023,Tubing,Uro,202301,1089974,Clinique Rhône Durance DA RHO,,,,,20152542,90374975,Invoice,355.17,55.24,40,14206.8,14151.56
6/10/2023,UDS Other Service & Repairs,Uro,202301,1061328,Clinique Pasteur - Toulouse,,,,,1061328,90374965,Invoice,0,0,0,0,0
6/10/2023,UDS Other Service & Repairs,Uro,202301,1061328,Clinique Pasteur - Toulouse,,,,,1061328,90374965,Invoice,0,0,0,0,0
6/10/2023,UDS Other Service & Repairs,Uro,202301,1070055,Clinique des Cèdres Comptabilité Fournisseur,,,,,20152547,90374966,Invoice,1127.45,0,1,1127.45,1127.45
6/11/2023,Kiwi,CI,202301,1059467,Kebomed A/S – Denmark,,,,,1059467,90374993,Invoice,594.4,102.57,20,11888,11785.43
6/11/2023,Kiwi,CI,202301,1059467,Kebomed A/S – Denmark,,,,,1059467,90374993,Invoice,297.2,85.3,10,2972,2886.7
6/11/2023,Optilume Strictures,Uro,202301,1058759,Al Zahrawi Medical  LLC Qatar,,,,,1058759,90374986,Invoice,15000,1879.92,10,150000,148120.08
6/11/2023,Optilume Strictures,Uro,202301,1058759,Al Zahrawi Medical  LLC Qatar,,,,,1058759,90374986,Invoice,4500,563.98,3,13500,12936.02
6/11/2023,Other GI Disposables,GI,202301,1058759,Al Zahrawi Medical  LLC Qatar,,,,,20156388,90374987,Invoice,138,57.96,6,828,770.04
6/11/2023,Other non-UDS Service & Repairs,Uro,202301,1059276,Beijing Sunway Healthcare Technology Ltd,,,,,20156384,90374992,Invoice,0,109.72,1,0,-109.72
6/11/2023,Ph/Impedance Catheters,GI,202301,1059004,"Mks Medic Sdn. Bhd Wisma Mks, 29",,,,,20156393,90374989,Invoice,1073.45,135.09,10,10734.5,10599.41
6/11/2023,Tubing,Uro,202301,1083519,CHU UCL NAMUR Site Dinant,,,,,20167242,90374985,Invoice,198.52,96.02,50,9926,9829.98
6/11/2023,UDS Other Service & Repairs,Uro,202301,1059725,Medicor Medical Supplies NV,,,,,20155360,90374983,Invoice,87.25,0,0,0,0
6/11/2023,UDS Other Service & Repairs,Uro,202301,1059725,Medicor Medical Supplies NV,,,,,20155360,90374983,Invoice,339.85,0,0,0,0
6/11/2023,UDS Other Service & Repairs,Uro,202301,1059276,Beijing Sunway Healthcare Technology Ltd,,,,,20156384,90374992,Invoice,0,16.56,1,0,-16.56
6/12/2023,ABBy,CI,202301,1022400,Trinity Health,,,,,20084265,90374999,Invoice,1050,182.3,10,10500,10317.7
6/12/2023,ABBy,CI,202301,1022400,Trinity Health,,,,,20084265,90374999,Invoice,1200,249,10,12000,11751
6/12/2023,BoogieBaby,CI,202301,1078745,"Medline Industries, Inc",,,,,20166271,90375009,Invoice,776.25,200,500,388125,387925
6/12/2023,Clearview,CI,202301,1078679,Cardinal Health,,,,,20166710,90375007,Invoice,414.55,80.1,5,2072.75,1992.65
6/12/2023,Eclipse,Uro,202301,1022833,UW Health,,,,,20071572,90375002,Invoice,100,153.92,2,200,46.08
6/12/2023,Kiwi,CI,202301,1078679,Cardinal Health,,,,,20166710,90375005,Invoice,1200,215.7,30,36000,35784.3
6/12/2023,Other GI Supply Disposables,GI,202301,1021778,ProMedica Health System Inc,,,,,20193349,90374995,Credit Memo,-47,0,-2,94,94
6/12/2023,Other GI Supply Disposables,GI,202301,1021778,ProMedica Health System Inc,,,,,20193349,90374995,Credit Memo,-23.5,0,-1,23.5,23.5
6/12/2023,Other GI Supply Disposables,GI,202301,1021778,ProMedica Health System Inc,,,,,20193349,90374995,Credit Memo,-47,0,-2,94,94
6/12/2023,Other GI Supply Disposables,GI,202301,1021778,ProMedica Health System Inc,,,,,20193349,90374995,Credit Memo,-47,0,-2,94,94
6/12/2023,ROM,CI,202301,1078679,Cardinal Health,,,,,20166710,90375004,Invoice,42.5,30.75,5,212.5,181.75
6/12/2023,UDS Other Service & Repairs,Uro,202301,1022405,St. Clair Hospital,,,,,1022564,90374996,Invoice,380,0,2,760,760
6/13/2023,ABBy,CI,202301,9980001104,Ross Collins,,,,,9980001104,90375034,Invoice,0,124.5,5,0,-124.5
6/13/2023,Kiwi,CI,202301,1078784,OM Owens & Minor,,,,,20168091,90375025,Invoice,200,35.95,5,1000,964.05
6/13/2023,Koala,CI,202301,1078775,"Shared Service Systems, Inc.",,,,,20163112,90375010,Invoice,1963.5,317.1,70,137445,137127.9
6/13/2023,Koala,CI,202301,1078784,OM Owens & Minor,,,,,20168091,90375013,Invoice,2805,453,100,280500,280047
6/13/2023,Koala,CI,202301,1078784,OM Owens & Minor,,,,,20168091,90375014,Invoice,280.5,45.3,10,2805,2759.7
6/13/2023,Koala,CI,202301,1078784,OM Owens & Minor,,,,,20168091,90375016,Invoice,280.5,45.3,10,2805,2759.7
6/13/2023,Koala,CI,202301,1078784,OM Owens & Minor,,,,,20168091,90375019,Invoice,2805,453,100,280500,280047
6/13/2023,Koala,CI,202301,1078784,OM Owens & Minor,,,,,20168091,90375020,Invoice,561,90.6,20,11220,11129.4
6/13/2023,Koala,CI,202301,1078784,OM Owens & Minor,,,,,20168091,90375022,Invoice,561,90.6,20,11220,11129.4
6/13/2023,Koala,CI,202301,1078784,OM Owens & Minor,,,,,20168091,90375026,Invoice,280.5,45.3,10,2805,2759.7
6/13/2023,Koala,CI,202301,1078784,OM Owens & Minor,,,,,20168091,90375029,Invoice,225,93.55,5,1125,1031.45
6/13/2023,Koala,CI,202301,1078784,OM Owens & Minor,,,,,20168091,90375030,Invoice,280.5,45.3,10,2805,2759.7
6/13/2023,Koala,CI,202301,1078784,OM Owens & Minor,,,,,20168091,90375031,Invoice,2244,362.4,80,179520,179157.6
6/14/2023,ABBy,CI,202301,9980001104,Ross Collins,,,,,9980001104,90375034,Invoice,0,182.3,10,0,-182.3
6/14/2023,ABBy,CI,202301,9980001104,Ross Collins,,,,,9980001104,90375034,Invoice,0,249,10,0,-249
6/14/2023,ABBy,CI,202301,9980001117,Bailey Nodine,,,,,9980001117,90375038,Invoice,0,364.6,20,0,-364.6
6/14/2023,ABBy,CI,202301,9980001130,Ryan Vaughn *CLOSED* Last Day 3/01/24,,,,,9980001130,90375040,Invoice,0,124.5,5,0,-124.5
6/14/2023,ABBy,CI,202301,9980001130,Ryan Vaughn *CLOSED* Last Day 3/01/24,,,,,9980001130,90375040,Invoice,0,249,10,0,-249
6/14/2023,ABBy,CI,202301,9980001132,Katie Viator,,,,,9980001132,90375041,Invoice,0,373.5,15,0,-373.5
6/14/2023,ABBy,CI,202301,9980001250, Christine Baird,,,,,9980001250,90375045,Invoice,0,364.6,20,0,-364.6
6/14/2023,babyLance,CI,202301,9980001123,Austin Sirovina,,,,,9980001123,90375039,Invoice,0,39,100,0,-39
6/14/2023,babyLance,CI,202301,9980001135,Stephanie Legut,,,,,9980001135,90375043,Invoice,0,39,100,0,-39
6/14/2023,Koala,CI,202301,1078694,Eastern Health,,,,,20162898,90375049,Invoice,357.5,45.7,10,3575,3529.3
6/14/2023,Sales Interco,,202301,9980001123,Austin Sirovina,,,,,9980001123,90375039,Invoice,0,75,25,0,-75
6/14/2023,Sales Interco,,202301,9980001133,Matt Wheeler,,,,,9980001133,90375042,Invoice,0,150,50,0,-150
6/14/2023,Traxi,CI,202301,9980001135,Stephanie Legut,,,,,9980001135,90375043,Invoice,0,110.2,5,0,-110.2
6/14/2023,Tubing,Uro,202301,1078661,Alberta Health Service,,,,,20162375,90375046,Invoice,785.02,84.74,50,39251,39166.26
6/14/2023,Tubing,Uro,202301,1078661,Alberta Health Service,,,,,20162372,90375047,Invoice,392.51,42.37,25,9812.75,9770.38
6/14/2023,Tubing,Uro,202301,1078688,CENTRE ADMIN. ROLAND-THERRIEN/FINANCES,,,,,20166095,90375048,Invoice,333.67,42.37,25,8341.75,8299.38
6/15/2023,Endoscopy Repairs,Uro,202301,1019419,Total Scope Inc.,,,,,20168528,90375069,Invoice,732.3,928.74,2,1464.6,535.86
6/15/2023,EverLift,GI,202301,1019541,Allina Health System,,,,,20082248,90375075,Invoice,790,90.9,10,7900,7809.1
6/15/2023,InjeTAK,Uro,202301,1080889,CISSS de Chaudiere-Appalaches,,,,,20165995,90375053,Invoice,134.06,38.33,2,268.12,229.79
6/15/2023,InjeTAK,Uro,202301,1019048,Oswego Health,,,,,20074328,90375060,Invoice,652,152,8,5216,5064
6/15/2023,InjeTAK,Uro,202301,1019540,UnityPoint Health,,,,,20084652,90375072,Invoice,592,152,8,4736,4584
6/15/2023,Optilume Strictures,Uro,202301,1019566,AnMed Health,,,,,20077277,90375079,Invoice,0,402,0,0,-402
6/15/2023,Optilume Strictures,Uro,202301,1019566,AnMed Health,,,,,20077277,90375079,Invoice,0,71.68,0,0,-71.68
6/15/2023,Other GI Supply Disposables,GI,202301,1019264,Baptist Health Care,,,,,20083924,90375065,Invoice,220,63,100,22000,21937
6/15/2023,Other Uro Dx Disposables,Uro,202301,1083708,CIUSSS DE L'OUEST DE L'ILE,,,,,20165987,90375056,Invoice,55.86,9.53,5,279.3,269.77
6/15/2023,RenovaRP Consumables,GI,202301,1019541,Allina Health System,,,,,20196310,90375076,Invoice,170,100,20,3400,3300
6/15/2023,RenovaRP Consumables,GI,202301,1019541,Allina Health System,,,,,20196310,90375077,Invoice,1890,328.5,30,56700,56371.5
6/15/2023,Spot Ex,GI,202301,1019264,Baptist Health Care,,,,,20197507,90375064,Invoice,380,33.6,10,3800,3766.4
6/15/2023,Spot Ex,GI,202301,1019410,Tuscaloosa Surgical Center,,,,,20071993,90375068,Invoice,380,33.6,10,3800,3766.4
6/15/2023,Spot Ex,GI,202301,1019535,Albany Med Health System,,,,,20083559,90375070,Invoice,345,33.6,10,3450,3416.4
6/15/2023,Tubing,Uro,202301,1078805,Queen Elizabeth Hospital,,,,,20163597,90375051,Invoice,409.64,42.37,25,10241,10198.63
6/15/2023,Tubing,Uro,202301,1080947,CIUSSS dela Maurice-et-du-Ctr-du-QC,,,,,20166087,90375054,Invoice,373.89,42.37,25,9347.25,9304.88
6/15/2023,UDS Other Service & Repairs,Uro,202301,1019264,Baptist Health Care,,,,,20170418,90375066,Invoice,487.86,0,0,0,0
6/15/2023,UDS Other Service & Repairs,Uro,202301,1019264,Baptist Health Care,,,,,20170418,90375066,Invoice,900,0,0,0,0
6/16/2023,Electrodes,Uro,202301,1019681,Axia Women's Health,,,,,20168648,90375091,Invoice,186,39.8,20,3720,3680.2
6/16/2023,Electrodes,Uro,202301,1019681,Axia Women's Health,,,,,20168648,90375092,Invoice,186,39.8,20,3720,3680.2
6/16/2023,Incontinence UPC Lead Sets,Uro,202301,1019623,Associated Medical Professionals of NY,,,,,20071533,90375087,Invoice,3175,209.4,5,15875,15665.6
6/16/2023,InjeTAK,Uro,202301,1019582,Luminis Health,,,,,20084315,90375082,Invoice,489,114,6,2934,2820
6/16/2023,InjeTAK,Uro,202301,1019668,Aurora Health *Consolidated* Use BP# 1020857,,,,,20083810,90375090,Invoice,326,87.4,4,1304,1216.6
6/16/2023,Other GI Supply Disposables,GI,202301,1019707,Baptist Healthcare System Inc,,,,,20168228,90375094,Invoice,220,63,100,22000,21937
6/16/2023,Other GI Supply Disposables,GI,202301,1019707,Baptist Healthcare System Inc,,,,,20168228,90375095,Invoice,220,63,100,22000,21937
6/16/2023,Spot Ex,GI,202301,1019576,Adventist Health,,,,,20166873,90375081,Invoice,380,33.6,10,3800,3766.4
6/16/2023,T-Doc Catheters,Uro,202301,1019609,Arkansas Children's Hospital,,,,,20084248,90375085,Invoice,0,28.9,10,0,-28.9
6/17/2023,EverLift,GI,202301,1019943,Central Maine Medical Center,,,,,20070592,90375120,Invoice,400,44.5,10,4000,3955.5
6/17/2023,Incontinence MPQ,Uro,202301,1019812,Bon Secours Mercy Health,,,,,20167042,90375109,Invoice,156,44.8,4,624,579.2
6/17/2023,InjeTAK,Uro,202301,1019709,Bronson Healthcare,,,,,20078135,90375097,Invoice,95,20.6,2,190,169.4
6/17/2023,InjeTAK,Uro,202301,1019728,Bay Care Clinic LLP,,,,,20163951,90375100,Invoice,652,152,8,5216,5064
6/17/2023,InjeTAK,Uro,202301,1019742,William Beaumont Health *Consolidated* Use BP# 1022361,,,,,20074869,90375101,Invoice,815,190,10,8150,7960
6/17/2023,InjeTAK,Uro,202301,1019835,Mass General Brigham,,,,,20068995,90375113,Invoice,1320,206,20,26400,26194
6/17/2023,InjeTAK,Uro,202301,1019853,Buffalo Medical Group,,,,,20081901,90375116,Invoice,978,228,12,11736,11508
6/17/2023,InjeTAK,Uro,202301,1019924,Crawford County Memorial Hospital,,,,,20080256,90375119,Invoice,125,20.6,2,250,229.4
6/17/2023,Other GI Supply Disposables,GI,202301,1019709,Bronson Healthcare,,,,,20192781,90375099,Invoice,220,63,100,22000,21937
6/17/2023,Portascan 3D,Uro,202301,1019961,Central Ohio Urology Group,,,,,20083346,90375121,Invoice,0,0,1,0,0
6/17/2023,RenovaRP Consumables,GI,202301,1019812,Bon Secours Mercy Health,,,,,20168348,90375107,Invoice,1290,600,120,154800,154200
6/17/2023,Spot Ex,GI,202301,1019812,Bon Secours Mercy Health,,,,,20194788,90375108,Invoice,380,33.6,10,3800,3766.4
6/17/2023,Spot Ex,GI,202301,1019835,Mass General Brigham,,,,,20194693,90375112,Invoice,760,67.2,20,15200,15132.8
6/17/2023,T-Doc Catheters,Uro,202301,1019880,MUSC (Health Univ Med Associates),,,,,20081913,90375117,Invoice,565,71.6,10,5650,5578.4
6/17/2023,T-Doc Catheters,Uro,202301,1019880,MUSC (Health Univ Med Associates),,,,,20081913,90375117,Invoice,445,37.2,10,4450,4412.8
6/17/2023,T-Doc Catheters,Uro,202301,1019880,MUSC (Health Univ Med Associates),,,,,20081913,90375117,Invoice,1140,86.7,30,34200,34113.3
6/17/2023,Tubing,Uro,202301,1019789,Brighter Health Network,,,,,20168236,90375103,Invoice,5770,420,250,1442500,1442080
6/18/2023,Other GI Equipment,GI,202301,1020062,Cincinnati Children's Hospital,,,,,20080047,90375136,Invoice,0,6.04,1,0,-6.04
6/18/2023,Other GI Supply Disposables,GI,202301,1020042,Christus Health,,,,,20070477,90375129,Invoice,194,69,100,19400,19331
6/18/2023,Other Uro Dx Equipment,Uro,202301,1020044,Children's Urology,,,,,20082405,90375131,Invoice,550,0,0,0,0
6/18/2023,Spot Ex,GI,202301,1019969,Sanford Health,,,,,20084039,90375122,Invoice,760,67.2,20,15200,15132.8
6/18/2023,Spot Ex,GI,202301,1020050,Atrium Health,,,,,20194127,90375133,Invoice,380,33.6,10,3800,3766.4
6/18/2023,T-Doc Catheters,Uro,202301,1020050,Atrium Health,,,,,20069771,90375132,Invoice,832,74.4,20,16640,16565.6
6/18/2023,T-Doc Catheters,Uro,202301,1020050,Atrium Health,,,,,20069771,90375132,Invoice,744,57.8,20,14880,14822.2
6/18/2023,T-Doc Catheters,Uro,202301,1020058,Seattle Children's Hospital,,,,,20082137,90375134,Invoice,2010,86.7,30,60300,60213.3
6/18/2023,T-Doc Catheters,Uro,202301,1020058,Seattle Children's Hospital,,,,,20082137,90375134,Invoice,2358,111.6,30,70740,70628.4
6/18/2023,Tubing,Uro,202301,1019986,Boston Children's Hospital,,,,,20083572,90375123,Invoice,518,69,50,25900,25831
6/18/2023,Tubing,Uro,202301,1019986,Boston Children's Hospital,,,,,20083572,90375123,Invoice,1154,84,50,57700,57616
6/18/2023,Tubing,Uro,202301,1020043,Children's Medical Center,,,,,20070571,90375130,Invoice,577,42,25,14425,14383
6/18/2023,Water Catheters,Uro,202301,1019986,Boston Children's Hospital,,,,,20083572,90375123,Invoice,566,75.4,20,11320,11244.6
6/19/2023,Electrodes,Uro,202301,1020159,United Urology Group,,,,,20084692,90375156,Invoice,790,199,100,79000,78801
6/19/2023,Endoscopy Sheaths,Uro,202301,1020064,City Of Hope,,,,,20164088,90375140,Invoice,868,225.2,20,17360,17134.8
6/19/2023,Incontinence UPC Lead Sets,Uro,202301,1020064,City Of Hope,,,,,20197308,90375141,Invoice,700,41.88,1,700,658.12
6/19/2023,Incontinence UPC Lead Sets,Uro,202301,1020159,United Urology Group,,,,,20166824,90375157,Invoice,6000,418.8,10,60000,59581.2
6/19/2023,InjeTAK,Uro,202301,1020259,Billings Clinic,,,,,20079148,90375159,Invoice,1860,456,24,44640,44184
6/19/2023,InjeTAK,Uro,202301,1020259,Billings Clinic,,,,,20166692,90375160,Invoice,163,38,2,326,288
6/19/2023,Other GI Supply Disposables,GI,202301,1020069,Indiana University Health,,,,,20081848,90375146,Invoice,226,133,100,22600,22467
6/19/2023,Other GI Supply Disposables,GI,202301,1020304,Desert Regional Medical Center,,,,,20193378,90375161,Invoice,194,69,100,19400,19331
6/19/2023,Spot Ex,GI,202301,1020069,Indiana University Health,,,,,20194238,90375144,Invoice,380,33.6,10,3800,3766.4
6/19/2023,Spot Ex,GI,202301,1020149,Columbia Memorial Hospital,,,,,20070767,90375150,Invoice,380,33.6,10,3800,3766.4
6/19/2023,Spot Ex,GI,202301,1020314,DuPage Medical Group,,,,,20193435,90375164,Invoice,1140,100.8,30,34200,34099.2
6/19/2023,Spot Ex,GI,202301,1020325,Northern Light Health,,,,,20072476,90375166,Invoice,690,67.2,20,13800,13732.8
6/19/2023,T-Doc Catheters,Uro,202301,1020225,Covina Valley Urologic Med. Group,,,,,20070326,90375158,Invoice,3930,186,50,196500,196314
6/19/2023,Tubing,Uro,202301,1020091,Community Memorial Hospital,,,,,20079030,90375148,Invoice,577,42,25,14425,14383
6/20/2023,InjeTAK,Uro,202301,1020356,El Camino Hospital M/S OAK210-Accounts Payable-V#0003032558,,,,,20069548,90375169,Invoice,264,41.2,4,1056,1014.8
6/20/2023,Optilume Strictures,Uro,202301,1020427,Fairview Health System,,,,,20073510,90375174,Invoice,0,402,2,0,-402
6/20/2023,Spot Ex,GI,202301,1020425,Fairfield Medical Center,,,,,20073543,90375173,Invoice,380,33.6,10,3800,3766.4
6/20/2023,Spot Ex,GI,202301,1020427,Fairview Health System,,,,,20070660,90375175,Invoice,380,33.6,10,3800,3766.4
6/20/2023,Spot Ex,GI,202301,1020460,Flagler Hospital Inc.,,,,,20193675,90375177,Invoice,380,33.6,10,3800,3766.4
6/20/2023,T-Doc Catheters,Uro,202301,1020358,NYC Health + Hospitals,,,,,20067757,90375170,Invoice,1290,86.7,30,38700,38613.3
6/21/2023,EverLift,GI,202301,1020577,Tidelands Health,,,,,20084810,90375189,Invoice,800,89,20,16000,15911
6/21/2023,Incontinence UPC Lead Sets,Uro,202301,1020509,Froedtert Health,,,,,20074272,90375183,Invoice,934,41.88,1,934,892.12
6/21/2023,Incontinence UPC Lead Sets,Uro,202301,1020509,Froedtert Health,,,,,20072695,90375184,Invoice,2802,125.64,3,8406,8280.36
6/21/2023,InjeTAK,Uro,202301,1020509,Froedtert Health,,,,,20072695,90375182,Invoice,163,38,2,326,288
6/21/2023,InjeTAK,Uro,202301,1020578,Georgia Urology,,,,,20197402,90375191,Invoice,218,76,4,872,796
6/21/2023,Optilume Strictures,Uro,202301,1020509,Froedtert Health,,,,,20074272,90375185,Invoice,4190,0,2,8380,8380
6/21/2023,RenovaRP Consumables,GI,202301,1020468,AdventHealth,,,,,20074481,90375178,Invoice,950,500,100,95000,94500
6/21/2023,RenovaRP Consumables,GI,202301,1020468,AdventHealth,,,,,20074481,90375178,Invoice,975,273.75,25,24375,24101.25
6/21/2023,Spot Ex,GI,202301,1020468,AdventHealth,,,,,20192462,90375179,Invoice,760,67.2,20,15200,15132.8
6/21/2023,T-Doc Catheters,Uro,202301,1020546,Avita Health System,,,,,20167627,90375186,Invoice,999,46.2,10,9990,9943.8
6/22/2023,InjeTAK,Uro,202301,1020597,Genesis Healthcare Partners,,,,,20080833,90375193,Invoice,740,190,10,7400,7210
6/22/2023,InjeTAK,Uro,202301,1020632,Prisma Health,,,,,20085020,90375199,Invoice,2640,473.6,40,105600,105126.4
6/22/2023,InjeTAK,Uro,202301,1020640,Gynecologic & Reconstructive Surgery Ltd,,,,,20079827,90375201,Invoice,1090,380,20,21800,21420
6/22/2023,InjeTAK,Uro,202301,1020656,Genesis Healthcare System,,,,,20079036,90375202,Invoice,465,114,6,2790,2676
6/22/2023,InjeTAK,Uro,202301,1020707,Hartford Health Care Corporation,,,,,20082684,90375204,Invoice,978,228,12,11736,11508
6/22/2023,InjeTAK,Uro,202301,1020743,Henry Ford Health System,,,,,20166984,90375207,Invoice,326,76,4,1304,1228
6/22/2023,InjeTAK,Uro,202301,1020743,Henry Ford Health System,,,,,20081287,90375208,Invoice,132,20.6,2,264,243.4
6/22/2023,Portascan 3D,Uro,202301,1020632,Prisma Health,,,,,20067646,90375200,Invoice,620,463.96,1,620,156.04
6/22/2023,RenovaRP Consumables,GI,202301,1020621,CHI - Common Spirit Health,,,,,20077522,90375195,Invoice,760,400,80,60800,60400
6/22/2023,RenovaRP Consumables,GI,202301,1020621,CHI - Common Spirit Health,,,,,20077522,90375195,Invoice,975,273.75,25,24375,24101.25
6/22/2023,RenovaRP Consumables,GI,202301,1020752,Memorial Hermann Health System,,,,,20194087,90375211,Invoice,1890,328.5,30,56700,56371.5
6/22/2023,Spot Ex,GI,202301,1020716,Hackensack Meridian Health,,,,,20163938,90375205,Invoice,690,67.2,20,13800,13732.8
6/22/2023,T-Doc Catheters,Uro,202301,1020743,Henry Ford Health System,,,,,20074516,90375206,Invoice,670,28.9,10,6700,6671.1
6/22/2023,T-Doc Catheters,Uro,202301,1020767,Dartmouth Health,,,,,20077345,90375215,Invoice,999,71.6,10,9990,9918.4
6/22/2023,Tubing,Uro,202301,1020752,Memorial Hermann Health System,,,,,20074788,90375210,Invoice,431,42,25,10775,10733
6/22/2023,Tubing,Uro,202301,1020767,Dartmouth Health,,,,,20072828,90375214,Invoice,577,42,25,14425,14383
6/23/2023,InjeTAK,Uro,202301,1020820,Haywood Regional Medical Center,,,,,20081229,90375217,Invoice,326,76,4,1304,1228
6/23/2023,InjeTAK,Uro,202301,1020838,Henry County Hospital,,,,,20079684,90375219,Invoice,132,20.6,2,264,243.4
6/23/2023,InjeTAK,Uro,202301,1020857,Advocate Health,,,,,20085025,90375221,Invoice,2640,473.6,40,105600,105126.4
6/23/2023,InjeTAK,Uro,202301,1020971,Kaiser Health Plan Asset Mgmt,,,,,20072576,90375232,Invoice,109,38,2,218,180
6/23/2023,Other Uro Dx Equipment,Uro,202301,1020881,Mount Sinai: Icahn School of Medicine,,,,,20082211,90375223,Invoice,0,43.08,1,0,-43.08
6/23/2023,Portascan 3D,Uro,202301,1020970,Kansas City Urology Care PA,,,,,20068730,90375229,Invoice,0,1320,1,0,-1320
6/23/2023,Portascan 3D,Uro,202301,1020970,Kansas City Urology Care PA,,,,,20068730,90375230,Invoice,0,1500,1,0,-1500
6/23/2023,RenovaRP Consumables,GI,202301,1020816,HealthPartners,,,,,20078018,90375216,Invoice,6300,1095,100,630000,628905
6/23/2023,RenovaRP Consumables,GI,202301,1020816,HealthPartners,,,,,20078018,90375216,Invoice,950,500,100,95000,94500
6/23/2023,RenovaRP Consumables,GI,202301,1020971,Kaiser Health Plan Asset Mgmt,,,,,20070206,90375238,Invoice,740,400,80,59200,58800
6/23/2023,RenovaRP Consumables,GI,202301,1020971,Kaiser Health Plan Asset Mgmt,,,,,20072678,90375241,Invoice,555,300,60,33300,33000
6/23/2023,Spot Ex,GI,202301,1020921,1000-St. Joseph Health System *Consolidated* Use BP# 1021928,,,,,20194751,90375225,Invoice,360,33.6,10,3600,3566.4
6/23/2023,T-Doc Catheters,Uro,202301,1020971,Kaiser Health Plan Asset Mgmt,,,,,20069831,90375231,Invoice,802,74.4,20,16040,15965.6
6/23/2023,T-Doc Catheters,Uro,202301,1020971,Kaiser Health Plan Asset Mgmt,,,,,20071414,90375233,Invoice,342,28.9,10,3420,3391.1
6/23/2023,Tubing,Uro,202301,1020971,Kaiser Health Plan Asset Mgmt,,,,,20167700,90375239,Invoice,341,42,25,8525,8483
6/23/2023,Tubing,Uro,202301,1020971,Kaiser Health Plan Asset Mgmt,,,,,20074817,90375240,Invoice,682,84,50,34100,34016
6/24/2023,Electrodes,Uro,202301,1021016,Knox Community Hospital,,,,,20197060,90375249,Invoice,558,119.4,60,33480,33360.6
6/24/2023,Endoscopy Sheaths,Uro,202301,1020973,Hawaii Pacific: Kauai Clinic & Wilcox,,,,,20083709,90375245,Invoice,1857,337.8,30,55710,55372.2
6/24/2023,Endoscopy Sheaths,Uro,202301,1021127,Lowcountry Urology Clinics PA,,,,,20075311,90375254,Invoice,2280,682.2,60,136800,136117.8
6/24/2023,Incontinence UPC Lead Sets,Uro,202301,1020971,Kaiser Health Plan Asset Mgmt,,,,,20069791,90375243,Invoice,4968,376.92,9,44712,44335.08
6/24/2023,Other Uro Dx Disposables,Uro,202301,1021025,Kumar Surgical Center,,,,,20079592,90375250,Invoice,29,2.15,5,145,142.85
6/24/2023,Portascan 3D,Uro,202301,1021118,Lee Memorial Health System,,,,,20074551,90375253,Invoice,0,61.26,1,0,-61.26
6/24/2023,RenovaRP Consumables,GI,202301,1020992,Kettering Health,,,,,20072984,90375247,Invoice,925,500,100,92500,92000
6/24/2023,RenovaRP Consumables,GI,202301,1020992,Kettering Health,,,,,20072984,90375247,Invoice,1125,273.75,25,28125,27851.25
6/24/2023,Spot Ex,GI,202301,1021118,Lee Memorial Health System,,,,,20079886,90375252,Invoice,345,33.6,10,3450,3416.4
6/24/2023,T-Doc Catheters,Uro,202301,1020999,King's Daughters Medical Center,,,,,20069143,90375248,Invoice,670,28.9,10,6700,6671.1
6/24/2023,T-Doc Catheters,Uro,202301,1020999,King's Daughters Medical Center,,,,,20069143,90375248,Invoice,786,37.2,10,7860,7822.8
6/24/2023,T-Doc Catheters,Uro,202301,1021025,Kumar Surgical Center,,,,,20079592,90375250,Invoice,1736,143.2,20,34720,34576.8
6/25/2023,InjeTAK,Uro,202301,1021169,Mainehealth,,,,,20079149,90375257,Invoice,163,38,2,326,288
6/25/2023,Other GI Supply Disposables,GI,202301,1021220,McLaren Health Care Corp.,,,,,20195306,90375266,Invoice,59,16.25,25,1475,1458.75
6/25/2023,Portascan 3D,Uro,202301,1021168,Manchester Urology Assoc.,,,,,20083541,90375256,Invoice,0,1500,1,0,-1500
6/25/2023,Portascan 3D,Uro,202301,1021190,Mayo Clinic,,,,,20068361,90375260,Invoice,0,97.41,3,0,-97.41
6/25/2023,Portascan 3D,Uro,202301,1021254,MetroHealth System,,,,,20066996,90375268,Invoice,2800,1500,1,2800,1300
6/25/2023,RenovaRP Consumables,GI,202301,1021169,Mainehealth,,,,,20083708,90375258,Invoice,220,100,20,4400,4300
6/25/2023,RenovaRP Consumables,GI,202301,1021169,Mainehealth,,,,,20083708,90375258,Invoice,620,109.5,10,6200,6090.5
6/25/2023,RenovaRP Consumables,GI,202301,1021260,Methodist Le Bonheur Healthcare,,,,,20084775,90375269,Invoice,860,400,80,68800,68400
6/25/2023,Spot Ex,GI,202301,1021177,Maimonides Medical Center,,,,,20083888,90375259,Invoice,380,33.6,10,3800,3766.4
6/25/2023,Spot Ex,GI,202301,1021245,New York Presbyterian Methodist,,,,,20168465,90375267,Invoice,380,33.6,10,3800,3766.4
6/25/2023,T-Doc Catheters,Uro,202301,1021301,HCA Mission Health Hospital *11.22.24 CONSOLIDATED 1114774*,1114774,,,,20170555,90375262,Invoice,3790,289,100,379000,378711
6/25/2023,UDS Other Service & Repairs,Uro,202301,1021254,MetroHealth System,,,,,20066996,90375268,Invoice,168,80,1,168,88
6/26/2023,EverLift,GI,202301,1021266,Mercy Medical Center,,,,,20078681,90375271,Invoice,380,44.5,10,3800,3755.5
6/26/2023,InjeTAK,Uro,202301,1021270,Meriter Hospital Inc.,,,,,20083859,90375272,Invoice,264,41.2,4,1056,1014.8
6/26/2023,InjeTAK,Uro,202301,1021353,Mitchell County Hospital Health Sys,,,,,20078506,90375280,Invoice,264,41.2,4,1056,1014.8
6/26/2023,InjeTAK,Uro,202301,1021487,Mary Washington Healthcare,,,,,20077926,90375285,Invoice,132,20.6,2,264,243.4
6/26/2023,Optilume Strictures,Uro,202301,1021407,Mount Sinai Medical Center,,,,,20076264,90375282,Invoice,0,448.8,0,0,-448.8
6/26/2023,Optilume Strictures,Uro,202301,1021478,MultiCare Health System,,,,,20163910,90375284,Invoice,0,71.68,0,0,-71.68
6/26/2023,Other Uro Dx Equipment,Uro,202301,1021489,Minnesota Women's Care,,,,,20167906,90375287,Invoice,0,7.74,1,0,-7.74
6/26/2023,RenovaRP Consumables,GI,202301,1021260,Methodist Le Bonheur Healthcare,,,,,20084775,90375269,Invoice,2500,1005.5,25,62500,61494.5
6/26/2023,RenovaRP Consumables,GI,202301,1021288,Sky Lakes Medical Center,,,,,20074092,90375276,Invoice,315,54.75,5,1575,1520.25
6/26/2023,Spot Ex,GI,202301,1021327,Penn State Health,,,,,20194169,90375277,Invoice,380,33.6,10,3800,3766.4
6/26/2023,Spot Ex,GI,202301,1021487,Mary Washington Healthcare,,,,,20077182,90375286,Invoice,720,67.2,20,14400,14332.8
6/26/2023,Spot Ex,GI,202301,1021515,Northwest Community Healthcare **CONSOLIDATED use 1020365*,1020365,,,,20074198,90375289,Invoice,380,33.6,10,3800,3766.4
6/26/2023,T-Doc Catheters,Uro,202301,1021338,MS Urology Clinic,,,,,20082938,90375279,Invoice,11616,974.6,110,1277760,1276785.4
6/26/2023,T-Doc Catheters,Uro,202301,1021338,MS Urology Clinic,,,,,20082938,90375279,Invoice,8710,375.7,130,1132300,1131924.3
6/26/2023,Urostym,Uro,202301,1021489,Minnesota Women's Care,,,,,20167906,90375287,Invoice,0,4.95,1,0,-4.95
6/27/2023,Electrodes,Uro,202301,1021537,Comprehensive Urology Institute,,,,,20068782,90375291,Invoice,148,32.4,40,5920,5887.6
6/27/2023,Electrodes,Uro,202301,1021591,Northwell Health,,,,,20156432,90375296,Invoice,279,59.7,30,8370,8310.3
6/27/2023,EverLift,GI,202301,1021591,Northwell Health,,,,,20195100,90375297,Invoice,360,44.5,10,3600,3555.5
6/27/2023,InjeTAK,Uro,202301,1021590,Novant Health Inc.,,,,,20067437,90375293,Invoice,819,144.2,14,11466,11321.8
6/27/2023,InjeTAK,Uro,202301,1021590,Novant Health Inc.,,,,,20071317,90375294,Invoice,117,20.6,2,234,213.4
6/27/2023,RenovaRP Consumables,GI,202301,1021590,Novant Health Inc.,,,,,20081526,90375295,Invoice,220,100,20,4400,4300
6/27/2023,T-Doc Catheters,Uro,202301,1021536,New York Presbyterian Hospital,,,,,20083623,90375290,Invoice,670,28.9,10,6700,6671.1
6/27/2023,T-Doc Catheters,Uro,202301,1021536,New York Presbyterian Hospital,,,,,20083623,90375290,Invoice,999,46.2,10,9990,9943.8
6/27/2023,T-Doc Catheters,Uro,202301,1021596,Northside Hospital,,,,,20083574,90375301,Invoice,1340,57.8,20,26800,26742.2
6/27/2023,T-Doc Catheters,Uro,202301,1021596,Northside Hospital,,,,,20083574,90375301,Invoice,1572,74.4,20,31440,31365.6
6/28/2023,Electrodes,Uro,202301,1021597,Northwest Iowa Urologists,,,,,20077355,90375304,Invoice,93,19.9,10,930,910.1
6/28/2023,InjeTAK,Uro,202301,1021600,Northwestern Medicine,,,,,20081115,90375306,Invoice,132,20.6,2,264,243.4
6/28/2023,InjeTAK,Uro,202301,1021600,Northwestern Medicine,,,,,20168363,90375307,Invoice,163,38,2,326,288
6/28/2023,InjeTAK,Uro,202301,1021643,North State Surgery Center,,,,,20068102,90375315,Invoice,132,20.6,2,264,243.4
6/28/2023,InjeTAK,Uro,202301,1021647,Northeast Urologic Surgery PC,,,,,20072907,90375316,Invoice,815,190,10,8150,7960
6/28/2023,InjeTAK,Uro,202301,1021662,NYU School of Medicine,,,,,20167836,90375317,Invoice,5280,824,80,422400,421576
6/28/2023,Other Uro Dx Equipment,Uro,202301,1021596,Northside Hospital,,,,,20163889,90375303,Invoice,0,700.38,1,0,-700.38
6/28/2023,RenovaRP Consumables,GI,202301,1021629,VA- North Port,,,,,20066990,90375310,Invoice,440,200,40,17600,17400
6/28/2023,RenovaRP Consumables,GI,202301,1021629,VA- North Port,,,,,20066990,90375310,Invoice,1000,402.2,10,10000,9597.8
6/28/2023,Spot Ex,GI,202301,1021632,AMSURG,,,,,20192929,90375311,Invoice,345,33.6,10,3450,3416.4
6/28/2023,Spot Ex,GI,202301,1021632,AMSURG,,,,,20193477,90375312,Invoice,345,33.6,10,3450,3416.4
6/28/2023,Tubing,Uro,202301,1021690,OB/GYN Associates of Hampton,,,,,20170622,90375319,Invoice,577,42,25,14425,14383
6/29/2023,Incontinence UPC Lead Sets,Uro,202301,1021829,PeaceHealth Shared Services,,,,,20163570,90375337,Invoice,1868,83.76,2,3736,3652.24
6/29/2023,InjeTAK,Uro,202301,1021699,Ohio Health,,,,,20067103,90375320,Invoice,163,38,2,326,288
6/29/2023,InjeTAK,Uro,202301,1021708,Olmsted Medical Center,,,,,20080614,90375323,Invoice,132,20.6,2,264,243.4
6/29/2023,InjeTAK,Uro,202301,1021787,Palo Alto Medical Foundation Health Care Division V# 33010,,,,,20074146,90375334,Invoice,264,41.2,4,1056,1014.8
6/29/2023,Other GI Supply Disposables,GI,202301,1021779,Park Nicollet Health Services **CONSOLIDATED use 1020816*,1020816,,,,20077839,90375333,Invoice,220,63,100,22000,21937
6/29/2023,Spot Ex,GI,202301,1021700,Overlake Hospital,,,,,20073674,90375322,Invoice,380,33.6,10,3800,3766.4
6/29/2023,Spot Ex,GI,202301,1021766,University of Pennsylvania Health,,,,,20196338,90375327,Invoice,760,67.2,20,15200,15132.8
6/29/2023,Spot Ex,GI,202301,1021775,Piedmont Healthcare,,,,,20170471,90375331,Invoice,380,33.6,10,3800,3766.4
6/29/2023,Tubing,Uro,202301,1021848,Phoenix Childrens Hospital,,,,,20083669,90375338,Invoice,518,69,50,25900,25831
6/30/2023,Incontinence MPQ,Uro,202301,1022115,Hospital Sisters Health System,,,,,20083800,90375358,Invoice,1414,84.12,2,2828,2743.88
6/30/2023,InjeTAK,Uro,202301,1021886,The Polyclinic,,,,,20067923,90375340,Invoice,1467,342,18,26406,26064
6/30/2023,InjeTAK,Uro,202301,1021925,Intermountain Healthcare,,,,,20083214,90375344,Invoice,444,114,6,2664,2550
6/30/2023,InjeTAK,Uro,202301,1021928,Providence Health & Services,,,,,20083796,90375346,Invoice,1200,380,20,24000,23620
6/30/2023,InjeTAK,Uro,202301,1021928,Providence Health & Services,,,,,20069101,90375352,Invoice,120,38,2,240,202
6/30/2023,RenovaRP Consumables,GI,202301,1022138,Santa Clara Valley Health & Hosp,,,,,20195930,90375363,Invoice,1900,804.4,20,38000,37195.6
6/30/2023,RenovaRP Consumables,GI,202301,1022160,Baylor Scott & White Health,,,,,20072756,90375365,Invoice,700,219,20,14000,13781
6/30/2023,Spot Ex,GI,202301,1021928,Providence Health & Services,,,,,20078431,90375347,Invoice,360,33.6,10,3600,3566.4
6/30/2023,Spot Ex,GI,202301,1021928,Providence Health & Services,,,,,20074194,90375349,Invoice,380,33.6,10,3800,3766.4
6/30/2023,T-Doc Catheters,Uro,202301,1021896,Premier Medical Group,,,,,20084761,90375342,Invoice,4020,173.4,60,241200,241026.6
6/30/2023,Tubing,Uro,202301,1021848,Phoenix Childrens Hospital,,,,,20083669,90375338,Invoice,1154,84,50,57700,57616
6/30/2023,Tubing,Uro,202301,1022089,RUSH University Medical Center,,,,,20067015,90375356,Invoice,958,84,50,47900,47816
6/30/2023,Water Catheters,Uro,202301,1021848,Phoenix Childrens Hospital,,,,,20083669,90375338,Invoice,566,71.2,20,11320,11248.8
6/30/2023,Water Catheters,Uro,202301,1021848,Phoenix Childrens Hospital,,,,,20083669,90375338,Invoice,382,71.8,20,7640,7568.2
7/1/2023,Electrodes,Uro,202301,1022236,Scripps Health,,,,,20164194,90375376,Invoice,88,19.9,10,880,860.1
7/1/2023,Incontinence UPC Lead Sets,Uro,202301,1022273,San Luis Valley Health,,,,,20197003,90375381,Invoice,934,41.88,1,934,892.12
7/1/2023,Incontinence UPC Lead Sets,Uro,202301,1022400,Trinity Health,,,,,20167666,90375395,Invoice,4670,209.4,5,23350,23140.6
7/1/2023,InjeTAK,Uro,202301,1022188,Sentara Healthcare,,,,,20068013,90375373,Invoice,132,20.6,2,264,243.4
7/1/2023,InjeTAK,Uro,202301,1022280,Village Practice Management Company,,,,,20082493,90375384,Invoice,96,38,2,192,154
7/1/2023,InjeTAK,Uro,202301,1022290,SSM Health Wisconsin Inc,,,,,20166265,90375386,Invoice,132,20.6,2,264,243.4
7/1/2023,InjeTAK,Uro,202301,1022400,Trinity Health,,,,,1022400,90375392,Invoice,326,76,4,1304,1228
7/1/2023,RenovaRP Consumables,GI,202301,1022160,Baylor Scott & White Health,,,,,20084139,90375367,Invoice,4500,2413.2,60,270000,267586.8
7/1/2023,RenovaRP Consumables,GI,202301,1022188,Sentara Healthcare,,,,,20073916,90375374,Invoice,990,402.2,10,9900,9497.8
7/1/2023,RenovaRP Consumables,GI,202301,1022366,St Peters Health,,,,,20168543,90375391,Invoice,1100,500,100,110000,109500
7/1/2023,Spot Ex,GI,202301,1022188,Sentara Healthcare,,,,,20068013,90375371,Invoice,400,33.6,10,4000,3966.4
7/1/2023,Spot Ex,GI,202301,1022400,Trinity Health,,,,,20195599,90375393,Invoice,345,33.6,10,3450,3416.4
7/1/2023,T-Doc Catheters,Uro,202301,1022350,Spartanburg Regional Healthcare System,,,,,20084282,90375388,Invoice,1340,57.8,20,26800,26742.2
7/1/2023,UDS Other Service & Repairs,Uro,202301,1022400,Trinity Health,,,,,20168824,90375394,Invoice,0,17.53,0,0,-17.53
7/1/2023,UDS Other Service & Repairs,Uro,202301,1022400,Trinity Health,,,,,20168824,90375394,Invoice,0,81.49,0,0,-81.49
7/2/2023,Electrodes,Uro,202301,1022444,Mercy Health,,,,,20074288,90375410,Invoice,93,19.9,10,930,910.1
7/2/2023,Endoscopy Parts & Accessories,Uro,202301,1022439,Urology of St Louis,,,,,20084321,90375404,Invoice,700.05,498.76,1,700.05,201.29
7/2/2023,Endoscopy Sheaths,Uro,202301,1022439,Urology of St Louis,,,,,20168586,90375405,Invoice,2220,682.2,60,133200,132517.8
7/2/2023,EverLift,GI,202301,1022435,St. Lukes Hospital,,,,,20076162,90375403,Invoice,800,89,20,16000,15911
7/2/2023,EverLift,GI,202301,1022444,Mercy Health,,,,,20074144,90375407,Invoice,1440,181.8,20,28800,28618.2
7/2/2023,InjeTAK,Uro,202301,1022444,Mercy Health,,,,,20069398,90375409,Invoice,489,114,6,2934,2820
7/2/2023,InjeTAK,Uro,202301,1022454,CommonSpirit Mountain Region,,,,,20080668,90375413,Invoice,163,38,2,326,288
7/2/2023,InjeTAK,Uro,202301,1022456,St Lukes Health System,,,,,20082258,90375415,Invoice,396,61.8,6,2376,2314.2
7/2/2023,InjeTAK,Uro,202301,1022459,Franciscan Alliance Inc,,,,,20080883,90375416,Invoice,264,41.2,4,1056,1014.8
7/2/2023,RenovaRP Consumables,GI,202301,1022400,Trinity Health,,,,,20168178,90375396,Invoice,1000,500,100,100000,99500
7/2/2023,RenovaRP Consumables,GI,202301,1022400,Trinity Health,,,,,20168178,90375396,Invoice,2975,1407.7,35,104125,102717.3
7/2/2023,T-Doc Catheters,Uro,202301,1022444,Mercy Health,,,,,20074808,90375408,Invoice,1340,57.8,20,26800,26742.2
7/3/2023,Electrodes,Uro,202301,1022459,Franciscan Alliance Inc,,,,,20073603,90375418,Invoice,186,39.8,20,3720,3680.2
7/3/2023,Endoscopy Sheaths,Uro,202301,1022467,Stony Brook Med: Clinical Practice Mgmt,,,,,20067574,90375420,Invoice,7020,2252,200,1404000,1401748
7/3/2023,InjeTAK,Uro,202301,1022487,Sutter Health System Office,,,,,20067624,90375423,Invoice,660,103,10,6600,6497
7/3/2023,InjeTAK,Uro,202301,1022527,HCA Houston Healthcare Tomball,,,,,20077339,90375429,Invoice,792,123.6,12,9504,9380.4
7/3/2023,InjeTAK,Uro,202301,1022572,Cleveland Clinic Health,,,,,20081390,90375431,Invoice,1090,380,20,21800,21420
7/3/2023,Optilume Strictures,Uro,202301,1022487,Sutter Health System Office,,,,,20070977,90375426,Invoice,2095,0,1,2095,2095
7/3/2023,Optilume Strictures,Uro,202301,1022487,Sutter Health System Office,,,,,20070977,90375426,Invoice,0,201,0,0,-201
7/3/2023,Other Uro Dx Disposables,Uro,202301,1022522,University of Louisville Physicians,,,,,20197350,90375428,Invoice,0,24.33,1,0,-24.33
7/3/2023,Other Uro Tx Disposables,Uro,202301,1022567,Jefferson Health,,,,,20084070,90375430,Invoice,582,175.04,8,4656,4480.96
7/3/2023,RenovaRP Consumables,GI,202301,1022572,Cleveland Clinic Health,,,,,20192935,90375432,Invoice,390,109.5,10,3900,3790.5
7/3/2023,Spot Ex,GI,202301,1022459,Franciscan Alliance Inc,,,,,20195787,90375417,Invoice,345,33.6,10,3450,3416.4
7/3/2023,T-Doc Catheters,Uro,202301,1022522,University of Louisville Physicians,,,,,20197350,90375428,Invoice,0,387.4,10,0,-387.4
7/4/2023,Endoscopy Sheaths,Uro,202301,1022572,Cleveland Clinic Health,,,,,20083843,90375437,Invoice,2700,682.2,60,162000,161317.8
7/4/2023,Flowstar,Uro,202301,1022635,Tripler Army Medical Center,,,,,20072901,90375448,Invoice,0,58,1,0,-58
7/4/2023,InjeTAK,Uro,202301,1022611,LCMC: Touro Infirmary,,,,,20163434,90375441,Invoice,792,123.6,12,9504,9380.4
7/4/2023,InjeTAK,Uro,202301,1022633,Tri Valley Urology,,,,,20197420,90375445,Invoice,310,76,4,1240,1164
7/4/2023,Other GI Supply Disposables,GI,202301,1022713,Ascension Health Ministry Service C,,,,,20068281,90375454,Invoice,194,69,100,19400,19331
7/4/2023,RenovaRP Consumables,GI,202301,1022572,Cleveland Clinic Health,,,,,20068528,90375435,Invoice,1440,800,160,230400,229600
7/4/2023,RenovaRP Consumables,GI,202301,1022644,Tulane Medical Center *CONSOLIDATED use 1020331*,1020331,,,,20084160,90375450,Invoice,380,200,40,15200,15000
7/4/2023,Spot Ex,GI,202301,1022584,Texas Health Resources,,,,,20167526,90375440,Invoice,380,33.6,10,3800,3766.4
7/4/2023,Spot Ex,GI,202301,1022713,Ascension Health Ministry Service C,,,,,20167658,90375453,Invoice,380,33.6,10,3800,3766.4
7/4/2023,Spot Ex,GI,202301,1022713,Ascension Health Ministry Service C,,,,,20195917,90375458,Invoice,380,33.6,10,3800,3766.4
7/4/2023,T-Doc Catheters,Uro,202301,1022614,The Toledo Clinic Inc.,,,,,20082955,90375442,Invoice,2748,184.8,40,109920,109735.2
7/4/2023,T-Doc Catheters,Uro,202301,1022633,Tri Valley Urology,,,,,20075282,90375446,Invoice,3415,186,50,170750,170564
7/4/2023,Tubing,Uro,202301,1022572,Cleveland Clinic Health,,,,,20073565,90375434,Invoice,670,84,50,33500,33416
7/5/2023,EverLift,GI,202301,1022815,University of Miami Health,,,,,20083858,90375469,Invoice,700,90.9,10,7000,6909.1
7/5/2023,InjeTAK,Uro,202301,1022742,Ochsner LSU Health Shreveport,,,,,20171242,90375459,Invoice,224,76,4,896,820
7/5/2023,InjeTAK,Uro,202301,1022742,Ochsner LSU Health Shreveport,,,,,20171242,90375461,Invoice,560,190,10,5600,5410
7/5/2023,Other GI Supply Disposables,GI,202301,1022742,Ochsner LSU Health Shreveport,,,,,20074302,90375460,Invoice,485,172.5,250,121250,121077.5
7/5/2023,RenovaRP Consumables,GI,202301,1022746,UHS of Delaware Inc. *Consolidated* USe BP# 1022361,,,,,20197496,90375462,Invoice,205,100,20,4100,4000
7/5/2023,RenovaRP Consumables,GI,202301,1022795,United Health Services Hospitals,,,,,20083718,90375464,Invoice,860,400,80,68800,68400
7/5/2023,RenovaRP Consumables,GI,202301,1022795,United Health Services Hospitals,,,,,20083718,90375464,Invoice,630,109.5,10,6300,6190.5
7/5/2023,RenovaRP Consumables,GI,202301,1022822,University Hospitals Health System,,,,,20195537,90375472,Invoice,450,109.5,10,4500,4390.5
7/5/2023,RenovaRP pump,GI,202301,1022746,UHS of Delaware Inc. *Consolidated* USe BP# 1022361,,,,,20197496,90375462,Invoice,2495,2375.12,1,2495,119.88
7/5/2023,Spot Ex,GI,202301,1022822,University Hospitals Health System,,,,,20080337,90375471,Invoice,345,33.6,10,3450,3416.4
7/5/2023,Tubing,Uro,202301,1022806,West Virgina University Medicine,,,,,20083308,90375468,Invoice,1154,84,50,57700,57616
7/5/2023,Tubing,Uro,202301,1022818,USF Health (UMSA/MSSC),,,,,20071180,90375470,Invoice,1154,84,50,57700,57616
7/5/2023,UDS Other Service & Repairs,Uro,202301,1022822,University Hospitals Health System,,,,,20077921,90375473,Invoice,463.95,0,0,0,0
7/5/2023,UDS Other Service & Repairs,Uro,202301,1022822,University Hospitals Health System,,,,,20077921,90375473,Invoice,300,0,0,0,0
7/6/2023,Electrodes,Uro,202301,1022830,The University of Iowa,,,,,20071627,90375484,Invoice,88,19.9,10,880,860.1
7/6/2023,EverLift,GI,202301,1022826,University of Rochester,,,,,20196342,90375474,Invoice,720,90.9,10,7200,7109.1
7/6/2023,RenovaRP Consumables,GI,202301,1022829,UPMC Health System,,,,,20168431,90375480,Invoice,555,300,60,33300,33000
7/6/2023,RenovaRP Consumables,GI,202301,1022829,UPMC Health System,,,,,20170347,90375481,Invoice,1850,1000,200,370000,369000
7/6/2023,Spot Ex,GI,202301,1022829,UPMC Health System,,,,,20112453,90375482,Invoice,345,33.6,10,3450,3416.4
7/6/2023,T-Doc Catheters,Uro,202301,1022827,U-M University of Michigan Hospital,,,,,20072486,90375476,Invoice,2680,115.6,40,107200,107084.4
7/6/2023,T-Doc Catheters,Uro,202301,1022827,U-M University of Michigan Hospital,,,,,20072486,90375476,Invoice,4224,354.4,40,168960,168605.6
7/6/2023,T-Doc Catheters,Uro,202301,1022829,UPMC Health System,,,,,20078842,90375478,Invoice,1764,173.4,60,105840,105666.6
7/6/2023,Tubing,Uro,202301,1022827,U-M University of Michigan Hospital,,,,,20074797,90375475,Invoice,422,42,25,10550,10508
7/7/2023,Electrodes,Uro,202301,1022885,Urology Partners of North Texas,,,,,20196731,90375488,Invoice,3520,796,400,1408000,1407204
7/7/2023,InjeTAK,Uro,202301,1022838,University of Kansas Health System,,,,,20083693,90375487,Invoice,440,103,10,4400,4297
7/7/2023,InjeTAK,Uro,202301,1022954,GenesisCare,,,,,20081064,90375491,Invoice,196,76,4,784,708
7/7/2023,InjeTAK,Uro,202301,1022958,"Urology Centers of Alabama, PC",,,,,20082688,90375495,Invoice,815,190,10,8150,7960
7/7/2023,InjeTAK,Uro,202301,1022976,Urologic Consultants PC,,,,,20068283,90375496,Invoice,815,190,10,8150,7960
7/7/2023,InjeTAK,Uro,202301,1023042,Urology Associates of the Central Coast,,,,,20081461,90375500,Invoice,310,76,4,1240,1164
7/7/2023,InjeTAK,Uro,202301,1023080,UT Physicians,,,,,20071752,90375503,Invoice,528,82.4,8,4224,4141.6
7/7/2023,Portascan 3D,Uro,202301,1022954,GenesisCare,,,,,20164293,90375493,Invoice,0,1320,1,0,-1320
7/7/2023,RenovaRP Consumables,GI,202301,1022830,The University of Iowa,,,,,20072587,90375485,Invoice,2100,706.2,30,63000,62293.8
7/7/2023,T-Doc Catheters,Uro,202301,1022833,UW Health,,,,,20078378,90375486,Invoice,9990,716,100,999000,998284
7/7/2023,T-Doc Catheters,Uro,202301,1022980,Urology Associates,,,,,20081185,90375497,Invoice,6830,372,100,683000,682628
7/7/2023,T-Doc Catheters,Uro,202301,1022980,Urology Associates,,,,,20081185,90375497,Invoice,1736,143.2,20,34720,34576.8
7/7/2023,Tubing,Uro,202301,1022908,Urology for Children LLC,,,,,20197309,90375489,Invoice,577,42,25,14425,14383
7/8/2023,InjeTAK,Uro,202301,1023204,VA Loma Linda Health Care,,,,,20068249,90375512,Invoice,978,228,12,11736,11508
7/8/2023,InjeTAK,Uro,202301,1023210,The Vancouver Clinic Inc. PS,,,,,20165567,90375514,Invoice,0,38,2,0,-38
7/8/2023,InjeTAK,Uro,202301,1023237,VCU Health System,,,,,20170641,90375518,Invoice,652,152,8,5216,5064
7/8/2023,InjeTAK,Uro,202301,1023239,Virginia Mason Medical Center,,,,,20075010,90375519,Invoice,132,20.6,2,264,243.4
7/8/2023,Optilume Strictures,Uro,202301,1023139,VA Hospital(Lake CityFL) **CONSOLIDATED USE 1023131**,1023131,,,,20079635,90375508,Invoice,4190,0,2,8380,8380
7/8/2023,Optilume Strictures,Uro,202301,1023139,VA Hospital(Lake CityFL) **CONSOLIDATED USE 1023131**,1023131,,,,20079635,90375508,Invoice,0,402,0,0,-402
7/8/2023,Optilume Strictures,Uro,202301,1023139,VA Hospital(Lake CityFL) **CONSOLIDATED USE 1023131**,1023131,,,,20079635,90375508,Invoice,4190,0,2,8380,8380
7/8/2023,Optilume Strictures,Uro,202301,1023139,VA Hospital(Lake CityFL) **CONSOLIDATED USE 1023131**,1023131,,,,20079635,90375508,Invoice,0,402,0,0,-402
7/8/2023,Spot Ex,GI,202301,1023125,VA Iowa City Health Care,,,,,20072736,90375505,Invoice,760,67.2,20,15200,15132.8
7/8/2023,T-Doc Catheters,Uro,202301,1023237,VCU Health System,,,,,20081700,90375517,Invoice,1998,143.2,20,39960,39816.8
7/8/2023,Tubing,Uro,202301,1023267,Aspirus Health,,,,,20084120,90375520,Invoice,1154,84,50,57700,57616
7/9/2023,InjeTAK,Uro,202301,1023311,Allegheny Health Network,,,,,20076800,90375524,Invoice,396,61.8,6,2376,2314.2
7/9/2023,InjeTAK,Uro,202301,1023470,VHC Health Physicians Group,,,,,20077115,90375528,Invoice,326,76,4,1304,1228
7/9/2023,InjeTAK,Uro,202301,1023477,Yale New Haven Health,,,,,20084385,90375529,Invoice,163,38,2,326,288
7/9/2023,InjeTAK,Uro,202301,1023491,WellSpan Health,,,,,20171035,90375531,Invoice,1320,206,20,26400,26194
7/9/2023,RenovaRP Consumables,GI,202301,1023319,West Palm Beach Veterans Medical Center,,,,,20075670,90375526,Invoice,860,400,80,68800,68400
7/9/2023,RenovaRP Consumables,GI,202301,1023491,WellSpan Health,,,,,20082758,90375533,Invoice,315,54.75,5,1575,1520.25
7/9/2023,T-Doc Catheters,Uro,202301,1023303,VA Greater Los Angeles Health Care,,,,,20074435,90375521,Invoice,2112,177.2,20,42240,42062.8
7/9/2023,T-Doc Catheters,Uro,202301,1023303,VA Greater Los Angeles Health Care,,,,,20074435,90375521,Invoice,1340,57.8,20,26800,26742.2
7/9/2023,T-Doc Catheters,Uro,202301,1023470,VHC Health Physicians Group,,,,,20077115,90375528,Invoice,860,57.8,20,17200,17142.2
7/9/2023,Tubing,Uro,202301,1023452,VASS(Wright-Patterson AFBOH),,,,,20071424,90375527,Invoice,577,42,25,14425,14383
7/10/2023,Electrodes,Uro,202301,1024769,Boston Pelvic Health & Wellness,,,,,20084076,90375537,Invoice,186,39.8,20,3720,3680.2
7/10/2023,Endoscopy Sheaths,Uro,202301,1025529,Shenandoah Urologic Specialists,,,,,20084377,90375539,Invoice,2476,450.4,40,99040,98589.6
7/10/2023,Incontinence UPC Lead Sets,Uro,202301,1079035,Memorial Hospital,,,,,20163324,90375545,Invoice,1868,93.6,2,3736,3642.4
7/10/2023,InjeTAK,Uro,202301,1024769,Boston Pelvic Health & Wellness,,,,,20084076,90375537,Invoice,264,41.2,4,1056,1014.8
7/10/2023,InjeTAK,Uro,202301,1082624,Powder River Surgery Center,,,,,20166868,90375553,Invoice,1320,206,20,26400,26194
7/10/2023,Other GI Supply Disposables,GI,202301,1106032,ROBERT WOOD JOHNSON ENDOSURGICAL ACCOUNTS PAYABLE,,,,,20193469,90375573,Invoice,124,60,100,12400,12340
7/10/2023,Portascan 3D,Uro,202301,1021763,PartsSource,,,,,20083664,90375535,Invoice,145,100,5,725,625
7/10/2023,Portascan 3D,Uro,202301,1025653,"Luke Yoon, MD Urology",,,,,20197181,90375540,Invoice,0,38.2,1,0,-38.2
7/10/2023,RenovaRP Consumables,GI,202301,1023491,WellSpan Health,,,,,20082758,90375533,Invoice,215,100,20,4300,4200
7/10/2023,RenovaRP Consumables,GI,202301,1027107,Cape Regional Medical Center,,,,,20073207,90375541,Invoice,1155,353.1,15,17325,16971.9
7/10/2023,RenovaRP Consumables,GI,202301,1086526,Culpeper Memorial Hospital Inc d/b/a Novant Health UVA Health System,,,,,20168124,90375557,Invoice,630,109.5,10,6300,6190.5
7/10/2023,RenovaRP Consumables,GI,202301,1106001,DELANEY RADIOLOGY ACCOUNTS PAYABLE,,,,,20193423,90375572,Invoice,2250,1005.5,25,56250,55244.5
7/10/2023,Spot Ex,GI,202301,1079035,Memorial Hospital,,,,,20163324,90375544,Invoice,380,33.6,10,3800,3766.4
7/10/2023,Spot Ex,GI,202301,1083570,Gulf Health Hospitals Inc dba Thomas Hospital,,,,,20167199,90375555,Invoice,760,67.2,20,15200,15132.8
7/10/2023,Spot Ex,GI,202301,1089544,Inova Loudoun Ambulatory Surgery Ctr,,,,,20170449,90375558,Invoice,380,33.6,10,3800,3766.4
7/10/2023,Spot Ex,GI,202301,1105347,Arizona Digestive Institute,,,,,20192492,90375561,Invoice,690,67.2,20,13800,13732.8
7/10/2023,Spot Ex,GI,202301,1105515,BIRMINGHAM SURGERY CENTER ACCOUNTS PAYABLE,,,,,20192739,90375562,Invoice,690,67.2,20,13800,13732.8
7/10/2023,Spot Ex,GI,202301,1105745,COLLEGE HEIGHTS ENDOSCOPY ACCOUNTS PAYABLE,,,,,20193056,90375566,Invoice,345,33.6,10,3450,3416.4
7/10/2023,Spot Ex,GI,202301,1105972,DIGESTIVE & LIVER DISEASE SPEC. OF TIDEWATER - ACCTS PAYABLE,,,,,20193386,90375571,Invoice,380,33.6,10,3800,3766.4
7/10/2023,T-Doc Catheters,Uro,202301,1024769,Boston Pelvic Health & Wellness,,,,,20084076,90375537,Invoice,1998,92.4,20,39960,39867.6
7/10/2023,T-Doc Catheters,Uro,202301,1089943,Augusta Oncology,,,,,20171147,90375560,Invoice,999,387.4,10,9990,9602.6
7/10/2023,Tubing,Uro,202301,1089943,Augusta Oncology,,,,,20171147,90375560,Invoice,231,24.1,10,2310,2285.9
7/10/2023,UDS Other Service & Repairs,Uro,202301,1079984,THOP Memorial Campus,,,,,20164213,90375551,Invoice,71,45.63,1,71,25.37
7/11/2023,EverLift,GI,202301,1106516,HINSDALE SURGICAL CENTER ACCOUNTS PAYABLE,,,,,20194167,90375578,Invoice,800,89,20,16000,15911
7/11/2023,Optilume Strictures,Uro,202301,1106940,Margaret R. Pardee Mem. Hosp,,,,,20194861,90375588,Invoice,2095,0,1,2095,2095
7/11/2023,Optilume Strictures,Uro,202301,1106940,Margaret R. Pardee Mem. Hosp,,,,,20194861,90375588,Invoice,0,35.84,0,0,-35.84
7/11/2023,Other GI Supply Disposables,GI,202301,1106893,LOGANSPORT MEMORIAL HOSPITAL *Consolidated* Use BP# 1021307,,,,,20194749,90375586,Invoice,220,63,100,22000,21937
7/11/2023,RenovaRP Consumables,GI,202301,1106349,GONZABA MEDICAL GROUP ACCOUNTS PAYABLE,,,,,20193915,90375576,Invoice,1350,603.3,15,20250,19646.7
7/11/2023,Spot Ex,GI,202301,1106172,DIGESTIVE HEALTH SPECIALIST A/P GREYSTONE PROFESSIONAL CTR,,,,,20193666,90375575,Invoice,345,33.6,10,3450,3416.4
7/11/2023,Spot Ex,GI,202301,1106599,KIMBROUGH AMBULATORY CARE CENTER A/P  MEDICAL SUPPLY OFFICER,,,,,20194310,90375579,Invoice,760,67.2,20,15200,15132.8
7/11/2023,Spot Ex,GI,202301,1106781,Murray-Calloway County Hospital,,,,,20194575,90375581,Invoice,380,33.6,10,3800,3766.4
7/11/2023,Spot Ex,GI,202301,1106786,Maryland Center for Digestive Health Accounts Payable,,,,,20194583,90375582,Invoice,2280,201.6,60,136800,136598.4
7/11/2023,Spot Ex,GI,202301,1106841,MOORESVILLE ENDOSCOPY CENTER ACCOUNTS PAYABLE,,,,,20194655,90375583,Invoice,345,33.6,10,3450,3416.4
7/11/2023,Spot Ex,GI,202301,1106897,BETH ISRAEL DEACONESS HOSP/MILTON *Consolidated* Use BP# 1022897,,,,,20194762,90375587,Invoice,690,67.2,20,13800,13732.8
7/11/2023,Spot Ex,GI,202301,1107063,Nacogdoches Medical Center,,,,,20195042,90375590,Invoice,345,33.6,10,3450,3416.4
7/11/2023,Spot Ex,GI,202301,1107248,PARKLAND MEDICAL CENTER *Consolidated* Use BP# 1024084,,,,,20195346,90375593,Invoice,345,33.6,10,3450,3416.4
7/12/2023,H. pylori Tests ,GI,202301,1107622,SABINE MEDICAL CENTER ACCOUNTS PAYABLE,,,,,20195944,90375599,Invoice,280,101,50,14000,13899
7/12/2023,Spot Ex,GI,202301,1107514,HCA Georgetown Hospital,,,,,20195734,90375595,Invoice,345,33.6,10,3450,3416.4
7/12/2023,Spot Ex,GI,202301,1107557,STRAND GI ENDOSCOPY CENTER ACCOUNTS PAYABLE,,,,,20195814,90375596,Invoice,380,33.6,10,3800,3766.4
7/12/2023,Spot Ex,GI,202301,1107608,St Luke Hospital & Living Center ACCOUNTS PAYABLE,,,,,20195915,90375598,Invoice,380,33.6,10,3800,3766.4
7/12/2023,Spot Ex,GI,202301,1107738,HCA SURGICARE OF WICHITA ACCOUNTS PAYABLE,,,,,20196138,90375600,Invoice,260,33.6,10,2600,2566.4
7/12/2023,Spot Ex,GI,202301,1107766,Tuscaloosa Endoscopy Center,,,,,20196172,90375601,Invoice,760,67.2,20,15200,15132.8
7/12/2023,Spot Ex,GI,202301,1107978,VAIL VALLEY SURGERY CENTER ACCOUNTS PAYABLE,,,,,20196498,90375606,Invoice,380,33.6,10,3800,3766.4
7/12/2023,UDS Other Service & Repairs,Uro,202301,1107846,Cleveland Clinic Union Hospital *CONSOLIDATED use 1022572*,1022572,,,,20196308,90375602,Invoice,540,0,0,0,0
7/12/2023,UDS Other Service & Repairs,Uro,202301,1107846,Cleveland Clinic Union Hospital *CONSOLIDATED use 1022572*,1022572,,,,20196308,90375602,Invoice,751.22,0,0,0,0
7/13/2023,EverLift,GI,202301,1108693,Frederick Endoscopy Center,,,,,20197473,90375611,Invoice,720,89,20,14400,14311
7/13/2023,Incontinence UPC Lead Sets,Uro,202301,1021026,Logan Health Medical Center,,,,,20080204,90375251,Invoice,5604,280.8,6,33624,33343.2
7/13/2023,InjeTAK,Uro,202301,1108642,SurgCenter of Deer Valley,,,,,20197400,90375610,Invoice,3260,760,40,130400,129640
7/13/2023,InjeTAK,Uro,202301,1108642,SurgCenter of Deer Valley,,,,,20197400,90375610,Invoice,2640,412,40,105600,105188
7/13/2023,InjeTAK,Uro,202301,1021287,Dignity Health - CA,,,,,20078987,90375275,Invoice,163,38,2,326,288
7/13/2023,Other GI Supply Disposables,GI,202301,1020971,Kaiser Health Plan Asset Mgmt,,,,,20082030,90375235,Invoice,2240,1280,80,179200,177920
7/13/2023,RenovaRP Consumables,GI,202301,1021288,Sky Lakes Medical Center,,,,,20074092,90375276,Invoice,220,100,20,4400,4300
7/13/2023,Spot Ex,GI,202301,1020872,Inova Health Care Services,,,,,20168310,90375222,Invoice,1900,168,50,95000,94832
7/13/2023,Spot Ex,GI,202301,1021209,AU Medical Center Inc,,,,,20080922,90375261,Invoice,380,33.6,10,3800,3766.4
7/13/2023,Tubing,Uro,202301,1021025,Kumar Surgical Center,,,,,20079592,90375250,Invoice,549,42,25,13725,13683
7/14/2023,Electrodes,Uro,202301,1021338,MS Urology Clinic,,,,,20082938,90375279,Invoice,930,199,100,93000,92801
7/14/2023,EverLift,GI,202301,1021357,Brown Health: The Miriam Hospital,,,,,20074320,90375281,Invoice,1600,178,40,64000,63822
7/14/2023,EverLift,GI,202301,1021686,Ochsner Health,,,,,20195137,90375318,Invoice,1050,133.5,30,31500,31366.5
7/14/2023,InjeTAK,Uro,202301,1021699,Ohio Health,,,,,20083575,90375321,Invoice,489,114,6,2934,2820
7/14/2023,Optilume Strictures,Uro,202301,1021407,Mount Sinai Medical Center,,,,,20076264,90375282,Invoice,0,71.68,0,0,-71.68
7/14/2023,Optilume Strictures,Uro,202301,1021478,MultiCare Health System,,,,,20163910,90375284,Invoice,0,402,0,0,-402
7/14/2023,Spot Ex,GI,202301,1021600,Northwestern Medicine,,,,,20168363,90375308,Invoice,380,33.6,10,3800,3766.4
7/14/2023,T-Doc Catheters,Uro,202301,1021590,Novant Health Inc.,,,,,20067437,90375293,Invoice,1672,115.6,40,66880,66764.4
7/14/2023,Tubing,Uro,202301,1021338,MS Urology Clinic,,,,,20082938,90375279,Invoice,2885,210,125,360625,360415
7/15/2023,Flowmaster,Uro,202301,1021925,Intermountain Healthcare,,,,,20068387,90375345,Invoice,0,0,1,0,0
7/15/2023,Incontinence MPQ,Uro,202301,1022461,Hawaii Pacific: Straub Clinic & Hospital,,,,,20070860,90375419,Invoice,39,11.2,1,39,27.8
7/15/2023,InjeTAK,Uro,202301,1022236,Scripps Health,,,,,20081346,90375377,Invoice,1630,380,20,32600,32220
7/15/2023,InjeTAK,Uro,202301,1022290,SSM Health Wisconsin Inc,,,,,20075982,90375387,Invoice,132,20.6,2,264,243.4
7/15/2023,InjeTAK,Uro,202301,1022444,Mercy Health,,,,,20074262,90375406,Invoice,264,41.2,4,1056,1014.8
7/15/2023,Other Uro Dx Equipment,Uro,202301,1022029,Riverside Health,,,,,20081844,90375355,Invoice,0,37.14,1,0,-37.14
7/15/2023,RenovaRP Consumables,GI,202301,1022013,Reading Hospital (Tower Health),,,,,20195502,90375354,Invoice,1000,402.2,10,10000,9597.8
7/15/2023,RenovaRP pump,GI,202301,1022415,Baycare Health System,,,,,20197489,90375398,Invoice,3000,2375.12,1,3000,624.88
7/15/2023,Spot Ex,GI,202301,1021775,Piedmont Healthcare,,,,,20170471,90375329,Invoice,380,33.6,10,3800,3766.4
7/15/2023,Spot Ex,GI,202301,1022193,Saint Francis Medical Center,,,,,20077184,90375375,Invoice,380,33.6,10,3800,3766.4
7/15/2023,Spot Ex,GI,202301,1022482,Summa Health System,,,,,20194493,90375421,Invoice,380,33.6,10,3800,3766.4
7/15/2023,Tubing,Uro,202301,1021918,Presbyterian Healthcare Services,,,,,20071280,90375343,Invoice,1154,84,50,57700,57616
7/15/2023,Tubing,Uro,202301,1022419,UCSF Medical Center,,,,,20078642,90375400,Invoice,445,42,25,11125,11083
7/15/2023,Tubing,Uro,202301,1022456,St Lukes Health System,,,,,20082258,90375414,Invoice,577,42,25,14425,14383
7/16/2023,InjeTAK,Uro,202301,1022487,Sutter Health System Office,,,,,20084722,90375425,Invoice,132,20.6,2,264,243.4
7/16/2023,Optilume Strictures,Uro,202301,1022487,Sutter Health System Office,,,,,20070977,90375426,Invoice,0,35.84,0,0,-35.84
7/16/2023,Other Uro Dx Equipment,Uro,202301,1022755,University of Kentucky Healthcare,,,,,20068938,90375463,Invoice,0,86.3,1,0,-86.3
7/16/2023,RenovaRP Consumables,GI,202301,1022572,Cleveland Clinic Health,,,,,20196704,90375438,Invoice,180,100,20,3600,3500
7/16/2023,RenovaRP Consumables,GI,202301,1022572,Cleveland Clinic Health,,,,,20196704,90375438,Invoice,175,54.75,5,875,820.25
7/16/2023,RenovaRP Consumables,GI,202301,1022644,Tulane Medical Center *CONSOLIDATED use 1020331*,1020331,,,,20084160,90375449,Invoice,390,109.5,10,3900,3790.5
7/16/2023,RenovaRP Consumables,GI,202301,1022829,UPMC Health System,,,,,20170347,90375483,Invoice,6000,1095,100,600000,598905
7/16/2023,Spot Ex,GI,202301,1022630,Asteria Health,,,,,20075388,90375444,Invoice,380,33.6,10,3800,3766.4
7/16/2023,Tubing,Uro,202301,1022803,University of Mississippi Medical Center,,,,,20076783,90375467,Invoice,549,42,25,13725,13683
7/17/2023,InjeTAK,Uro,202301,1079817,Hartford Health Care Corporation *Consolidated* Use BP# 1020707,,,,,20075829,90375549,Invoice,326,76,4,1304,1228
7/17/2023,Portascan 3D,Uro,202301,1079858,ClearSky Rehab Hosp of Rio Rancho LLC,,,,,20197497,90375550,Invoice,0,20,1,0,-20
7/17/2023,RenovaRP Consumables,GI,202301,1023076,University Health Systems Inc,,,,,20073296,90375502,Invoice,615,300,60,36900,36600
7/17/2023,RenovaRP Consumables,GI,202301,1023491,WellSpan Health,,,,,20077780,90375532,Invoice,3000,1206.6,30,90000,88793.4
7/17/2023,RenovaRP Consumables,GI,202301,1023491,WellSpan Health,,,,,20077780,90375532,Invoice,1290,600,120,154800,154200
7/17/2023,Spot Ex,GI,202301,1023138,VA Augusta Health Care,,,,,20072399,90375507,Invoice,1140,100.8,30,34200,34099.2
7/17/2023,Spot Ex,GI,202301,1023205,VA Central California Health Care,,,,,20068831,90375513,Invoice,380,33.6,10,3800,3766.4
7/17/2023,Spot Ex,GI,202301,1079721,PeaceHealth **CONSOLIDATED use 1021829*,1021829,,,,20163728,90375547,Invoice,760,67.2,20,15200,15132.8
7/17/2023,T-Doc Catheters,Uro,202301,1023315,West Georgia Urology Associates,,,,,20083458,90375525,Invoice,1572,74.4,20,31440,31365.6
7/17/2023,T-Doc Catheters,Uro,202301,1023470,VHC Health Physicians Group,,,,,20077115,90375528,Invoice,1926,214.8,30,57780,57565.2
7/18/2023,Breath Analyzers,GI,202301,1059608,Gateshead Health NHS FT,,,,,20154355,90374887,Credit Memo,-458.89,0,0,0,0
7/18/2023,DSD,CI,202301,1061863,NHS Supply Chain NHS Suppply Chain Accounts Payable,,,,,20170835,90375766,Invoice,121.15,43.45,50,6057.5,6014.05
7/18/2023,Endoscopy Sheaths,Uro,202301,9980001373,Jay-Michael Johnson,,,,,9980001373,90375614,Invoice,0,113.7,10,0,-113.7
7/18/2023,Endoscopy Sheaths,Uro,202301,9980001373,Jay-Michael Johnson,,,,,9980001373,90375614,Invoice,0,112.6,10,0,-112.6
7/18/2023,EverLift,GI,202301,1107115,WATERBURY SURGERY CENTER ACCOUNTS PAYABLE,,,,,20195110,90375591,Invoice,720,89,20,14400,14311
7/18/2023,InjeTAK,Uro,202301,1089897,USPI: Lakewood Surgery Center,,,,,20171074,90375559,Invoice,528,82.4,8,4224,4141.6
7/18/2023,Other GI Supply Disposables,GI,202301,1107120,NW CENTER FOR COLORECTAL HEALTH ACCOUNTS PAYABLE,,,,,20195116,90375592,Invoice,450,160,10,4500,4340
7/18/2023,RenovaRP Consumables,GI,202301,9980001360,Danielle Block,,,,,9980001360,90375613,Invoice,0,0,100,0,0
7/18/2023,ROM,CI,202301,1061863,NHS Supply Chain NHS Suppply Chain Accounts Payable,,,,,20167845,90375765,Invoice,318.77,115.33,25,7969.25,7853.92
7/18/2023,Spot Ex,GI,202301,1105682,COASTAL DIGESTIVE CARE CENTER A/P DEBBIE VAN EPPS,,,,,20192980,90375565,Invoice,760,67.2,20,15200,15132.8
7/18/2023,Spot Ex,GI,202301,1105843,Calais Community Hospital,,,,,20193195,90375568,Invoice,380,33.6,10,3800,3766.4
7/18/2023,Spot Ex,GI,202301,1107872,VA Central Alabama Health Care,,,,,20196369,90375603,Invoice,1140,100.8,30,34200,34099.2
7/18/2023,UDS Other Service & Repairs,Uro,202301,1059189,Franciscus Gasthuis,,,,,1059189,90374893,Debit Memo,3834.82,0,1,3834.82,3834.82
7/18/2023,UDS Other Service & Repairs,Uro,202301,1058761,Service Facturier AP/HP SIRET 26750045201928,,,,,1061153,90374896,Debit Memo,4404.88,0,1,4404.88,4404.88
7/19/2023,3rd party,CI,202301,1061052,CH Avranches Granville,,,,,20153031,90374942,Invoice,431.56,249.66,10,4315.6,4065.94
7/19/2023,Kiwi,CI,202301,1060522,Marienhospital gGmbH Kevelaer Logistikzentrum MCCN,,,,,20152441,90374906,Invoice,279.19,43.16,5,1395.95,1352.79
7/19/2023,Kiwi,CI,202301,1061092,GH Public du Sud de l'Oise,,,,,20152797,90374945,Invoice,1699.27,155.69,30,50978.1,50822.41
7/19/2023,Ph/Impedance Catheters,GI,202301,1061077,CHU de Lille,,,,,20151633,90374943,Invoice,377.62,68.35,5,1888.1,1819.75
7/19/2023,Tubing,Uro,202301,1061863,NHS Supply Chain NHS Suppply Chain Accounts Payable,,,,,20151598,90374923,Invoice,205.58,99.03,50,10279,10179.97
7/19/2023,Water Catheters,Uro,202301,1108477,Norfolk & Norwich Univ. Hospitals NHSFT RM1 PAYABLES G105,,,,,20155677,90374918,Invoice,72.01,41.39,25,1800.25,1758.86
7/20/2023,3rd party,CI,202301,1061097,CH Lens,,,,,20153001,90374947,Invoice,863.12,499.31,20,17262.4,16763.09
7/20/2023,ABBy,CI,202301,9980001106,Kevin Eskew,,,,,9980001106,90375035,Invoice,0,124.5,5,0,-124.5
7/20/2023,ABBy,CI,202301,9980001106,Kevin Eskew,,,,,9980001106,90375035,Invoice,0,182.3,10,0,-182.3
7/20/2023,ABBy,CI,202301,9980001107,Mark Gables,,,,,9980001107,90375036,Invoice,0,249,10,0,-249
7/20/2023,ABBy,CI,202301,9980001123,Austin Sirovina,,,,,9980001123,90375039,Invoice,0,182.3,10,0,-182.3
7/20/2023,ABBy,CI,202301,9980001198,Ben Miller,,,,,9980001198,90375044,Invoice,0,249,10,0,-249
7/20/2023,BoogieBaby,CI,202301,1019717,Banner Health,,,,,20083350,90374998,Invoice,447,153,300,134100,133947
7/20/2023,Eclipse,Uro,202301,1022833,UW Health,,,,,20071572,90375001,Invoice,100,153.92,2,200,46.08
7/20/2023,InjeTAK,Uro,202301,1019339,Northern Light Mayo Hospital,,,,,1019339,90375067,Invoice,163,38,2,326,288
7/20/2023,Kiwi,CI,202301,1089520,Labrador Grenfell Health,,,,,20170412,90375057,Invoice,497.53,64.67,10,4975.3,4910.63
7/20/2023,Koala,CI,202301,1078784,OM Owens & Minor,,,,,20168091,90375015,Invoice,280.5,45.3,10,2805,2759.7
7/20/2023,Koala,CI,202301,1078784,OM Owens & Minor,,,,,20168091,90375021,Invoice,280.5,45.3,10,2805,2759.7
7/20/2023,Optilume Strictures,Uro,202301,1058759,Al Zahrawi Medical  LLC Qatar,,,,,1058759,90374986,Invoice,0,780.81,26,0,-780.81
7/20/2023,Other GI Supply Disposables,GI,202301,1021778,ProMedica Health System Inc,,,,,20193349,90374995,Credit Memo,-47,0,-2,94,94
7/20/2023,T-Doc Catheters,Uro,202301,1069328,Vzw Verenigde Ziekenhuizen Waas & D,,,,,20151521,90374984,Invoice,255.7,26.43,10,2557,2530.57
7/20/2023,T-Doc Catheters,Uro,202301,1080885,Windsor Regional Hospital,,,,,20163465,90375052,Invoice,956.32,75.05,20,19126.4,19051.35
7/20/2023,Tubing,Uro,202301,1080885,Windsor Regional Hospital,,,,,20163465,90375052,Invoice,747.78,84.74,50,37389,37304.26
7/20/2023,Water Catheters,Uro,202301,1060089,Uniklinik Balgrist Rechnungseingang,,,,,20152775,90374982,Invoice,1440.53,292.14,70,100837.1,100544.96
7/21/2023,Anorectal Manometry Catheters,GI,202301,1019593,US Oncology Network,,,,,20168397,90375084,Invoice,2644,463,20,52880,52417
7/21/2023,EverLift,GI,202301,1019541,Allina Health System,,,,,20082248,90375075,Invoice,400,44.5,10,4000,3955.5
7/21/2023,EverLift,GI,202301,1019652,BJC Healthcare,,,,,20193062,90375088,Invoice,800,89,20,16000,15911
7/21/2023,Incontinence UPC Lead Sets,Uro,202301,1019582,Luminis Health,,,,,20197087,90375083,Invoice,1868,83.76,2,3736,3652.24
7/21/2023,Optilume Strictures,Uro,202301,1019566,AnMed Health,,,,,20077277,90375079,Invoice,4190,0,2,8380,8380
7/21/2023,Other GI Supply Disposables,GI,202301,1020042,Christus Health,,,,,20071698,90375127,Invoice,226,170.1,90,20340,20169.9
7/21/2023,T-Doc Catheters,Uro,202301,1019612,Arizona State Urological Institute,,,,,20083523,90375086,Invoice,5820,289,100,582000,581711
7/21/2023,Tubing,Uro,202301,1019612,Arizona State Urological Institute,,,,,20083523,90375086,Invoice,2196,168,100,219600,219432
7/21/2023,Tubing,Uro,202301,1020062,Cincinnati Children's Hospital,,,,,20074649,90375135,Invoice,1154,84,50,57700,57616
7/22/2023,Other GI Equipment,GI,202301,1020062,Cincinnati Children's Hospital,,,,,20080047,90375136,Invoice,6101,1142.12,1,6101,4958.88
7/22/2023,Other GI Equipment,GI,202301,1020062,Cincinnati Children's Hospital,,,,,20080047,90375137,Invoice,0,6.04,1,0,-6.04
7/22/2023,Other GI Equipment,GI,202301,1020062,Cincinnati Children's Hospital,,,,,20080047,90375137,Invoice,6101,1142.12,1,6101,4958.88
7/22/2023,Other GI Equipment,GI,202301,1020062,Cincinnati Children's Hospital,,,,,20080047,90375138,Invoice,0,6.04,1,0,-6.04
7/22/2023,Other GI Equipment,GI,202301,1020062,Cincinnati Children's Hospital,,,,,20080047,90375138,Invoice,6101,1142.12,1,6101,4958.88
7/22/2023,Other GI Equipment,GI,202301,1020062,Cincinnati Children's Hospital,,,,,20080047,90375139,Invoice,0,6.04,1,0,-6.04
7/22/2023,Other Uro Dx Equipment,Uro,202301,1020062,Cincinnati Children's Hospital,,,,,20080047,90375136,Invoice,2823,2337.27,1,2823,485.73
7/22/2023,Other Uro Dx Equipment,Uro,202301,1020062,Cincinnati Children's Hospital,,,,,20080047,90375137,Invoice,2823,2337.27,1,2823,485.73
7/22/2023,Other Uro Dx Equipment,Uro,202301,1020062,Cincinnati Children's Hospital,,,,,20080047,90375138,Invoice,2823,2337.27,1,2823,485.73
7/22/2023,Other Uro Dx Equipment,Uro,202301,1020062,Cincinnati Children's Hospital,,,,,20080047,90375139,Invoice,2823,2337.27,1,2823,485.73
7/23/2023,Flowmaster,Uro,202301,1020086,Christie Management Co. Inc.,,,,,20072468,90375147,Invoice,5245,460.87,1,5245,4784.13
7/23/2023,Incontinence UPC Lead Sets,Uro,202301,1020153,Williamson Health Medical Group,,,,,20082717,90375151,Invoice,2340,125.64,3,7020,6894.36
7/23/2023,InjeTAK,Uro,202301,1020159,United Urology Group,,,,,20074014,90375154,Invoice,400,103,10,4000,3897
7/23/2023,InjeTAK,Uro,202301,1020314,DuPage Medical Group,,,,,20070675,90375163,Invoice,1716,267.8,26,44616,44348.2
7/23/2023,Other GI Equipment,GI,202301,1020062,Cincinnati Children's Hospital,,,,,20080047,90375139,Invoice,6101,1142.12,1,6101,4958.88
7/23/2023,Other Uro Dx Disposables,Uro,202301,1020159,United Urology Group,,,,,20168570,90375155,Invoice,171,28.35,15,2565,2536.65
7/23/2023,Other Uro Dx Equipment,Uro,202301,1020086,Christie Management Co. Inc.,,,,,20072468,90375147,Invoice,0,146.63,1,0,-146.63
7/23/2023,RenovaRP pump,GI,202301,1020378,Legacy Health System,,,,,20073674,90375171,Invoice,2895,2375.12,1,2895,519.88
7/24/2023,EverLift,GI,202301,1020577,Tidelands Health,,,,,20084810,90375189,Invoice,800,89,20,16000,15911
7/24/2023,EverLift,GI,202301,1020621,CHI - Common Spirit Health,,,,,20195794,90375194,Invoice,400,44.5,10,4000,3955.5
7/24/2023,InjeTAK,Uro,202301,1020673,Gundersen Health Systems,,,,,20163661,90375203,Invoice,652,152,8,5216,5064
7/24/2023,InjeTAK,Uro,202301,1020578,Georgia Urology,,,,,20074947,90375190,Invoice,436,152,8,3488,3336
7/24/2023,Optilume Strictures,Uro,202301,1020509,Froedtert Health,,,,,20074272,90375185,Invoice,0,71.68,0,0,-71.68
7/24/2023,Other GI Supply Disposables,GI,202301,1020621,CHI - Common Spirit Health,,,,,20193157,90375198,Invoice,97,34.5,50,4850,4815.5
7/24/2023,Other GI Supply Disposables,GI,202301,1020752,Memorial Hermann Health System,,,,,20074875,90375212,Invoice,776,276,400,310400,310124
7/24/2023,Other GI Supply Disposables,GI,202301,1020937,Johns Hopkins Enterprise JH A/P Shared Service C.,,,,,20069062,90375227,Invoice,944,260,400,377600,377340
7/24/2023,RenovaRP Consumables,GI,202301,1020621,CHI - Common Spirit Health,,,,,20167127,90375196,Invoice,195,54.75,5,975,920.25
7/24/2023,Spot Ex,GI,202301,1020621,CHI - Common Spirit Health,,,,,20076367,90375197,Invoice,345,33.6,10,3450,3416.4
7/24/2023,Spot Ex,GI,202301,1020743,Henry Ford Health System,,,,,20075380,90375209,Invoice,380,33.6,10,3800,3766.4
7/24/2023,Spot Ex,GI,202301,1020754,Hendrick Medical Center,,,,,20192857,90375213,Invoice,380,33.6,10,3800,3766.4
7/24/2023,T-Doc Catheters,Uro,202301,1020546,Avita Health System,,,,,20167627,90375186,Invoice,999,71.6,10,9990,9918.4
7/25/2023,Electrodes,Uro,202301,1021419,Maine Proctology Center,,,,,20076438,90375283,Invoice,1116,238.8,120,133920,133681.2
7/25/2023,Incontinence MPQ,Uro,202301,1020971,Kaiser Health Plan Asset Mgmt,,,,,20074817,90375240,Invoice,4242,252.36,6,25452,25199.64
7/25/2023,InjeTAK,Uro,202301,1020943,John Muir Health,,,,,20167280,90375228,Invoice,264,41.2,4,1056,1014.8
7/25/2023,InjeTAK,Uro,202301,1021266,Mercy Medical Center,,,,,20082183,90375270,Invoice,326,76,4,1304,1228
7/25/2023,Other GI Supply Disposables,GI,202301,1021327,Penn State Health,,,,,20194169,90375277,Invoice,220,63,100,22000,21937
7/25/2023,Other GI Supply Disposables,GI,202301,1021632,AMSURG,,,,,20195543,90375313,Invoice,260,160,10,2600,2440
7/25/2023,RenovaRP Consumables,GI,202301,1020971,Kaiser Health Plan Asset Mgmt,,,,,20074800,90375237,Invoice,450,201.1,5,2250,2048.9
7/25/2023,RenovaRP Consumables,GI,202301,1020971,Kaiser Health Plan Asset Mgmt,,,,,20074800,90375237,Invoice,185,100,20,3700,3600
7/25/2023,Spot Ex,GI,202301,1020971,Kaiser Health Plan Asset Mgmt,,,,,20072929,90375244,Invoice,760,67.2,20,15200,15132.8
7/25/2023,Spot Ex,GI,202301,1021220,McLaren Health Care Corp.,,,,,20077282,90375264,Invoice,380,33.6,10,3800,3766.4
7/25/2023,Spot Ex,GI,202301,1021591,Northwell Health,,,,,20195103,90375298,Invoice,380,33.6,10,3800,3766.4
7/25/2023,T-Doc Catheters,Uro,202301,1021573,Nemours Foundation,,,,,20070229,90375292,Invoice,999,71.6,10,9990,9918.4
7/25/2023,T-Doc Catheters,Uro,202301,1021608,Northwest Arkansas Urology,,,,,20076337,90375309,Invoice,1572,74.4,20,31440,31365.6
7/25/2023,Tubing,Uro,202301,1021608,Northwest Arkansas Urology,,,,,20076337,90375309,Invoice,577,42,25,14425,14383
7/26/2023,InjeTAK,Uro,202301,1021787,Palo Alto Medical Foundation Health Care Division V# 33010,,,,,20074146,90375334,Invoice,326,76,4,1304,1228
7/26/2023,InjeTAK,Uro,202301,1021799,"ProHEALTH Medical Management, LLC",,,,,20084557,90375335,Invoice,652,152,8,5216,5064
7/26/2023,InjeTAK,Uro,202301,1022138,Santa Clara Valley Health & Hosp,,,,,20075407,90375361,Invoice,264,41.2,4,1056,1014.8
7/26/2023,Other GI Supply Disposables,GI,202301,1021928,Providence Health & Services,,,,,20067030,90375353,Invoice,198.88,50,100,19888,19838
7/26/2023,RenovaRP Consumables,GI,202301,1021753,Atlantic Health System,,,,,20067994,90375324,Invoice,630,109.5,10,6300,6190.5
7/26/2023,Spot Ex,GI,202301,1021775,Piedmont Healthcare,,,,,20192960,90375328,Invoice,380,33.6,10,3800,3766.4
7/26/2023,Spot Ex,GI,202301,1021775,Piedmont Healthcare,,,,,20068379,90375330,Invoice,1520,134.4,40,60800,60665.6
7/26/2023,Spot Ex,GI,202301,1021928,Providence Health & Services,,,,,20195960,90375348,Invoice,760,67.2,20,15200,15132.8
7/26/2023,UDS Other Service & Repairs,Uro,202301,1021763,PartsSource,,,,,20197488,90375325,Invoice,160,80,1,160,80
7/27/2023,EverLift,GI,202301,1022487,Sutter Health System Office,,,,,20196964,90375424,Invoice,1600,222.5,50,80000,79777.5
7/27/2023,InjeTAK,Uro,202301,1022138,Santa Clara Valley Health & Hosp,,,,,20075407,90375362,Invoice,163,38,2,326,288
7/27/2023,Optilume Strictures,Uro,202301,1022487,Sutter Health System Office,,,,,20070977,90375426,Invoice,0,35.84,0,0,-35.84
7/27/2023,Other GI Supply Disposables,GI,202301,1022444,Mercy Health,,,,,20078405,90375411,Invoice,59,13,25,1475,1462
7/27/2023,Other GI Supply Disposables,GI,202301,1022444,Mercy Health,,,,,20074808,90375412,Invoice,59,19.25,25,1475,1455.75
7/27/2023,Other GI Supply Disposables,GI,202301,1022572,Cleveland Clinic Health,,,,,20068528,90375436,Invoice,220.38,50,100,22038,21988
7/27/2023,RenovaRP Consumables,GI,202301,1022160,Baylor Scott & White Health,,,,,20071446,90375366,Invoice,340,200,40,13600,13400
7/27/2023,RenovaRP Consumables,GI,202301,1022160,Baylor Scott & White Health,,,,,20071446,90375366,Invoice,175,54.75,5,875,820.25
7/27/2023,RenovaRP Consumables,GI,202301,1022572,Cleveland Clinic Health,,,,,20192935,90375432,Invoice,390,109.5,10,3900,3790.5
7/27/2023,RenovaRP Consumables,GI,202301,1022572,Cleveland Clinic Health,,,,,20167206,90375433,Invoice,180,100,20,3600,3500
7/27/2023,Spot Ex,GI,202301,1022415,Baycare Health System,,,,,20074769,90375399,Invoice,380,33.6,10,3800,3766.4
7/28/2023,Endoscopy Sheaths,Uro,202301,1022954,GenesisCare,,,,,20168526,90375492,Invoice,760,225.2,20,15200,14974.8
7/28/2023,EverLift,GI,202301,1022800,University of Maryland Medical System,,,,,1022800,90375466,Invoice,400,44.5,10,4000,3955.5
7/28/2023,EverLift,GI,202301,1022815,University of Miami Health,,,,,20083858,90375469,Invoice,350,44.5,10,3500,3455.5
7/28/2023,InjeTAK,Uro,202301,1022633,Tri Valley Urology,,,,,20075282,90375446,Invoice,775,190,10,7750,7560
7/28/2023,InjeTAK,Uro,202301,1023042,Urology Associates of the Central Coast,,,,,20081461,90375500,Invoice,500,82.4,8,4000,3917.6
7/28/2023,Optilume Strictures,Uro,202301,1023072,USC University Hospital,,,,,20075260,90375501,Invoice,0,402,0,0,-402
7/28/2023,Optilume Strictures,Uro,202301,1023139,VA Hospital(Lake CityFL) **CONSOLIDATED USE 1023131**,1023131,,,,20079635,90375508,Invoice,0,71.68,0,0,-71.68
7/28/2023,Other GI Supply Disposables,GI,202301,1023225,Valley Health,,,,,20067683,90375515,Invoice,220,50,100,22000,21950
7/28/2023,Spot Ex,GI,202301,1022629,Trinity Health,,,,,20196215,90375443,Invoice,1520,134.4,40,60800,60665.6
7/28/2023,T-Doc Catheters,Uro,202301,1022633,Tri Valley Urology,,,,,20075282,90375446,Invoice,2910,144.5,50,145500,145355.5
7/28/2023,T-Doc Catheters,Uro,202301,1022829,UPMC Health System,,,,,20078842,90375479,Invoice,3366,429.6,60,201960,201530.4
7/28/2023,T-Doc Catheters,Uro,202301,1023308,Westchester County Health Care Corp,,,,,20077530,90375522,Invoice,582,28.9,10,5820,5791.1
7/28/2023,Water Catheters,Uro,202301,1022827,U-M University of Michigan Hospital,,,,,20067022,90375477,Invoice,283,35.6,10,2830,2794.4
7/29/2023,Anorectal Manometry Catheters,GI,202301,1108340,Rodrigo Baltodano MD,,,,,20196976,90375608,Invoice,1322,231.5,10,13220,12988.5
7/29/2023,EverLift,GI,202301,1024692,Tufts Medicine,,,,,20084206,90375536,Invoice,700,90.9,10,7000,6909.1
7/29/2023,Incontinence UPC Lead Sets,Uro,202301,1023659,Golden Gate Urology,,,,,20170569,90375534,Invoice,1868,83.76,2,3736,3652.24
7/29/2023,InjeTAK,Uro,202301,1083867,Grand Island Regional Medical Center,,,,,20167799,90375556,Invoice,163,38,2,326,288
7/29/2023,Ph/Impedance Catheters,GI,202301,1061717,Phoenix Pharma,,,,,20153628,90374888,Credit Memo,-313.27,-105.61,-10,3132.7,3238.31
7/29/2023,RenovaRP Consumables,GI,202301,1106001,DELANEY RADIOLOGY ACCOUNTS PAYABLE,,,,,20193423,90375572,Invoice,1075,500,100,107500,107000
7/29/2023,RenovaRP Consumables,GI,202301,9980001360,Danielle Block,,,,,9980001360,90375613,Invoice,0,0,15,0,0
7/29/2023,RenovaRP Consumables,GI,202301,9980001360,Danielle Block,,,,,9980001360,90375613,Invoice,0,0,25,0,0
7/29/2023,Spot Ex,GI,202301,1023477,Yale New Haven Health,,,,,20080320,90375530,Invoice,760,67.2,20,15200,15132.8
7/29/2023,Spot Ex,GI,202301,1106469,LEXINGTON SURGERY CENTER ACCOUNTS PAYABLE,,,,,20194094,90375577,Invoice,380,33.6,10,3800,3766.4
7/29/2023,Spot Ex,GI,202301,1107044,Northwest Gastro & Endoscopy,,,,,20195012,90375589,Invoice,760,67.2,20,15200,15132.8
7/29/2023,T-Doc Catheters,Uro,202301,1023315,West Georgia Urology Associates,,,,,20083458,90375525,Invoice,1340,57.8,20,26800,26742.2
7/29/2023,T-Doc Catheters,Uro,202301,1089943,Augusta Oncology,,,,,20171147,90375560,Invoice,670,197,10,6700,6503
7/29/2023,Water Catheters,Uro,202301,1058929,Edaptechnomed Co. Ltd.,,,,,20152805,90375542,Credit Memo,-556.15,-178,-50,27807.5,27985.5
7/29/2023,Water Catheters,Uro,202301,1082702,Kliniken des Landkreises Lörrach GmbH Rechnungseingang,,,,,20155054,90374899,Invoice,323.67,111.13,25,8091.75,7980.62
7/30/2023,Breath Test consumables,GI,202301,1061815,HCA International Ltd,,,,,20156176,90374920,Invoice,0,814.49,250,0,-814.49
7/30/2023,Endoscopy Sheaths,Uro,202301,1060961,CH St Flour,,,,,20151050,90374934,Invoice,776.81,189.24,20,15536.2,15346.96
7/30/2023,Endoscopy Sheaths,Uro,202301,1061052,CH Avranches Granville,,,,,20153031,90374942,Invoice,4347.97,1230.06,130,565236.1,564006.04
7/30/2023,Kiwi,CI,202301,1089271,Malteser Krankenhaus St. Johannes Einkauf/Verwaltung,,,,,20170115,90374912,Invoice,300.2,25.94,5,1501,1475.06
7/30/2023,Kiwi,CI,202301,1061212,CH Arpajon,,,,,20152509,90374959,Invoice,1699.27,155.69,30,50978.1,50822.41
7/30/2023,Tubing,Uro,202301,1060480,Augusta-Kranken-Anstalt gGmbH,,,,,20153981,90374905,Invoice,204.99,13.81,10,2049.9,2036.09
7/30/2023,Tubing,Uro,202301,1061104,CHU Gabriel Montpied - Clermont Ferrand,,,,,20154091,90374950,Invoice,470.4,55.24,40,18816,18760.76
7/30/2023,Water Catheters,Uro,202301,1061808,SHL Spire Healthcare Ltd Accounts Payable,,,,,20155381,90374919,Invoice,123.9,67.65,25,3097.5,3029.85
7/31/2023,ABBy,CI,202301,9980001117,Bailey Nodine,,,,,9980001117,90375038,Invoice,0,249,10,0,-249
7/31/2023,ABBy,CI,202301,9980001130,Ryan Vaughn *CLOSED* Last Day 3/01/24,,,,,9980001130,90375040,Invoice,0,182.3,10,0,-182.3
7/31/2023,ABBy,CI,202301,9980001132,Katie Viator,,,,,9980001132,90375041,Invoice,0,546.9,30,0,-546.9
7/31/2023,Endoscopy Sheaths,Uro,202301,1061414,Clinique Océane,,,,,20155040,90374970,Invoice,1780.18,473.09,50,89009,88535.91
7/31/2023,Endoscopy Sheaths,Uro,202301,1079452,Clinique Sainte Odile,,,,,20170539,90374977,Invoice,1780.18,473.09,50,89009,88535.91
7/31/2023,Kiwi,CI,202301,1083923,HP Villeneuve d'Ascq,,,,,1083922,90374979,Invoice,3392.06,155.68,30,101761.8,101606.12
7/31/2023,Kiwi,CI,202301,1078784,OM Owens & Minor,,,,,20168091,90375017,Invoice,400,71.9,10,4000,3928.1
7/31/2023,Koala,CI,202301,1108591,Hôpital Saint Joseph de Marseille Service Comptabilité,,,,,20156153,90374963,Invoice,508.81,42.94,10,5088.1,5045.16
7/31/2023,Koala,CI,202301,1078784,OM Owens & Minor,,,,,20168091,90375023,Invoice,280.5,45.3,10,2805,2759.7
7/31/2023,Koala,CI,202301,1078784,OM Owens & Minor,,,,,20168091,90375032,Invoice,561,90.6,20,11220,11129.4
7/31/2023,Koala,CI,202301,9980001133,Matt Wheeler,,,,,9980001133,90375042,Invoice,0,45.3,10,0,-45.3
7/31/2023,Other GI Disposables,GI,202301,1058759,Al Zahrawi Medical  LLC Qatar,,,,,20156388,90374987,Invoice,138,57.96,6,828,770.04
7/31/2023,Ph/Impedance Catheters,GI,202301,1070224,Admiraal De Ruyter Ziekenhuis Crediteurenadministratie,,,,,20155904,90374990,Invoice,722.86,80.32,5,3614.3,3533.98
7/31/2023,Traxi,CI,202301,1078679,Cardinal Health,,,,,20166710,90375008,Invoice,700,89.1,10,7000,6910.9
7/31/2023,Traxi,CI,202301,9980001123,Austin Sirovina,,,,,9980001123,90375039,Invoice,0,29.6,10,0,-29.6
7/31/2023,Tubing,Uro,202301,1061477,CRF E. Bretegnier,,,,,20156017,90374972,Invoice,84.13,13.81,10,841.3,827.49
7/31/2023,Tubing,Uro,202301,1069408,Krankenhaus BHS Ried Betriebsges. m Finanzbuchhaltung,,,,,20153320,90374994,Invoice,363.29,27.62,20,7265.8,7238.18
7/31/2023,Urocap IV,Uro,202301,1022405,St. Clair Hospital,,,,,1022564,90374996,Invoice,68,69.21,1,68,-1.21
8/1/2023,ABBy,CI,202301,9980001135,Stephanie Legut,,,,,9980001135,90375043,Invoice,0,182.3,10,0,-182.3
8/1/2023,Endoscopy Sheaths,Uro,202301,1019709,Bronson Healthcare,,,,,20069237,90375098,Invoice,1197,337.8,30,35910,35572.2
8/1/2023,InjeTAK,Uro,202301,1019541,Allina Health System,,,,,20077919,90375073,Invoice,163,38,2,326,288
8/1/2023,Portascan 3D,Uro,202301,1019805,Bryan Medical Center,,,,,20071573,90375105,Invoice,0,1500,1,0,-1500
8/1/2023,Portascan 3D,Uro,202301,1019805,Bryan Medical Center,,,,,20071573,90375105,Invoice,0,1500,1,0,-1500
8/1/2023,RenovaRP Consumables,GI,202301,1019201,Catawba Valley Medical Center,,,,,20074218,90375061,Invoice,430,200,40,17200,17000
8/1/2023,RenovaRP Consumables,GI,202301,1019541,Allina Health System,,,,,20196310,90375076,Invoice,600,109.5,10,6000,5890.5
8/1/2023,RenovaRP Consumables,GI,202301,1019541,Allina Health System,,,,,20196310,90375077,Invoice,570,300,60,34200,33900
8/1/2023,Spot Ex,GI,202301,1019576,Adventist Health,,,,,20193733,90375080,Invoice,380,33.6,10,3800,3766.4
8/1/2023,Spot Ex,GI,202301,1019797,HCA Blake Medical Center,,,,,20079582,90375104,Invoice,690,67.2,20,13800,13732.8
8/1/2023,T-Doc Catheters,Uro,202301,1019609,Arkansas Children's Hospital,,,,,20084248,90375085,Invoice,0,71.6,10,0,-71.6
8/1/2023,Tubing,Uro,202301,1019226,Madison Medical Affiliates,,,,,20171067,90375062,Invoice,577,42,25,14425,14383
8/2/2023,3rd party,CI,202301,1089772,Katholisches Klinikum Koblenz Einkauf Koblenz,,,,,20155290,90374907,Invoice,670,323.67,30,20100,19776.33
8/2/2023,3rd party,CI,202301,1069742,Sana Einkauf & Logistik GmbH Krankenhausvollversorgung,,,,,1060322,90374910,Invoice,60.91,36.46,20,1218.2,1181.74
8/2/2023,Breath Analyzers,GI,202301,1069784,Queen Elizabeth Hospital - Tyne QE Facilities Ltd- Accounts Payable,,,,,1059625,90374891,Debit Memo,458.89,759.25,1,458.89,-300.36
8/2/2023,Endoscopy Scopes,Uro,202301,1020468,AdventHealth,,,,,20166425,90375180,Invoice,750,0,1,750,750
8/2/2023,Endoscopy Sheaths,Uro,202301,1061924,York and Scarborough Teaching Hospitals NHS Foundation Trust,,,,,20155065,90374927,Invoice,0,427.76,40,0,-427.76
8/2/2023,InjeTAK,Uro,202301,1020325,Northern Light Health,,,,,20081138,90375165,Invoice,792,123.6,12,9504,9380.4
8/2/2023,Ph/Impedance Catheters,GI,202301,1069229,Universitätklinikum Leipzig AöR Zentraler Rechnungseingang,,,,,20152158,90374902,Invoice,528.66,107.67,10,5286.6,5178.93
8/2/2023,RenovaRP Consumables,GI,202301,1019812,Bon Secours Mercy Health,,,,,20168353,90375106,Invoice,215,100,20,4300,4200
8/2/2023,Spot Ex,GI,202301,1019835,Mass General Brigham,,,,,20194690,90375111,Invoice,760,67.2,20,15200,15132.8
8/2/2023,Spot Ex,GI,202301,1020008,HCA Chippenham/Johnston Willis Hospitals,,,,,20193140,90375126,Invoice,690,67.2,20,13800,13732.8
8/2/2023,T-Doc Catheters,Uro,202301,1020358,NYC Health + Hospitals,,,,,20067757,90375170,Invoice,1515,111.6,30,45450,45338.4
8/2/2023,Tubing,Uro,202301,1061863,NHS Supply Chain NHS Suppply Chain Accounts Payable,,,,,20167603,90374922,Invoice,40.75,13.85,10,407.5,393.65
8/3/2023,3rd party,CI,202301,1060975,Hospices Civils Beaune,,,,,1060975,90374935,Invoice,971.01,499.31,20,19420.2,18920.89
8/3/2023,3rd party,CI,202301,1061194,CHD Vendée,,,,,20154587,90374957,Invoice,863.12,499.31,20,17262.4,16763.09
8/3/2023,3rd party,CI,202301,1083548,Clinique St Amé,,,,,20151134,90374971,Invoice,372.22,97.1,10,3722.2,3625.1
8/3/2023,Breath Test consumables,GI,202301,1061010,CHU Montpellier Pharm Euromédicine - Plateforme Log Phar,,,,,20151109,90374939,Invoice,1386.76,811.87,250,346690,345878.13
8/3/2023,Kiwi,CI,202301,1060983,HP Drôme Nord,,,,,20151290,90374937,Invoice,1699.27,155.69,30,50978.1,50822.41
8/3/2023,Kiwi,CI,202301,1061172,CH Rambouillet,,,,,20155949,90374956,Invoice,3398.53,311.37,60,203911.8,203600.43
8/3/2023,Kiwi,CI,202301,1089543,SA Courlancy Santé Service Comptabilité Fournisseurs,,,,,20154171,90374968,Invoice,6117.36,622.74,120,734083.2,733460.46
8/3/2023,Nexam,Uro,202301,1059276,Beijing Sunway Healthcare Technology Ltd,,,,,20156384,90374991,Invoice,0,24.53,1,0,-24.53
8/3/2023,Other GI Supply Disposables,GI,202301,1021778,ProMedica Health System Inc,,,,,20193349,90374995,Credit Memo,-47,0,-2,94,94
8/3/2023,Other GI Supply Disposables,GI,202301,1021778,ProMedica Health System Inc,,,,,20193349,90374995,Credit Memo,-23.5,0,-1,23.5,23.5
8/3/2023,ROM,CI,202301,1019652,BJC Healthcare,,,,,20078904,90374997,Invoice,900,135.25,25,22500,22364.75
8/3/2023,ROM,CI,202301,1022458,FMOL Health System,,,,,20170454,90375000,Invoice,5250,811.5,150,787500,786688.5
8/3/2023,Tubing,Uro,202301,1060978,CH P. le Damany (Lannion-Trestel),,,,,20151634,90374936,Invoice,388.94,98.72,50,19447,19348.28
8/3/2023,UDS Other Service & Repairs,Uro,202301,1022405,St. Clair Hospital,,,,,1022564,90374996,Invoice,2,1.9,1,2,0.1
8/3/2023,Water Catheters,Uro,202301,1059017,Schweizer Paraplegiker Zentrum Finanzen,,,,,20152622,90374981,Invoice,2015.27,431.23,100,201527,201095.77
8/4/2023,ABBy,CI,202301,9980001116,Eloy Morales,,,,,9980001116,90375037,Invoice,0,124.5,5,0,-124.5
8/4/2023,ABBy,CI,202301,9980001198,Ben Miller,,,,,9980001198,90375044,Invoice,0,182.3,10,0,-182.3
8/4/2023,babyLance,CI,202301,9980001135,Stephanie Legut,,,,,9980001135,90375043,Invoice,0,39,100,0,-39
8/4/2023,babyLance,CI,202301,9980001135,Stephanie Legut,,,,,9980001135,90375043,Invoice,0,39,100,0,-39
8/4/2023,InjeTAK,Uro,202301,1019699,Baystate Health,,,,,20075956,90375093,Invoice,625,103,10,6250,6147
8/4/2023,Kiwi,CI,202301,1078679,Cardinal Health,,,,,20166710,90375006,Invoice,1600,287.6,40,64000,63712.4
8/4/2023,Kiwi,CI,202301,1078679,Cardinal Health,,,,,20166710,90375006,Invoice,1600,287.6,40,64000,63712.4
8/4/2023,Kiwi,CI,202301,1078795,Mohawk Medbuy Corporation *12.30.24 CONSOLIDATED*,,,,,20163246,90375050,Invoice,1602.81,211.04,40,64112.4,63901.36
8/4/2023,Kiwi,CI,202301,1089546,Labrador Grenfell Health,,,,,20170452,90375058,Invoice,200.35,26.38,5,1001.75,975.37
8/4/2023,Koala,CI,202301,1078784,OM Owens & Minor,,,,,20168091,90375011,Invoice,561,90.6,20,11220,11129.4
8/4/2023,Koala,CI,202301,1078784,OM Owens & Minor,,,,,20168091,90375028,Invoice,1402.5,226.5,50,70125,69898.5
8/4/2023,Koala,CI,202301,1078784,OM Owens & Minor,,,,,20168091,90375033,Invoice,1402.5,226.5,50,70125,69898.5
8/4/2023,Koala,CI,202301,1078795,Mohawk Medbuy Corporation *12.30.24 CONSOLIDATED*,,,,,20163246,90375050,Invoice,750.76,91.4,20,15015.2,14923.8
8/4/2023,Other GI Supply Disposables,GI,202301,1019264,Baptist Health Care,,,,,20083935,90375063,Invoice,220,63,100,22000,21937
8/4/2023,Spot Ex,GI,202301,1019566,AnMed Health,,,,,20192611,90375078,Invoice,3420,302.4,90,307800,307497.6
8/4/2023,T-Doc Catheters,Uro,202301,1080959,St. Joseph's Healthcare Hamilton,,,,,20163577,90375055,Invoice,370.91,37.53,10,3709.1,3671.57
8/4/2023,T-Doc Catheters,Uro,202301,1019541,Allina Health System,,,,,20164149,90375074,Invoice,3996,184.8,40,159840,159655.2
8/4/2023,Traxi,CI,202301,9980001123,Austin Sirovina,,,,,9980001123,90375039,Invoice,0,89.1,10,0,-89.1
8/5/2023,EverLift,GI,202301,1020042,Christus Health,,,,,20193241,90375128,Invoice,700,90.9,10,7000,6909.1
8/5/2023,InjeTAK,Uro,202301,1019852,Baptist Health,,,,,20084763,90375115,Invoice,163,38,2,326,288
8/5/2023,InjeTAK,Uro,202301,1020067,Vitruvian Bradley Medical Center,,,,,20083007,90375142,Invoice,396,61.8,6,2376,2314.2
8/5/2023,Other GI Supply Disposables,GI,202301,1019707,Baptist Healthcare System Inc,,,,,20168228,90375096,Invoice,220,63,100,22000,21937
8/5/2023,Other GI Supply Disposables,GI,202301,1019747,Beloit Health System,,,,,20192832,90375102,Invoice,59,16.25,25,1475,1458.75
8/5/2023,Other Uro Dx Disposables,Uro,202301,1019823,Bothwell Regional Health Center,,,,,20075740,90375110,Invoice,30,2.6,10,300,297.4
8/5/2023,Other Uro Dx Equipment,Uro,202301,1020001,The Children's Hospital of PA,,,,,20072430,90375124,Invoice,0,82.79,1,0,-82.79
8/5/2023,Spot Ex,GI,202301,1020003,Christiana Care Health Services,,,,,20194580,90375125,Invoice,380,33.6,10,3800,3766.4
8/5/2023,UDS Other Service & Repairs,Uro,202301,1020086,Christie Management Co. Inc.,,,,,20072468,90375147,Invoice,0,69.86,1,0,-69.86
8/6/2023,Anorectal Manometry Catheters,GI,202301,1020153,Williamson Health Medical Group,,,,,20082717,90375151,Invoice,1983,347.25,15,29745,29397.75
8/6/2023,Electrodes,Uro,202301,1020159,United Urology Group,,,,,20163663,90375153,Invoice,1580,398,200,316000,315602
8/6/2023,Incontinence UPC Lead Sets,Uro,202301,1020971,Kaiser Health Plan Asset Mgmt,,,,,20074817,90375242,Invoice,3312,251.28,6,19872,19620.72
8/6/2023,InjeTAK,Uro,202301,1020130,Cooper University Health Care,,,,,20070117,90375149,Invoice,326,76,4,1304,1228
8/6/2023,InjeTAK,Uro,202301,1020509,Froedtert Health,,,,,20073903,90375181,Invoice,815,190,10,8150,7960
8/6/2023,InjeTAK,Uro,202301,1020555,Greater Boston Urology LLC,,,,,20082655,90375187,Invoice,163,38,2,326,288
8/6/2023,InjeTAK,Uro,202301,1020852,Institute for Female Pelvic Medicine,,,,,20082809,90375220,Invoice,1630,380,20,32600,32220
8/6/2023,Optilume Strictures,Uro,202301,1020509,Froedtert Health,,,,,20074272,90375185,Invoice,0,402,0,0,-402
8/6/2023,Portascan 3D,Uro,202301,1021763,PartsSource,,,,,20078500,90375218,Invoice,3150,1320,1,3150,1830
8/6/2023,Spot Ex,GI,202301,1020313,Duke University,,,,,20167453,90375162,Invoice,380,33.6,10,3800,3766.4
8/6/2023,Tables/Chairs,Uro,202301,1020583,Griffin Faculty Practice Plan Inc,,,,,20168562,90375192,Invoice,0,2956,2,0,-2956
8/6/2023,T-Doc Catheters,Uro,202301,1020405,East Tennessee Children's Hospital Assoc,,,,,20197499,90375172,Invoice,2010,86.7,30,60300,60213.3
8/6/2023,Tubing,Uro,202301,1020438,Miguel Martinez MD & Olga Martinez RN,,,,,20068648,90375176,Invoice,577,42,25,14425,14383
8/7/2023,Electrodes,Uro,202301,1021025,Kumar Surgical Center,,,,,20079592,90375250,Invoice,176,39.8,20,3520,3480.2
8/7/2023,Incontinence UPC Lead Sets,Uro,202301,1021591,Northwell Health,,,,,20084972,90375300,Invoice,2400,167.52,4,9600,9432.48
8/7/2023,InjeTAK,Uro,202301,1020987,Kelsey-Seybold Clinic,,,,,20168653,90375246,Invoice,2608,608,32,83456,82848
8/7/2023,InjeTAK,Uro,202301,1021279,The Methodist Health System,,,,,20168752,90375273,Invoice,980,380,20,19600,19220
8/7/2023,InjeTAK,Uro,202301,1021279,The Methodist Health System,,,,,20083216,90375274,Invoice,784,304,16,12544,12240
8/7/2023,Optilume Strictures,Uro,202301,1021478,MultiCare Health System,,,,,20163910,90375284,Invoice,4190,0,2,8380,8380
8/7/2023,Optilume Strictures,Uro,202301,1021596,Northside Hospital,,,,,20083564,90375302,Invoice,0,603,0,0,-603
8/7/2023,Other GI Supply Disposables,GI,202301,1021220,McLaren Health Care Corp.,,,,,20195306,90375265,Invoice,59,16.25,25,1475,1458.75
8/7/2023,Other GI Supply Disposables,GI,202301,1021327,Penn State Health,,,,,20080307,90375278,Invoice,59,16.25,25,1475,1458.75
8/7/2023,Spot Ex,GI,202301,1021158,NYU Langone Health System,,,,,20195129,90375255,Invoice,380,33.6,10,3800,3766.4
8/7/2023,Spot Ex,GI,202301,1021632,AMSURG,,,,,20195697,90375314,Invoice,345,33.6,10,3450,3416.4
8/7/2023,Spot Ex,GI,202301,1021766,University of Pennsylvania Health,,,,,20196334,90375326,Invoice,380,33.6,10,3800,3766.4
8/7/2023,T-Doc Catheters,Uro,202301,1021778,ProMedica Health System Inc,,,,,20166664,90375332,Invoice,786,37.2,10,7860,7822.8
8/8/2023,Incontinence UPC Lead Sets,Uro,202301,1022131,Sansum Clinic *CONSOLIDATED use 1022487*,1022487,,,,20075198,90375359,Invoice,2667,125.64,3,8001,7875.36
8/8/2023,InjeTAK,Uro,202301,1021886,The Polyclinic,,,,,20067923,90375341,Invoice,1630,380,20,32600,32220
8/8/2023,InjeTAK,Uro,202301,1022362,Spencer Municipal Hospital,,,,,20075117,90375390,Invoice,163,38,2,326,288
8/8/2023,RenovaRP Consumables,GI,202301,1022160,Baylor Scott & White Health,,,,,20084139,90375364,Invoice,4500,2413.2,60,270000,267586.8
8/8/2023,RenovaRP Consumables,GI,202301,1022252,Silver Cross Hospital and Medical Center,,,,,20071094,90375379,Invoice,195,100,20,3900,3800
8/8/2023,RenovaRP Consumables,GI,202301,1022252,Silver Cross Hospital and Medical Center,,,,,20071094,90375380,Invoice,390,200,40,15600,15400
8/8/2023,Spot Ex,GI,202301,1022166,Honor Health,,,,,20082398,90375368,Invoice,760,67.2,20,15200,15132.8
8/8/2023,Spot Ex,GI,202301,1022188,Sentara Healthcare,,,,,20083247,90375370,Invoice,400,33.6,10,4000,3966.4
8/8/2023,T-Doc Catheters,Uro,202301,1021778,ProMedica Health System Inc,,,,,20166664,90375332,Invoice,670,28.9,10,6700,6671.1
8/8/2023,T-Doc Catheters,Uro,202301,1022113,CA Obstetrics & Gynecology Institute,,,,,20072439,90375357,Invoice,670,28.9,10,6700,6671.1
8/8/2023,T-Doc Catheters,Uro,202301,1022113,CA Obstetrics & Gynecology Institute,,,,,20072439,90375357,Invoice,999,46.2,10,9990,9943.8
8/8/2023,T-Doc Catheters,Uro,202301,1022280,Village Practice Management Company,,,,,20170534,90375385,Invoice,1058,143.2,20,21160,21016.8
8/8/2023,Tubing,Uro,202301,1022361,Corewell Health,,,,,20167546,90375389,Invoice,445,42,25,11125,11083
8/8/2023,UDS Other Service & Repairs,Uro,202301,1022400,Trinity Health,,,,,20168824,90375394,Invoice,0,227.22,0,0,-227.22
8/9/2023,Endoscopy Sheaths,Uro,202301,1022405,St. Clair Hospital,,,,,20077268,90375397,Invoice,6190,1137,100,619000,617863
8/9/2023,Endoscopy Sheaths,Uro,202301,1022954,GenesisCare,,,,,20081064,90375494,Invoice,1520,454.8,40,60800,60345.2
8/9/2023,InjeTAK,Uro,202301,1022487,Sutter Health System Office,,,,,20163997,90375422,Invoice,155,38,2,310,272
8/9/2023,InjeTAK,Uro,202301,1022633,Tri Valley Urology,,,,,20084959,90375447,Invoice,489,114,6,2934,2820
8/9/2023,InjeTAK,Uro,202301,1022713,Ascension Health Ministry Service C,,,,,20069278,90375452,Invoice,264,41.2,4,1056,1014.8
8/9/2023,InjeTAK,Uro,202301,1022713,Ascension Health Ministry Service C,,,,,20074396,90375456,Invoice,326,76,4,1304,1228
8/9/2023,Optilume Strictures,Uro,202301,1022487,Sutter Health System Office,,,,,20070977,90375426,Invoice,2095,0,1,2095,2095
8/9/2023,RenovaRP Consumables,GI,202301,1022572,Cleveland Clinic Health,,,,,20167206,90375433,Invoice,180,100,20,3600,3500
8/9/2023,RenovaRP Consumables,GI,202301,1022572,Cleveland Clinic Health,,,,,20167206,90375439,Invoice,195,54.75,5,975,920.25
8/9/2023,RenovaRP Consumables,GI,202301,1022572,Cleveland Clinic Health,,,,,20167206,90375439,Invoice,195,54.75,5,975,920.25
8/9/2023,RenovaRP Consumables,GI,202301,1022746,UHS of Delaware Inc. *Consolidated* USe BP# 1022361,,,,,20197496,90375462,Invoice,495,201.1,5,2475,2273.9
8/9/2023,Spot Ex,GI,202301,1022713,Ascension Health Ministry Service C,,,,,20166545,90375455,Invoice,380,33.6,10,3800,3766.4
8/9/2023,T-Doc Catheters,Uro,202301,1022421,Stanford Hospital & Clinics,,,,,20073865,90375401,Invoice,1056,88.6,10,10560,10471.4
8/9/2023,T-Doc Catheters,Uro,202301,1022980,Urology Associates,,,,,20081185,90375497,Invoice,5820,289,100,582000,581711
8/9/2023,Tubing,Uro,202301,1022713,Ascension Health Ministry Service C,,,,,20070930,90375457,Invoice,259,34.5,25,6475,6440.5
8/10/2023,Electrodes,Uro,202301,1023310,Great Lakes Physicians PC dba Western NY Urology Associates,,,,,20197490,90375523,Invoice,3348,716.4,360,1205280,1204563.6
8/10/2023,EverLift,GI,202301,1105682,COASTAL DIGESTIVE CARE CENTER A/P DEBBIE VAN EPPS,,,,,20192980,90375565,Invoice,360,44.5,10,3600,3555.5
8/10/2023,InjeTAK,Uro,202301,1023188,VA Eastern Colorado Health Care,,,,,20074968,90375510,Invoice,326,76,4,1304,1228
8/10/2023,Optilume Strictures,Uro,202301,1023072,USC University Hospital,,,,,20075260,90375501,Invoice,4190,0,2,8380,8380
8/10/2023,Optilume Strictures,Uro,202301,1023072,USC University Hospital,,,,,20075260,90375501,Invoice,0,71.68,0,0,-71.68
8/10/2023,Optilume Strictures,Uro,202301,1023139,VA Hospital(Lake CityFL) **CONSOLIDATED USE 1023131**,1023131,,,,20079635,90375508,Invoice,0,71.68,0,0,-71.68
8/10/2023,Other GI Supply Disposables,GI,202301,1023122,VA Washington DC Health Care,,,,,20196378,90375504,Invoice,440,126,200,88000,87874
8/10/2023,RenovaRP Consumables,GI,202301,1025279,University Health Serivces 158/338-MMH-LWR Acct Payables,,,,,20194823,90375538,Invoice,1140,328.5,30,34200,33871.5
8/10/2023,RenovaRP Consumables,GI,202301,1025279,University Health Serivces 158/338-MMH-LWR Acct Payables,,,,,20194823,90375538,Invoice,1290,600,120,154800,154200
8/10/2023,RenovaRP Consumables,GI,202301,1077730,Cookeville Regional Medical Center,,,,,20193204,90375543,Invoice,1125,500,100,112500,112000
8/10/2023,Spot Ex,GI,202301,1023158,VA Ann Arbor Health Care,,,,,20072754,90375509,Invoice,380,33.6,10,3800,3766.4
8/10/2023,Spot Ex,GI,202301,1079721,PeaceHealth **CONSOLIDATED use 1021829*,1021829,,,,20163728,90375548,Invoice,380,33.6,10,3800,3766.4
8/10/2023,UDS Other Service & Repairs,Uro,202301,1079858,ClearSky Rehab Hosp of Rio Rancho LLC,,,,,20197497,90375550,Invoice,0,80,1,0,-80
8/11/2023,EverLift,GI,202301,1105745,COLLEGE HEIGHTS ENDOSCOPY ACCOUNTS PAYABLE,,,,,20193056,90375566,Invoice,720,90.9,10,7200,7109.1
8/11/2023,EverLift,GI,202301,1106032,ROBERT WOOD JOHNSON ENDOSURGICAL ACCOUNTS PAYABLE,,,,,20193469,90375573,Invoice,400,44.5,10,4000,3955.5
8/11/2023,EverLift,GI,202301,1106139,EXECUTIVE SURGERY CENTER ACCOUNTS PAYABLE,,,,,20193619,90375574,Invoice,1050,133.5,30,31500,31366.5
8/11/2023,Koala,CI,202301,1078784,OM Owens & Minor,,,,,20168091,90375024,Invoice,1402.5,226.5,50,70125,69898.5
8/11/2023,Koala,CI,202301,1078784,OM Owens & Minor,,,,,20168091,90375027,Invoice,1402.5,226.5,50,70125,69898.5
8/11/2023,Optilume Strictures,Uro,202301,1106940,Margaret R. Pardee Mem. Hosp,,,,,20194861,90375588,Invoice,0,201,0,0,-201
8/11/2023,RenovaRP Consumables,GI,202301,1106349,GONZABA MEDICAL GROUP ACCOUNTS PAYABLE,,,,,20193915,90375576,Invoice,380,200,40,15200,15000
8/11/2023,Spot Ex,GI,202301,1105898,Decatur Ambulatory Surgery Center,,,,,20193277,90375569,Invoice,345,33.6,10,3450,3416.4
8/11/2023,Spot Ex,GI,202301,1106744,LAKE SURGERY & ENDOSCOPY CENTER ACCOUNTS PAYABLE,,,,,20194526,90375580,Invoice,760,67.2,20,15200,15132.8
8/11/2023,Spot Ex,GI,202301,1106881,The Methodist Hospitals Inc,,,,,20194725,90375584,Invoice,760,67.2,20,15200,15132.8
8/11/2023,Spot Ex,GI,202301,1107427,SOUTH BROWARD ENDOSCOPY ACCOUNTS PAYABLE,,,,,20195614,90375594,Invoice,760,67.2,20,15200,15132.8
8/11/2023,Spot Ex,GI,202301,1107601,ADVANCED SURGICAL INSTITUTE ACCOUNTS PAYABLE,,,,,20195894,90375597,Invoice,345,33.6,10,3450,3416.4
8/11/2023,T-Doc Catheters,Uro,202301,1108508,Haddad Medical,,,,,20197191,90375609,Invoice,0,46.2,10,0,-46.2
8/12/2023,ABBy,CI,202301,9980001107,Mark Gables,,,,,9980001107,90375036,Invoice,0,182.3,10,0,-182.3
8/12/2023,ABBy,CI,202301,9980001133,Matt Wheeler,,,,,9980001133,90375042,Invoice,0,364.6,20,0,-364.6
8/12/2023,babyLance,CI,202301,9980001123,Austin Sirovina,,,,,9980001123,90375039,Invoice,0,19.5,50,0,-19.5
8/12/2023,babyLance,CI,202301,9980001123,Austin Sirovina,,,,,9980001123,90375039,Invoice,0,19.5,50,0,-19.5
8/12/2023,Endoscopy Sheaths,Uro,202301,1019535,Albany Med Health System,,,,,20074945,90375071,Invoice,2280,682.2,60,136800,136117.8
8/12/2023,InjeTAK,Uro,202301,1020355,Eisenhower Medical Center,,,,,20078676,90375168,Invoice,250,41.2,4,1000,958.8
8/12/2023,InjeTAK,Uro,202301,1020921,1000-St. Joseph Health System *Consolidated* Use BP# 1021928,,,,,20069804,90375224,Invoice,400,82.4,8,3200,3117.6
8/12/2023,Other GI Supply Disposables,GI,202301,1019655,"Exeter Hospital, Inc.",,,,,20077952,90375089,Invoice,177,48.75,75,13275,13226.25
8/12/2023,Other GI Supply Disposables,GI,202301,1019842,Brooke Army Medical Center,,,,,20192694,90375114,Invoice,194,69,100,19400,19331
8/12/2023,Portascan 3D,Uro,202301,1020159,United Urology Group,,,,,20081132,90375152,Invoice,0,1500,1,0,-1500
8/12/2023,RenovaRP Consumables,GI,202301,1020621,CHI - Common Spirit Health,,,,,20167127,90375196,Invoice,190,100,20,3800,3700
8/12/2023,Spot Ex,GI,202301,1019894,Carle Foundation Hospital,,,,,20083654,90375118,Invoice,380,33.6,10,3800,3766.4
8/12/2023,Spot Ex,GI,202301,1020069,Indiana University Health,,,,,20194243,90375145,Invoice,380,33.6,10,3800,3766.4
8/12/2023,Spot Ex,GI,202301,1020347,H&HC dba Eskenazi Health,,,,,20084208,90375167,Invoice,760,67.2,20,15200,15132.8
8/12/2023,Spot Ex,GI,202301,1020573,Geisinger System Services,,,,,20070864,90375188,Invoice,1520,134.4,40,60800,60665.6
8/12/2023,T-Doc Catheters,Uro,202301,1020225,Covina Valley Urologic Med. Group,,,,,20070326,90375158,Invoice,3350,144.5,50,167500,167355.5
8/12/2023,T-Doc Catheters,Uro,202301,1020405,East Tennessee Children's Hospital Assoc,,,,,20197499,90375172,Invoice,2358,111.6,30,70740,70628.4
8/12/2023,T-Doc Catheters,Uro,202301,1020743,Henry Ford Health System,,,,,20074516,90375206,Invoice,999,46.2,10,9990,9943.8
8/12/2023,Tubing,Uro,202301,1020069,Indiana University Health,,,,,20085022,90375143,Invoice,777,103.5,75,58275,58171.5
8/13/2023,InjeTAK,Uro,202301,1021515,Northwest Community Healthcare **CONSOLIDATED use 1020365*,1020365,,,,20074198,90375288,Invoice,264,41.2,4,1056,1014.8
8/13/2023,Optilume Strictures,Uro,202301,1021407,Mount Sinai Medical Center,,,,,20076264,90375282,Invoice,4190,0,2,8380,8380
8/13/2023,Optilume Strictures,Uro,202301,1021596,Northside Hospital,,,,,20083564,90375302,Invoice,6285,0,3,18855,18855
8/13/2023,Optilume Strictures,Uro,202301,1021596,Northside Hospital,,,,,20083564,90375302,Invoice,0,107.52,0,0,-107.52
8/13/2023,RenovaRP Consumables,GI,202301,1020971,Kaiser Health Plan Asset Mgmt,,,,,20066988,90375234,Invoice,900,402.2,10,9000,8597.8
8/13/2023,Spot Ex,GI,202301,1020921,1000-St. Joseph Health System *Consolidated* Use BP# 1021928,,,,,20074337,90375226,Invoice,1080,100.8,30,32400,32299.2
8/13/2023,Spot Ex,GI,202301,1021214,Atrium Health Navicent,,,,,20071817,90375263,Invoice,380,33.6,10,3800,3766.4
8/13/2023,Tables/Chairs,Uro,202301,1021591,Northwell Health,,,,,20068065,90375299,Invoice,0,540,1,0,-540
8/13/2023,Tubing,Uro,202301,1020971,Kaiser Health Plan Asset Mgmt,,,,,20083397,90375236,Invoice,682,84,50,34100,34016
8/14/2023,EverLift,GI,202301,1021928,Providence Health & Services,,,,,20073830,90375351,Invoice,400,44.5,10,4000,3955.5
8/14/2023,InjeTAK,Uro,202301,1021600,Northwestern Medicine,,,,,20073760,90375305,Invoice,375,61.8,6,2250,2188.2
8/14/2023,InjeTAK,Uro,202301,1022138,Santa Clara Valley Health & Hosp,,,,,20075407,90375360,Invoice,264,41.2,4,1056,1014.8
8/14/2023,InjeTAK,Uro,202301,1022174,Surgery Center of Fremont,,,,,20077613,90375369,Invoice,163,38,2,326,288
8/14/2023,RenovaRP Consumables,GI,202301,1022138,Santa Clara Valley Health & Hosp,,,,,20195930,90375363,Invoice,430,200,40,17200,17000
8/14/2023,Spot Ex,GI,202301,1021870,Pikeville Medical Center,,,,,20083027,90375339,Invoice,380,33.6,10,3800,3766.4
8/14/2023,Tubing,Uro,202301,1021928,Providence Health & Services,,,,,20069408,90375350,Invoice,204,34.5,25,5100,5065.5
8/15/2023,Endoscopy Sheaths,Uro,202301,1022279,Sovereign Health System,,,,,20164158,90375382,Invoice,2476,450.4,40,99040,98589.6
8/15/2023,Incontinence UPC Lead Sets,Uro,202301,1022279,Sovereign Health System,,,,,20168448,90375383,Invoice,2802,125.64,3,8406,8280.36
8/15/2023,InjeTAK,Uro,202301,1022237,Sharp Healthcare,,,,,20075502,90375378,Invoice,595,103,10,5950,5847
8/15/2023,RenovaRP Consumables,GI,202301,1022252,Silver Cross Hospital and Medical Center,,,,,20071094,90375379,Invoice,900,164.25,15,13500,13335.75
8/15/2023,Spot Ex,GI,202301,1022188,Sentara Healthcare,,,,,20195618,90375372,Invoice,400,33.6,10,4000,3966.4
8/15/2023,T-Doc Catheters,Uro,202301,1022350,Spartanburg Regional Healthcare System,,,,,20084282,90375388,Invoice,1998,92.4,20,39960,39867.6
8/15/2023,UDS Other Service & Repairs,Uro,202301,1022400,Trinity Health,,,,,20168824,90375394,Invoice,0,468.04,1,0,-468.04
8/15/2023,UDS Other Service & Repairs,Uro,202301,1022400,Trinity Health,,,,,20168824,90375394,Invoice,0,193.02,0,0,-193.02
8/16/2023,Endoscopy Sheaths,Uro,202301,1023018,Med Atlantic,,,,,20073275,90375499,Invoice,1110,341.1,30,33300,32958.9
8/16/2023,Incontinence UPC Lead Sets,Uro,202301,1022939,Urology of Greater Atlanta LLC,,,,,20074878,90375490,Invoice,1320,83.76,2,2640,2556.24
8/16/2023,InjeTAK,Uro,202301,1022422,Bon Secours Mercy Health: Hybrent CHP 71-Accounts Payable SSO,,,,,20168604,90375402,Invoice,652,152,8,5216,5064
8/16/2023,InjeTAK,Uro,202301,1022700,University of Cincinnati Health,,,,,20197454,90375451,Invoice,489,114,6,2934,2820
8/16/2023,InjeTAK,Uro,202301,1023008,Urology Clinics of North Texas,,,,,20170408,90375498,Invoice,249,114,6,1494,1380
8/16/2023,Optilume Strictures,Uro,202301,1022487,Sutter Health System Office,,,,,20070977,90375426,Invoice,0,201,0,0,-201
8/16/2023,Other GI Supply Disposables,GI,202301,1023230,Virtua Health Inc.,,,,,20167048,90375516,Invoice,440,126,200,88000,87874
8/16/2023,Other Uro Dx Disposables,Uro,202301,1022635,Tripler Army Medical Center,,,,,20072901,90375448,Invoice,0,37.8,20,0,-37.8
8/16/2023,RenovaRP Consumables,GI,202301,1022572,Cleveland Clinic Health,,,,,20196704,90375438,Invoice,175,54.75,5,875,820.25
8/16/2023,RenovaRP Consumables,GI,202301,1022644,Tulane Medical Center *CONSOLIDATED use 1020331*,1020331,,,,20084160,90375449,Invoice,380,200,40,15200,15000
8/16/2023,Spot Ex,GI,202301,1022506,Skagit Regional Health,,,,,20079502,90375427,Invoice,380,33.6,10,3800,3766.4
8/16/2023,Spot Ex,GI,202301,1022800,University of Maryland Medical System,,,,,20194758,90375465,Invoice,380,33.6,10,3800,3766.4
8/16/2023,T-Doc Catheters,Uro,202301,1023134,VA Salisbury Health Care,,,,,20073787,90375506,Invoice,1998,143.2,20,39960,39816.8
8/16/2023,Tubing,Uro,202301,1022803,University of Mississippi Medical Center,,,,,20076783,90375467,Invoice,492,69,50,24600,24531
8/16/2023,Tubing,Uro,202301,1023190,VA South Texas Health Care,,,,,1023190,90375511,Invoice,246,34.5,25,6150,6115.5
8/17/2023,EverLift,GI,202301,1105955,DIGESTIVE HEALTH CLINIC ACCOUNTS PAYABLE,,,,,20193354,90375570,Invoice,400,44.5,10,4000,3955.5
8/17/2023,InjeTAK,Uro,202301,1081560,Stanford Health Care-ValleyCare **CONSOLIDATED use 1022421*,1022421,,,,20197300,90375552,Invoice,396,61.8,6,2376,2314.2
8/17/2023,InjeTAK,Uro,202301,1082787,"Millennium Physician Group, LLC",,,,,20171012,90375554,Invoice,109,38,2,218,180
8/17/2023,InjeTAK,Uro,202301,1108140,New York Presbyterian Hospital,,,,,20083621,90375607,Invoice,396,61.8,6,2376,2314.2
8/17/2023,Other GI Supply Disposables,GI,202301,1105681,Cooper Clinic - Dallas,,,,,20192979,90375564,Invoice,70,31,50,3500,3469
8/17/2023,RenovaRP Consumables,GI,202301,1107920,VA MEDICAL CENTER/MOUNTAIN HOME ACCOUNTS PAYABLE,,,,,20196429,90375604,Invoice,215,100,20,4300,4200
8/17/2023,RenovaRP Consumables,GI,202301,9980001315,Russell Mlynar,,,,,9980001315,90375612,Invoice,0,0,40,0,0
8/17/2023,Spot Ex,GI,202301,1079648,Idaho Falls Community Hospital,,,,,20163611,90375546,Invoice,380,33.6,10,3800,3766.4
8/17/2023,Spot Ex,GI,202301,1105651,CENTRAL CONNECTICUT ENDOSCOPY CTR ACCOUNTS PAYABLE,,,,,20192933,90375563,Invoice,760,67.2,20,15200,15132.8
8/17/2023,Spot Ex,GI,202301,1105777,CENTRAL KENTUCKY SURGERY CENTER ACCOUNTS PAYABLE,,,,,20193109,90375567,Invoice,760,67.2,20,15200,15132.8
8/17/2023,Spot Ex,GI,202301,1106881,The Methodist Hospitals Inc,,,,,20194725,90375585,Invoice,760,67.2,20,15200,15132.8
8/17/2023,Spot Ex,GI,202301,1107971,VILLAGE SURGICENTER ACCOUNTS PAYABLE,,,,,20196491,90375605,Invoice,345,33.6,10,3450,3416.4
8/18/2023,DSD,CI,202301,1078679,Cardinal Health,,,,,20166710,90375003,Invoice,332,46.5,50,16600,16553.5
8/18/2023,InjeTAK,Uro,202301,1061863,NHS Supply Chain NHS Suppply Chain Accounts Payable,,,,,20152822,90374921,Invoice,185.76,72.74,4,743.04,670.3
8/18/2023,InjeTAK,Uro,202301,1061863,NHS Supply Chain NHS Suppply Chain Accounts Payable,,,,,20151546,90374926,Invoice,928.79,363.69,20,18575.8,18212.11
8/18/2023,Kiwi,CI,202301,1061240,CH de Gonesse,,,,,20155665,90374890,Debit Memo,3398.53,311.37,60,203911.8,203600.43
8/18/2023,Kiwi,CI,202301,1060659,Agaplesion Logistikzentrum gGmbH,,,,,20171208,90374908,Invoice,1395.95,129.74,25,34898.75,34769.01
8/18/2023,Kiwi,CI,202301,1058761,Service Facturier AP/HP SIRET 26750045201928,,,,,20155660,90374954,Invoice,1543.91,155.69,30,46317.3,46161.61
8/18/2023,Kiwi,CI,202301,1058761,Service Facturier AP/HP SIRET 26750045201928,,,,,20155374,90374960,Invoice,1543.91,155.69,30,46317.3,46161.61
8/18/2023,Kiwi,CI,202301,1061360,CHP St Grégoire Service Pharmacie,,,,,20154573,90374967,Invoice,1683.08,155.68,30,50492.4,50336.72
8/18/2023,Koala,CI,202301,1078784,OM Owens & Minor,,,,,20168091,90375012,Invoice,1402.5,226.5,50,70125,69898.5
8/18/2023,Koala,CI,202301,1078784,OM Owens & Minor,,,,,20168091,90375018,Invoice,561,90.6,20,11220,11129.4
8/18/2023,Optilume Strictures,Uro,202301,1058759,Al Zahrawi Medical  LLC Qatar,,,,,1058759,90374986,Invoice,15000,1879.92,10,150000,148120.08
8/18/2023,Other GI Disposables,GI,202301,1069381,Caritas-Krankenhaus St. Josef Einkauf,,,,,20154042,90374900,Invoice,258.94,78.22,25,6473.5,6395.28
8/18/2023,Ph/Impedance Catheters,GI,202301,1061001,CHU Toulouse,,,,,20151157,90374938,Invoice,297.78,199.6,10,2977.8,2778.2
8/18/2023,Ph/Impedance Catheters,GI,202301,1058759,Al Zahrawi Medical  LLC Qatar,,,,,20156388,90374988,Invoice,1097.6,135.09,10,10976,10840.91
8/18/2023,RenovaRP Consumables,GI,202301,9980001315,Russell Mlynar,,,,,9980001315,90375612,Invoice,0,0,5,0,0
8/18/2023,Tubing,Uro,202301,1060680,GPR Klinikum,,,,,20152438,90374909,Invoice,409.98,27.62,20,8199.6,8171.98
8/18/2023,Tubing,Uro,202301,1061119,Centre de Réadaptation Albert Camus,,,,,1061119,90374951,Invoice,336.53,55.24,40,13461.2,13405.96
8/18/2023,Tubing,Uro,202301,1061527,HPTH Sainte Marguerite,,,,,20151618,90374974,Invoice,168.27,27.62,20,3365.4,3337.78
10/4/2023,Incontinence MPQ,Uro,202301,1059728,Brain Medical Oscar A. Revello,,,,,1059728,90375615,Invoice,1394.6,559.93,38,52994.8,52434.87
10/4/2023,Incontinence MPQ,Uro,202301,1059728,Brain Medical Oscar A. Revello,,,,,1059728,90375615,Invoice,334.92,231.66,1,334.92,103.26
10/4/2023,Incontinence MPQ,Uro,202301,1059728,Brain Medical Oscar A. Revello,,,,,1059728,90375615,Invoice,1061.46,270.73,6,6368.76,6098.03
10/4/2023,InjeTAK,Uro,202301,1019621,Associates in Urology *1.11.23 CONSOLIDATED 1025594*,1025594,,,,20078545,90375624,Invoice,652,174.8,8,5216,5041.2
10/4/2023,Other Uro Dx Disposables,Uro,202301,1078716,HEALTH SCIENCES NORTH,,,,,20163732,90375616,Invoice,41.71,10.64,5,208.55,197.91
10/4/2023,Other Uro Dx Disposables,Uro,202301,1019421,Greater Texas Healthcare,,,,,20167620,90375623,Invoice,24,7,5,120,113
10/4/2023,Portascan 3D,Uro,202301,1018958,Marin General Hospital,,,,,20074356,90375620,Invoice,3150,1724.84,1,3150,1425.16
10/4/2023,T-Doc Catheters,Uro,202301,1078827,TIMMINS AND DISTRICT HOSPITAL MAT M,,,,,20166129,90375617,Invoice,513.91,37.53,10,5139.1,5101.57
10/4/2023,T-Doc Catheters,Uro,202301,1078827,TIMMINS AND DISTRICT HOSPITAL MAT M,,,,,20166129,90375617,Invoice,439.43,29.15,10,4394.3,4365.15
10/4/2023,T-Doc Catheters,Uro,202301,1080894,The Hospital For Sick Children,,,,,20166373,90375619,Invoice,741.82,75.05,20,14836.4,14761.35
10/4/2023,T-Doc Catheters,Uro,202301,1019658,Augusta Urology Assoc. LLC,,,,,20079908,90375625,Invoice,670,28.9,10,6700,6671.1
10/5/2023,Electrodes,Uro,202301,1019658,Augusta Urology Assoc. LLC,,,,,20079908,90375625,Invoice,93,271.3,10,930,658.7
10/5/2023,Electrodes,Uro,202301,1019736,Mount Sinai: Beth Israel,,,,,20078147,90375630,Invoice,279,813.9,30,8370,7556.1
10/5/2023,Electrodes,Uro,202301,1019951,Century Medical & Dental Center,,,,,20072953,90375635,Invoice,186,542.6,20,3720,3177.4
10/5/2023,InjeTAK,Uro,202301,1019668,Aurora Health *Consolidated* Use BP# 1020857,,,,,20074267,90375628,Invoice,652,174.8,8,5216,5041.2
10/5/2023,InjeTAK,Uro,202301,1019742,William Beaumont Health *Consolidated* Use BP# 1022361,,,,,20074869,90375631,Invoice,326,87.4,4,1304,1216.6
10/5/2023,T-Doc Catheters,Uro,202301,1019668,Aurora Health *Consolidated* Use BP# 1020857,,,,,20074267,90375628,Invoice,670,197,10,6700,6503
10/5/2023,T-Doc Catheters,Uro,202301,1019842,Brooke Army Medical Center,,,,,20071609,90375633,Invoice,670,28.9,10,6700,6671.1
10/5/2023,T-Doc Catheters,Uro,202301,1019951,Century Medical & Dental Center,,,,,20072953,90375635,Invoice,1340,57.8,20,26800,26742.2
10/5/2023,Tubing,Uro,202301,1019668,Aurora Health *Consolidated* Use BP# 1020857,,,,,20084294,90375626,Invoice,77,45.25,25,1925,1879.75
10/5/2023,Tubing,Uro,202301,1019951,Century Medical & Dental Center,,,,,20072953,90375635,Invoice,1154,84,50,57700,57616
10/5/2023,UDS Other Service & Repairs,Uro,202301,1021763,PartsSource,,,,,20168290,90375634,Invoice,168,89.31,1,168,78.69
10/6/2023,Anorectal Manometry Catheters,GI,202301,1020119,Colon & Rectal Surgery Assoc.of Nashvill,,,,,20069259,90375648,Invoice,661,115.75,5,3305,3189.25
10/6/2023,InjeTAK,Uro,202301,1020036,Children's Mercy Hospital,,,,,20078691,90375641,Invoice,163,43.7,2,326,282.3
10/6/2023,InjeTAK,Uro,202301,1020153,Williamson Health Medical Group,,,,,20082717,90375649,Invoice,652,174.8,8,5216,5041.2
10/6/2023,Other GI Disposables,GI,202301,1020049,Children's Hospital of Wisconsin,,,,,20080823,90375644,Invoice,420,184,10,4200,4016
10/6/2023,Other GI Disposables,GI,202301,1020056,Childrens Hospital of Orange County,,,,,20074655,90375647,Invoice,74,48.3,2,148,99.7
10/6/2023,Other Uro Dx Equipment,Uro,202301,1020034,Ann & Robert H.Lurie Childrens Hospital,,,,,20068135,90375640,Invoice,0,60.93,1,0,-60.93
10/6/2023,Other Uro Dx Equipment,Uro,202301,1020050,Atrium Health,,,,,20168815,90375646,Invoice,441,37.32,1,441,403.68
10/6/2023,Other Uro Dx Equipment,Uro,202301,1020050,Atrium Health,,,,,20168815,90375646,Invoice,441,37.29,1,441,403.71
10/6/2023,Probes -Urostym,Uro,202301,1020003,Christiana Care Health Services,,,,,20071081,90375638,Invoice,500,83.7,10,5000,4916.3
10/6/2023,T-Doc Catheters,Uro,202301,1020360,Eagles Landing Ob/Gyn LLC,,,,,20067337,90375650,Invoice,999,46.2,10,9990,9943.8
10/6/2023,Tubing,Uro,202301,1020042,Christus Health,,,,,20167310,90375642,Invoice,154,78.5,50,7700,7621.5
10/6/2023,Tubing,Uro,202301,1020400,Essentia Health - Innovis Health,,,,,20083412,90375652,Invoice,441,42,25,11025,10983
10/7/2023,InjeTAK,Uro,202301,1020626,Greater Springfield Surgery Center,,,,,20083668,90375661,Invoice,132,23.68,2,264,240.32
10/7/2023,InjeTAK,Uro,202301,1020860,Indiana Regional Medical Center,,,,,20076084,90375668,Invoice,132,23.68,2,264,240.32
10/7/2023,Other Uro Dx Disposables,Uro,202301,1020752,Memorial Hermann Health System,,,,,20075127,90375665,Invoice,212,98.68,4,848,749.32
10/7/2023,Other Uro Dx Disposables,Uro,202301,1020752,Memorial Hermann Health System,,,,,20071400,90375666,Invoice,106,49.34,2,212,162.66
10/7/2023,Portascan 3D,Uro,202301,1021763,PartsSource,,,,,20077269,90375653,Invoice,58,46,2,116,70
10/7/2023,Probes -Urostym,Uro,202301,1020621,CHI - Common Spirit Health,,,,,20070584,90375660,Invoice,235,41.85,5,1175,1133.15
10/7/2023,T-Doc Catheters,Uro,202301,1020400,Essentia Health - Innovis Health,,,,,20083412,90375652,Invoice,604,46.2,10,6040,5993.8
10/7/2023,T-Doc Catheters,Uro,202301,1020614,Granger Medical Clinic,,,,,20196999,90375657,Invoice,2300,144.5,50,115000,114855.5
10/7/2023,T-Doc Catheters,Uro,202301,1020614,Granger Medical Clinic,,,,,20196999,90375657,Invoice,2705,186,50,135250,135064
10/7/2023,T-Doc Catheters,Uro,202301,1020621,CHI - Common Spirit Health,,,,,20083263,90375659,Invoice,1736,92.4,20,34720,34627.6
10/7/2023,T-Doc Catheters,Uro,202301,1020743,Henry Ford Health System,,,,,20081287,90375663,Invoice,999,46.2,10,9990,9943.8
10/7/2023,T-Doc Catheters,Uro,202301,1020743,Henry Ford Health System,,,,,20081287,90375663,Invoice,670,28.9,10,6700,6671.1
10/7/2023,Tubing,Uro,202301,1020517,Flagstaff Surgical Associates,,,,,20072344,90375655,Invoice,577,42,25,14425,14383
10/8/2023,InjeTAK,Uro,202301,1021026,Logan Health Medical Center,,,,,20080204,90375672,Invoice,978,262.2,12,11736,11473.8
10/8/2023,InjeTAK,Uro,202301,1021168,Manchester Urology Assoc.,,,,,20168125,90375675,Invoice,1304,349.6,16,20864,20514.4
10/8/2023,InjeTAK,Uro,202301,1021582,Northeast Urogynecology,,,,,20070533,90375684,Invoice,264,47.36,4,1056,1008.64
10/8/2023,Other Uro Dx Disposables,Uro,202301,1021190,Mayo Clinic,,,,,20084767,90375677,Invoice,116,60.6,20,2320,2259.4
10/8/2023,Probes -Urostym,Uro,202301,1021489,Minnesota Women's Care,,,,,20080868,90375683,Invoice,750,133.95,15,11250,11116.05
10/8/2023,T-Doc Catheters,Uro,202301,1020885,Iowa Specialty Hospital Clarion,,,,,20069208,90375670,Invoice,1340,57.8,20,26800,26742.2
10/8/2023,T-Doc Catheters,Uro,202301,1020885,Iowa Specialty Hospital Clarion,,,,,20069208,90375670,Invoice,1998,92.4,20,39960,39867.6
10/8/2023,T-Doc Catheters,Uro,202301,1021125,Integrated Medical Professionals PLLC,,,,,20074705,90375674,Invoice,2175,358,50,108750,108392
10/8/2023,T-Doc Catheters,Uro,202301,1021125,Integrated Medical Professionals PLLC,,,,,20074705,90375674,Invoice,2352,231.2,80,188160,187928.8
10/8/2023,T-Doc Catheters,Uro,202301,1021190,Mayo Clinic,,,,,20170386,90375676,Invoice,3415,186,50,170750,170564
10/8/2023,T-Doc Catheters,Uro,202301,1021590,Novant Health Inc.,,,,,20067437,90375686,Invoice,2496,184.8,40,99840,99655.2
10/8/2023,T-Doc Catheters,Uro,202301,1021591,Northwell Health,,,,,20072608,90375688,Invoice,1690,144.5,50,84500,84355.5
10/8/2023,Tubing,Uro,202301,1021026,Logan Health Medical Center,,,,,20080204,90375672,Invoice,924,155.6,40,36960,36804.4
10/8/2023,Tubing,Uro,202301,1021591,Northwell Health,,,,,20074906,90375687,Invoice,1272,126,75,95400,95274
10/8/2023,Water Catheters,Uro,202301,1021327,Penn State Health,,,,,20080307,90375678,Invoice,283,43.9,10,2830,2786.1
10/8/2023,Water Catheters,Uro,202301,1021327,Penn State Health,,,,,20080307,90375678,Invoice,191,37.4,10,1910,1872.6
10/9/2023,Electrodes,Uro,202301,1021853,Pinehurst SurgicalWomen's C.,,,,,20066952,90375700,Invoice,352,1085.2,40,14080,12994.8
10/9/2023,Electrodes,Uro,202301,1021905,Physicians Regional Pine Ridge (CHS),,,,,20170242,90375701,Invoice,279,813.9,30,8370,7556.1
10/9/2023,InjeTAK,Uro,202301,1021925,Intermountain Healthcare,,,,,20073591,90375704,Invoice,296,87.4,4,1184,1096.6
10/9/2023,InjeTAK,Uro,202301,1022188,Sentara Healthcare,,,,,20066919,90375708,Invoice,396,71.04,6,2376,2304.96
10/9/2023,T-Doc Catheters,Uro,202301,1021591,Northwell Health,,,,,20072608,90375688,Invoice,2500,231,50,125000,124769
10/9/2023,T-Doc Catheters,Uro,202301,1021766,University of Pennsylvania Health,,,,,20080756,90375696,Invoice,1032,111.6,30,30960,30848.4
10/9/2023,T-Doc Catheters,Uro,202301,1021841,AU Medical Associates,,,,,20070856,90375699,Invoice,3350,144.5,50,167500,167355.5
10/9/2023,T-Doc Catheters,Uro,202301,1021905,Physicians Regional Pine Ridge (CHS),,,,,20170242,90375701,Invoice,1340,57.8,20,26800,26742.2
10/9/2023,T-Doc Catheters,Uro,202301,1021905,Physicians Regional Pine Ridge (CHS),,,,,20170242,90375701,Invoice,1998,143.2,20,39960,39816.8
10/9/2023,T-Doc Catheters,Uro,202301,1021928,Providence Health & Services,,,,,20081839,90375705,Invoice,1284,111.6,30,38520,38408.4
10/9/2023,T-Doc Catheters,Uro,202301,1022160,Baylor Scott & White Health,,,,,20072756,90375707,Invoice,699,46.2,10,6990,6943.8
10/9/2023,Tubing,Uro,202301,1021591,Northwell Health,,,,,20069270,90375689,Invoice,2120,210,125,265000,264790
10/9/2023,Tubing,Uro,202301,1021928,Providence Health & Services,,,,,20081839,90375705,Invoice,470,42,25,11750,11708
10/10/2023,Electrodes,Uro,202301,1022256,Inspira Medical Group (NJ),,,,,20080649,90375709,Invoice,186,542.6,20,3720,3177.4
10/10/2023,Electrodes,Uro,202301,1022321,Southeast Texas Urology,,,,,20081197,90375714,Invoice,744,2170.4,80,59520,57349.6
10/10/2023,InjeTAK,Uro,202301,1022479,Southern Urology P.A.,,,,,20077547,90375723,Invoice,660,118.4,10,6600,6481.6
10/10/2023,InjeTAK,Uro,202301,1022487,Sutter Health System Office,,,,,20084010,90375724,Invoice,660,118.4,10,6600,6481.6
10/10/2023,InjeTAK,Uro,202301,1022644,Tulane Medical Center *CONSOLIDATED use 1020331*,1020331,,,,20081990,90375726,Invoice,396,71.04,6,2376,2304.96
10/10/2023,Other Uro Dx Disposables,Uro,202301,1022256,Inspira Medical Group (NJ),,,,,20080649,90375709,Invoice,60,7.2,20,1200,1192.8
10/10/2023,T-Doc Catheters,Uro,202301,1022280,Village Practice Management Company,,,,,20083942,90375712,Invoice,708,57.8,20,14160,14102.2
10/10/2023,T-Doc Catheters,Uro,202301,1022361,Corewell Health,,,,,20167546,90375716,Invoice,687,46.2,10,6870,6823.8
10/10/2023,T-Doc Catheters,Uro,202301,1022570,Tennova Healthcare - Clarksville,,,,,20084610,90375725,Invoice,786,37.2,10,7860,7822.8
10/10/2023,T-Doc Catheters,Uro,202301,1022713,Ascension Health Ministry Service C,,,,,20071630,90375729,Invoice,2997,138.6,30,89910,89771.4
10/10/2023,Tubing,Uro,202301,1022713,Ascension Health Ministry Service C,,,,,20170607,90375728,Invoice,1154,84,50,57700,57616
10/11/2023,Electrodes,Uro,202301,1022954,GenesisCare,,,,,20163684,90375737,Invoice,240,813.9,30,7200,6386.1
10/11/2023,InjeTAK,Uro,202301,1022713,Ascension Health Ministry Service C,,,,,20071630,90375730,Invoice,1320,236.8,20,26400,26163.2
10/11/2023,InjeTAK,Uro,202301,1023134,VA Salisbury Health Care,,,,,20071599,90375741,Invoice,326,87.4,4,1304,1216.6
10/11/2023,Probes -Urostym,Uro,202301,1023121,VA Wilmington Health Care,,,,,20068551,90375738,Invoice,415,53.05,5,2075,2021.95
10/11/2023,T-Doc Catheters,Uro,202301,1022954,GenesisCare,,,,,20163684,90375737,Invoice,529,71.6,10,5290,5218.4
10/11/2023,T-Doc Catheters,Uro,202301,1023123,VA Maryland Health Care,,,,,20073048,90375739,Invoice,999,46.2,10,9990,9943.8
10/11/2023,T-Doc Catheters,Uro,202301,1023134,VA Salisbury Health Care,,,,,20073787,90375740,Invoice,2328,115.6,40,93120,93004.4
10/11/2023,Tubing,Uro,202301,1023134,VA Salisbury Health Care,,,,,20073787,90375740,Invoice,549,42,25,13725,13683
10/11/2023,Water Catheters,Uro,202301,1022803,University of Mississippi Medical Center,,,,,20076783,90375732,Invoice,191,37,10,1910,1873
10/11/2023,Water Catheters,Uro,202301,1022830,The University of Iowa,,,,,20071627,90375733,Invoice,173,37,10,1730,1693
10/11/2023,Water Catheters,Uro,202301,1022830,The University of Iowa,,,,,20071627,90375733,Invoice,239,35.6,10,2390,2354.4
10/12/2023,Electrodes,Uro,202301,1023371,Women's Care Florida LLC,,,,,20072810,90375749,Invoice,93,271.3,10,930,658.7
10/12/2023,InjeTAK,Uro,202301,1023234,Kaweah Health Medical Group *Consolidated* Use BP# 1019576,,,,,20075783,90375745,Invoice,326,87.4,4,1304,1216.6
10/12/2023,InjeTAK,Uro,202301,1023377,Wisconsin Institute of Surgical Excellen,,,,,20072941,90375750,Invoice,978,262.2,12,11736,11473.8
10/12/2023,Other Uro Dx Disposables,Uro,202301,1023148,Vanderbilt University Medical Center,,,,,20067440,90375742,Invoice,30,3.6,10,300,296.4
10/12/2023,Other Uro Dx Disposables,Uro,202301,1023160,VA Battle Creek Health Care,,,,,20084258,90375744,Invoice,60,7.2,20,1200,1192.8
10/12/2023,Probes -Urostym,Uro,202301,1023414,The Woman's Group,,,,,20081783,90375751,Invoice,250,44.65,5,1250,1205.35
10/12/2023,T-Doc Catheters,Uro,202301,1023371,Women's Care Florida LLC,,,,,20072810,90375749,Invoice,670,28.9,10,6700,6671.1
10/12/2023,T-Doc Catheters,Uro,202301,1023477,Yale New Haven Health,,,,,20083748,90375753,Invoice,999,46.2,10,9990,9943.8
10/12/2023,T-Doc Catheters,Uro,202301,1023491,WellSpan Health,,,,,20164228,90375754,Invoice,670,28.9,10,6700,6671.1
10/12/2023,T-Doc Catheters,Uro,202301,1023491,WellSpan Health,,,,,20164228,90375754,Invoice,999,46.2,10,9990,9943.8
10/12/2023,T-Doc Catheters,Uro,202301,1027107,Cape Regional Medical Center,,,,,20073207,90375756,Invoice,670,197,10,6700,6503
10/13/2023,Electrodes,Uro,202301,1020698,Palm Beach Health Network Physician,,,,,20077142,90375662,Invoice,186,542.6,20,3720,3177.4
10/13/2023,InjeTAK,Uro,202301,1019972,Cedars-Sinai Medical Center,,,,,20083151,90375636,Invoice,815,218.5,10,8150,7931.5
10/13/2023,Other GI Disposables,GI,202301,1020004,Children's National Medical Center,,,,,20078365,90375639,Invoice,420,184,10,4200,4016
10/13/2023,Other Uro Dx Disposables,Uro,202301,1082624,Powder River Surgery Center,,,,,20166868,90375757,Invoice,114,21.1,10,1140,1118.9
10/13/2023,Other Uro Dx Disposables,Uro,202301,1020865,Iredell Memorial Hospital,,,,,20084099,90375669,Invoice,24,7,5,120,113
10/13/2023,Ph/Impedance Catheters,GI,202301,1020049,Children's Hospital of Wisconsin,,,,,20080823,90375645,Invoice,552,79.3,5,2760,2680.7
10/13/2023,T-Doc Catheters,Uro,202301,1087643,Southland Uro+Gynecology LLC,,,,,20168689,90375759,Invoice,582,28.9,10,5820,5791.1
10/13/2023,T-Doc Catheters,Uro,202301,1079681,McGill University Health Centre,,,,,20166126,90375618,Invoice,4182.8,419.47,90,376452,376032.53
10/13/2023,T-Doc Catheters,Uro,202301,1020400,Essentia Health - Innovis Health,,,,,20083412,90375652,Invoice,460,28.9,10,4600,4571.1
10/13/2023,T-Doc Catheters,Uro,202301,1020427,Fairview Health System,,,,,20074969,90375654,Invoice,1572,74.4,20,31440,31365.6
10/13/2023,Tubing,Uro,202301,1108410,Premier Womens Care of SW Florida,,,,,20197071,90375760,Invoice,577,42,25,14425,14383
10/13/2023,UDS Other Service & Repairs,Uro,202301,1087394,"West Coast OB/GYN, Inc",,,,,20168418,90375758,Invoice,112,5.28,2,224,218.72
10/13/2023,Water Catheters,Uro,202301,1019986,Boston Children's Hospital,,,,,20067206,90375637,Invoice,1415,219.5,50,70750,70530.5
10/14/2023,Electrodes,Uro,202301,1021327,Penn State Health,,,,,20080307,90375678,Invoice,93,271.3,10,930,658.7
10/14/2023,Other Uro Dx Disposables,Uro,202301,1021686,Ochsner Health,,,,,20083555,90375692,Invoice,96,28,20,1920,1892
10/14/2023,Other Uro Dx Disposables,Uro,202301,1021717,Orlando Urology Associates,,,,,20079578,90375695,Invoice,57,10.55,5,285,274.45
10/14/2023,T-Doc Catheters,Uro,202301,1021478,MultiCare Health System,,,,,20083712,90375682,Invoice,582,28.9,10,5820,5791.1
10/14/2023,T-Doc Catheters,Uro,202301,1021590,Novant Health Inc.,,,,,20073459,90375685,Invoice,836,57.8,20,16720,16662.2
10/14/2023,T-Doc Catheters,Uro,202301,1021640,NorthShore University Health System **CONSOLIDATED use 1020365*,1020365,,,,20073836,90375691,Invoice,2080,186,50,104000,103814
10/14/2023,T-Doc Catheters,Uro,202301,1021700,Overlake Hospital,,,,,20074985,90375694,Invoice,1572,74.4,20,31440,31365.6
10/14/2023,T-Doc Catheters,Uro,202301,1021810,Womens Pelvic Health Institute,,,,,20081306,90375697,Invoice,999,46.2,10,9990,9943.8
10/14/2023,T-Doc Catheters,Uro,202301,1021841,AU Medical Associates,,,,,20070856,90375699,Invoice,4995,231,50,249750,249519
10/15/2023,InjeTAK,Uro,202301,1022407,St. Luke's Hospital & Health Networ,,,,,20074111,90375718,Invoice,326,87.4,4,1304,1216.6
10/15/2023,InjeTAK,Uro,202301,1023477,Yale New Haven Health,,,,,20083748,90375753,Invoice,326,87.4,4,1304,1216.6
10/15/2023,InjeTAK,Uro,202301,1087643,Southland Uro+Gynecology LLC,,,,,20168689,90375759,Invoice,125,23.68,2,250,226.32
10/15/2023,Other GI Disposables,GI,202301,1023237,VCU Health System,,,,,20081700,90375746,Invoice,210,92,5,1050,958
10/15/2023,Other GI Disposables,GI,202301,1023237,VCU Health System,,,,,20081700,90375746,Invoice,840,368,20,16800,16432
10/15/2023,T-Doc Catheters,Uro,202301,1022280,Village Practice Management Company,,,,,20083942,90375712,Invoice,832,74.4,20,16640,16565.6
10/15/2023,T-Doc Catheters,Uro,202301,1022280,Village Practice Management Company,,,,,20067508,90375713,Invoice,5290,462,100,529000,528538
10/15/2023,T-Doc Catheters,Uro,202301,1022922,Keystone Urology Specialists *11.4.24 CONSOLIDATED 1025594*,1025594,,,,20071884,90375736,Invoice,3350,144.5,50,167500,167355.5
10/15/2023,Tubing,Uro,202301,1022321,Southeast Texas Urology,,,,,20081197,90375714,Invoice,1731,126,75,129825,129699
10/15/2023,Tubing,Uro,202301,1019668,Aurora Health *Consolidated* Use BP# 1020857,,,,,20074267,90375627,Invoice,462,77.8,20,9240,9162.2
10/15/2023,Water Catheters,Uro,202301,1023239,Virginia Mason Medical Center,,,,,20076482,90375747,Invoice,1415,178,50,70750,70572
10/16/2023,Electrodes,Uro,202301,1020360,Eagles Landing Ob/Gyn LLC,,,,,20067337,90375650,Invoice,93,271.3,10,930,658.7
10/16/2023,Electrodes,Uro,202301,1021125,Integrated Medical Professionals PLLC,,,,,20074705,90375674,Invoice,930,2713,100,93000,90287
10/16/2023,InjeTAK,Uro,202301,1019812,Bon Secours Mercy Health,,,,,20167042,90375632,Invoice,264,47.36,4,1056,1008.64
10/16/2023,Other Uro Dx Disposables,Uro,202301,1020752,Memorial Hermann Health System,,,,,20071400,90375664,Invoice,100,49.34,2,200,150.66
10/16/2023,Probes -Urostym,Uro,202301,1021413,Metropartners OBGYN,,,,,20071233,90375680,Invoice,500,89.3,10,5000,4910.7
10/16/2023,T-Doc Catheters,Uro,202301,1020400,Essentia Health - Innovis Health,,,,,20083412,90375652,Invoice,505,37.2,10,5050,5012.8
10/16/2023,T-Doc Catheters,Uro,202301,1020601,Gillette Children's Specialty,,,,,20083882,90375656,Invoice,3930,186,50,196500,196314
10/16/2023,T-Doc Catheters,Uro,202301,1020971,Kaiser Health Plan Asset Mgmt,,,,,20069368,90375671,Invoice,510,46.2,10,5100,5053.8
10/16/2023,T-Doc Catheters,Uro,202301,1021590,Novant Health Inc.,,,,,20073459,90375685,Invoice,982,74.4,20,19640,19565.6
10/16/2023,Tubing,Uro,202301,1020698,Palm Beach Health Network Physician,,,,,20077142,90375662,Invoice,1154,84,50,57700,57616
10/17/2023,Electrodes,Uro,202301,1022280,Village Practice Management Company,,,,,20067508,90375713,Invoice,930,2713,100,93000,90287
10/17/2023,InjeTAK,Uro,202301,1021600,Northwestern Medicine,,,,,20083717,90375690,Invoice,1320,236.8,20,26400,26163.2
10/17/2023,InjeTAK,Uro,202301,1022407,St. Luke's Hospital & Health Networ,,,,,20074111,90375719,Invoice,815,218.5,10,8150,7931.5
10/17/2023,Other Uro Dx Equipment,Uro,202301,1022280,Village Practice Management Company,,,,,20067693,90375711,Invoice,420,37.14,1,420,382.86
10/17/2023,T-Doc Catheters,Uro,202301,1021693,Ogden Clinic Professional,,,,,20083968,90375693,Invoice,1572,74.4,20,31440,31365.6
10/17/2023,T-Doc Catheters,Uro,202301,1021693,Ogden Clinic Professional,,,,,20083968,90375693,Invoice,2680,115.6,40,107200,107084.4
10/17/2023,T-Doc Catheters,Uro,202301,1022321,Southeast Texas Urology,,,,,20081197,90375714,Invoice,2680,115.6,40,107200,107084.4
10/17/2023,T-Doc Catheters,Uro,202301,1022321,Southeast Texas Urology,,,,,20081197,90375714,Invoice,3930,186,50,196500,196314
10/17/2023,T-Doc Catheters,Uro,202301,1022361,Corewell Health,,,,,20067389,90375715,Invoice,1082,74.4,20,21640,21565.6
10/17/2023,T-Doc Catheters,Uro,202301,1022422,Bon Secours Mercy Health: Hybrent CHP 71-Accounts Payable SSO,,,,,20168604,90375720,Invoice,2997,138.6,30,89910,89771.4
10/17/2023,T-Doc Catheters,Uro,202301,1022459,Franciscan Alliance Inc,,,,,20073675,90375722,Invoice,999,46.2,10,9990,9943.8
10/17/2023,T-Doc Catheters,Uro,202301,1022570,Tennova Healthcare - Clarksville,,,,,20084610,90375725,Invoice,670,28.9,10,6700,6671.1
10/17/2023,Tubing,Uro,202301,1021925,Intermountain Healthcare,,,,,20080199,90375703,Invoice,958,84,50,47900,47816
10/18/2023,Electrodes,Uro,202301,1022570,Tennova Healthcare - Clarksville,,,,,20084610,90375725,Invoice,93,271.3,10,930,658.7
10/18/2023,Electrodes,Uro,202301,1019421,Greater Texas Healthcare,,,,,20167620,90375623,Invoice,93,271.3,10,930,658.7
10/18/2023,Electrodes,Uro,202301,1019681,Axia Women's Health,,,,,20168616,90375629,Invoice,372,1085.2,40,14880,13794.8
10/18/2023,Other Uro Dx Disposables,Uro,202301,1022844,University of Texas Medical Branch,,,,,20085032,90375735,Invoice,120,14.4,40,4800,4785.6
10/18/2023,T-Doc Catheters,Uro,202301,1022768,University of Maryland OB/GYN Dept,,,,,20168445,90375731,Invoice,1340,57.8,20,26800,26742.2
10/18/2023,T-Doc Catheters,Uro,202301,1023158,VA Ann Arbor Health Care,,,,,20072754,90375743,Invoice,670,28.9,10,6700,6671.1
10/18/2023,T-Doc Catheters,Uro,202301,1023277,University of Washington Medical Center,,,,,20079885,90375748,Invoice,999,46.2,10,9990,9943.8
10/18/2023,T-Doc Catheters,Uro,202301,1019736,Mount Sinai: Beth Israel,,,,,20078147,90375630,Invoice,2997,214.8,30,89910,89695.2
10/18/2023,Tubing,Uro,202301,1022768,University of Maryland OB/GYN Dept,,,,,20168445,90375731,Invoice,577,42,25,14425,14383
10/19/2023,InjeTAK,Uro,202301,1020042,Christus Health,,,,,20077916,90375643,Invoice,132,23.68,2,264,240.32
10/19/2023,InjeTAK,Uro,202301,1021590,Novant Health Inc.,,,,,20073459,90375685,Invoice,468,94.72,8,3744,3649.28
10/19/2023,Other Uro Dx Disposables,Uro,202301,1021125,Integrated Medical Professionals PLLC,,,,,20083493,90375673,Invoice,228,42.2,20,4560,4517.8
10/19/2023,T-Doc Catheters,Uro,202301,1019736,Mount Sinai: Beth Israel,,,,,20078147,90375630,Invoice,2358,111.6,30,70740,70628.4
10/19/2023,T-Doc Catheters,Uro,202301,1020620,Comprehensive Urologic Care S.C.,,,,,20076424,90375658,Invoice,2020,144.5,50,101000,100855.5
10/19/2023,T-Doc Catheters,Uro,202301,1020620,Comprehensive Urologic Care S.C.,,,,,20076424,90375658,Invoice,2375,186,50,118750,118564
10/19/2023,T-Doc Catheters,Uro,202301,1020799,Heripsime Ohanian MD LLC,,,,,20076927,90375667,Invoice,786,37.2,10,7860,7822.8
10/19/2023,T-Doc Catheters,Uro,202301,1022256,Inspira Medical Group (NJ),,,,,20080649,90375709,Invoice,1998,92.4,20,39960,39867.6
10/19/2023,T-Doc Catheters,Uro,202301,1022280,Village Practice Management Company,,,,,20167005,90375710,Invoice,832,74.4,20,16640,16565.6
10/19/2023,UDS Other Service & Repairs,Uro,202301,1021437,SRS Medical Systems Inc.,,,,,20077057,90375681,Invoice,192,61.2,2,384,322.8
10/20/2023,Electrodes,Uro,202301,1023431,Women's Pelvic Restorative Center,,,,,20071645,90375752,Invoice,279,813.9,30,8370,7556.1
10/20/2023,Incontinence MPQ,Uro,202301,1059728,Brain Medical Oscar A. Revello,,,,,1059728,90375615,Invoice,22213.1,2785.34,70,1554917,1552131.66
10/20/2023,Incontinence UPC Lead Sets,Uro,202301,1059728,Brain Medical Oscar A. Revello,,,,,1059728,90375615,Invoice,2160.84,234.91,6,12965.04,12730.13
10/20/2023,Portascan 3D,Uro,202301,1021763,PartsSource,,,,,20072958,90375622,Invoice,3150,1674.6,1,3150,1475.4
10/20/2023,Portascan 3D,Uro,202301,1020390,St. Elizabeth Healthcare,,,,,20068171,90375651,Invoice,2800,1724.84,1,2800,1075.16
10/20/2023,Portascan 3D,Uro,202301,1021398,Montefiore Health System,,,,,20084437,90375679,Invoice,3000,1724.84,1,3000,1275.16
10/20/2023,T-Doc Catheters,Uro,202301,1022280,Village Practice Management Company,,,,,20167005,90375710,Invoice,1062,86.7,30,31860,31773.3
10/20/2023,T-Doc Catheters,Uro,202301,1022835,Associated Urological Specialists,,,,,20077306,90375734,Invoice,5994,429.6,60,359640,359210.4
10/20/2023,T-Doc Catheters,Uro,202301,1023477,Yale New Haven Health,,,,,20083748,90375753,Invoice,670,28.9,10,6700,6671.1
10/20/2023,T-Doc Catheters,Uro,202301,1019658,Augusta Urology Assoc. LLC,,,,,20079908,90375625,Invoice,999,46.2,10,9990,9943.8
10/20/2023,T-Doc Catheters,Uro,202301,1020698,Palm Beach Health Network Physician,,,,,20077142,90375662,Invoice,1572,74.4,20,31440,31365.6
10/20/2023,Tubing,Uro,202301,1020621,CHI - Common Spirit Health,,,,,20083263,90375659,Invoice,1647,126,75,123525,123399
10/20/2023,UDS Other Service & Repairs,Uro,202301,1021763,PartsSource,,,,,20084250,90375727,Invoice,168,89.31,1,168,78.69
10/21/2023,Electrodes,Uro,202301,1021478,MultiCare Health System,,,,,20083712,90375682,Invoice,88,271.3,10,880,608.7
10/21/2023,Electrodes,Uro,202301,1022713,Ascension Health Ministry Service C,,,,,20170607,90375728,Invoice,372,1085.2,40,14880,13794.8
10/21/2023,Other Uro Dx Disposables,Uro,202301,1022400,Trinity Health,,,,,20168824,90375717,Invoice,0,42.14,1,0,-42.14
10/21/2023,T-Doc Catheters,Uro,202301,1021590,Novant Health Inc.,,,,,20073459,90375685,Invoice,624,71.6,10,6240,6168.4
10/21/2023,T-Doc Catheters,Uro,202301,1021928,Providence Health & Services,,,,,20081839,90375705,Invoice,1104,86.7,30,33120,33033.3
10/21/2023,T-Doc Catheters,Uro,202301,1021928,Providence Health & Services,,,,,20083773,90375706,Invoice,582,197,10,5820,5623
10/21/2023,T-Doc Catheters,Uro,202301,1022422,Bon Secours Mercy Health: Hybrent CHP 71-Accounts Payable SSO,,,,,20168604,90375720,Invoice,2010,86.7,30,60300,60213.3
10/21/2023,T-Doc Catheters,Uro,202301,1022459,Franciscan Alliance Inc,,,,,20073603,90375721,Invoice,999,46.2,10,9990,9943.8
10/21/2023,T-Doc Catheters,Uro,202301,1022922,Keystone Urology Specialists *11.4.24 CONSOLIDATED 1025594*,1025594,,,,20071884,90375736,Invoice,3930,186,50,196500,196314
10/21/2023,T-Doc Catheters,Uro,202301,1023371,Women's Care Florida LLC,,,,,20072810,90375749,Invoice,999,46.2,10,9990,9943.8
10/21/2023,T-Doc Catheters,Uro,202301,1023431,Women's Pelvic Restorative Center,,,,,20071645,90375752,Invoice,969,86.7,30,29070,28983.3
10/21/2023,Tubing,Uro,202301,1021591,Northwell Health,,,,,20072608,90375688,Invoice,424,42,25,10600,10558
10/21/2023,Tubing,Uro,202301,1021925,Intermountain Healthcare,,,,,20163796,90375702,Invoice,479,42,25,11975,11933
10/21/2023,Tubing,Uro,202301,1022256,Inspira Medical Group (NJ),,,,,20080649,90375709,Invoice,1154,84,50,57700,57616
10/22/2023,Electrodes,Uro,202301,1023477,Yale New Haven Health,,,,,20083748,90375753,Invoice,279,813.9,30,8370,7556.1
10/22/2023,Electrodes,Uro,202301,1108410,Premier Womens Care of SW Florida,,,,,20197071,90375760,Invoice,186,542.6,20,3720,3177.4
10/22/2023,T-Doc Catheters,Uro,202301,1023431,Women's Pelvic Restorative Center,,,,,20071645,90375752,Invoice,1440,138.6,30,43200,43061.4
10/22/2023,T-Doc Catheters,Uro,202301,1026307,"Rebecca James, MD",,,,,20168627,90375755,Invoice,1062,86.7,30,31860,31773.3
10/22/2023,T-Doc Catheters,Uro,202301,1026307,"Rebecca James, MD",,,,,20168627,90375755,Invoice,1587,138.6,30,47610,47471.4
10/22/2023,T-Doc Catheters,Uro,202301,1087643,Southland Uro+Gynecology LLC,,,,,20168689,90375759,Invoice,683,37.2,10,6830,6792.8
11/3/2023,GI Other Service (Repairs),GI,202301,29002,Diversatek Healthcare,,,,,,408803,Invoice,166.67,0,1,166.67,166.67
11/3/2023,Unisensor SS,GI,202301,29002,Diversatek Healthcare,,,,,,408803,Invoice,0,4630.35,1,0,-4630.35
11/4/2023,3rd party,CI,202301,1089201,Hospital LogiServe GmbH,,,,,1088999,90375790,Invoice,106.81,46.43,1,106.81,60.38
11/4/2023,Electrodes,Uro,202301,1079255,Wiener Gesundheitsverbund,,,,,20155363,90375764,Debit Memo,28.16,14.89,30,844.8,829.91
11/4/2023,Endoscopy Sheaths,Uro,202301,1087472,Praxis für Urologie Dres. Rödder / Neumann / Reiß,,,,,20170434,90375788,Invoice,971.01,215.13,20,19420.2,19205.07
11/4/2023,Flowmaster,Uro,202301,1060681,Krankenhausgesellschaft St. Vincenz mbH,,,,,1060681,90375783,Invoice,0,0,0,0,0
11/4/2023,GI Other Service (Repairs),GI,202301,29002,Diversatek Healthcare,,,,,,408803,Invoice,2777.78,0,1,2777.78,2777.78
11/4/2023,GI Other Service (Repairs),GI,202301,29002,Diversatek Healthcare,,,,,,408803,Invoice,700,0,1,700,700
11/4/2023,GI Other Service (Repairs),GI,202301,29002,Diversatek Healthcare,,,,,,408803,Invoice,500.01,0,3,1500.03,1500.03
11/4/2023,GI Other Service (Repairs),GI,202301,29002,Diversatek Healthcare,,,,,,408803,Invoice,166.67,0,1,166.67,166.67
11/4/2023,GI Other Service (Repairs),GI,202301,29002,Diversatek Healthcare,,,,,,408803,Invoice,277.78,0,1,277.78,277.78
11/4/2023,GI Other Service (Repairs),GI,202301,29002,Diversatek Healthcare,,,,,,408803,Invoice,444.45,0,0.5,222.225,222.225
11/4/2023,Kiwi,CI,202301,1069250,Evang. Klinikum Niederrhein gGmbH Einkauf,,,,,20151968,90375776,Invoice,270.18,31.24,5,1350.9,1319.66
11/4/2023,Kiwi,CI,202301,1079981,Lahn-Dill-Kliniken GmbH Einkauf,,,,,20170919,90375787,Invoice,2127.16,249.87,40,85086.4,84836.53
11/4/2023,Kiwi,CI,202301,1079981,Lahn-Dill-Kliniken GmbH Einkauf,,,,,20170919,90375787,Invoice,531.79,62.47,10,5317.9,5255.43
11/4/2023,Kiwi,CI,202301,1089113,Marienhospital Aachen GmbH,,,,,20170073,90375791,Invoice,837.57,93.7,15,12563.55,12469.85
11/4/2023,Other GI Disposables,GI,202301,1060552,ProServ Rhein - Erft GmbH Einkauf,,,,,1060552,90375778,Invoice,107.89,190.06,4,431.56,241.5
11/4/2023,Ph/Impedance Catheters,GI,202301,1061718,Oxford University Hospitals NHS FT,,,,,20153526,90375794,Invoice,1376.66,283.64,15,20649.9,20366.26
11/4/2023,Ph/Impedance Catheters,GI,202301,1061718,Oxford University Hospitals NHS FT,,,,,20153526,90375794,Invoice,313.27,126.75,10,3132.7,3005.95
11/4/2023,Tubing,Uro,202301,1060677,St. Josefs-Hospital Wiesbaden GmbH,,,,,1060677,90375782,Invoice,368.98,27.62,20,7379.6,7351.98
11/4/2023,UDS Other Service & Repairs,Uro,202301,1060681,Krankenhausgesellschaft St. Vincenz mbH,,,,,1060681,90375783,Invoice,0,0,4,0,0
11/4/2023,UDS Other Service & Repairs,Uro,202301,1060681,Krankenhausgesellschaft St. Vincenz mbH,,,,,1060681,90375783,Invoice,0,0,1,0,0
11/4/2023,Unisensor SS,GI,202301,29002,Diversatek Healthcare,,,,,,408804,Invoice,16802.62,5191.61,1,16802.62,11611.01
11/4/2023,Water Catheters,Uro,202301,1060552,ProServ Rhein - Erft GmbH Einkauf,,,,,1060552,90375779,Invoice,172.62,46.28,10,1726.2,1679.92
11/5/2023,3rd party,CI,202301,1060995,CHRU Brest,,,,,20156029,90375818,Invoice,863.12,620.37,20,17262.4,16642.03
11/5/2023,Anorectal Manometry Catheters,GI,202301,1070395,North Bristol NHS Trust RVJ Payables 6345,,,,,20155543,90375795,Invoice,4042.25,1958.04,50,202112.5,200154.46
11/5/2023,Endoscopy Sheaths,Uro,202301,1061854,Maidstone &Tunbridge Wells NHS Trust,,,,,20164210,90375802,Invoice,485.39,107.92,10,4853.9,4745.98
11/5/2023,Endoscopy Sheaths,Uro,202301,1060997,CH de Morlaix,,,,,20155277,90375819,Invoice,776.81,215.13,20,15536.2,15321.07
11/5/2023,Endoscopy Sheaths,Uro,202301,1061006,MSP Bagatelle,,,,,20153622,90375821,Invoice,1595.05,378.48,40,63802,63423.52
11/5/2023,Endoscopy Sheaths,Uro,202301,1061006,MSP Bagatelle,,,,,20153622,90375821,Invoice,398.76,107.56,10,3987.6,3880.04
11/5/2023,Endoscopy Sheaths,Uro,202301,1061026,CHU Grenoble Alpes Site Voiron,,,,,20151754,90375827,Invoice,679.71,215.14,20,13594.2,13379.06
11/5/2023,InjeTAK,Uro,202301,1061863,NHS Supply Chain NHS Suppply Chain Accounts Payable,,,,,20151546,90375804,Invoice,743.03,367.32,16,11888.48,11521.16
11/5/2023,InjeTAK,Uro,202301,1061863,NHS Supply Chain NHS Suppply Chain Accounts Payable,,,,,20151487,90375807,Invoice,278.64,137.74,6,1671.84,1534.1
11/5/2023,Kiwi,CI,202301,1060972,CH Ajaccio,,,,,20156113,90375816,Invoice,761.92,120.08,15,11428.8,11308.72
11/5/2023,Kiwi,CI,202301,1061013,CHU Rennes,,,,,20151110,90375824,Invoice,3010.13,480.33,60,180607.8,180127.47
11/5/2023,Koala,CI,202301,1060938,CH Troyes,,,,,20151063,90375813,Invoice,508.81,54.59,10,5088.1,5033.51
11/5/2023,Other GI Disposables,GI,202301,1061024,CH Pierre Oudot (Bourgoin-Jallieu),,,,,1061024,90375826,Invoice,52.22,18.01,1,52.22,34.21
11/5/2023,Ph/Impedance Catheters,GI,202301,1070395,North Bristol NHS Trust RVJ Payables 6345,,,,,20155543,90375795,Invoice,1066.09,189.1,10,10660.9,10471.8
11/5/2023,Ph/Impedance Catheters,GI,202301,1070348,Great Ormond Street Hospital NHS Tr Accounts Payable,,,,,20151684,90375797,Invoice,438.08,103.63,5,2190.4,2086.77
11/5/2023,Ph/Impedance Catheters,GI,202301,1060964,GH la Rochelle-Re-Aunis,,,,,20151078,90375815,Invoice,264.11,126.33,10,2641.1,2514.77
11/5/2023,Ph/Impedance Catheters,GI,202301,1061024,CH Pierre Oudot (Bourgoin-Jallieu),,,,,1061024,90375826,Invoice,398.03,126.34,10,3980.3,3853.96
11/5/2023,Ph/Impedance Catheters,GI,202301,1061024,CH Pierre Oudot (Bourgoin-Jallieu),,,,,1061024,90375826,Invoice,398.03,246.85,10,3980.3,3733.45
11/5/2023,Tubing,Uro,202301,1061010,CHU Montpellier Pharm Euromédicine - Plateforme Log Phar,,,,,20156191,90375822,Invoice,447.66,55.24,40,17906.4,17851.16
11/6/2023,3rd party,CI,202301,1061051,CH Cholet,,,,,20151185,90375831,Invoice,863.12,620.37,20,17262.4,16642.03
11/6/2023,Endoscopy Sheaths,Uro,202301,1061050,CHU Angers,,,,,20154516,90375830,Invoice,1672.29,537.83,50,83614.5,83076.67
11/6/2023,Endoscopy Sheaths,Uro,202301,1061052,CH Avranches Granville,,,,,20153031,90375832,Invoice,334.46,107.57,10,3344.6,3237.03
11/6/2023,Endoscopy Sheaths,Uro,202301,1069664,CH Geneviève de Gaulle Anthonioz Service Economiques,,,,,20152553,90375833,Invoice,334.46,107.57,10,3344.6,3237.03
11/6/2023,Endoscopy Sheaths,Uro,202301,1061078,CH Douai,,,,,20154386,90375834,Invoice,1132.85,322.7,30,33985.5,33662.8
11/6/2023,Endoscopy Sheaths,Uro,202301,1061124,Hôpitaux Civils de Lyon Centre HCL,,,,,20151173,90375837,Invoice,2503.05,860.53,80,200244,199383.47
11/6/2023,Endoscopy Sheaths,Uro,202301,1061124,Hôpitaux Civils de Lyon Centre HCL,,,,,20151173,90375838,Invoice,2503.05,860.53,80,200244,199383.47
11/6/2023,Endoscopy Sheaths,Uro,202301,1058761,Service Facturier AP/HP SIRET 26750045201928,,,,,20155660,90375840,Invoice,3182.76,936.49,100,318276,317339.51
11/6/2023,Kiwi,CI,202301,1061046,CH Cahors,,,,,20155206,90375829,Invoice,1715.45,240.16,30,51463.5,51223.34
11/6/2023,Kiwi,CI,202301,1061241,CHI Simone Veil,,,,,20151696,90375849,Invoice,3398.53,374.8,60,203911.8,203537
11/6/2023,Koala,CI,202301,1061051,CH Cholet,,,,,20151185,90375831,Invoice,508.81,54.59,10,5088.1,5033.51
11/6/2023,Ph/Impedance Catheters,GI,202301,1061033,CHU St Etienne,,,,,20151636,90375828,Invoice,379.66,126.33,10,3796.6,3670.27
11/6/2023,Ph/Impedance Catheters,GI,202301,1061092,GH Public du Sud de l'Oise,,,,,20154283,90375835,Invoice,776.7,493.7,20,15534,15040.3
11/7/2023,Endoscopy Sheaths,Uro,202301,1061346,GBNA Logistics,,,,,1061346,90375851,Invoice,4855.05,1613.49,150,728257.5,726644.01
11/7/2023,Endoscopy Sheaths,Uro,202301,1061392,Clinique de l'Archette,,,,,20156218,90375853,Invoice,2136.22,561.89,60,128173.2,127611.31
11/7/2023,Endoscopy Sheaths,Uro,202301,1089543,SA Courlancy Santé Service Comptabilité Fournisseurs,,,,,20154171,90375854,Invoice,323.67,107.57,10,3236.7,3129.13
11/7/2023,Endoscopy Sheaths,Uro,202301,1061457,Clinique Belharra,,,,,20151554,90375856,Invoice,1424.15,378.48,40,56966,56587.52
11/7/2023,Endoscopy Sheaths,Uro,202301,1079964,Clinique Ormeau Pyrénées DA ORP,,,,,20152957,90375857,Invoice,3560.37,946.2,100,356037,355090.8
11/7/2023,Endoscopy Sheaths,Uro,202301,1082661,Clinique d'Argonay,,,,,20152774,90375859,Invoice,644.53,189.23,20,12890.6,12701.37
11/7/2023,Endoscopy Sheaths,Uro,202301,1082661,Clinique d'Argonay,,,,,20152774,90375859,Invoice,644.53,215.13,20,12890.6,12675.47
11/7/2023,Endoscopy Sheaths,Uro,202301,1061527,HPTH Sainte Marguerite,,,,,20151618,90375863,Invoice,1993.81,537.83,50,99690.5,99152.67
11/7/2023,Endoscopy Sheaths,Uro,202301,1061550,Clinique Paul Picquet,,,,,20170302,90375865,Invoice,1780.18,537.83,50,89009,88471.17
11/7/2023,Endoscopy Sheaths,Uro,202301,1061604,Hopital Privé d'Eure et Loire,,,,,20154118,90375866,Invoice,2136.22,645.4,60,128173.2,127527.8
11/7/2023,Tubing,Uro,202301,1061392,Clinique de l'Archette,,,,,20156218,90375853,Invoice,177.59,27.62,20,3551.8,3524.18
11/8/2023,Endoscopy Sheaths,Uro,202301,1081234,SCM Urologie Lanz Rivet Cappelle Centre urologie,,,,,20151066,90375871,Invoice,2395.16,645.4,60,143709.6,143064.2
11/8/2023,Endoscopy Sheaths,Uro,202301,1087597,Nouvelle Clinique Bordeaux Tondu Centre,,,,,20168594,90375874,Invoice,1596.77,430.26,40,63870.8,63440.54
11/8/2023,Endoscopy Sheaths,Uro,202301,9980000968,Patricia Fournier,,,,,9980000968,90375875,Invoice,0,94.62,10,0,-94.62
11/8/2023,Endoscopy Sheaths,Uro,202301,9980000968,Patricia Fournier,,,,,9980000968,90375875,Invoice,0,107.57,10,0,-107.57
11/8/2023,Endoscopy Sheaths,Uro,202301,1059725,Medicor Medical Supplies NV,,,,,20155360,90375878,Invoice,72140.65,33151.15,3110,224357421.5,224324270.4
11/8/2023,Kiwi,CI,202301,1059914,VZW Mariaziekenhuis,,,,,20155512,90375882,Invoice,256.78,40.03,5,1283.9,1243.87
11/8/2023,Kiwi,CI,202301,1059914,VZW Mariaziekenhuis,,,,,20155512,90375883,Invoice,242.26,31.24,5,1211.3,1180.06
11/8/2023,Other GI Disposables,GI,202301,1069315,Kantonsspital Winterthur Rechnungsverarbeitung,,,,,1059997,90375876,Invoice,0,222.9,0,0,-222.9
11/8/2023,Other GI Disposables,GI,202301,1069315,Kantonsspital Winterthur Rechnungsverarbeitung,,,,,1059997,90375876,Invoice,0,4.33,0,0,-4.33
11/8/2023,Other GI Disposables,GI,202301,1069315,Kantonsspital Winterthur Rechnungsverarbeitung,,,,,1059997,90375876,Invoice,0,44.93,0,0,-44.93
11/8/2023,Other Uro Dx Disposables,Uro,202301,1079894,GIP Resah IDF SIRET 13000501000025,,,,,1083890,90375872,Invoice,31.18,7.57,1,31.18,23.61
11/8/2023,Ph/Impedance Catheters,GI,202301,1061628,SCP Dr Carpentier,,,,,20156215,90375867,Invoice,1260.73,379.02,30,37821.9,37442.88
11/8/2023,T-Doc Catheters,Uro,202301,1082642,GCS PUI Cité Hospitalière Fondation Hopital St Joseph,,,,,20167115,90375870,Invoice,276.52,43.15,10,2765.2,2722.05
11/8/2023,UDS Other Service & Repairs,Uro,202301,1079894,GIP Resah IDF SIRET 13000501000025,,,,,1083890,90375872,Invoice,112.8,44.71,1,112.8,68.09
11/8/2023,UDS Other Service & Repairs,Uro,202301,1079894,GIP Resah IDF SIRET 13000501000025,,,,,1083890,90375872,Invoice,0,4.4,1,0,-4.4
11/8/2023,Uromed,Uro,202301,1061710,Cerp Rouen Sas,,,,,20167052,90375868,Invoice,43.87,9.64,1,43.87,34.23
11/9/2023,Eclipse,Uro,202301,1020484,Fort Belvoir Community Hospital,,,,,20074416,90375900,Invoice,0,103.92,0,0,-103.92
11/9/2023,Eclipse,Uro,202301,1020484,Fort Belvoir Community Hospital,,,,,20074416,90375900,Invoice,0,103.92,0,0,-103.92
11/9/2023,Endoscopy Sheaths,Uro,202301,1069312,Andros Clinics t.a.v. financiële administratie,,,,,20155380,90375892,Invoice,484.91,93.65,10,4849.1,4755.45
11/9/2023,Incontinence UPC Lead Sets,Uro,202301,1070190,Groene Hart Ziekenhuis T.a.v. Crediteurenadministratie,,,,,20153576,90375888,Invoice,410.33,79.24,2,820.66,741.42
11/9/2023,Kiwi,CI,202301,1079872,Stmk. Krankenanstaltenges.m.b.H LKH Oststeiermark,,,,,20153282,90375897,Invoice,1275.86,156.17,25,31896.5,31740.33
11/9/2023,Kiwi,CI,202301,1078678,Concordance Healthcare Solutions,,,,,20162424,90375910,Invoice,600,107.85,15,9000,8892.15
11/9/2023,Koala,CI,202301,1078678,Concordance Healthcare Solutions,,,,,20162416,90375909,Invoice,826.5,135.9,30,24795,24659.1
11/9/2023,Koala,CI,202301,1078678,Concordance Healthcare Solutions,,,,,20162424,90375910,Invoice,1653,271.8,60,99180,98908.2
11/9/2023,Other Uro Dx Equipment,Uro,202301,1070183,Deventer Ziekenhuis Crediteurenadministratie,,,,,20150908,90375887,Invoice,938.64,292.59,3,2815.92,2523.33
11/9/2023,Tubing,Uro,202301,1058742,Advamed s.r.o.,,,,,20153384,90375885,Invoice,215.78,134.86,50,10789,10654.14
11/10/2023,BoogieBaby,CI,202301,1078679,Cardinal Health,,,,,20162510,90375916,Invoice,1400,364,700,980000,979636
11/10/2023,Kiwi,CI,202301,1078679,Cardinal Health,,,,,20162509,90375914,Invoice,7700,1150.6,220,1694000,1692849.4
11/10/2023,Kiwi,CI,202301,1078679,Cardinal Health,,,,,20167860,90375915,Invoice,2200,395.45,55,121000,120604.55
11/10/2023,Kiwi,CI,202301,1078679,Cardinal Health,,,,,20162523,90375917,Invoice,2625,392.25,75,196875,196482.75
11/10/2023,Kiwi,CI,202301,1078679,Cardinal Health,,,,,20162523,90375917,Invoice,400,71.9,10,4000,3928.1
11/10/2023,Kiwi,CI,202301,1078679,Cardinal Health,,,,,20162556,90375923,Invoice,800,143.8,20,16000,15856.2
11/10/2023,Kiwi,CI,202301,1078679,Cardinal Health,,,,,20162526,90375924,Invoice,525,78.45,15,7875,7796.55
11/10/2023,Koala,CI,202301,1078678,Concordance Healthcare Solutions,,,,,20162420,90375911,Invoice,2479.5,407.7,90,223155,222747.3
11/10/2023,Koala,CI,202301,1078679,Cardinal Health,,,,,20162514,90375912,Invoice,8976,1449.6,320,2872320,2870870.4
11/10/2023,Koala,CI,202301,1078679,Cardinal Health,,,,,20162509,90375914,Invoice,5890.5,951.3,210,1237005,1236053.7
11/10/2023,Koala,CI,202301,1078679,Cardinal Health,,,,,20167860,90375915,Invoice,4207.5,679.5,150,631125,630445.5
11/10/2023,Koala,CI,202301,1078679,Cardinal Health,,,,,20162523,90375917,Invoice,280.5,45.3,10,2805,2759.7
11/10/2023,Koala,CI,202301,1078679,Cardinal Health,,,,,20162558,90375918,Invoice,841.5,135.9,30,25245,25109.1
11/10/2023,Traxi,CI,202301,1078679,Cardinal Health,,,,,20167860,90375915,Invoice,700,89.1,10,7000,6910.9
11/10/2023,Traxi,CI,202301,1078679,Cardinal Health,,,,,20162523,90375917,Invoice,9800,1247.4,140,1372000,1370752.6
11/11/2023,babyLance,CI,202301,1078679,Cardinal Health,,,,,20162520,90375927,Invoice,95,39,100,9500,9461
11/11/2023,BoogieBaby,CI,202301,1078679,Cardinal Health,,,,,20162534,90375928,Invoice,420,82,200,84000,83918
11/11/2023,Clearview,CI,202301,1078679,Cardinal Health,,,,,20162534,90375928,Invoice,829.1,160.2,10,8291,8130.8
11/11/2023,Kiwi,CI,202301,1078679,Cardinal Health,,,,,20162548,90375926,Invoice,400,84,10,4000,3916
11/11/2023,Kiwi,CI,202301,1078679,Cardinal Health,,,,,20162520,90375927,Invoice,1400,209.2,40,56000,55790.8
11/11/2023,Kiwi,CI,202301,1078679,Cardinal Health,,,,,20162534,90375928,Invoice,800,143.8,20,16000,15856.2
11/11/2023,Kiwi,CI,202301,1078679,Cardinal Health,,,,,20162535,90375929,Invoice,2400,431.4,60,144000,143568.6
11/11/2023,Kiwi,CI,202301,1078679,Cardinal Health,,,,,20162512,90375930,Invoice,400,71.9,10,4000,3928.1
11/11/2023,Kiwi,CI,202301,1078679,Cardinal Health,,,,,20162542,90375931,Invoice,1400,251.65,35,49000,48748.35
11/11/2023,Koala,CI,202301,1078679,Cardinal Health,,,,,20162534,90375928,Invoice,1170,486.46,26,30420,29933.54
11/11/2023,Koala,CI,202301,1078679,Cardinal Health,,,,,20162512,90375930,Invoice,280.5,45.3,10,2805,2759.7
11/11/2023,Koala,CI,202301,1078679,Cardinal Health,,,,,20162542,90375931,Invoice,841.5,135.9,30,25245,25109.1
11/11/2023,ROM,CI,202301,1078679,Cardinal Health,,,,,20162548,90375926,Invoice,5550,811.5,150,832500,831688.5
11/11/2023,ROM,CI,202301,1078679,Cardinal Health,,,,,20162520,90375927,Invoice,3700,602,100,370000,369398
11/11/2023,Traxi,CI,202301,1078679,Cardinal Health,,,,,20162520,90375927,Invoice,7700,980.1,110,847000,846019.9
11/12/2023,babyLance,CI,202301,1078679,Cardinal Health,,,,,20162527,90375935,Invoice,285,117,300,85500,85383
11/12/2023,babyLance,CI,202301,1078679,Cardinal Health,,,,,20162527,90375935,Invoice,1805,741,1900,3429500,3428759
11/12/2023,babyLance,CI,202301,1078679,Cardinal Health,,,,,20162527,90375935,Invoice,760,312,800,608000,607688
11/12/2023,babyLance,CI,202301,1078784,OM Owens & Minor,,,,,20163184,90375943,Invoice,600,195,500,300000,299805
11/12/2023,BoogieBaby,CI,202301,1078679,Cardinal Health,,,,,20162545,90375934,Invoice,3380,663,1300,4394000,4393337
11/12/2023,BoogieBaby,CI,202301,1078679,Cardinal Health,,,,,20162527,90375935,Invoice,400,104,200,80000,79896
11/12/2023,BoogieBaby,CI,202301,1078784,OM Owens & Minor,,,,,20163154,90375945,Invoice,217.35,51,100,21735,21684
11/12/2023,DSD,CI,202301,1078679,Cardinal Health,,,,,20166710,90375937,Invoice,664,93,100,66400,66307
11/12/2023,Kiwi,CI,202301,1078679,Cardinal Health,,,,,20162527,90375935,Invoice,2100,313.8,60,126000,125686.2
11/12/2023,Kiwi,CI,202301,1078679,Cardinal Health,,,,,20162527,90375935,Invoice,1600,287.6,40,64000,63712.4
11/12/2023,Kiwi,CI,202301,1078784,OM Owens & Minor,,,,,20163184,90375943,Invoice,400,71.9,10,4000,3928.1
11/12/2023,Kiwi,CI,202301,1078784,OM Owens & Minor,,,,,20163147,90375944,Invoice,1400,251.65,35,49000,48748.35
11/12/2023,Kiwi,CI,202301,1078784,OM Owens & Minor,,,,,20163156,90375946,Invoice,175,26.15,5,875,848.85
11/12/2023,Koala,CI,202301,1078679,Cardinal Health,,,,,20162545,90375934,Invoice,2244,362.4,80,179520,179157.6
11/12/2023,Koala,CI,202301,1078679,Cardinal Health,,,,,20162527,90375935,Invoice,8415,1359,300,2524500,2523141
11/12/2023,ROM,CI,202301,1078784,OM Owens & Minor,,,,,20163147,90375944,Invoice,127.5,92.25,15,1912.5,1820.25
11/12/2023,Traxi,CI,202301,1078679,Cardinal Health,,,,,20166710,90375936,Invoice,700,89.1,10,7000,6910.9
11/13/2023,babyLance,CI,202301,1078784,OM Owens & Minor,,,,,20163175,90375951,Invoice,1092.5,448.5,1150,1256375,1255926.5
11/13/2023,babyLance,CI,202301,1078784,OM Owens & Minor,,,,,20163175,90375951,Invoice,237.5,97.5,250,59375,59277.5
11/13/2023,BoogieBaby,CI,202301,1078784,OM Owens & Minor,,,,,20163145,90375948,Invoice,1304.1,306,600,782460,782154
11/13/2023,Kiwi,CI,202301,1078784,OM Owens & Minor,,,,,20163156,90375946,Invoice,875,160.25,25,21875,21714.75
11/13/2023,Koala,CI,202301,1078784,OM Owens & Minor,,,,,20168091,90375949,Invoice,280.5,45.3,10,2805,2759.7
11/13/2023,Koala,CI,202301,1078784,OM Owens & Minor,,,,,20163188,90375950,Invoice,1402.5,226.5,50,70125,69898.5
11/14/2023,Kiwi,CI,202301,1078784,OM Owens & Minor,,,,,20163175,90375951,Invoice,200,35.95,5,1000,964.05
11/14/2023,Koala,CI,202301,1078784,OM Owens & Minor,,,,,20168091,90375955,Invoice,1402.5,226.5,50,70125,69898.5
11/14/2023,Koala,CI,202301,1078784,OM Owens & Minor,,,,,20168091,90375956,Invoice,561,90.6,20,11220,11129.4
11/14/2023,Koala,CI,202301,1078784,OM Owens & Minor,,,,,20168091,90375957,Invoice,1402.5,226.5,50,70125,69898.5
11/14/2023,Koala,CI,202301,1078784,OM Owens & Minor,,,,,20168091,90375958,Invoice,1122,181.2,40,44880,44698.8
11/14/2023,Koala,CI,202301,1078784,OM Owens & Minor,,,,,20168091,90375961,Invoice,841.5,135.9,30,25245,25109.1
11/14/2023,Koala,CI,202301,1078784,OM Owens & Minor,,,,,20168091,90375963,Invoice,280.5,45.3,10,2805,2759.7
11/14/2023,Koala,CI,202301,1078784,OM Owens & Minor,,,,,20168091,90375964,Invoice,1122,181.2,40,44880,44698.8
11/14/2023,Koala,CI,202301,1078784,OM Owens & Minor,,,,,20168091,90375965,Invoice,561,90.6,20,11220,11129.4
11/14/2023,Koala,CI,202301,1078784,OM Owens & Minor,,,,,20168091,90375966,Invoice,561,90.6,20,11220,11129.4
11/15/2023,BoogieBaby,CI,202301,1084142,HCA Houston Supply Chain,,,,,20162826,90375978,Invoice,1512,408,800,1209600,1209192
11/15/2023,Flowstar,Uro,202301,1078738,Lake of the Woods District Hospital,,,,,20163841,90375980,Invoice,4282.6,901.61,1,4282.6,3380.99
11/15/2023,Kiwi,CI,202301,1078830,Trillium Health Partners,,,,,20163293,90375985,Invoice,931,131.9,25,23275,23143.1
11/15/2023,Koala,CI,202301,1078784,OM Owens & Minor,,,,,20168091,90375967,Invoice,841.5,135.9,30,25245,25109.1
11/15/2023,Koala,CI,202301,1078784,OM Owens & Minor,,,,,20168091,90375969,Invoice,841.5,135.9,30,25245,25109.1
11/15/2023,Koala,CI,202301,1078784,OM Owens & Minor,,,,,20168091,90375973,Invoice,561,90.6,20,11220,11129.4
11/15/2023,Koala,CI,202301,1078784,OM Owens & Minor,,,,,20168091,90375975,Invoice,280.5,45.3,10,2805,2759.7
11/15/2023,Koala,CI,202301,1078784,OM Owens & Minor,,,,,20168091,90375977,Invoice,1122,181.2,40,44880,44698.8
11/15/2023,Koala,CI,202301,1078718,Healthcare Materials Management Services,,,,,20166114,90375979,Invoice,2252.28,274.2,60,135136.8,134862.6
11/15/2023,Other Uro Dx Disposables,Uro,202301,1078738,Lake of the Woods District Hospital,,,,,20163841,90375980,Invoice,0,35.21,1,0,-35.21
11/15/2023,Other Uro Dx Equipment,Uro,202301,1078738,Lake of the Woods District Hospital,,,,,20163841,90375980,Invoice,0,51.35,1,0,-51.35
11/15/2023,Traxi,CI,202301,1078776,NIAGARA HEALTH SYSTEM,,,,,20163587,90375981,Invoice,834.18,89.89,10,8341.8,8251.91
11/15/2023,UDS Other Service & Repairs,Uro,202301,1078825,SUNNYBROOK HEALTH SCIENCES CENTRE,,,,,20163868,90375984,Invoice,519.87,580.52,1,519.87,-60.65
11/16/2023,Incontinence MPQ,Uro,202301,1018972,Maple Grove Hospital,,,,,20084005,90376001,Invoice,2121,126.18,3,6363,6236.82
11/16/2023,Kiwi,CI,202301,1078839,Winnipeg Regional Health Authority,,,,,20163306,90375988,Invoice,248.76,32.33,5,1243.8,1211.47
11/16/2023,Kiwi,CI,202301,1079725,Horizon Health Network,,,,,20163840,90375992,Invoice,1202.11,158.29,30,36063.3,35905.01
11/16/2023,Kiwi,CI,202301,1080959,St. Joseph's Healthcare Hamilton,,,,,20163577,90375994,Invoice,1489.6,211.04,40,59584,59372.96
11/16/2023,Kiwi,CI,202301,1080959,St. Joseph's Healthcare Hamilton,,,,,20163577,90375994,Invoice,923.55,129.33,20,18471,18341.67
11/16/2023,Koala,CI,202301,1087564,Cypress Reg Hospital Saskatchewan HA *CONSOLIDATED use 1078834*,1078834,,,,20168516,90375997,Invoice,375.38,45.7,10,3753.8,3708.1
11/16/2023,Optilume Strictures,Uro,202301,1079712,Interior Health Authority,,,,,20167077,90375989,Invoice,4357.08,608.31,3,13071.24,12462.93
11/16/2023,T-Doc Catheters,Uro,202301,1079712,Interior Health Authority,,,,,20163702,90375990,Invoice,662.87,46.61,10,6628.7,6582.09
11/16/2023,T-Doc Catheters,Uro,202301,1080984,YXE Women’s Health,,,,,20166173,90375995,Invoice,3277.12,291.54,100,327712,327420.46
11/16/2023,T-Doc Catheters,Uro,202301,1080984,YXE Women’s Health,,,,,20166173,90375995,Invoice,4990.16,466.07,100,499016,498549.93
11/16/2023,Tubing,Uro,202301,1080984,YXE Women’s Health,,,,,20166173,90375995,Invoice,409.64,42.37,25,10241,10198.63
11/17/2023,Endoscopy Parts & Accessories,Uro,202301,1019576,Adventist Health,,,,,20164052,90376012,Invoice,342,186.12,1,342,155.88
11/17/2023,Endoscopy Sheaths,Uro,202301,1019593,US Oncology Network,,,,,20074736,90376014,Invoice,7030,74,200,1406000,1405926
11/17/2023,Endoscopy Sheaths,Uro,202301,1019593,US Oncology Network,,,,,20084849,90376015,Invoice,3515,37,100,351500,351463
11/17/2023,Endoscopy Sheaths,Uro,202301,1019668,Aurora Health *Consolidated* Use BP# 1020857,,,,,20083810,90376023,Invoice,1857,11.1,30,55710,55698.9
11/17/2023,Incontinence UPC Lead Sets,Uro,202301,1019273,Washington OB/GYN Care,,,,,20084245,90376007,Invoice,934,46.8,1,934,887.2
11/17/2023,Incontinence UPC Lead Sets,Uro,202301,1019593,US Oncology Network,,,,,20074736,90376014,Invoice,2100,140.4,3,6300,6159.6
11/17/2023,InjeTAK,Uro,202301,1019668,Aurora Health *Consolidated* Use BP# 1020857,,,,,20084140,90376022,Invoice,132,23.68,2,264,240.32
11/17/2023,Other GI Supply Disposables,GI,202301,1019586,Antelope Valley Medical Center,,,,,20079830,90376013,Invoice,440,126,200,88000,87874
11/17/2023,Other Uro Dx Disposables,Uro,202301,1019668,Aurora Health *Consolidated* Use BP# 1020857,,,,,20080786,90376020,Invoice,180,21.6,60,10800,10778.4
11/17/2023,Spot Ex,GI,202301,1019517,Anderson Hospital,,,,,20069175,90376009,Invoice,380,33.6,10,3800,3766.4
11/17/2023,Spot Ex,GI,202301,1019652,BJC Healthcare,,,,,20194750,90376018,Invoice,345,33.6,10,3450,3416.4
11/17/2023,T-Doc Catheters,Uro,202301,1019049,TidalHealth,,,,,20166302,90376004,Invoice,999,46.2,10,9990,9943.8
11/17/2023,Tubing,Uro,202301,1019536,Alliance Urology Specialists,,,,,20082204,90376010,Invoice,890,84,50,44500,44416
11/17/2023,Tubing,Uro,202301,1019568,Archbold Medical Center,,,,,20197066,90376011,Invoice,0,39.25,25,0,-39.25
11/17/2023,Water Catheters,Uro,202301,1019568,Archbold Medical Center,,,,,20197066,90376011,Invoice,0,35.6,10,0,-35.6
11/17/2023,Water Catheters,Uro,202301,1019568,Archbold Medical Center,,,,,20197066,90376011,Invoice,0,33.9,10,0,-33.9
11/18/2023,Electrodes,Uro,202301,1019681,Axia Women's Health,,,,,20084986,90376026,Invoice,74,23.6,20,1480,1456.4
11/18/2023,Electrodes,Uro,202301,1019840,North Coast Urology Medical AssociatesIn,,,,,20081434,90376037,Invoice,74,236.6,20,1480,1243.4
11/18/2023,Incontinence MPQ,Uro,202301,1019700,Baptist Medical Center,,,,,20078129,90376029,Invoice,39,13.38,1,39,25.62
11/18/2023,InjeTAK,Uro,202301,1019809,Bloomington Normal Healthcare Surgery Ct,,,,,20079052,90376035,Invoice,132,23.68,2,264,240.32
11/18/2023,Other Uro Dx Disposables,Uro,202301,1019681,Axia Women's Health,,,,,20163311,90376024,Invoice,232,121.2,40,9280,9158.8
11/18/2023,T-Doc Catheters,Uro,202301,1019681,Axia Women's Health,,,,,20163311,90376024,Invoice,1840,115.6,40,73600,73484.4
11/18/2023,T-Doc Catheters,Uro,202301,1019681,Axia Women's Health,,,,,20167713,90376025,Invoice,1380,86.7,30,41400,41313.3
11/18/2023,T-Doc Catheters,Uro,202301,1019681,Axia Women's Health,,,,,20167248,90376027,Invoice,2748,184.8,40,109920,109735.2
11/18/2023,T-Doc Catheters,Uro,202301,1019840,North Coast Urology Medical AssociatesIn,,,,,20081434,90376037,Invoice,786,37.2,10,7860,7822.8
11/18/2023,Tubing,Uro,202301,1019681,Axia Women's Health,,,,,20167713,90376025,Invoice,445,42,25,11125,11083
11/18/2023,Tubing,Uro,202301,1019835,Mass General Brigham,,,,,20074604,90376036,Invoice,577,42,25,14425,14383
11/18/2023,UDS Other Service & Repairs,Uro,202301,1019709,Bronson Healthcare,,,,,20069237,90376031,Invoice,4645.17,0,0,0,0
11/18/2023,UDS Other Service & Repairs,Uro,202301,1019709,Bronson Healthcare,,,,,20069237,90376031,Invoice,900,0,0,0,0
11/19/2023,EverLift,GI,202301,1019943,Central Maine Medical Center,,,,,20070592,90376042,Invoice,400,44.5,10,4000,3955.5
11/19/2023,InjeTAK,Uro,202301,1020036,Children's Mercy Hospital,,,,,20067463,90376046,Invoice,163,43.7,2,326,282.3
11/19/2023,InjeTAK,Uro,202301,1020088,Mid Columbia Medical Center *CONSOLIDATED use 1019576*,1019576,,,,20080254,90376055,Invoice,489,131.1,6,2934,2802.9
11/19/2023,Nexam,Uro,202301,1019937,CCA-Continence Center of America,,,,,20069180,90376041,Invoice,164,35.96,1,164,128.04
11/19/2023,Other GI Supply Disposables,GI,202301,1019891,Capt. James A Lovell FHCC,,,,,20072137,90376039,Invoice,220,63,100,22000,21937
11/19/2023,Other GI Supply Disposables,GI,202301,1020008,HCA Chippenham/Johnston Willis Hospitals,,,,,20193140,90376044,Invoice,50,0,2,100,100
11/19/2023,Other GI Supply Disposables,GI,202301,1020008,HCA Chippenham/Johnston Willis Hospitals,,,,,20193140,90376044,Invoice,25,0,1,25,25
11/19/2023,Other Manometry catheters,GI,202301,1020062,Cincinnati Children's Hospital,,,,,20079299,90376054,Invoice,2200,965.9,10,22000,21034.1
11/19/2023,Ph/Impedance Catheters,GI,202301,1020062,Cincinnati Children's Hospital,,,,,20074649,90376053,Invoice,552,79.3,5,2760,2680.7
11/19/2023,Spot Ex,GI,202301,1020042,Christus Health,,,,,20193252,90376048,Invoice,345,33.6,10,3450,3416.4
11/19/2023,T-Doc Catheters,Uro,202301,1020042,Christus Health,,,,,20071698,90376047,Invoice,2680,115.6,40,107200,107084.4
11/19/2023,Tubing,Uro,202301,1020042,Christus Health,,,,,20071698,90376047,Invoice,577,42,25,14425,14383
11/19/2023,Tubing,Uro,202301,1020159,United Urology Group,,,,,20167265,90376059,Invoice,754,84,50,37700,37616
11/19/2023,UDS Other Service & Repairs,Uro,202301,1020151,Cambridge Health Alliance,,,,,20077374,90376058,Invoice,4645.17,0,0,0,0
11/19/2023,UDS Other Service & Repairs,Uro,202301,1020151,Cambridge Health Alliance,,,,,20077374,90376058,Invoice,900,0,0,0,0
11/19/2023,Water Catheters,Uro,202301,1020058,Seattle Children's Hospital,,,,,20082137,90376051,Invoice,382,74,20,7640,7566
11/20/2023,Anorectal Manometry Catheters,GI,202301,1020325,Northern Light Health,,,,,20081138,90376067,Invoice,661,115.75,5,3305,3189.25
11/20/2023,Electrodes,Uro,202301,1020159,United Urology Group,,,,,20167265,90376059,Invoice,395,1356.5,50,19750,18393.5
11/20/2023,Incontinence UPC Lead Sets,Uro,202301,1020159,United Urology Group,,,,,20167159,90376061,Invoice,2400,187.2,4,9600,9412.8
11/20/2023,InjeTAK,Uro,202301,1020161,Copper Queen Community Hosp.,,,,,20080640,90376063,Invoice,264,47.36,4,1056,1008.64
11/20/2023,InjeTAK,Uro,202301,1020325,Northern Light Health,,,,,20081138,90376068,Invoice,163,43.7,2,326,282.3
11/20/2023,Optilume Strictures,Uro,202301,1020427,Fairview Health System,,,,,20073510,90376075,Invoice,4190,0,2,8380,8380
11/20/2023,Optilume Strictures,Uro,202301,1020427,Fairview Health System,,,,,20073510,90376075,Invoice,0,402,0,0,-402
11/20/2023,Optilume Strictures,Uro,202301,1020427,Fairview Health System,,,,,20073510,90376075,Invoice,0,71.68,0,0,-71.68
11/20/2023,Spot Ex,GI,202301,1020263,HCA Del Sol Medical Center,,,,,20193117,90376065,Invoice,690,67.2,20,13800,13732.8
11/20/2023,Spot Ex,GI,202301,1020362,Elliot Hospital,,,,,20168709,90376071,Invoice,3040,268.8,80,243200,242931.2
11/20/2023,T-Doc Catheters,Uro,202301,1020159,United Urology Group,,,,,20166573,90376060,Invoice,1648,286.4,40,65920,65633.6
11/20/2023,T-Doc Catheters,Uro,202301,1020226,California Urology,,,,,20084489,90376064,Invoice,1746,86.7,30,52380,52293.3
11/20/2023,T-Doc Catheters,Uro,202301,1020226,California Urology,,,,,20084489,90376064,Invoice,1366,74.4,20,27320,27245.6
11/20/2023,T-Doc Catheters,Uro,202301,1020288,UT Health Dell Medical School,,,,,20074955,90376066,Invoice,4995,231,50,249750,249519
11/20/2023,Tubing,Uro,202301,1020226,California Urology,,,,,20084489,90376064,Invoice,1098,84,50,54900,54816
11/20/2023,Tubing,Uro,202301,1020373,Emory Healthcare,,,,,20068743,90376072,Invoice,1154,84,50,57700,57616
11/21/2023,InjeTAK,Uro,202301,1020616,Good Samaritan Hospital,,,,,20078072,90376090,Invoice,396,71.04,6,2376,2304.96
11/21/2023,Optilume Strictures,Uro,202301,1020473,University of Vermont Medical Center,,,,,20077517,90376084,Invoice,2395,0,1,2395,2395
11/21/2023,Optilume Strictures,Uro,202301,1020473,University of Vermont Medical Center,,,,,20077517,90376084,Invoice,0,201,0,0,-201
11/21/2023,Optilume Strictures,Uro,202301,1020473,University of Vermont Medical Center,,,,,20077517,90376084,Invoice,0,151,0,0,-151
11/21/2023,Optilume Strictures,Uro,202301,1020473,University of Vermont Medical Center,,,,,20077517,90376084,Invoice,0,35.84,0,0,-35.84
11/21/2023,Other Uro Dx Disposables,Uro,202301,1020577,Tidelands Health,,,,,20069930,90376088,Invoice,180,21.6,60,10800,10778.4
11/21/2023,Other Uro Tx Disposables,Uro,202301,1020573,Geisinger System Services,,,,,20171205,90376086,Invoice,291,390.76,4,1164,773.24
11/21/2023,Other Uro Tx Disposables,Uro,202301,1020573,Geisinger System Services,,,,,20082874,90376087,Invoice,291,390.76,4,1164,773.24
11/21/2023,RenovaRP Consumables,GI,202301,1020473,University of Vermont Medical Center,,,,,20077517,90376083,Invoice,215,115,20,4300,4185
11/21/2023,Spot Ex,GI,202301,1020468,AdventHealth,,,,,20079288,90376081,Invoice,380,33.6,10,3800,3766.4
11/21/2023,T-Doc Catheters,Uro,202301,1020577,Tidelands Health,,,,,20069930,90376088,Invoice,670,28.9,10,6700,6671.1
11/21/2023,T-Doc Catheters,Uro,202301,1020577,Tidelands Health,,,,,20069930,90376088,Invoice,999,46.2,10,9990,9943.8
11/21/2023,Tubing,Uro,202301,1020509,Froedtert Health,,,,,20073903,90376085,Invoice,577,42,25,14425,14383
11/21/2023,Tubing,Uro,202301,1020509,Froedtert Health,,,,,20073903,90376085,Invoice,353,30.5,50,17650,17619.5
11/21/2023,UDS Other Service & Repairs,Uro,202301,1020445,FirstHealth of the Carolinas Inc.,,,,,20068289,90376078,Invoice,4827.89,0,0,0,0
11/21/2023,UDS Other Service & Repairs,Uro,202301,1020445,FirstHealth of the Carolinas Inc.,,,,,20068289,90376078,Invoice,900,0,0,0,0
11/21/2023,Water Catheters,Uro,202301,1020509,Froedtert Health,,,,,20073903,90376085,Invoice,1415,178,50,70750,70572
11/22/2023,Electrodes,Uro,202301,1020631,Greater Baltimore Med Ctr Health,,,,,20074576,90376095,Invoice,465,135.5,50,23250,23114.5
11/22/2023,EverLift,GI,202301,1020621,CHI - Common Spirit Health,,,,,20166672,90376094,Invoice,800,89,20,16000,15911
11/22/2023,InjeTAK,Uro,202301,1020621,CHI - Common Spirit Health,,,,,20071472,90376092,Invoice,1550,437,20,31000,30563
11/22/2023,Other GI Supply Disposables,GI,202301,1020621,CHI - Common Spirit Health,,,,,20083263,90376093,Invoice,582,207,300,174600,174393
11/22/2023,T-Doc Catheters,Uro,202301,1020621,CHI - Common Spirit Health,,,,,20071472,90376092,Invoice,5208,277.2,60,312480,312202.8
11/22/2023,T-Doc Catheters,Uro,202301,1020631,Greater Baltimore Med Ctr Health,,,,,20074576,90376095,Invoice,3350,144.5,50,167500,167355.5
11/22/2023,T-Doc Catheters,Uro,202301,1020707,Hartford Health Care Corporation,,,,,20167725,90376098,Invoice,999,46.2,10,9990,9943.8
11/22/2023,Tubing,Uro,202301,1020621,CHI - Common Spirit Health,,,,,20071472,90376092,Invoice,1098,84,50,54900,54816
11/22/2023,Tubing,Uro,202301,1020631,Greater Baltimore Med Ctr Health,,,,,20074576,90376095,Invoice,1154,84,50,57700,57616
11/23/2023,Endoscopy Service Contracts,Uro,202301,1020738,Heywood Hospital,,,,,20067152,90376101,Invoice,0,0,2,0,0
11/23/2023,EverLift,GI,202301,1020714,Atrius Health,,,,,20194000,90376100,Invoice,360,44.5,10,3600,3555.5
11/23/2023,InjeTAK,Uro,202301,1020752,Memorial Hermann Health System,,,,,20072377,90376106,Invoice,83,23.68,2,166,142.32
11/23/2023,InjeTAK,Uro,202301,1020971,Kaiser Health Plan Asset Mgmt,,,,,20071414,90376118,Invoice,348,94.72,8,2784,2689.28
11/23/2023,Other Uro Dx Disposables,Uro,202301,1020752,Memorial Hermann Health System,,,,,20071825,90376103,Invoice,1100,606,200,220000,219394
11/23/2023,Other Uro Dx Disposables,Uro,202301,1020752,Memorial Hermann Health System,,,,,20067080,90376107,Invoice,106,49.34,2,212,162.66
11/23/2023,Other Uro Dx Disposables,Uro,202301,1020970,Kansas City Urology Care PA,,,,,20167324,90376115,Invoice,348,181.8,60,20880,20698.2
11/23/2023,RenovaRP Consumables,GI,202301,1020752,Memorial Hermann Health System,,,,,20076174,90376105,Invoice,190,115,20,3800,3685
11/23/2023,RenovaRP Consumables,GI,202301,1020971,Kaiser Health Plan Asset Mgmt,,,,,20070206,90376117,Invoice,1850,1150,200,370000,368850
11/23/2023,T-Doc Catheters,Uro,202301,1020872,Inova Health Care Services,,,,,20069746,90376109,Credit Memo,-173.6,-9.24,-2,347.2,356.44
11/23/2023,T-Doc Catheters,Uro,202301,1020971,Kaiser Health Plan Asset Mgmt,,,,,20071414,90376118,Invoice,1530,138.6,30,45900,45761.4
11/23/2023,Tubing,Uro,202301,1020752,Memorial Hermann Health System,,,,,20071413,90376104,Invoice,431,42,25,10775,10733
11/23/2023,Water Catheters,Uro,202301,1020752,Memorial Hermann Health System,,,,,20071413,90376104,Invoice,1132,142.4,40,45280,45137.6
11/23/2023,Water Catheters,Uro,202301,1020752,Memorial Hermann Health System,,,,,20071413,90376104,Invoice,243,35.6,10,2430,2394.4
11/24/2023,Electrodes,Uro,202301,1021077,St. Luke's Chesterfield Hospital,,,,,20163574,90376128,Invoice,186,54.2,20,3720,3665.8
11/24/2023,Electrodes,Uro,202301,1021080,Lehigh Valley Health Network,,,,,20084147,90376129,Invoice,372,108.4,40,14880,14771.6
11/24/2023,Endoscopy Sheaths,Uro,202301,1021047,Lakeland Regional Medical Center,,,,,20196770,90376125,Invoice,1178,9,20,23560,23551
11/24/2023,Flowstar,Uro,202301,1021080,Lehigh Valley Health Network,,,,,20197076,90376130,Invoice,4995,893.74,1,4995,4101.26
11/24/2023,InjeTAK,Uro,202301,1020973,Hawaii Pacific: Kauai Clinic & Wilcox,,,,,20083709,90376123,Invoice,163,43.7,2,326,282.3
11/24/2023,Other Uro Dx Equipment,Uro,202301,1021080,Lehigh Valley Health Network,,,,,20197076,90376130,Invoice,0,146.63,1,0,-146.63
11/24/2023,Other Uro Dx Equipment,Uro,202301,1021080,Lehigh Valley Health Network,,,,,20197076,90376130,Invoice,0,50.9,1,0,-50.9
11/24/2023,RenovaRP Consumables,GI,202301,1020971,Kaiser Health Plan Asset Mgmt,,,,,20067167,90376121,Invoice,370,230,40,14800,14570
11/24/2023,Spot Ex,GI,202301,1020971,Kaiser Health Plan Asset Mgmt,,,,,20167461,90376119,Invoice,380,33.6,10,3800,3766.4
11/24/2023,Spot Ex,GI,202301,1021047,Lakeland Regional Medical Center,,,,,20166296,90376126,Invoice,1140,100.8,30,34200,34099.2
11/24/2023,T-Doc Catheters,Uro,202301,1021080,Lehigh Valley Health Network,,,,,20084147,90376129,Invoice,5994,277.2,60,359640,359362.8
11/24/2023,Tubing,Uro,202301,1021077,St. Luke's Chesterfield Hospital,,,,,20163574,90376128,Invoice,577,42,25,14425,14383
11/24/2023,Tubing,Uro,202301,1021080,Lehigh Valley Health Network,,,,,20084147,90376129,Invoice,577,42,25,14425,14383
11/25/2023,Electrodes,Uro,202301,1021175,Alexander Marinbakh MD Advanced Surgical Urology PC,,,,,20075429,90376137,Invoice,246,81.3,30,7380,7298.7
11/25/2023,Electrodes,Uro,202301,1021278,HCA Methodist Specialty &Transplant Hosp,,,,,20075573,90376148,Invoice,928,35.8,20,18560,18524.2
11/25/2023,Electrodes,Uro,202301,1021340,Michigan Institute of Urology,,,,,1021340,90376153,Invoice,186,54.2,20,3720,3665.8
11/25/2023,Incontinence MPQ,Uro,202301,1021126,Ardent: Lovelace Health System,,,,,20067043,90376132,Invoice,117,40.14,3,351,310.86
11/25/2023,Other Uro Dx Disposables,Uro,202301,1021190,Mayo Clinic,,,,,20084767,90376138,Invoice,232,121.2,40,9280,9158.8
11/25/2023,Other Uro Dx Disposables,Uro,202301,1021340,Michigan Institute of Urology,,,,,1021340,90376153,Invoice,464,242.4,80,37120,36877.6
11/25/2023,Other Uro Tx Disposables,Uro,202301,1021271,Minnesota Urology: Metro Uro Spec *Consolidated* Use BP# 1022981,,,,,20084148,90376146,Invoice,291,390.76,4,1164,773.24
11/25/2023,RenovaRP Consumables,GI,202301,1021327,Penn State Health,,,,,20080307,90376151,Invoice,500,201.1,5,2500,2298.9
11/25/2023,Spot Ex,GI,202301,1021084,Lake Region Healthcare Corp.,,,,,20079195,90376131,Invoice,380,33.6,10,3800,3766.4
11/25/2023,Spot Ex,GI,202301,1021158,NYU Langone Health System,,,,,20195129,90376135,Invoice,380,33.6,10,3800,3766.4
11/25/2023,Spot Ex,GI,202301,1021260,Methodist Le Bonheur Healthcare,,,,,20084775,90376144,Invoice,345,33.6,10,3450,3416.4
11/25/2023,Spot Ex,GI,202301,1021287,Dignity Health - CA,,,,,20077585,90376149,Invoice,1520,134.4,40,60800,60665.6
11/25/2023,T-Doc Catheters,Uro,202301,1021175,Alexander Marinbakh MD Advanced Surgical Urology PC,,,,,20075429,90376137,Invoice,2705,186,50,135250,135064
11/25/2023,T-Doc Catheters,Uro,202301,1021253,MedStar Health,,,,,20067146,90376142,Invoice,786,37.2,10,7860,7822.8
11/25/2023,T-Doc Catheters,Uro,202301,1021253,MedStar Health,,,,,20067146,90376142,Invoice,999,71.6,10,9990,9918.4
11/25/2023,Tubing,Uro,202301,1021253,MedStar Health,,,,,20067146,90376142,Invoice,1154,84,50,57700,57616
11/25/2023,Unisensor SS,GI,202301,1021161,Lucile Packard Children's Hospital,,,,,20074070,90376136,Invoice,15151.25,3506.41,1,15151.25,11644.84
11/26/2023,EverLift,GI,202301,1021395,RWJBarnabas Health Med Grp,,,,,20167745,90376156,Invoice,400,44.5,10,4000,3955.5
11/26/2023,EverLift,GI,202301,1021395,RWJBarnabas Health Med Grp,,,,,20068113,90376158,Invoice,1200,133.5,30,36000,35866.5
11/26/2023,EverLift,GI,202301,1021395,RWJBarnabas Health Med Grp,,,,,20068113,90376159,Invoice,1200,133.5,30,36000,35866.5
11/26/2023,InjeTAK,Uro,202301,1021378,Munson Healthcare DBA Northern Michigan Supply Alliance,,,,,20074147,90376155,Invoice,652,174.8,8,5216,5041.2
11/26/2023,InjeTAK,Uro,202301,1021395,RWJBarnabas Health Med Grp,,,,,20067357,90376165,Invoice,264,47.36,4,1056,1008.64
11/26/2023,Optilume Strictures,Uro,202301,1021478,MultiCare Health System,,,,,20084564,90376175,Invoice,2095,0,1,2095,2095
11/26/2023,Optilume Strictures,Uro,202301,1021478,MultiCare Health System,,,,,20084564,90376175,Invoice,0,224.4,0,0,-224.4
11/26/2023,Optilume Strictures,Uro,202301,1021478,MultiCare Health System,,,,,20084564,90376175,Invoice,0,35.84,0,0,-35.84
11/26/2023,Optilume Strictures,Uro,202301,1021478,MultiCare Health System,,,,,20084564,90376175,Invoice,0,35.84,0,0,-35.84
11/26/2023,RenovaRP Consumables,GI,202301,1021395,RWJBarnabas Health Med Grp,,,,,20166915,90376157,Invoice,680,460,80,54400,53940
11/26/2023,RenovaRP Consumables,GI,202301,1021395,RWJBarnabas Health Med Grp,,,,,20166915,90376162,Invoice,680,460,80,54400,53940
11/26/2023,Spot Ex,GI,202301,1021395,RWJBarnabas Health Med Grp,,,,,20167745,90376163,Invoice,345,33.6,10,3450,3416.4
11/26/2023,T-Doc Catheters,Uro,202301,1021425,Metroplex Women's Care,,,,,20077076,90376168,Invoice,786,37.2,10,7860,7822.8
11/26/2023,T-Doc Catheters,Uro,202301,1021482,MVM Management LLC,,,,,20082679,90376176,Invoice,3800,289,100,380000,379711
11/26/2023,Tubing,Uro,202301,1021376,Marietta Memorial Hospital,,,,,20068262,90376154,Invoice,462,77.8,20,9240,9162.2
11/26/2023,Tubing,Uro,202301,1021425,Metroplex Women's Care,,,,,20077076,90376168,Invoice,450,89.75,25,11250,11160.25
11/27/2023,Incontinence MPQ,Uro,202301,1021590,Novant Health Inc.,,,,,20073786,90376179,Invoice,60,22.4,2,120,97.6
11/27/2023,InjeTAK,Uro,202301,1021590,Novant Health Inc.,,,,,20073459,90376180,Invoice,468,94.72,8,3744,3649.28
11/27/2023,Optilume Strictures,Uro,202301,1021590,Novant Health Inc.,,,,,20071317,90376181,Invoice,4190,0,2,8380,8380
11/27/2023,Optilume Strictures,Uro,202301,1021590,Novant Health Inc.,,,,,20071317,90376181,Invoice,0,402,0,0,-402
11/27/2023,Optilume Strictures,Uro,202301,1021590,Novant Health Inc.,,,,,20071317,90376181,Invoice,0,71.68,0,0,-71.68
11/27/2023,Optilume Strictures,Uro,202301,1021590,Novant Health Inc.,,,,,20073926,90376182,Invoice,4190,0,2,8380,8380
11/27/2023,Optilume Strictures,Uro,202301,1021590,Novant Health Inc.,,,,,20073926,90376182,Invoice,0,402,0,0,-402
11/27/2023,Optilume Strictures,Uro,202301,1021590,Novant Health Inc.,,,,,20073926,90376182,Invoice,0,71.68,0,0,-71.68
11/27/2023,Optilume Strictures,Uro,202301,1021590,Novant Health Inc.,,,,,20073926,90376182,Invoice,0,1206,0,0,-1206
11/27/2023,Other Uro Dx Disposables,Uro,202301,1021482,MVM Management LLC,,,,,20082679,90376176,Invoice,60,7.2,20,1200,1192.8
11/27/2023,Tubing,Uro,202301,1021482,MVM Management LLC,,,,,20082679,90376176,Invoice,4410,420,250,1102500,1102080
11/28/2023,Endoscopy Sheaths,Uro,202301,1021753,Atlantic Health System,,,,,20083786,90376199,Invoice,1857,11.1,30,55710,55698.9
11/28/2023,InjeTAK,Uro,202301,1021600,Northwestern Medicine,,,,,20197455,90376186,Invoice,326,87.4,4,1304,1216.6
11/28/2023,InjeTAK,Uro,202301,1021699,Ohio Health,,,,,20074086,90376191,Invoice,163,43.7,2,326,282.3
11/28/2023,Optilume Strictures,Uro,202301,1021596,Northside Hospital,,,,,20083564,90376185,Invoice,2095,0,1,2095,2095
11/28/2023,Optilume Strictures,Uro,202301,1021596,Northside Hospital,,,,,20083564,90376185,Invoice,0,35.84,0,0,-35.84
11/28/2023,Optilume Strictures,Uro,202301,1021722,Oregon Health & Science Univ.,,,,,20075132,90376195,Invoice,2095,0,1,2095,2095
11/28/2023,Optilume Strictures,Uro,202301,1021722,Oregon Health & Science Univ.,,,,,20075132,90376195,Invoice,0,201,0,0,-201
11/28/2023,Other Uro Dx Disposables,Uro,202301,1021595,Northwest Ohio Ctr.for Urogynecology,,,,,20074918,90376184,Invoice,232,121.2,40,9280,9158.8
11/28/2023,Other Uro Dx Disposables,Uro,202301,1021736,OB-GYN South PC,,,,,20080948,90376197,Invoice,232,121.2,40,9280,9158.8
11/28/2023,RenovaRP Consumables,GI,202301,1021699,Ohio Health,,,,,20067103,90376192,Invoice,390,230,40,15600,15370
11/28/2023,RenovaRP pump,GI,202301,1021629,VA- North Port,,,,,20066990,90376189,Invoice,1500,868.56,1,1500,631.44
11/28/2023,Spot Ex,GI,202301,1021620,Northeast Georgia Health System Inc.,,,,,20164152,90376187,Invoice,380,33.6,10,3800,3766.4
11/28/2023,Spot Ex,GI,202301,1021632,AMSURG,,,,,20196143,90376190,Invoice,1035,100.8,30,31050,30949.2
11/28/2023,Tables/Chairs,Uro,202301,1021591,Northwell Health,,,,,20068065,90376183,Invoice,0,188.67,1,0,-188.67
11/28/2023,T-Doc Catheters,Uro,202301,1021595,Northwest Ohio Ctr.for Urogynecology,,,,,20074918,90376184,Invoice,1188,74.4,20,23760,23685.6
11/28/2023,T-Doc Catheters,Uro,202301,1021736,OB-GYN South PC,,,,,20080948,90376197,Invoice,670,28.9,10,6700,6671.1
11/28/2023,T-Doc Catheters,Uro,202301,1021779,Park Nicollet Health Services **CONSOLIDATED use 1020816*,1020816,,,,20077839,90376202,Invoice,3996,184.8,40,159840,159655.2
11/28/2023,Tubing,Uro,202301,1021766,University of Pennsylvania Health,,,,,20069316,90376201,Invoice,320,89.75,25,8000,7910.25
11/29/2023,Endoscopy Sheaths,Uro,202301,1022069,Rutherford Regional Health System,,,,,20084413,90376220,Invoice,2476,14.8,40,99040,99025.2
11/29/2023,EverLift,GI,202301,1022066,Rutland Regional Medical Center,,,,,20073096,90376219,Invoice,800,89,20,16000,15911
11/29/2023,InjeTAK,Uro,202301,1021801,Princeton Community Hospital - WVU Med. **CONSOLIDATED USE 1022806**,1022806,,,,20076712,90376203,Invoice,489,131.1,6,2934,2802.9
11/29/2023,InjeTAK,Uro,202301,1021845,Nebraska Methodist Health System,,,,,20075199,90376207,Invoice,132,23.68,2,264,240.32
11/29/2023,InjeTAK,Uro,202301,1021886,The Polyclinic,,,,,20067923,90376209,Invoice,326,87.4,4,1304,1216.6
11/29/2023,InjeTAK,Uro,202301,1021928,Providence Health & Services,,,,,20074194,90376215,Invoice,120,43.7,2,240,196.3
11/29/2023,Other Uro Dx Disposables,Uro,202301,1021893,Providence Olympia Urology **CONSOLIDATED use 1021928*,1021928,,,,20079252,90376210,Invoice,86,60.6,20,1720,1659.4
11/29/2023,Other Uro Dx Disposables,Uro,202301,1022029,Riverside Health,,,,,20081844,90376217,Invoice,464,242.4,80,37120,36877.6
11/29/2023,Other Uro Tx Disposables,Uro,202301,1022069,Rutherford Regional Health System,,,,,20084413,90376220,Invoice,291,390.76,4,1164,773.24
11/29/2023,Spot Ex,GI,202301,1021925,Intermountain Healthcare,,,,,20073591,90376211,Invoice,380,33.6,10,3800,3766.4
11/29/2023,T-Doc Catheters,Uro,202301,1021820,"Physicians East, P.A.",,,,,20083963,90376206,Invoice,1746,591,30,52380,51789
11/29/2023,T-Doc Catheters,Uro,202301,1022029,Riverside Health,,,,,20081844,90376217,Invoice,2358,111.6,30,70740,70628.4
11/30/2023,Endoscopy Sheaths,Uro,202301,1022159,Shelby County Healthcare Corp DBA Regional One Health,,,,,20079528,90376223,Invoice,619,3.7,10,6190,6186.3
11/30/2023,EverLift,GI,202301,1022166,Honor Health,,,,,20083642,90376227,Invoice,790,89,20,15800,15711
11/30/2023,Optilume Strictures,Uro,202301,1022138,Santa Clara Valley Health & Hosp,,,,,20075407,90376222,Invoice,4190,0,2,8380,8380
11/30/2023,Optilume Strictures,Uro,202301,1022138,Santa Clara Valley Health & Hosp,,,,,20075407,90376222,Invoice,0,402,0,0,-402
11/30/2023,Optilume Strictures,Uro,202301,1022138,Santa Clara Valley Health & Hosp,,,,,20075407,90376222,Invoice,0,71.68,0,0,-71.68
11/30/2023,Other GI Supply Disposables,GI,202301,1022237,Sharp Healthcare,,,,,20195976,90376231,Invoice,1025,250,500,512500,512250
11/30/2023,RenovaRP Consumables,GI,202301,1022160,Baylor Scott & White Health,,,,,20078437,90376226,Invoice,340,230,40,13600,13370
11/30/2023,RenovaRP Consumables,GI,202301,1022160,Baylor Scott & White Health,,,,,20078437,90376226,Invoice,350,121.9,10,3500,3378.1
11/30/2023,RenovaRP Consumables,GI,202301,1022188,Sentara Healthcare,,,,,20073916,90376228,Invoice,990,402.2,10,9900,9497.8
11/30/2023,Spot Ex,GI,202301,1022231,Salida Hospital District dba Heart of Rockies Reg. Med. Ctr.,,,,,20194148,90376230,Invoice,760,67.2,20,15200,15132.8
11/30/2023,Tubing,Uro,202301,1022160,Baylor Scott & White Health,,,,,20069897,90376224,Invoice,1916,168,100,191600,191432
12/1/2023,Electrodes,Uro,202301,1022250,Siouxland Urology,,,,,20069961,90376233,Invoice,465,1356.5,50,23250,21893.5
12/1/2023,InjeTAK,Uro,202301,1022329,South Baldwin Regional Medical Ctr (CHS),,,,,20075135,90376237,Invoice,132,23.68,2,264,240.32
12/1/2023,Other GI Supply Disposables,GI,202301,1022338,Southern Illinois Healthcare,,,,,20074456,90376239,Invoice,880,252,400,352000,351748
12/1/2023,Spot Ex,GI,202301,1022400,Trinity Health,,,,,20074020,90376242,Invoice,345,33.6,10,3450,3416.4
12/2/2023,Electrodes,Uro,202301,1022424,Stark County Women's Clinic,,,,,20067115,90376247,Invoice,93,27.1,10,930,902.9
12/2/2023,Electrodes,Uro,202301,1022439,Urology of St Louis,,,,,20080767,90376251,Invoice,840,271,100,84000,83729
12/2/2023,Electrodes,Uro,202301,1022522,University of Louisville Physicians,,,,,20068204,90376261,Invoice,279,81.3,30,8370,8288.7
12/2/2023,Endoscopy Sheaths,Uro,202301,1022439,Urology of St Louis,,,,,20080767,90376249,Invoice,7400,74,200,1480000,1479926
12/2/2023,Endoscopy Sheaths,Uro,202301,1022459,Franciscan Alliance Inc,,,,,20163949,90376256,Invoice,619,3.7,10,6190,6186.3
12/2/2023,Incontinence UPC Lead Sets,Uro,202301,1022421,Stanford Hospital & Clinics,,,,,20070438,90376246,Invoice,5604,280.8,6,33624,33343.2
12/2/2023,Optilume Strictures,Uro,202301,1022419,UCSF Medical Center,,,,,20071221,90376245,Invoice,2095,0,1,2095,2095
12/2/2023,Optilume Strictures,Uro,202301,1022419,UCSF Medical Center,,,,,20071221,90376245,Invoice,0,201,0,0,-201
12/2/2023,Optilume Strictures,Uro,202301,1022541,Temple University Health System,,,,,20082050,90376263,Invoice,4190,0,2,8380,8380
12/2/2023,Other Uro Dx Disposables,Uro,202301,1022480,Norton Healthcare,,,,,20077900,90376258,Invoice,580,303,100,58000,57697
12/2/2023,RenovaRP Consumables,GI,202301,1022456,St Lukes Health System,,,,,20197217,90376254,Invoice,1320,690,120,158400,157710
12/2/2023,RenovaRP Consumables,GI,202301,1022456,St Lukes Health System,,,,,20197217,90376254,Invoice,2520,487.6,40,100800,100312.4
12/2/2023,RenovaRP Consumables,GI,202301,1022487,Sutter Health System Office,,,,,20168823,90376259,Invoice,645,345,60,38700,38355
12/2/2023,Spot Ex,GI,202301,1022567,Jefferson Health,,,,,20193677,90376266,Invoice,380,33.6,10,3800,3766.4
12/2/2023,T-Doc Catheters,Uro,202301,1022424,Stark County Women's Clinic,,,,,20067115,90376247,Invoice,999,46.2,10,9990,9943.8
12/2/2023,T-Doc Catheters,Uro,202301,1022439,Urology of St Louis,,,,,20080767,90376251,Invoice,4980,716,100,498000,497284
12/2/2023,T-Doc Catheters,Uro,202301,1022480,Norton Healthcare,,,,,20077900,90376258,Invoice,9990,3874,100,999000,995126
12/2/2023,T-Doc Catheters,Uro,202301,1022480,Norton Healthcare,,,,,20077900,90376258,Invoice,6700,1970,100,670000,668030
12/2/2023,T-Doc Catheters,Uro,202301,1022522,University of Louisville Physicians,,,,,20068204,90376261,Invoice,2300,144.5,50,115000,114855.5
12/2/2023,T-Doc Catheters,Uro,202301,1022522,University of Louisville Physicians,,,,,20068204,90376261,Invoice,3435,231,50,171750,171519
12/2/2023,UDS Other Service & Repairs,Uro,202301,1022444,Mercy Health,,,,,20080949,90376252,Invoice,0,0,1,0,0
12/2/2023,UDS Service Contracts,Uro,202301,1022479,Southern Urology P.A.,,,,,20068476,90376257,Invoice,0,0,1,0,0
12/3/2023,InjeTAK,Uro,202301,1022616,734 McNeal Physician Group LLC,,,,,20069593,90376275,Invoice,489,131.1,6,2934,2802.9
12/3/2023,Other Uro Dx Disposables,Uro,202301,1022713,Ascension Health Ministry Service C,,,,,20082698,90376281,Invoice,116,60.6,20,2320,2259.4
12/3/2023,Probes -Urostym,Uro,202301,1022713,Ascension Health Ministry Service C,,,,,20167162,90376280,Invoice,2140,536.8,20,42800,42263.2
12/3/2023,RenovaRP Consumables,GI,202301,1022572,Cleveland Clinic Health,,,,,20167144,90376270,Invoice,360,230,40,14400,14170
12/3/2023,RenovaRP Consumables,GI,202301,1022572,Cleveland Clinic Health,,,,,20196704,90376271,Invoice,175,60.95,5,875,814.05
12/3/2023,RenovaRP Consumables,GI,202301,1022572,Cleveland Clinic Health,,,,,20069947,90376272,Invoice,1750,609.5,50,87500,86890.5
12/3/2023,RenovaRP Consumables,GI,202301,1022755,University of Kentucky Healthcare,,,,,20071793,90376286,Invoice,1540,805,140,215600,214795
12/3/2023,RenovaRP pump,GI,202301,1022572,Cleveland Clinic Health,,,,,20068528,90376274,Invoice,0,0,1,0,0
12/3/2023,Spot Ex,GI,202301,1022572,Cleveland Clinic Health,,,,,20168735,90376273,Invoice,1520,134.4,40,60800,60665.6
12/3/2023,Spot Ex,GI,202301,1022713,Ascension Health Ministry Service C,,,,,20084493,90376283,Invoice,380,33.6,10,3800,3766.4
12/3/2023,T-Doc Catheters,Uro,202301,1022698,Urogynecology Center of Huntsville P.C.,,,,,20069449,90376277,Invoice,1998,92.4,20,39960,39867.6
12/3/2023,T-Doc Catheters,Uro,202301,1022698,Urogynecology Center of Huntsville P.C.,,,,,20069449,90376277,Invoice,1340,57.8,20,26800,26742.2
12/3/2023,Tubing,Uro,202301,1022677,University of Alabama at Birmingham,,,,,20069586,90376276,Invoice,800,84,50,40000,39916
12/3/2023,Tubing,Uro,202301,1022713,Ascension Health Ministry Service C,,,,,20082698,90376281,Invoice,577,42,25,14425,14383
12/4/2023,Electrodes,Uro,202301,1022848,University of Colorado Health,,,,,20072973,90376306,Invoice,1660,5426,200,332000,326574
12/4/2023,InjeTAK,Uro,202301,1022829,UPMC Health System,,,,,20112453,90376302,Invoice,435,118.4,10,4350,4231.6
12/4/2023,Optilume Strictures,Uro,202301,1022806,West Virgina University Medicine,,,,,20083308,90376291,Invoice,4190,0,2,8380,8380
12/4/2023,Optilume Strictures,Uro,202301,1022806,West Virgina University Medicine,,,,,20083308,90376291,Invoice,0,71.68,0,0,-71.68
12/4/2023,Optilume Strictures,Uro,202301,1022826,University of Rochester,,,,,20074522,90376295,Invoice,0,201,0,0,-201
12/4/2023,Other Uro Dx Equipment,Uro,202301,1022800,University of Maryland Medical System,,,,,20078663,90376287,Invoice,0,19.57,1,0,-19.57
12/4/2023,Other Uro Dx Equipment,Uro,202301,1022855,UCLA Health,,,,,20067866,90376308,Invoice,0,146.63,1,0,-146.63
12/4/2023,Other Uro Dx Equipment,Uro,202301,1022855,UCLA Health,,,,,20067866,90376308,Invoice,0,50.9,1,0,-50.9
12/4/2023,Other Uro Dx Equipment,Uro,202301,1022855,UCLA Health,,,,,20067866,90376309,Invoice,0,146.63,1,0,-146.63
12/4/2023,Other Uro Dx Equipment,Uro,202301,1022855,UCLA Health,,,,,20067866,90376309,Invoice,0,50.9,1,0,-50.9
12/4/2023,RenovaRP Consumables,GI,202301,1022828,University of Virginia Health System,,,,,20167491,90376296,Invoice,495,201.1,5,2475,2273.9
12/4/2023,Spot Ex,GI,202301,1022806,West Virgina University Medicine,,,,,20194284,90376290,Invoice,380,33.6,10,3800,3766.4
12/4/2023,Spot Ex,GI,202301,1022837,University of Chicago Medicine,,,,,20084938,90376304,Invoice,760,67.2,20,15200,15132.8
12/4/2023,Spot Ex,GI,202301,1022848,University of Colorado Health,,,,,20076704,90376307,Invoice,760,67.2,20,15200,15132.8
12/4/2023,T-Doc Catheters,Uro,202301,1022820,University of Toledo Physicians LLC,,,,,20067087,90376293,Invoice,786,37.2,10,7860,7822.8
12/4/2023,T-Doc Catheters,Uro,202301,1022829,UPMC Health System,,,,,20170426,90376298,Invoice,435,46.2,10,4350,4303.8
12/4/2023,Tubing,Uro,202301,1022829,UPMC Health System,,,,,20168506,90376299,Invoice,577,42,25,14425,14383
12/5/2023,Electrodes,Uro,202301,1022966,The Urology Group P.C.,,,,,20073456,90376314,Invoice,930,271,100,93000,92729
12/5/2023,Other Uro Dx Disposables,Uro,202301,1022955,Urology Institute of Central Florida,,,,,20073244,90376312,Invoice,116,60.6,20,2320,2259.4
12/5/2023,Other Uro Dx Equipment,Uro,202301,1022972,Urology of Indiana,,,,,20170223,90376315,Invoice,400,37.14,1,400,362.86
12/5/2023,Other Uro Tx Disposables,Uro,202301,1022898,Urology Associates of York Hospital,,,,,20084077,90376311,Invoice,291,390.76,4,1164,773.24
12/5/2023,Other Uro Tx Disposables,Uro,202301,1022898,Urology Associates of York Hospital,,,,,20084077,90376311,Invoice,298,50.4,12,3576,3525.6
12/5/2023,RenovaRP Consumables,GI,202301,1023121,VA Wilmington Health Care,,,,,20068551,90376323,Invoice,430,230,40,17200,16970
12/5/2023,T-Doc Catheters,Uro,202301,1022966,The Urology Group P.C.,,,,,20073456,90376314,Invoice,1704,286.4,40,68160,67873.6
12/5/2023,T-Doc Catheters,Uro,202301,1023010,USMD Health System,,,,,20083981,90376319,Invoice,683,37.2,10,6830,6792.8
12/5/2023,T-Doc Catheters,Uro,202301,1023020,Aquirre Specialty Care,,,,,20077155,90376320,Invoice,1998,92.4,20,39960,39867.6
12/5/2023,Tubing,Uro,202301,1022958,"Urology Centers of Alabama, PC",,,,,20070751,90376313,Invoice,1731,126,75,129825,129699
12/5/2023,Tubing,Uro,202301,1022966,The Urology Group P.C.,,,,,20073456,90376314,Invoice,362,42,25,9050,9008
12/6/2023,Anorectal Manometry Catheters,GI,202301,1023167,VA Hines Health Care,,,,,20075011,90376327,Invoice,740,448.4,20,14800,14351.6
12/6/2023,Incontinence UPC Lead Sets,Uro,202301,1023188,VA Eastern Colorado Health Care,,,,,20074968,90376329,Invoice,2802,140.4,3,8406,8265.6
12/6/2023,Optilume Strictures,Uro,202301,1023135,VA Charleston Health Care,,,,,20069617,90376324,Invoice,2095,0,1,2095,2095
12/6/2023,Optilume Strictures,Uro,202301,1023135,VA Charleston Health Care,,,,,20069617,90376324,Invoice,0,201,0,0,-201
12/6/2023,Optilume Strictures,Uro,202301,1023135,VA Charleston Health Care,,,,,20069617,90376324,Invoice,0,35.84,0,0,-35.84
12/6/2023,RenovaRP Consumables,GI,202301,1023121,VA Wilmington Health Care,,,,,20068551,90376323,Invoice,1000,402.2,10,10000,9597.8
12/6/2023,RenovaRP Consumables,GI,202301,1023153,VA North Texas Health Care,,,,,20071479,90376325,Invoice,430,230,40,17200,16970
12/6/2023,T-Doc Catheters,Uro,202301,1023164,VA Minneapolis Health Care,,,,,20076635,90376326,Invoice,999,71.6,10,9990,9918.4
12/6/2023,T-Doc Catheters,Uro,202301,1023176,VA Oklahoma City Health Care,,,,,20075385,90376328,Invoice,999,71.6,10,9990,9918.4
12/7/2023,Electrodes,Uro,202301,1026061,"James T. Martin Jr, MD",,,,,20197015,90376344,Invoice,93,271.3,10,930,658.7
12/7/2023,Incontinence MPQ,Uro,202301,1023272,ProHealth Care,,,,,20075991,90376333,Invoice,1414,84.12,2,2828,2743.88
12/7/2023,Incontinence MPQ,Uro,202301,1023272,ProHealth Care,,,,,20075991,90376334,Invoice,1414,84.12,2,2828,2743.88
12/7/2023,InjeTAK,Uro,202301,1025253,Dr. Orrin Lippoff,,,,,20167099,90376341,Invoice,163,43.7,2,326,282.3
12/7/2023,InjeTAK,Uro,202301,1026243,Cambridge Memorial Hospital DBA: Tri Valley Health System,,,,,20084624,90376345,Invoice,489,131.1,6,2934,2802.9
12/7/2023,RenovaRP Consumables,GI,202301,1025581,Self Regional Healthcare,,,,,20084395,90376342,Invoice,1425,603.3,15,21375,20771.7
12/7/2023,RenovaRP Consumables,GI,202301,1025581,Self Regional Healthcare,,,,,20084395,90376342,Invoice,880,460,80,70400,69940
12/7/2023,Spot Ex,GI,202301,1023203,VA San Diego Health Care,,,,,20071760,90376330,Invoice,760,67.2,20,15200,15132.8
12/7/2023,Spot Ex,GI,202301,1023637,Baylor Surgicare at Fort Worth,,,,,20076851,90376337,Invoice,0,0,10,0,0
12/7/2023,Spot Ex,GI,202301,1078770,Northern Hospital of Surry County *Consolidated* Use BP# 1021550,,,,,20163099,90376349,Invoice,345,33.6,10,3450,3416.4
12/7/2023,T-Doc Catheters,Uro,202301,1023204,VA Loma Linda Health Care,,,,,20068249,90376331,Invoice,2997,214.8,30,89910,89695.2
12/7/2023,T-Doc Catheters,Uro,202301,1026061,"James T. Martin Jr, MD",,,,,20197015,90376344,Invoice,670,28.9,10,6700,6671.1
12/7/2023,T-Doc Catheters,Uro,202301,1026061,"James T. Martin Jr, MD",,,,,20197015,90376344,Invoice,999,46.2,10,9990,9943.8
12/7/2023,Tubing,Uro,202301,1023204,VA Loma Linda Health Care,,,,,20068249,90376331,Invoice,1731,126,75,129825,129699
12/7/2023,Urocap IV,Uro,202301,1058952,Meden-Inmed Sp. z o.o.,,,,,20166035,90376346,Invoice,0,0,1,0,0
12/7/2023,Urocap IV,Uro,202301,1059004,"Mks Medic Sdn. Bhd Wisma Mks, 29",,,,,20156393,90376347,Invoice,0,0,1,0,0
12/8/2023,Electrodes,Uro,202301,1082787,"Millennium Physician Group, LLC",,,,,20171012,90376352,Invoice,93,27.1,10,930,902.9
12/8/2023,Optilume Strictures,Uro,202301,1089482,St Lukes Baptist Hospital,,,,,20196800,90376354,Invoice,0,71.68,0,0,-71.68
12/8/2023,Optilume Strictures,Uro,202301,1089920,UF Health Teaching Hospital & Clinics,,,,,20171109,90376357,Invoice,2095,0,1,2095,2095
12/8/2023,Optilume Strictures,Uro,202301,1089920,UF Health Teaching Hospital & Clinics,,,,,20171109,90376357,Invoice,0,201,0,0,-201
12/8/2023,Optilume Strictures,Uro,202301,1089920,UF Health Teaching Hospital & Clinics,,,,,20171109,90376357,Invoice,0,35.84,0,0,-35.84
12/8/2023,RenovaRP Consumables,GI,202301,1105318,A2A INTEGRATED LOGISTICS *Account Closed*,,,,,20192450,90376358,Invoice,1100,575,100,110000,109425
12/8/2023,Spot Ex,GI,202301,1089561,ASC of Spartanburg,,,,,20170478,90376355,Invoice,380,33.6,10,3800,3766.4
12/8/2023,Spot Ex,GI,202301,1089587,HCA Outpatient Surgical Svs.,,,,,20170517,90376356,Invoice,345,33.6,10,3450,3416.4
12/9/2023,EverLift,GI,202301,1106824,Mercer County Surgery Center,,,,,20194631,90376376,Invoice,365,44.5,10,3650,3605.5
12/9/2023,Other GI Supply Disposables,GI,202301,1107174,AUZRIAL S.A. DE C.V. (HOLT MEDICAL) ACCOUNTS PAYABLE,,,,,20195219,90376382,Invoice,1000,600,1000,1000000,999400
12/9/2023,RenovaRP Consumables,GI,202301,1105318,A2A INTEGRATED LOGISTICS *Account Closed*,,,,,20192450,90376358,Invoice,2500,1005.5,25,62500,61494.5
12/9/2023,Spot Ex,GI,202301,1105719,CENTRAL FLORIDA SURGICAL CENTER ACCOUNTS PAYABLE,,,,,20193026,90376362,Invoice,345,33.6,10,3450,3416.4
12/9/2023,Spot Ex,GI,202301,1105791,CLINCH VALLEY MEDICAL CENTER,,,,,20193266,90376364,Invoice,345,33.6,10,3450,3416.4
12/9/2023,Spot Ex,GI,202301,1106082,THE ENDOSCOPY CENTER ACCOUNTS PAYABLE,,,,,20193543,90376365,Invoice,380,33.6,10,3800,3766.4
12/9/2023,Spot Ex,GI,202301,1106163,U.S. MEDICAL GROUP INC ACCOUNTS PAYABLE,,,,,20193652,90376366,Invoice,380,33.6,10,3800,3766.4
12/9/2023,Spot Ex,GI,202301,1106200,HCA - FAIRVIEW PARK HOSPITAL ACCOUNTS PAYABLE,,,,,20193706,90376367,Invoice,345,33.6,10,3450,3416.4
12/9/2023,Spot Ex,GI,202301,1106394,GASTROENTEROLOGY SPECIALISTS ACCOUNTS PAYABLE,,,,,20193972,90376369,Invoice,380,33.6,10,3800,3766.4
12/9/2023,Spot Ex,GI,202301,1106544,IDAHO GASTROENTEROLOGY ASSOCIATES ACCOUNTS PAYABLE,,,,,20194204,90376371,Invoice,760,67.2,20,15200,15132.8
12/9/2023,Spot Ex,GI,202301,1106701,PENNSYLVANIA GASTROENTEROLOGY CONS ACCOUNTS PAYABLE,,,,,20194465,90376374,Invoice,760,67.2,20,15200,15132.8
12/9/2023,Spot Ex,GI,202301,1106869,MINNESOTA GASTROENTEROLOGY ACCOUNTS PAYABLE,,,,,20194704,90376377,Invoice,380,33.6,10,3800,3766.4
12/9/2023,Spot Ex,GI,202301,1107039,NORTHWEST GASTROENTEROLOGY CLINIC ACCOUNTS PAYABLE,,,,,20195006,90376379,Invoice,345,33.6,10,3450,3416.4
12/9/2023,Spot Ex,GI,202301,1107091,Nebraska Surgery Center,,,,,20195076,90376380,Invoice,380,33.6,10,3800,3766.4
12/9/2023,Spot Ex,GI,202301,1107113,NORTHERN VIRGINIA CENTER FOR GASTRO INTESTINAL ENDOSCOPY - A/P,,,,,20195108,90376381,Invoice,380,33.6,10,3800,3766.4
12/9/2023,Spot Ex,GI,202301,1107357,ROME GASTROENTEROLOGY ACCOUNTS PAYABLE,,,,,20195499,90376383,Invoice,760,67.2,20,15200,15132.8
12/9/2023,Spot Ex,GI,202301,1107532,CHARLESTON ENDOSCOPY CENTER ACCOUNTS PAYABLE,,,,,20193005,90376385,Invoice,1140,100.8,30,34200,34099.2
12/10/2023,Electrodes,Uro,202301,1108508,Haddad Medical,,,,,20197191,90376393,Invoice,93,27.1,10,930,902.9
12/10/2023,Endoscopy Sheaths,Uro,202301,9980001373,Jay-Michael Johnson,,,,,9980001373,90376401,Invoice,0,22.5,50,0,-22.5
12/10/2023,Optilume Strictures,Uro,202301,1107846,Cleveland Clinic Union Hospital *CONSOLIDATED use 1022572*,1022572,,,,1107846,90376388,Invoice,4190,0,2,8380,8380
12/10/2023,Optilume Strictures,Uro,202301,1107846,Cleveland Clinic Union Hospital *CONSOLIDATED use 1022572*,1022572,,,,1107846,90376388,Invoice,0,402,0,0,-402
12/10/2023,Optilume Strictures,Uro,202301,1107846,Cleveland Clinic Union Hospital *CONSOLIDATED use 1022572*,1022572,,,,1107846,90376388,Invoice,0,71.68,0,0,-71.68
12/10/2023,RenovaRP Consumables,GI,202301,9980001360,Danielle Block,,,,,9980001360,90376400,Invoice,0,0,10,0,0
12/10/2023,Spot Ex,GI,202301,1107739,TEXAS A&M PHYSICIANS FAMILY MEDICINE CENTER - NIKKI RUIZ,,,,,20196140,90376386,Invoice,380,33.6,10,3800,3766.4
12/10/2023,UDS Other Service & Repairs,Uro,202301,1023491,WellSpan Health,,,,,20070705,90384196,Invoice,376.91,0,0,0,0
12/11/2023,babyLance,CI,202301,1089124,St. Marien- und St. Annastiftskrankenhaus,,,,,20170084,90375792,Invoice,280.95,71.21,200,56190,56118.79
12/11/2023,Endoscopy Sheaths,Uro,202301,1061734,"Wirral University Teaching Hospital NHS Finance Department 700095, Willow House",,,,,20154927,90375796,Invoice,485.39,107.92,10,4853.9,4745.98
12/11/2023,Endoscopy Sheaths,Uro,202301,1061414,Clinique Océane,,,,,20155040,90375855,Invoice,1780.18,537.83,50,89009,88471.17
12/11/2023,Endoscopy Sheaths,Uro,202301,1061488,Institut Mutualiste Montsouris,,,,,20151691,90375860,Invoice,1196.28,322.69,30,35888.4,35565.71
12/11/2023,Endoscopy Sheaths,Uro,202301,1061523,Clinique Mutualiste Malartic,,,,,20153406,90375862,Invoice,1993.81,537.83,50,99690.5,99152.67
12/11/2023,InjeTAK,Uro,202301,1061863,NHS Supply Chain NHS Suppply Chain Accounts Payable,,,,,20151486,90375805,Invoice,557.27,275.49,12,6687.24,6411.75
12/11/2023,Other GI Disposables,GI,202301,1061024,CH Pierre Oudot (Bourgoin-Jallieu),,,,,1061024,90375826,Invoice,52.22,18.01,1,52.22,34.21
12/11/2023,Ph/Impedance Catheters,GI,202301,1070348,Great Ormond Street Hospital NHS Tr Accounts Payable,,,,,20151684,90375797,Invoice,471.12,107.09,5,2355.6,2248.51
12/11/2023,Ph/Impedance Catheters,GI,202301,1070348,Great Ormond Street Hospital NHS Tr Accounts Payable,,,,,20151684,90375797,Invoice,2355.62,535.51,25,58890.5,58354.99
12/11/2023,Tubing,Uro,202301,1069238,BG Klinikum Hamburg gGmbH Zentraler Einkauf,,,,,1060291,90375773,Invoice,534.06,98.72,50,26703,26604.28
12/11/2023,Tubing,Uro,202301,1061863,NHS Supply Chain NHS Suppply Chain Accounts Payable,,,,,20197509,90375803,Invoice,205.58,99.03,50,10279,10179.97
12/11/2023,UDS Other Service & Repairs,Uro,202301,1083873,"Creation Technologies, Ltd",,,,,20167801,90375768,Invoice Cancellation,-2428.17,-5919.11,-24,58276.08,64195.19
12/11/2023,UDS Service Contracts,Uro,202301,1059264,East Suffolk And North Essex NHS FT,,,,,1059264,90375767,Invoice,2075.54,0,1,2075.54,2075.54
12/11/2023,Uro iList NG & HL-7,Uro,202301,1087624,LMU Klinikum Referat Finanzbuchhaltung,,,,,20155921,90375785,Invoice,0,1023.81,1,0,-1023.81
12/11/2023,Uromed,Uro,202301,1061716,OCP Répartition,,,,,20155265,90375869,Invoice,259.15,100.12,10,2591.5,2491.38
12/12/2023,BoogieBaby,CI,202301,1019717,Banner Health,,,,,20080725,90375899,Invoice,520,200,500,260000,259800
12/12/2023,Eclipse,Uro,202301,1020484,Fort Belvoir Community Hospital,,,,,20074416,90375900,Invoice,0,586,0,0,-586
12/12/2023,Flowmaster,Uro,202301,1069376,Urovision F.H. Uro,,,,,20153405,90375886,Invoice,11173.12,3500.36,6,67038.72,63538.36
12/12/2023,Kiwi,CI,202301,1069622,Elkerliek Ziekenhuis Crediteurenadministratie,,,,,20153550,90375889,Invoice,498.45,62.47,10,4984.5,4922.03
12/12/2023,Kiwi,CI,202301,1059496,Gem. Sbg Landeskliniken Betriebsges.mbH,,,,,20156400,90375895,Invoice,502.34,62.47,10,5023.4,4960.93
12/12/2023,Other Uro Dx Equipment,Uro,202301,1079894,GIP Resah IDF SIRET 13000501000025,,,,,1083890,90375872,Invoice,313.64,157.7,1,313.64,155.94
12/12/2023,ROM,CI,202301,1019320,UNC Lenoir Health,,,,,20083929,90375898,Invoice,2775,451.5,75,208125,207673.5
12/12/2023,Uromed,Uro,202301,1061716,OCP Répartition,,,,,20155265,90375869,Invoice,259.15,78.33,10,2591.5,2513.17
12/13/2023,BoogieBaby,CI,202301,1078784,OM Owens & Minor,,,,,20196857,90375947,Invoice,1600,328,800,1280000,1279672
12/13/2023,Kiwi,CI,202301,1078678,Concordance Healthcare Solutions,,,,,20162423,90375908,Invoice,350,52.3,10,3500,3447.7
12/13/2023,Kiwi,CI,202301,1078679,Cardinal Health,,,,,20162545,90375934,Invoice,350,52.3,10,3500,3447.7
12/13/2023,Kiwi,CI,202301,1078784,OM Owens & Minor,,,,,20163145,90375948,Invoice,525,78.45,15,7875,7796.55
12/13/2023,Kiwi,CI,202301,1078784,OM Owens & Minor,,,,,20163145,90375948,Invoice,1400,251.65,35,49000,48748.35
12/13/2023,Koala,CI,202301,1078679,Cardinal Health,,,,,20162518,90375920,Invoice,1963.5,317.1,70,137445,137127.9
12/13/2023,Koala,CI,202301,1078679,Cardinal Health,,,,,20162508,90375921,Invoice,1122,181.2,40,44880,44698.8
12/13/2023,Koala,CI,202301,1078679,Cardinal Health,,,,,20162516,90375922,Invoice,1683,271.8,60,100980,100708.2
12/13/2023,Koala,CI,202301,1078784,OM Owens & Minor,,,,,20168091,90375968,Invoice,841.5,135.9,30,25245,25109.1
12/13/2023,Koala,CI,202301,1078784,OM Owens & Minor,,,,,20168091,90375971,Invoice,280.5,45.3,10,2805,2759.7
12/13/2023,ROM,CI,202301,1021253,MedStar Health,,,,,20076792,90375901,Invoice,1850,270.5,50,92500,92229.5
12/13/2023,ROM,CI,202301,1022188,Sentara Healthcare,,,,,20067290,90375902,Invoice,85,61.5,10,850,788.5
12/13/2023,ROM,CI,202301,1022188,Sentara Healthcare,,,,,20067290,90375903,Invoice,1837.5,270.5,50,91875,91604.5
12/13/2023,ROM,CI,202301,1078679,Cardinal Health,,,,,20166710,90375938,Invoice,42.5,30.75,5,212.5,181.75
12/14/2023,Anorectal Manometry Catheters,GI,202301,1108185,Southern Alberta Surgical Ltd,,,,,20196758,90375998,Invoice,9965.42,2335.38,100,996542,994206.62
12/14/2023,Electrodes,Uro,202301,1020577,Tidelands Health,,,,,20069930,90376088,Invoice,558,162.6,60,33480,33317.4
12/14/2023,Endoscopy Sheaths,Uro,202301,1019416,Providence Saint John's - Playa Vista,,,,,20072172,90376008,Invoice,1238,9,20,24760,24751
12/14/2023,Incontinence UPC Lead Sets,Uro,202301,1020355,Eisenhower Medical Center,,,,,20078676,90376070,Invoice,10668,561.6,12,128016,127454.4
12/14/2023,Kiwi,CI,202301,1078820,Southern Health-Sante' Sud,,,,,20163285,90375983,Invoice,1602.81,211.04,40,64112.4,63901.36
12/14/2023,Other GI Supply Disposables,GI,202301,1020008,HCA Chippenham/Johnston Willis Hospitals,,,,,20193140,90376044,Invoice,50,0,2,100,100
12/14/2023,Other Uro Dx Disposables,Uro,202301,1019835,Mass General Brigham,,,,,20074604,90376036,Invoice,30,3.6,10,300,296.4
12/14/2023,Portascan 3D,Uro,202301,1019775,Bellin Health,,,,,20084411,90376034,Invoice,0,61.26,1,0,-61.26
12/14/2023,Portascan 3D,Uro,202301,1020707,Hartford Health Care Corporation,,,,,20083742,90376097,Invoice,0,1674.6,1,0,-1674.6
12/14/2023,RenovaRP Consumables,GI,202301,1020468,AdventHealth,,,,,20192579,90376080,Invoice,950,575,100,95000,94425
12/14/2023,Spot Ex,GI,202301,1018943,Beth Isreal Deaconess Plymouth *Consolidated* Use BP# 1022897,,,,,20084344,90375999,Invoice,345,33.6,10,3450,3416.4
12/14/2023,Spot Ex,GI,202301,1019652,BJC Healthcare,,,,,20193062,90376019,Invoice,690,67.2,20,13800,13732.8
12/14/2023,Spot Ex,GI,202301,1020584,Glens Falls Hospital *Consolidated* Use BP# 1019535,,,,,20082890,90376089,Invoice,380,33.6,10,3800,3766.4
12/14/2023,T-Doc Catheters,Uro,202301,1019681,Axia Women's Health,,,,,20163311,90376024,Invoice,2748,184.8,40,109920,109735.2
12/14/2023,T-Doc Catheters,Uro,202301,1020003,Christiana Care Health Services,,,,,20071081,90376043,Invoice,5290,462,100,529000,528538
12/14/2023,T-Doc Catheters,Uro,202301,1020159,United Urology Group,,,,,20167265,90376059,Invoice,1615,186,50,80750,80564
12/14/2023,Tubing,Uro,202301,1020049,Children's Hospital of Wisconsin,,,,,20080823,90376049,Invoice,1154,84,50,57700,57616
12/14/2023,UDS Other Service & Repairs,Uro,202301,1083873,"Creation Technologies, Ltd",,,,,20167801,90375996,Invoice,2428.17,5919.11,24,58276.08,52356.97
12/15/2023,Endoscopy Sheaths,Uro,202301,1021127,Lowcountry Urology Clinics PA,,,,,20069551,90376133,Invoice,1520,14.8,40,60800,60785.2
12/15/2023,InjeTAK,Uro,202301,1021253,MedStar Health,,,,,20067146,90376142,Invoice,978,262.2,12,11736,11473.8
12/15/2023,Portascan 3D,Uro,202301,1021429,Community Hospital of the Monterey,,,,,20156398,90376169,Invoice,0,1473.65,1,0,-1473.65
12/15/2023,RenovaRP Consumables,GI,202301,1020971,Kaiser Health Plan Asset Mgmt,,,,,20072678,90376120,Invoice,900,402.2,10,9000,8597.8
12/15/2023,Spot Ex,GI,202301,1020707,Hartford Health Care Corporation,,,,,20168008,90376099,Invoice,760,67.2,20,15200,15132.8
12/15/2023,Spot Ex,GI,202301,1020921,1000-St. Joseph Health System *Consolidated* Use BP# 1021928,,,,,20167128,90376113,Invoice,360,33.6,10,3600,3566.4
12/15/2023,Spot Ex,GI,202301,1021322,Middlesex Hospital,,,,,20166828,90376150,Invoice,380,33.6,10,3800,3766.4
12/15/2023,T-Doc Catheters,Uro,202301,1020897,Jayaraman Medical Associates,,,,,20077955,90376111,Invoice,1572,74.4,20,31440,31365.6
12/15/2023,T-Doc Catheters,Uro,202301,1020970,Kansas City Urology Care PA,,,,,20167324,90376115,Invoice,950,74.4,20,19000,18925.6
12/15/2023,T-Doc Catheters,Uro,202301,1021253,MedStar Health,,,,,20067146,90376142,Invoice,1340,57.8,20,26800,26742.2
12/15/2023,Tubing,Uro,202301,1021465,MUSC (Medical Univ Hosp Authority),,,,,20074618,90376171,Invoice,154,78.5,50,7700,7621.5
12/16/2023,Endoscopy Parts & Accessories,Uro,202301,1021850,Pioneer Valley Urology PC,,,,,20075454,90376208,Invoice,819.4,477.01,1,819.4,342.39
12/16/2023,Endoscopy Sheaths,Uro,202301,1021737,OSF Healthcare System,,,,,20068561,90376198,Invoice,3472,36,80,277760,277724
12/16/2023,Incontinence UPC Lead Sets,Uro,202301,1021528,Accord Physicians **CONSOLIDATED USE 1082740**,1082740,,,,20080930,90376177,Invoice,3600,280.8,6,21600,21319.2
12/16/2023,InjeTAK,Uro,202301,1021753,Atlantic Health System,,,,,20076314,90376200,Invoice,132,23.68,2,264,240.32
12/16/2023,InjeTAK,Uro,202301,1022112,USA Health University Hospital,,,,,20072757,90376221,Invoice,1980,355.2,30,59400,59044.8
12/16/2023,Optilume Strictures,Uro,202301,1021590,Novant Health Inc.,,,,,20073926,90376182,Invoice,12570,0,6,75420,75420
12/16/2023,Optilume Strictures,Uro,202301,1021590,Novant Health Inc.,,,,,20073926,90376182,Invoice,0,215.04,0,0,-215.04
12/16/2023,Optilume Strictures,Uro,202301,1021722,Oregon Health & Science Univ.,,,,,20075132,90376195,Invoice,0,35.84,0,0,-35.84
12/16/2023,RenovaRP Consumables,GI,202301,1021465,MUSC (Medical Univ Hosp Authority),,,,,20074618,90376172,Invoice,2500,1005.5,25,62500,61494.5
12/16/2023,RenovaRP Consumables,GI,202301,1021699,Ohio Health,,,,,20067103,90376192,Invoice,390,121.9,10,3900,3778.1
12/16/2023,RenovaRP Consumables,GI,202301,1022013,Reading Hospital (Tower Health),,,,,20195502,90376216,Invoice,1000,402.2,10,10000,9597.8
12/16/2023,T-Doc Catheters,Uro,202301,1021595,Northwest Ohio Ctr.for Urogynecology,,,,,20074918,90376184,Invoice,460,28.9,10,4600,4571.1
12/16/2023,T-Doc Catheters,Uro,202301,1021893,Providence Olympia Urology **CONSOLIDATED use 1021928*,1021928,,,,20079252,90376210,Invoice,428,37.2,10,4280,4242.8
12/16/2023,T-Doc Catheters,Uro,202301,1022160,Baylor Scott & White Health,,,,,20069897,90376224,Invoice,13980,924,200,2796000,2795076
12/16/2023,Tubing,Uro,202301,1021736,OB-GYN South PC,,,,,20080948,90376197,Invoice,577,42,25,14425,14383
12/16/2023,Tubing,Uro,202301,1021820,"Physicians East, P.A.",,,,,20083963,90376205,Invoice,880,155.6,40,35200,35044.4
12/17/2023,Electrodes,Uro,202301,1022160,Baylor Scott & White Health,,,,,20069897,90376224,Invoice,740,236,200,148000,147764
12/17/2023,Electrodes,Uro,202301,1022480,Norton Healthcare,,,,,20077900,90376258,Invoice,930,271,100,93000,92729
12/17/2023,Incontinence MPQ,Uro,202301,1022400,Trinity Health,,,,,20166237,90376244,Invoice,1414,84.12,2,2828,2743.88
12/17/2023,Other GI Supply Disposables,GI,202301,1022237,Sharp Healthcare,,,,,20195976,90376232,Invoice,55,13,25,1375,1362
12/17/2023,Spot Ex,GI,202301,1022382,Surgical Specialists of Princeton,,,,,20081109,90376241,Invoice,345,33.6,10,3450,3416.4
12/17/2023,Spot Ex,GI,202301,1022400,Trinity Health,,,,,20084350,90376243,Invoice,690,67.2,20,13800,13732.8
12/17/2023,T-Doc Catheters,Uro,202301,1022314,Southern Urogynecology LLC,,,,,20072681,90376235,Invoice,5290,462,100,529000,528538
12/18/2023,Electrodes,Uro,202301,1022820,University of Toledo Physicians LLC,,,,,20067087,90376293,Invoice,93,27.1,10,930,902.9
12/18/2023,Endoscopy Sheaths,Uro,202301,1022572,Cleveland Clinic Health,,,,,20168435,90376269,Invoice,900,9,20,18000,17991
12/18/2023,InjeTAK,Uro,202301,1022829,UPMC Health System,,,,,20163370,90376300,Invoice,436,174.8,8,3488,3313.2
12/18/2023,InjeTAK,Uro,202301,1022958,"Urology Centers of Alabama, PC",,,,,20070751,90376313,Invoice,3260,874,40,130400,129526
12/18/2023,Optilume Strictures,Uro,202301,1022713,Ascension Health Ministry Service C,,,,,20083366,90376284,Invoice,2095,0,1,2095,2095
12/18/2023,Optilume Strictures,Uro,202301,1022713,Ascension Health Ministry Service C,,,,,20083366,90376284,Invoice,0,35.84,0,0,-35.84
12/18/2023,Optilume Strictures,Uro,202301,1022806,West Virgina University Medicine,,,,,20083308,90376291,Invoice,4190,0,2,8380,8380
12/18/2023,Optilume Strictures,Uro,202301,1022806,West Virgina University Medicine,,,,,20083308,90376291,Invoice,0,71.68,0,0,-71.68
12/18/2023,Other GI Supply Disposables,GI,202301,1022803,University of Mississippi Medical Center,,,,,20076783,90376289,Invoice,97,34.5,50,4850,4815.5
12/18/2023,Other Uro Tx Disposables,Uro,202301,1022567,Jefferson Health,,,,,20197256,90376267,Invoice,1164,1563.04,16,18624,17060.96
12/18/2023,RenovaRP Consumables,GI,202301,1022572,Cleveland Clinic Health,,,,,20196704,90376271,Invoice,180,115,20,3600,3485
12/18/2023,Spot Ex,GI,202301,1022492,HCA Sunrise Hospital,,,,,20074404,90376260,Invoice,345,33.6,10,3450,3416.4
12/18/2023,Spot Ex,GI,202301,1022855,UCLA Health,,,,,20196278,90376310,Invoice,760,67.2,20,15200,15132.8
12/18/2023,Tubing,Uro,202301,1022480,Norton Healthcare,,,,,20077900,90376258,Invoice,2310,389,100,231000,230611
12/19/2023,Clearview,CI,202301,1061863,NHS Supply Chain NHS Suppply Chain Accounts Payable,,,,,20151485,90376402,Invoice,1528.1,372.93,25,38202.5,37829.57
12/19/2023,Electrodes,Uro,202301,1023010,USMD Health System,,,,,20083981,90376319,Invoice,176,54.2,20,3520,3465.8
12/19/2023,Electrodes,Uro,202301,1023417,Memphis Obstetrics & Gyn Association,,,,,20078398,90376335,Invoice,185,59,50,9250,9191
12/19/2023,Endoscopy Sheaths,Uro,202301,1022981,Minnesota Urology,,,,,20068697,90376316,Invoice,540,7.4,20,10800,10792.6
12/19/2023,EverLift,GI,202301,1024692,Tufts Medicine,,,,,20166972,90376339,Invoice,700,89,20,14000,13911
12/19/2023,EverLift,GI,202301,1105714,CENTER FOR ENDOSCOPY - SARASOTA ACCOUNTS PAYABLE,,,,,20193019,90376361,Invoice,640,89,20,12800,12711
12/19/2023,EverLift,GI,202301,1108723,Trinity Medical,,,,,20197514,90376396,Invoice,400,44.5,10,4000,3955.5
12/19/2023,InjeTAK,Uro,202301,1023008,Urology Clinics of North Texas,,,,,20070772,90376318,Invoice,830,437,20,16600,16163
12/19/2023,InjeTAK,Uro,202301,1082608,Bay Area Health District,,,,,20166839,90376351,Invoice,396,71.04,6,2376,2304.96
12/19/2023,Optilume Strictures,Uro,202301,1089482,St Lukes Baptist Hospital,,,,,20196800,90376353,Invoice,4190,0,2,8380,8380
12/19/2023,Optilume Strictures,Uro,202301,1089482,St Lukes Baptist Hospital,,,,,20196800,90376353,Invoice,0,402,0,0,-402
12/19/2023,Optilume Strictures,Uro,202301,1089482,St Lukes Baptist Hospital,,,,,20196800,90376354,Invoice,0,402,0,0,-402
12/19/2023,Optilume Strictures,Uro,202301,1106460,Highland Hospital of Rochester,,,,,20194078,90376370,Invoice,0,35.84,0,0,-35.84
12/19/2023,Spot Ex,GI,202301,1106306,"GLOBAL FAITH DEVELOPMENT LIMITED UNIT 6, 11/F PROSPERITY PLACE",,,,,20193840,90376368,Invoice,1800,504,150,270000,269496
12/19/2023,Spot Ex,GI,202301,1106704,MICHAEL LI MD PLLC ACCOUNTS PAYABLE,,,,,20194468,90376375,Invoice,760,67.2,20,15200,15132.8
12/19/2023,Spot Ex,GI,202301,1108014,WICHITA FALLS ENDOSCOPY CENTER ACCOUNTS PAYABLE,,,,,20196548,90376390,Invoice,0,0,10,0,0
12/19/2023,T-Doc Catheters,Uro,202301,1082787,"Millennium Physician Group, LLC",,,,,20171012,90376352,Invoice,317,28.9,10,3170,3141.1
12/19/2023,UDS Other Service & Repairs,Uro,202301,1059254,Endotherapeutics NZ Ltd T/A Endoventure,,,,,20153402,90376348,Invoice,0,6.23,1,0,-6.23
12/20/2023,Anorectal Manometry Catheters,GI,202301,1061815,HCA International Ltd,,,,,20153538,90375799,Invoice,487.62,373,10,4876.2,4503.2
12/20/2023,babyLance,CI,202301,1061794,Lewisham & Greenwich NHS trust RJ2 Payables 4715,,,,,20170829,90376404,Invoice,342.64,141.95,400,137056,136914.05
12/20/2023,Breath Analyzers,GI,202301,1061846,United Lincolnshire Hospitals NHS Trust,,,,,20151469,90375801,Invoice,79938.2,35079.68,3,239814.6,204734.92
12/20/2023,Electrodes,Uro,202301,1108557,Asklepios Großhandelsgesellschaft mbH AGK 8280,,,,,20153950,90375781,Invoice,16.69,4.32,50,834.5,830.18
12/20/2023,Endoscopy Sheaths,Uro,202301,1061021,CHI Amboise Château-Renault,,,,,20153922,90375825,Invoice,2046.89,645.4,60,122813.4,122168
12/20/2023,Endoscopy Sheaths,Uro,202301,1058761,Service Facturier AP/HP SIRET 26750045201928,,,,,20151187,90375841,Invoice,6365.51,1892.39,200,1273102,1271209.61
12/20/2023,Endoscopy Sheaths,Uro,202301,1059725,Medicor Medical Supplies NV,,,,,20155360,90375878,Invoice,48248.41,22373.8,2080,100356692.8,100334319
12/20/2023,Incontinence UPC Lead Sets,Uro,202301,1059188,Maasstad Ziekenhuis,,,,,20150927,90375890,Invoice,387.11,79.24,2,774.22,694.98
12/20/2023,InjeTAK,Uro,202301,1061792,Uni Hospitals Southampton NHS FT Finance Department,,,,,20155134,90375798,Invoice,344.02,137.74,6,2064.12,1926.38
12/20/2023,Kiwi,CI,202301,1060749,Kliniken Ludwigsburg Bietigheim gGmbH,,,,,20152433,90375784,Invoice,1002.95,124.94,20,20059,19934.06
12/20/2023,Kiwi,CI,202301,1089970,Clinique Breteche Viaud DA BRE,,,,,1061385,90375852,Invoice,1537.43,187.4,30,46122.9,45935.5
12/20/2023,Koala,CI,202301,1061163,CHU Rouen Pharmacie cellule comptable,,,,,20153029,90375842,Invoice,440.97,54.59,10,4409.7,4355.11
12/20/2023,Other GI Disposables,GI,202301,1069315,Kantonsspital Winterthur Rechnungsverarbeitung,,,,,1059997,90375876,Invoice,0,211.75,0,0,-211.75
12/20/2023,Other Uro Dx Disposables,Uro,202301,1079894,GIP Resah IDF SIRET 13000501000025,,,,,1083890,90375872,Invoice,21.09,3.82,1,21.09,17.27
12/20/2023,Other Uro Dx Equipment,Uro,202301,1079894,GIP Resah IDF SIRET 13000501000025,,,,,1083890,90375872,Invoice,477.79,388.69,1,477.79,89.1
12/20/2023,Ph/Impedance Catheters,GI,202301,1059789,CU Saint-Luc,,,,,20150987,90375880,Invoice,816.73,658.24,5,4083.65,3425.41
12/20/2023,Spot Ex,GI,202301,1022858,University of California Davis,,,,,20072632,90375771,Credit Memo,-380,-33.6,-10,3800,3833.6
12/20/2023,Tubing,Uro,202301,1060984,CH Valence,,,,,20154215,90375817,Invoice,165.52,148.88,50,8276,8127.12
12/20/2023,Tubing,Uro,202301,1058761,Service Facturier AP/HP SIRET 26750045201928,,,,,20153038,90375846,Invoice,3081.34,394.88,200,616268,615873.12
12/20/2023,Tubing,Uro,202301,1061226,CHI André Grégoire - Montreuil,,,,,20154155,90375847,Invoice,361.16,69.05,50,18058,17988.95
12/20/2023,Tubing,Uro,202301,1059830,ASBL CHU HELORA,,,,,20151565,90375881,Invoice,941.88,290.22,100,94188,93897.78
12/21/2023,babyLance,CI,202301,1078679,Cardinal Health,,,,,20166710,90375939,Invoice,570,234,600,342000,341766
12/21/2023,BoogieBaby,CI,202301,1078679,Cardinal Health,,,,,20162535,90375929,Invoice,310.5,80,200,62100,62020
12/21/2023,Eclipse,Uro,202301,1020484,Fort Belvoir Community Hospital,,,,,20074416,90375900,Invoice,0,103.92,0,0,-103.92
12/21/2023,Endoscopy Sheaths,Uro,202301,1069312,Andros Clinics t.a.v. financiële administratie,,,,,20155347,90375891,Invoice,1454.73,280.94,30,43641.9,43360.96
12/21/2023,Kiwi,CI,202301,1059497,Oö. Gesundheitsholding GmbH Klinikum Freistadt,,,,,20153276,90375896,Invoice,270.18,31.24,5,1350.9,1319.66
12/21/2023,Kiwi,CI,202301,1022575,ThedaCare Inc,,,,,20077205,90375904,Invoice,270,52.3,10,2700,2647.7
12/21/2023,Kiwi,CI,202301,1078678,Concordance Healthcare Solutions,,,,,20162433,90375906,Invoice,350,52.3,10,3500,3447.7
12/21/2023,Kiwi,CI,202301,1078678,Concordance Healthcare Solutions,,,,,20162431,90375907,Invoice,525,78.45,15,7875,7796.55
12/21/2023,Kiwi,CI,202301,1078679,Cardinal Health,,,,,20162520,90375927,Invoice,700,128.2,20,14000,13871.8
12/21/2023,Kiwi,CI,202301,1078679,Cardinal Health,,,,,20162534,90375928,Invoice,350,52.3,10,3500,3447.7
12/21/2023,Kiwi,CI,202301,1078679,Cardinal Health,,,,,20162533,90375932,Invoice,875,130.75,25,21875,21744.25
12/21/2023,Koala,CI,202301,1078678,Concordance Healthcare Solutions,,,,,20162419,90375905,Invoice,1928.5,317.1,70,134995,134677.9
12/21/2023,Koala,CI,202301,1078679,Cardinal Health,,,,,20162535,90375929,Invoice,29172,4711.2,1040,30338880,30334168.8
12/21/2023,Koala,CI,202301,1078679,Cardinal Health,,,,,20162533,90375932,Invoice,2244,362.4,80,179520,179157.6
12/22/2023,Kiwi,CI,202301,1078745,"Medline Industries, Inc",,,,,20163057,90375941,Invoice,5075,758.35,145,735875,735116.65
12/22/2023,Kiwi,CI,202301,1078784,OM Owens & Minor,,,,,20163147,90375944,Invoice,525,78.45,15,7875,7796.55
12/22/2023,Kiwi,CI,202301,1078784,OM Owens & Minor,,,,,20163147,90375944,Invoice,175,32.05,5,875,842.95
12/22/2023,Koala,CI,202301,1078784,OM Owens & Minor,,,,,20168091,90375952,Invoice,561,90.6,20,11220,11129.4
12/22/2023,Koala,CI,202301,1078784,OM Owens & Minor,,,,,20168091,90375959,Invoice,280.5,45.3,10,2805,2759.7
12/22/2023,Koala,CI,202301,1078784,OM Owens & Minor,,,,,20168091,90375962,Invoice,1402.5,226.5,50,70125,69898.5
12/22/2023,Koala,CI,202301,1078784,OM Owens & Minor,,,,,20168091,90375972,Invoice,561,90.6,20,11220,11129.4
12/22/2023,ROM,CI,202301,1078784,OM Owens & Minor,,,,,20163175,90375951,Invoice,1850,270.5,50,92500,92229.5
12/22/2023,Traxi,CI,202301,1078784,OM Owens & Minor,,,,,20163175,90375951,Invoice,1400,178.2,20,28000,27821.8
12/23/2023,BoogieBaby,CI,202301,1084142,HCA Houston Supply Chain,,,,,20162826,90375978,Invoice,1134,306,600,680400,680094
12/23/2023,Endoscopy Sheaths,Uro,202301,1019856,UNC Appalachian Regional Healthcare,,,,,20081174,90376038,Invoice,868,7.4,20,17360,17352.6
12/23/2023,EverLift,GI,202301,1019625,Ashtabula County Medical Center,,,,,20076113,90376017,Invoice,320,44.5,10,3200,3155.5
12/23/2023,InjeTAK,Uro,202301,1019593,US Oncology Network,,,,,20074736,90376014,Invoice,616,189.44,16,9856,9666.56
12/23/2023,Kiwi,CI,202301,1078787,THE OTTAWA HOSPITAL,,,,,20163235,90375982,Invoice,3301.7,471.47,65,214610.5,214139.03
12/23/2023,Koala,CI,202301,1078784,OM Owens & Minor,,,,,20168091,90375974,Invoice,561,90.6,20,11220,11129.4
12/23/2023,Other Uro Dx Disposables,Uro,202301,1019226,Madison Medical Affiliates,,,,,20171067,90376005,Invoice,116,60.6,20,2320,2259.4
12/23/2023,Tables/Chairs,Uro,202301,1080874,CIUSSSCN – IUSMQ,,,,,20165970,90375993,Invoice,1836.68,1019.24,1,1836.68,817.44
12/23/2023,T-Doc Catheters,Uro,202301,1019681,Axia Women's Health,,,,,20167713,90376025,Invoice,1623,111.6,30,48690,48578.4
12/24/2023,Anorectal Manometry Catheters,GI,202301,1020992,Kettering Health,,,,,20083405,90376124,Invoice,740,448.4,20,14800,14351.6
12/24/2023,Electrodes,Uro,202301,1020034,Ann & Robert H.Lurie Childrens Hospital,,,,,20166408,90376045,Invoice,166,54.2,20,3320,3265.8
12/24/2023,Electrodes,Uro,202301,1020897,Jayaraman Medical Associates,,,,,20077955,90376111,Invoice,93,27.1,10,930,902.9
12/24/2023,Electrodes,Uro,202301,1021066,Women's Cancer Center,,,,,20170562,90376127,Invoice,930,2713,100,93000,90287
12/24/2023,Other GI Supply Disposables,GI,202301,1020008,HCA Chippenham/Johnston Willis Hospitals,,,,,20193140,90376044,Invoice,50,0,2,100,100
12/24/2023,Spot Ex,GI,202301,1020384,Eastern New Mexico Medical (CHS),,,,,20077360,90376073,Invoice,690,67.2,20,13800,13732.8
12/24/2023,Spot Ex,GI,202301,1020419,Intermountain Health,,,,,20193566,90376074,Invoice,380,33.6,10,3800,3766.4
12/24/2023,T-Doc Catheters,Uro,202301,1020631,Greater Baltimore Med Ctr Health,,,,,20074576,90376095,Invoice,4995,231,50,249750,249519
12/24/2023,T-Doc Catheters,Uro,202301,1020897,Jayaraman Medical Associates,,,,,20077955,90376111,Invoice,1340,57.8,20,26800,26742.2
12/24/2023,T-Doc Catheters,Uro,202301,1020970,Kansas City Urology Care PA,,,,,20167324,90376115,Invoice,1208,143.2,20,24160,24016.8
12/24/2023,Tubing,Uro,202301,1020288,UT Health Dell Medical School,,,,,20074955,90376066,Invoice,2885,210,125,360625,360415
12/24/2023,Tubing,Uro,202301,1020970,Kansas City Urology Care PA,,,,,20167324,90376115,Invoice,868,84,50,43400,43316
12/24/2023,Water Catheters,Uro,202301,1020752,Memorial Hermann Health System,,,,,20071413,90376104,Invoice,573,107.7,30,17190,17082.3
12/25/2023,Electrodes,Uro,202301,1021340,Michigan Institute of Urology,,,,,20197501,90376152,Invoice,372,1085.2,40,14880,13794.8
12/25/2023,Electrodes,Uro,202301,1021622,Norcal Urology Group,,,,,20077693,90376188,Invoice,93,27.1,10,930,902.9
12/25/2023,EverLift,GI,202301,1021253,MedStar Health,,,,,20076792,90376143,Invoice,800,89,20,16000,15911
12/25/2023,InjeTAK,Uro,202301,1021398,Montefiore Health System,,,,,20077550,90376167,Invoice,815,218.5,10,8150,7931.5
12/25/2023,Other GI Supply Disposables,GI,202301,1021699,Ohio Health,,,,,20168281,90376194,Invoice,194,69,100,19400,19331
12/25/2023,Other Uro Dx Disposables,Uro,202301,1021190,Mayo Clinic,,,,,20084767,90376140,Invoice,116,60.6,20,2320,2259.4
12/25/2023,Spot Ex,GI,202301,1021245,New York Presbyterian Methodist,,,,,20168465,90376141,Invoice,380,33.6,10,3800,3766.4
12/25/2023,Spot Ex,GI,202301,1021465,MUSC (Medical Univ Hosp Authority),,,,,20074618,90376173,Invoice,380,33.6,10,3800,3766.4
12/25/2023,T-Doc Catheters,Uro,202301,1021077,St. Luke's Chesterfield Hospital,,,,,20163574,90376128,Invoice,999,46.2,10,9990,9943.8
12/25/2023,T-Doc Catheters,Uro,202301,1021080,Lehigh Valley Health Network,,,,,20084147,90376129,Invoice,4020,173.4,60,241200,241026.6
12/25/2023,T-Doc Catheters,Uro,202301,1021573,Nemours Foundation,,,,,20077218,90376178,Invoice,999,71.6,10,9990,9918.4
12/25/2023,Tubing,Uro,202301,1021340,Michigan Institute of Urology,,,,,1021340,90376153,Invoice,1731,126,75,129825,129699
12/26/2023,Electrodes,Uro,202301,1022314,Southern Urogynecology LLC,,,,,20072681,90376235,Invoice,930,2713,100,93000,90287
12/26/2023,Endoscopy Sheaths,Uro,202301,1022439,Urology of St Louis,,,,,20166923,90376250,Invoice,2220,22.2,60,133200,133177.8
12/26/2023,InjeTAK,Uro,202301,1021925,Intermountain Healthcare,,,,,20084950,90376212,Invoice,592,174.8,8,4736,4561.2
12/26/2023,InjeTAK,Uro,202301,1021928,Providence Health & Services,,,,,20074194,90376214,Invoice,240,87.4,4,960,872.6
12/26/2023,Other Uro Dx Disposables,Uro,202301,1022250,Siouxland Urology,,,,,20069961,90376233,Invoice,232,121.2,40,9280,9158.8
12/26/2023,Other Uro Dx Equipment,Uro,202301,1022325,Orange County Urology Associates Inc,,,,,20163958,90376236,Invoice,0,37.78,1,0,-37.78
12/26/2023,Other Uro Tx Disposables,Uro,202301,1021753,Atlantic Health System,,,,,20083786,90376199,Invoice,291,390.76,4,1164,773.24
12/26/2023,RenovaRP Consumables,GI,202301,1022160,Baylor Scott & White Health,,,,,20083982,90376225,Invoice,1225,426.65,35,42875,42448.35
12/26/2023,T-Doc Catheters,Uro,202301,1021732,Ohio State University Physicians,,,,,20166986,90376196,Invoice,999,46.2,10,9990,9943.8
12/26/2023,T-Doc Catheters,Uro,202301,1021736,OB-GYN South PC,,,,,20080948,90376197,Invoice,999,46.2,10,9990,9943.8
12/26/2023,T-Doc Catheters,Uro,202301,1022250,Siouxland Urology,,,,,20069961,90376233,Invoice,999,71.6,10,9990,9918.4
12/26/2023,Tubing,Uro,202301,1022350,Spartanburg Regional Healthcare System,,,,,20075357,90376240,Invoice,676,89,100,67600,67511
12/27/2023,Electrodes,Uro,202301,1022459,Franciscan Alliance Inc,,,,,20073603,90376255,Invoice,93,27.1,10,930,902.9
12/27/2023,Flowstar,Uro,202301,1022855,UCLA Health,,,,,20067866,90376308,Invoice,5495,893.74,1,5495,4601.26
12/27/2023,Incontinence MPQ,Uro,202301,1022713,Ascension Health Ministry Service C,,,,,20074273,90376282,Invoice,39,13.38,1,39,25.62
12/27/2023,Incontinence UPC Lead Sets,Uro,202301,1022562,Tahoe Forest Hospital,,,,,20071003,90376264,Invoice,1868,93.6,2,3736,3642.4
12/27/2023,InjeTAK,Uro,202301,1022444,Mercy Health,,,,,20074262,90376253,Invoice,163,43.7,2,326,282.3
12/27/2023,InjeTAK,Uro,202301,1022710,UC San Diego Healthcare,,,,,20068041,90376279,Invoice,1630,437,20,32600,32163
12/27/2023,Optilume Strictures,Uro,202301,1022806,West Virgina University Medicine,,,,,20083308,90376291,Invoice,0,402,0,0,-402
12/27/2023,Optilume Strictures,Uro,202301,1022826,University of Rochester,,,,,20074522,90376295,Invoice,0,151,0,0,-151
12/27/2023,Other GI Supply Disposables,GI,202301,1022837,University of Chicago Medicine,,,,,20079953,90376305,Invoice,97,34.5,50,4850,4815.5
12/27/2023,Other Uro Dx Disposables,Uro,202301,1022439,Urology of St Louis,,,,,20080767,90376251,Invoice,232,121.2,40,9280,9158.8
12/27/2023,Other Uro Dx Disposables,Uro,202301,1022528,Total Urology Care PLLC,,,,,20079461,90376262,Invoice,232,121.2,40,9280,9158.8
12/27/2023,Other Uro Dx Equipment,Uro,202301,1022828,University of Virginia Health System,,,,,20073483,90376297,Invoice,0,0,1,0,0
12/27/2023,T-Doc Catheters,Uro,202301,1022820,University of Toledo Physicians LLC,,,,,20067087,90376293,Invoice,670,28.9,10,6700,6671.1
12/27/2023,Tubing,Uro,202301,1022829,UPMC Health System,,,,,20170426,90376298,Invoice,577,42,25,14425,14383
12/28/2023,Electrodes,Uro,202301,1022958,"Urology Centers of Alabama, PC",,,,,20070751,90376313,Invoice,930,271,100,93000,92729
12/28/2023,Flowstar,Uro,202301,1022855,UCLA Health,,,,,20067866,90376309,Invoice,5495,893.74,1,5495,4601.26
12/28/2023,H. pylori Tests ,GI,202301,1079795,Palo Pinto General Hospital,,,,,20163864,90376350,Invoice,560,225.52,100,56000,55774.48
12/28/2023,Incontinence UPC Lead Sets,Uro,202301,1023003,The Urology Clinic,,,,,20078633,90376317,Invoice,1868,93.6,2,3736,3642.4
12/28/2023,Incontinence UPC Lead Sets,Uro,202301,1025594,Midlantic Urology,,,,,20167716,90376343,Invoice,934,46.8,1,934,887.2
12/28/2023,InjeTAK,Uro,202301,1023487,Yakima Valley Memorial *11.12.24 CONSOLIDATED 1021478*,1021478,,,,20070058,90376336,Invoice,1630,437,20,32600,32163
12/28/2023,Other GI Supply Disposables,GI,202301,1105482,LONG ISLAND GASTROENTEROLOGY SPEC ACCOUNTS PAYABLE,,,,,20192699,90376360,Invoice,124,60,100,12400,12340
12/28/2023,RenovaRP Consumables,GI,202301,1023153,VA North Texas Health Care,,,,,20071479,90376325,Invoice,315,60.95,5,1575,1514.05
12/28/2023,Spot Ex,GI,202301,1025062,Witham Health Svcs,,,,,20084189,90376340,Invoice,380,33.6,10,3800,3766.4
12/28/2023,Spot Ex,GI,202301,1105783,HCA Medical City Lewisville,,,,,20193119,90376363,Invoice,345,33.6,10,3450,3416.4
12/28/2023,Spot Ex,GI,202301,1106559,JENNINGS AMERICAN LEGION HOSPITAL **CONSOLIDATED use 1021686**,1021686,,,,20194250,90376372,Invoice,760,67.2,20,15200,15132.8
12/28/2023,T-Doc Catheters,Uro,202301,1082787,"Millennium Physician Group, LLC",,,,,20171012,90376352,Invoice,469,46.2,10,4690,4643.8
12/28/2023,Tubing,Uro,202301,1023010,USMD Health System,,,,,20083981,90376319,Invoice,549,42,25,13725,13683
12/29/2023,3rd party,CI,202301,1060870,Klinikum Bayreuth GmbH Zentraleinkauf,,,,,20153696,90375786,Invoice,170.41,66.35,30,5112.3,5045.95
12/29/2023,Electrodes,Uro,202301,1079255,Wiener Gesundheitsverbund,,,,,20155363,90375763,Credit Memo,-28.16,-14.89,-30,844.8,859.69
12/29/2023,InjeTAK,Uro,202301,1107846,Cleveland Clinic Union Hospital *CONSOLIDATED use 1022572*,1022572,,,,1107846,90376387,Invoice,163,43.7,2,326,282.3
12/29/2023,InjeTAK,Uro,202301,1108642,SurgCenter of Deer Valley,,,,,20197400,90376394,Invoice,1320,236.8,20,26400,26163.2
12/29/2023,Kiwi,CI,202301,1069687,GFO Kliniken Bonn St. Marien Hospital - Einkauf,,,,,20153062,90375780,Invoice,558.37,62.46,10,5583.7,5521.24
12/29/2023,RenovaRP Consumables,GI,202301,9980001315,Russell Mlynar,,,,,9980001315,90376398,Invoice,0,0,5,0,0
12/29/2023,Spot Ex,GI,202301,1106685,Tufts Medicine Lowell General Hospital,,,,,20194441,90376373,Invoice,760,67.2,20,15200,15132.8
12/29/2023,Spot Ex,GI,202301,1108030,WEST HILLS MEDICAL CENTER ACCOUNTS PAYABLE,,,,,20196570,90376391,Invoice,345,33.6,10,3450,3416.4
12/29/2023,Tubing,Uro,202301,1060444,Kliniken Maria Hilf GmbH,,,,,20154415,90375775,Invoice,563.73,145.12,50,28186.5,28041.38
12/29/2023,Water Catheters,Uro,202301,1069238,BG Klinikum Hamburg gGmbH Zentraler Einkauf,,,,,1060291,90375773,Invoice,267.03,80.92,25,6675.75,6594.83
12/30/2023,Anorectal Manometry Catheters,GI,202301,1060964,GH la Rochelle-Re-Aunis,,,,,20151078,90375815,Invoice,385.17,381.5,10,3851.7,3470.2
12/30/2023,Eclipse,Uro,202301,1020484,Fort Belvoir Community Hospital,,,,,20074416,90375900,Invoice,0,103.92,0,0,-103.92
12/30/2023,Endoscopy Sheaths,Uro,202301,1058892,Clinique Charcot,,,,,20151259,90375811,Invoice,3987.61,946.19,100,398761,397814.81
12/30/2023,Endoscopy Sheaths,Uro,202301,1058892,Clinique Charcot,,,,,20151259,90375811,Invoice,797.52,215.13,20,15950.4,15735.27
12/30/2023,Endoscopy Sheaths,Uro,202301,1061169,CH Fontainebleau (Sud Seine et Marne),,,,,20154901,90375844,Invoice,755.23,213.19,20,15104.6,14891.41
12/30/2023,Endoscopy Sheaths,Uro,202301,1061172,CH Rambouillet,,,,,20155949,90375845,Invoice,1510.46,430.27,40,60418.4,59988.13
12/30/2023,Endoscopy Sheaths,Uro,202301,1061241,CHI Simone Veil,,,,,20151696,90375848,Invoice,1510.46,426.38,40,60418.4,59992.02
12/30/2023,Endoscopy Sheaths,Uro,202301,1059725,Medicor Medical Supplies NV,,,,,20155360,90375878,Invoice,57758.91,26542.23,2490,143819685.9,143793143.7
12/30/2023,Incontinence UPC Lead Sets,Uro,202301,9980001222,Zoe Sturmey,,,,,9980001222,90375809,Invoice,0,39.75,0.083333333,0,-39.75
12/30/2023,InjeTAK,Uro,202301,1061863,NHS Supply Chain NHS Suppply Chain Accounts Payable,,,,,20151478,90375806,Invoice,278.64,137.74,6,1671.84,1534.1
12/30/2023,InjeTAK,Uro,202301,9980001222,Zoe Sturmey,,,,,9980001222,90375809,Invoice,0,45.91,2,0,-45.91
12/30/2023,Kiwi,CI,202301,1061143,Hôpitaux du Léman,,,,,20154223,90375839,Invoice,1699.27,240.17,30,50978.1,50737.93
12/30/2023,Koala,CI,202301,1087511,Grafimedics BVBA,,,,,1087511,90375884,Invoice,351.1,54.6,10,3511,3456.4
12/30/2023,Other GI Disposables,GI,202301,1061718,Oxford University Hospitals NHS FT,,,,,20153526,90375794,Invoice,68.53,36.14,2,137.06,100.92
12/30/2023,Other GI Disposables,GI,202301,1069315,Kantonsspital Winterthur Rechnungsverarbeitung,,,,,1059997,90375876,Invoice,2780.34,639.56,1,2780.34,2140.78
12/30/2023,Ph/Impedance Catheters,GI,202301,1061001,CHU Toulouse,,,,,20151157,90375820,Invoice,297.78,246.86,10,2977.8,2730.94
12/30/2023,Tubing,Uro,202301,1061010,CHU Montpellier Pharm Euromédicine - Plateforme Log Phar,,,,,20152593,90375823,Invoice,559.57,69.05,50,27978.5,27909.45
12/30/2023,Tubing,Uro,202301,1069995,"UniversitätsSpital Zürich DIR FIN, Finanzbuchhaltung",,,,,20154151,90375877,Invoice,378.86,27.33,20,7577.2,7549.87
12/31/2023,Clearview,CI,202301,1078679,Cardinal Health,,,,,20162510,90375916,Invoice,414.55,80.1,5,2072.75,1992.65
12/31/2023,Eclipse,Uro,202301,1020484,Fort Belvoir Community Hospital,,,,,20074416,90375900,Invoice,0,103.92,0,0,-103.92
12/31/2023,Eclipse,Uro,202301,1020484,Fort Belvoir Community Hospital,,,,,20074416,90375900,Invoice,0,103.3,0,0,-103.3
12/31/2023,Kiwi,CI,202301,1078679,Cardinal Health,,,,,20162516,90375922,Invoice,350,52.3,10,3500,3447.7
12/31/2023,Kiwi,CI,202301,1078784,OM Owens & Minor,,,,,20163142,90375942,Invoice,1000,179.75,25,25000,24820.25
12/31/2023,Kiwi,CI,202301,1078784,OM Owens & Minor,,,,,20163154,90375945,Invoice,400,71.9,10,4000,3928.1
12/31/2023,Koala,CI,202301,1078679,Cardinal Health,,,,,20162510,90375916,Invoice,280.5,45.3,10,2805,2759.7
12/31/2023,ROM,CI,202301,1078784,OM Owens & Minor,,,,,20163154,90375945,Invoice,1850,270.5,50,92500,92229.5
1/1/2024,Kiwi,CI,202301,1078784,OM Owens & Minor,,,,,20196857,90375947,Invoice,350,52.3,10,3500,3447.7
1/1/2024,Kiwi,CI,202301,1078839,Winnipeg Regional Health Authority,,,,,20163306,90375988,Invoice,400.7,52.76,10,4007,3954.24
1/1/2024,Koala,CI,202301,1078784,OM Owens & Minor,,,,,20168091,90375953,Invoice,841.5,135.9,30,25245,25109.1
1/1/2024,Koala,CI,202301,1078784,OM Owens & Minor,,,,,20168091,90375954,Invoice,561,90.6,20,11220,11129.4
1/1/2024,Koala,CI,202301,1078784,OM Owens & Minor,,,,,20168091,90375960,Invoice,561,90.6,20,11220,11129.4
1/1/2024,Optilume Strictures,Uro,202301,1079712,Interior Health Authority,,,,,20167077,90375989,Invoice,89.38,108.47,3,268.14,159.67
1/1/2024,Other Uro Dx Equipment,Uro,202301,1078738,Lake of the Woods District Hospital,,,,,20163841,90375980,Invoice,0,147.92,1,0,-147.92
1/1/2024,Spot Ex,GI,202301,1018967,VA Fayetteville Coastal Health Care,,,,,20074502,90376000,Invoice,760,67.2,20,15200,15132.8
1/2/2024,Electrodes,Uro,202301,1019681,Axia Women's Health,,,,,20167713,90376025,Invoice,279,813.9,30,8370,7556.1
1/2/2024,Electrodes,Uro,202301,1019835,Mass General Brigham,,,,,20074604,90376036,Invoice,930,271,100,93000,92729
1/2/2024,Electrodes,Uro,202301,1020226,California Urology,,,,,20084489,90376064,Invoice,264,813.9,30,7920,7106.1
1/2/2024,Endoscopy Sheaths,Uro,202301,1019593,US Oncology Network,,,,,20074345,90376016,Invoice,7030,74,200,1406000,1405926
1/2/2024,Incontinence MPQ,Uro,202301,1019700,Baptist Medical Center,,,,,20078129,90376029,Invoice,707,42.06,1,707,664.94
1/2/2024,Incontinence MPQ,Uro,202301,1020061,Lecanto Surgery Center,,,,,20078725,90376052,Invoice,1414,84.12,2,2828,2743.88
1/2/2024,Incontinence MPQ,Uro,202301,1020061,Lecanto Surgery Center,,,,,20078725,90376052,Invoice,78,26.76,2,156,129.24
1/2/2024,InjeTAK,Uro,202301,1020159,United Urology Group,,,,,20167502,90376062,Invoice,2060,874,40,82400,81526
1/2/2024,Other GI Supply Disposables,GI,202301,1019264,Baptist Health Care,,,,,20083924,90376006,Invoice,220,63,100,22000,21937
1/2/2024,Other GI Supply Disposables,GI,202301,1019690,Baton Rouge General Medical Center,,,,,20075270,90376028,Invoice,194,69,100,19400,19331
1/2/2024,Other GI Supply Disposables,GI,202301,1020008,HCA Chippenham/Johnston Willis Hospitals,,,,,20193140,90376044,Invoice,25,0,1,25,25
1/2/2024,Spot Ex,GI,202301,1020126,Community Hospitals & Wellness Centers,,,,,20078369,90376056,Invoice,380,33.6,10,3800,3766.4
1/2/2024,Spot Ex,GI,202301,1020130,Cooper University Health Care,,,,,20070117,90376057,Invoice,380,33.6,10,3800,3766.4
1/2/2024,T-Doc Catheters,Uro,202301,1020042,Christus Health,,,,,20071698,90376047,Invoice,3144,148.8,40,125760,125611.2
1/2/2024,T-Doc Catheters,Uro,202301,1020159,United Urology Group,,,,,20167265,90376059,Invoice,1390,144.5,50,69500,69355.5
1/3/2024,Anorectal Manometry Catheters,GI,202301,1020764,Hoag Hospital,,,,,20080328,90376108,Invoice,740,448.4,20,14800,14351.6
1/3/2024,Electrodes,Uro,202301,1020970,Kansas City Urology Care PA,,,,,20167324,90376115,Invoice,279,81.3,30,8370,8288.7
1/3/2024,Incontinence UPC Lead Sets,Uro,202301,1020900,Jackson Hospital & Clinics Inc.,,,,,20077595,90376112,Invoice,5604,280.8,6,33624,33343.2
1/3/2024,InjeTAK,Uro,202301,1020665,County of Los Angeles,,,,,20071222,90376096,Invoice,660,118.4,10,6600,6481.6
1/3/2024,Optilume Strictures,Uro,202301,1020427,Fairview Health System,,,,,20073510,90376076,Invoice,0,402,2,0,-402
1/3/2024,Other Uro Dx Disposables,Uro,202301,1020577,Tidelands Health,,,,,20069930,90376088,Invoice,348,181.8,60,20880,20698.2
1/3/2024,Portascan 3D,Uro,202301,1021763,PartsSource,,,,,20074046,90376077,Invoice,58,46,2,116,70
1/3/2024,Portascan 3D,Uro,202301,1020707,Hartford Health Care Corporation,,,,,20083742,90376097,Invoice,0,1724.84,1,0,-1724.84
1/3/2024,Spot Ex,GI,202301,1020621,CHI - Common Spirit Health,,,,,20083170,90376091,Invoice,690,67.2,20,13800,13732.8
1/3/2024,T-Doc Catheters,Uro,202301,1020971,Kaiser Health Plan Asset Mgmt,,,,,20071851,90376122,Invoice,2040,184.8,40,81600,81415.2
1/3/2024,T-Doc Catheters,Uro,202301,1021066,Women's Cancer Center,,,,,20170562,90376127,Invoice,3996,184.8,40,159840,159655.2
1/3/2024,Tubing,Uro,202301,1020509,Froedtert Health,,,,,20073903,90376085,Invoice,353,30.5,50,17650,17619.5
1/3/2024,Tubing,Uro,202301,1021278,HCA Methodist Specialty &Transplant Hosp,,,,,20075573,90376147,Invoice,1154,84,50,57700,57616
1/3/2024,Urocap IV,Uro,202301,1020881,Mount Sinai: Icahn School of Medicine,,,,,20068175,90376110,Invoice,6995,3417,1,6995,3578
1/4/2024,Anorectal Manometry Catheters,GI,202301,1021278,HCA Methodist Specialty &Transplant Hosp,,,,,20075573,90376148,Invoice,1983,347.25,15,29745,29397.75
1/4/2024,Electrodes,Uro,202301,1021425,Metroplex Women's Care,,,,,20077076,90376168,Invoice,34,7.51,1,34,26.49
1/4/2024,Incontinence MPQ,Uro,202301,1021590,Novant Health Inc.,,,,,20073786,90376179,Invoice,892.4,84.12,2,1784.8,1700.68
1/4/2024,InjeTAK,Uro,202301,1021397,Mount Sinai Hospital,,,,,20081999,90376166,Invoice,1630,437,20,32600,32163
1/4/2024,Optilume Strictures,Uro,202301,1021478,MultiCare Health System,,,,,20084564,90376175,Invoice,2095,0,1,2095,2095
1/4/2024,Optilume Strictures,Uro,202301,1021596,Northside Hospital,,,,,20083564,90376185,Invoice,0,201,0,0,-201
1/4/2024,RenovaRP Consumables,GI,202301,1021395,RWJBarnabas Health Med Grp,,,,,20166915,90376164,Invoice,680,460,80,54400,53940
1/4/2024,RenovaRP Consumables,GI,202301,1021465,MUSC (Medical Univ Hosp Authority),,,,,20194927,90376174,Invoice,220,115,20,4400,4285
1/4/2024,T-Doc Catheters,Uro,202301,1021340,Michigan Institute of Urology,,,,,20197501,90376152,Invoice,2680,115.6,40,107200,107084.4
1/5/2024,Electrodes,Uro,202301,1021893,Providence Olympia Urology **CONSOLIDATED use 1021928*,1021928,,,,20079252,90376210,Invoice,84,27.1,10,840,812.9
1/5/2024,InjeTAK,Uro,202301,1022314,Southern Urogynecology LLC,,,,,20072681,90376235,Invoice,3850,1184,100,385000,383816
1/5/2024,Other GI Supply Disposables,GI,202301,1022188,Sentara Healthcare,,,,,20073916,90376229,Invoice,220,69,100,22000,21931
1/5/2024,Other Uro Dx Disposables,Uro,202301,1022256,Inspira Medical Group (NJ),,,,,20080649,90376234,Invoice,232,121.2,40,9280,9158.8
1/5/2024,RenovaRP Consumables,GI,202301,1022160,Baylor Scott & White Health,,,,,20078437,90376226,Invoice,1500,804.4,20,30000,29195.6
1/5/2024,RenovaRP Consumables,GI,202301,1022188,Sentara Healthcare,,,,,20073916,90376228,Invoice,210,115,20,4200,4085
1/5/2024,Spot Ex,GI,202301,1022338,Southern Illinois Healthcare,,,,,20074456,90376238,Invoice,380,33.6,10,3800,3766.4
1/5/2024,T-Doc Catheters,Uro,202301,1021893,Providence Olympia Urology **CONSOLIDATED use 1021928*,1021928,,,,20079252,90376210,Invoice,368,28.9,10,3680,3651.1
1/5/2024,T-Doc Catheters,Uro,202301,1022029,Riverside Health,,,,,20081844,90376217,Invoice,2010,86.7,30,60300,60213.3
1/5/2024,T-Doc Catheters,Uro,202301,1022160,Baylor Scott & White Health,,,,,20069897,90376224,Invoice,7080,578,200,1416000,1415422
1/5/2024,Tubing,Uro,202301,1021925,Intermountain Healthcare,,,,,20068026,90376213,Invoice,479,42,25,11975,11933
1/5/2024,Tubing,Uro,202301,1022250,Siouxland Urology,,,,,20069961,90376233,Invoice,577,42,25,14425,14383
1/5/2024,Tubing,Uro,202301,1022439,Urology of St Louis,,,,,20080767,90376251,Invoice,1916,168,100,191600,191432
1/6/2024,InjeTAK,Uro,202301,1022700,University of Cincinnati Health,,,,,20081924,90376278,Invoice,978,262.2,12,11736,11473.8
1/6/2024,Optilume Strictures,Uro,202301,1022713,Ascension Health Ministry Service C,,,,,20083366,90376284,Invoice,0,201,0,0,-201
1/6/2024,Optilume Strictures,Uro,202301,1022806,West Virgina University Medicine,,,,,20083308,90376291,Invoice,0,402,0,0,-402
1/6/2024,Optilume Strictures,Uro,202301,1022826,University of Rochester,,,,,20074522,90376295,Invoice,0,35.84,0,0,-35.84
1/6/2024,Other Uro Dx Disposables,Uro,202301,1022572,Cleveland Clinic Health,,,,,20192935,90376268,Invoice,81,60.6,20,1620,1559.4
1/6/2024,Other Uro Dx Disposables,Uro,202301,1022820,University of Toledo Physicians LLC,,,,,20067087,90376293,Invoice,90,34.91,1,90,55.09
1/6/2024,RenovaRP Consumables,GI,202301,1022829,UPMC Health System,,,,,20168431,90376301,Invoice,800,402.2,10,8000,7597.8
1/6/2024,Spot Ex,GI,202301,1022803,University of Mississippi Medical Center,,,,,20196326,90376288,Invoice,760,67.2,20,15200,15132.8
1/6/2024,Spot Ex,GI,202301,1022822,University Hospitals Health System,,,,,20073521,90376294,Invoice,345,33.6,10,3450,3416.4
1/6/2024,Tubing,Uro,202301,1022459,Franciscan Alliance Inc,,,,,20073603,90376255,Invoice,577,42,25,14425,14383
1/6/2024,Tubing,Uro,202301,1022713,Ascension Health Ministry Service C,,,,,20167162,90376280,Invoice,1154,84,50,57700,57616
1/7/2024,Electrodes,Uro,202301,1023204,VA Loma Linda Health Care,,,,,20068249,90376331,Invoice,279,81.3,30,8370,8288.7
1/7/2024,Endoscopy Sheaths,Uro,202301,1023033,Las Vegas Urology,,,,,20074756,90376322,Invoice,3730,37,100,373000,372963
1/7/2024,Incontinence UPC Lead Sets,Uro,202301,1108702,"EPE, LLC",,,,,20197487,90376395,Invoice,630,46.8,1,630,583.2
1/7/2024,Optilume Strictures,Uro,202301,1089482,St Lukes Baptist Hospital,,,,,20196800,90376353,Invoice,0,71.68,0,0,-71.68
1/7/2024,Optilume Strictures,Uro,202301,1089482,St Lukes Baptist Hospital,,,,,20196800,90376354,Invoice,4190,0,2,8380,8380
1/7/2024,Optilume Strictures,Uro,202301,1106460,Highland Hospital of Rochester,,,,,20194078,90376370,Invoice,0,151,0,0,-151
1/7/2024,Other Uro Dx Disposables,Uro,202301,1022955,Urology Institute of Central Florida,,,,,20073244,90376312,Invoice,96,28,20,1920,1892
1/7/2024,Other Uro Dx Disposables,Uro,202301,1022958,"Urology Centers of Alabama, PC",,,,,20070751,90376313,Invoice,580,303,100,58000,57697
1/7/2024,RenovaRP Consumables,GI,202301,1022830,The University of Iowa,,,,,20072587,90376303,Invoice,850,575,100,85000,84425
1/7/2024,Spot Ex,GI,202301,1106946,HCA Montgomery Regional Hospital,,,,,20194867,90376378,Invoice,345,33.6,10,3450,3416.4
1/7/2024,Spot Ex,GI,202301,1107981,"Prime Healthcare Anaheim, LLC",,,,,20196503,90376389,Invoice,345,33.6,10,3450,3416.4
1/7/2024,T-Doc Catheters,Uro,202301,1023010,USMD Health System,,,,,20083981,90376319,Invoice,1164,57.8,20,23280,23222.2
1/7/2024,T-Doc Catheters,Uro,202301,1023020,Aquirre Specialty Care,,,,,20077155,90376320,Invoice,1340,57.8,20,26800,26742.2
1/7/2024,T-Doc Catheters,Uro,202301,1023417,Memphis Obstetrics & Gyn Association,,,,,20078398,90376335,Invoice,1998,92.4,20,39960,39867.6
1/7/2024,T-Doc Catheters,Uro,202301,1023417,Memphis Obstetrics & Gyn Association,,,,,20078398,90376335,Invoice,1340,57.8,20,26800,26742.2
1/8/2024,Clearview,CI,202301,1108532,Spire Claremont Hospital,,,,,20197096,90376405,Invoice,305.93,74.59,5,1529.65,1455.06
1/8/2024,Electrodes,Uro,202301,1089506,Alexianer Krefeld GmbH,,,,,20170381,90375793,Invoice,258.94,11.66,120,31072.8,31061.14
1/8/2024,Endoscopy Sheaths,Uro,202301,1058833,CMC Ambroise Paré DO NOT USE - USE 1109561,,,,,20170351,90375810,Invoice,5582.66,1505.93,140,781572.4,780066.47
1/8/2024,Endoscopy Sheaths,Uro,202301,1058892,Clinique Charcot,,,,,20151659,90375812,Invoice,398.76,107.56,10,3987.6,3880.04
1/8/2024,Endoscopy Sheaths,Uro,202301,1061163,CHU Rouen Pharmacie cellule comptable,,,,,20153029,90375843,Invoice,1337.84,378.48,40,53513.6,53135.12
1/8/2024,Endoscopy Sheaths,Uro,202301,1061272,Polyclinique St Jean,,,,,1061272,90375850,Invoice,712.07,189.24,20,14241.4,14052.16
1/8/2024,Endoscopy Sheaths,Uro,202301,1061480,Clinique du Pré,,,,,20156165,90375858,Invoice,2136.22,645.4,60,128173.2,127527.8
1/8/2024,Endoscopy Sheaths,Uro,202301,1061504,Clinique St Jean l'Ermitage,,,,,20155638,90375861,Invoice,4272.44,1290.79,120,512692.8,511402.01
1/8/2024,Endoscopy Sheaths,Uro,202301,1061549,Polyclinique Ste Marguerite,,,,,20151251,90375864,Invoice,1424.15,430.27,40,56966,56535.73
1/8/2024,Flowmaster,Uro,202301,1079894,GIP Resah IDF SIRET 13000501000025,,,,,1083890,90375872,Invoice,2927.27,583.39,1,2927.27,2343.88
1/8/2024,Incontinence UPC Lead Sets,Uro,202301,9980001171,Stuart Eshelman,,,,,9980001171,90376397,Invoice,0,234,5,0,-234
1/8/2024,InjeTAK,Uro,202301,1061863,NHS Supply Chain NHS Suppply Chain Accounts Payable,,,,,20152822,90375808,Invoice,185.76,91.83,4,743.04,651.21
1/8/2024,Kiwi,CI,202301,1084011,Polyclinique Paofai,,,,,1084011,90375873,Invoice,3463.27,374.81,60,207796.2,207421.39
1/8/2024,Ph/Impedance Catheters,GI,202301,1060957,CHU Caen,,,,,20151934,90375814,Invoice,838,188.48,10,8380,8191.52
1/8/2024,Ph/Impedance Catheters,GI,202301,1060957,CHU Caen,,,,,20151934,90375814,Invoice,373.21,126.34,10,3732.1,3605.76
1/8/2024,Tubing,Uro,202301,1061815,HCA International Ltd,,,,,20151862,90375800,Invoice,103.38,27.71,20,2067.6,2039.89
1/8/2024,Tubing,Uro,202301,1061098,C.H.A.M. Montreuil/Mer,,,,,20152620,90375836,Invoice,117.71,13.81,10,1177.1,1163.29
1/9/2024,Clearview,CI,202301,1078678,Concordance Healthcare Solutions,,,,,20162423,90375908,Invoice,375,80.1,5,1875,1794.9
1/9/2024,Eclipse,Uro,202301,1020484,Fort Belvoir Community Hospital,,,,,20074416,90375900,Invoice,0,0,1,0,0
1/9/2024,Eclipse,Uro,202301,1020484,Fort Belvoir Community Hospital,,,,,20074416,90375900,Invoice,0,51.96,0,0,-51.96
1/9/2024,Eclipse,Uro,202301,1020484,Fort Belvoir Community Hospital,,,,,20074416,90375900,Invoice,0,230.88,0,0,-230.88
1/9/2024,Eclipse,Uro,202301,1020484,Fort Belvoir Community Hospital,,,,,20074416,90375900,Invoice,0,103.3,0,0,-103.3
1/9/2024,Eclipse,Uro,202301,1020484,Fort Belvoir Community Hospital,,,,,20074416,90375900,Invoice,0,81.85,0,0,-81.85
1/9/2024,Endoscopy Sheaths,Uro,202301,1059725,Medicor Medical Supplies NV,,,,,20155360,90375878,Invoice,81651.15,37863.35,3520,287412048,287374184.7
1/9/2024,Kiwi,CI,202301,1078679,Cardinal Health,,,,,20162515,90375913,Invoice,600,107.85,15,9000,8892.15
1/9/2024,Kiwi,CI,202301,1078679,Cardinal Health,,,,,20162511,90375925,Invoice,700,104.6,20,14000,13895.4
1/9/2024,Kiwi,CI,202301,1078679,Cardinal Health,,,,,20162548,90375926,Invoice,2800,418.4,80,224000,223581.6
1/9/2024,Koala,CI,202301,1078679,Cardinal Health,,,,,20162505,90375919,Invoice,1402.5,226.5,50,70125,69898.5
1/9/2024,Koala,CI,202301,1078679,Cardinal Health,,,,,20162526,90375924,Invoice,1402.5,226.5,50,70125,69898.5
1/9/2024,Koala,CI,202301,1078679,Cardinal Health,,,,,20162548,90375926,Invoice,18232.5,2944.5,650,11851125,11848180.5
1/9/2024,Nexam,Uro,202301,1059441,Casa Medica Sarl.,,,,,1059441,90375893,Invoice,0.01,21,1,0.01,-20.99
1/9/2024,Other GI Disposables,GI,202301,1069315,Kantonsspital Winterthur Rechnungsverarbeitung,,,,,1059997,90375876,Invoice,0,155.58,0,0,-155.58
1/9/2024,Other Uro Dx Equipment,Uro,202301,1069376,Urovision F.H. Uro,,,,,20153405,90375886,Invoice,2503.65,946.15,6,15021.9,14075.75
1/9/2024,Other Uro Dx Equipment,Uro,202301,1059441,Casa Medica Sarl.,,,,,1059441,90375893,Invoice,202.66,33.71,1,202.66,168.95
1/9/2024,Ph/Impedance Catheters,GI,202301,1059789,CU Saint-Luc,,,,,20150987,90375879,Invoice,4337.18,565.45,30,130115.4,129549.95
1/9/2024,Tubing,Uro,202301,1079253,Wiener Gesundheitsverbund KFN - BA 25,,,,,20153209,90375894,Invoice,336.98,269.72,100,33698,33428.28
1/10/2024,babyLance,CI,202301,1078679,Cardinal Health,,,,,20162535,90375929,Invoice,190,78,200,38000,37922
1/10/2024,Koala,CI,202301,1078679,Cardinal Health,,,,,20162521,90375933,Invoice,280.5,45.3,10,2805,2759.7
1/10/2024,ROM,CI,202301,1078679,Cardinal Health,,,,,20162535,90375929,Invoice,12025,1956.5,325,3908125,3906168.5
1/10/2024,Traxi,CI,202301,1078679,Cardinal Health,,,,,20162534,90375928,Invoice,1400,178.2,20,28000,27821.8
1/10/2024,Traxi,CI,202301,1078679,Cardinal Health,,,,,20162535,90375929,Invoice,2100,267.3,30,63000,62732.7
1/11/2024,BoogieBaby,CI,202301,1078745,"Medline Industries, Inc",,,,,20163058,90375940,Invoice,780,153,300,234000,233847
1/11/2024,BoogieBaby,CI,202301,1078784,OM Owens & Minor,,,,,20163145,90375948,Invoice,652.05,153,300,195615,195462
1/11/2024,Clearview,CI,202301,1078679,Cardinal Health,,,,,20162521,90375933,Invoice,1243.65,240.3,15,18654.75,18414.45
1/11/2024,Electrodes,Uro,202301,1019681,Axia Women's Health,,,,,20163311,90376024,Invoice,372,108.4,40,14880,14771.6
1/11/2024,Endoscopy Parts & Accessories,Uro,202301,1019576,Adventist Health,,,,,20164052,90376012,Invoice,601.35,117.39,1,601.35,483.96
1/11/2024,Incontinence MPQ,Uro,202301,1018994,Coral Ridge Outpatient Center,,,,,20072290,90376003,Invoice,39,13.38,1,39,25.62
1/11/2024,Incontinence MPQ,Uro,202301,1018994,Coral Ridge Outpatient Center,,,,,20072290,90376003,Invoice,1414,84.12,2,2828,2743.88
1/11/2024,Kiwi,CI,202301,1078679,Cardinal Health,,,,,20162527,90375935,Invoice,350,64.1,10,3500,3435.9
1/11/2024,Kiwi,CI,202301,1078784,OM Owens & Minor,,,,,20163156,90375946,Invoice,400,71.9,10,4000,3928.1
1/11/2024,Kiwi,CI,202301,1078784,OM Owens & Minor,,,,,20163175,90375951,Invoice,525,78.45,15,7875,7796.55
1/11/2024,Kiwi,CI,202301,1078839,Winnipeg Regional Health Authority,,,,,20163305,90375987,Invoice,200.35,26.38,5,1001.75,975.37
1/11/2024,Koala,CI,202301,1078784,OM Owens & Minor,,,,,20168091,90375970,Invoice,280.5,45.3,10,2805,2759.7
1/11/2024,Koala,CI,202301,1078784,OM Owens & Minor,,,,,20168091,90375976,Invoice,2805,453,100,280500,280047
1/11/2024,Probes -Urostym,Uro,202301,1019681,Axia Women's Health,,,,,20084986,90376026,Invoice,400,71.44,8,3200,3128.56
1/11/2024,T-Doc Catheters,Uro,202301,1079725,Horizon Health Network,,,,,20166108,90375991,Invoice,1027.82,144.46,20,20556.4,20411.94
1/11/2024,Traxi,CI,202301,1078830,Trillium Health Partners,,,,,20163293,90375986,Invoice,834.18,89.89,10,8341.8,8251.91
1/11/2024,Tubing,Uro,202301,1019668,Aurora Health *Consolidated* Use BP# 1020857,,,,,20081019,90376021,Invoice,577,42,25,14425,14383
1/12/2024,Electrodes,Uro,202301,1020003,Christiana Care Health Services,,,,,20071081,90376043,Invoice,1116,325.2,120,133920,133594.8
1/12/2024,Electrodes,Uro,202301,1020159,United Urology Group,,,,,20166573,90376060,Invoice,316,108.4,40,12640,12531.6
1/12/2024,EverLift,GI,202301,1019701,Baptist Health South Florida,,,,,20071867,90376030,Invoice,1400,178,40,56000,55822
1/12/2024,EverLift,GI,202301,1019701,Baptist Health South Florida,,,,,20071867,90376030,Invoice,2100,267,60,126000,125733
1/12/2024,Other GI Supply Disposables,GI,202301,1020008,HCA Chippenham/Johnston Willis Hospitals,,,,,20193140,90376044,Invoice,50,0,2,100,100
1/12/2024,Other GI Supply Disposables,GI,202301,1020008,HCA Chippenham/Johnston Willis Hospitals,,,,,20193140,90376044,Invoice,50,0,2,100,100
1/12/2024,Other Uro Dx Equipment,Uro,202301,1020050,Atrium Health,,,,,20069731,90376050,Invoice,0,37.14,1,0,-37.14
1/12/2024,Spot Ex,GI,202301,1019717,Banner Health,,,,,20163913,90376032,Invoice,380,33.6,10,3800,3766.4
1/12/2024,Spot Ex,GI,202301,1019775,Bellin Health,,,,,20084411,90376033,Invoice,380,33.6,10,3800,3766.4
1/12/2024,T-Doc Catheters,Uro,202301,1019840,North Coast Urology Medical AssociatesIn,,,,,20081434,90376037,Invoice,1998,92.4,20,39960,39867.6
1/12/2024,T-Doc Catheters,Uro,202301,1019840,North Coast Urology Medical AssociatesIn,,,,,20081434,90376037,Invoice,1340,57.8,20,26800,26742.2
1/12/2024,T-Doc Catheters,Uro,202301,1020003,Christiana Care Health Services,,,,,20071081,90376043,Invoice,5310,433.5,150,796500,796066.5
1/12/2024,T-Doc Catheters,Uro,202301,1020288,UT Health Dell Medical School,,,,,20074955,90376066,Invoice,3350,144.5,50,167500,167355.5
1/12/2024,Tubing,Uro,202301,1019894,Carle Foundation Hospital,,,,,20083654,90376040,Invoice,577,42,25,14425,14383
1/12/2024,Tubing,Uro,202301,1020344,Emerson Hospital,,,,,20071814,90376069,Invoice,577,42,25,14425,14383
1/13/2024,InjeTAK,Uro,202301,1020743,Henry Ford Health System,,,,,20166984,90376102,Invoice,326,87.4,4,1304,1216.6
1/13/2024,InjeTAK,Uro,202301,1020929,St. Joseph's Medical Center SJMC Fiscal Services,,,,,20068591,90376114,Invoice,118,43.7,2,236,192.3
1/13/2024,Other Uro Dx Disposables,Uro,202301,1020468,AdventHealth,,,,,20167988,90376079,Invoice,348,181.8,60,20880,20698.2
1/13/2024,RenovaRP Consumables,GI,202301,1020971,Kaiser Health Plan Asset Mgmt,,,,,20067167,90376121,Invoice,550,121.9,10,5500,5378.1
1/13/2024,Spot Ex,GI,202301,1020468,AdventHealth,,,,,20074481,90376082,Invoice,2280,201.6,60,136800,136598.4
1/13/2024,Tables/Chairs,Uro,202301,1020971,Kaiser Health Plan Asset Mgmt,,,,,20074882,90376116,Invoice,6735,3784.6,1,6735,2950.4
1/13/2024,T-Doc Catheters,Uro,202301,1020970,Kansas City Urology Care PA,,,,,20167324,90376115,Invoice,2424,173.4,60,145440,145266.6
1/13/2024,Tubing,Uro,202301,1020509,Froedtert Health,,,,,20073903,90376085,Invoice,162,15.75,25,4050,4034.25
1/13/2024,Water Catheters,Uro,202301,1020509,Froedtert Health,,,,,20073903,90376085,Invoice,1215,189.5,50,60750,60560.5
1/14/2024,Anorectal Manometry Catheters,GI,202301,1021278,HCA Methodist Specialty &Transplant Hosp,,,,,20075573,90376147,Invoice,1983,347.25,15,29745,29397.75
1/14/2024,Electrodes,Uro,202301,1021278,HCA Methodist Specialty &Transplant Hosp,,,,,20075573,90376147,Invoice,2784,107.4,60,167040,166932.6
1/14/2024,EverLift,GI,202301,1021395,RWJBarnabas Health Med Grp,,,,,20167745,90376160,Invoice,400,44.5,10,4000,3955.5
1/14/2024,InjeTAK,Uro,202301,1021444,Ballad Health,,,,,20079177,90376170,Invoice,652,174.8,8,5216,5041.2
1/14/2024,Optilume Strictures,Uro,202301,1021478,MultiCare Health System,,,,,20084564,90376175,Invoice,0,224.4,0,0,-224.4
1/14/2024,Other Uro Tx Disposables,Uro,202301,1021271,Minnesota Urology: Metro Uro Spec *Consolidated* Use BP# 1022981,,,,,20084148,90376146,Invoice,298,50.4,12,3576,3525.6
1/14/2024,RenovaRP Consumables,GI,202301,1021137,Frye Regional Medical Ctr,,,,,20193717,90376134,Invoice,1760,920,160,281600,280680
1/14/2024,RenovaRP Consumables,GI,202301,1021137,Frye Regional Medical Ctr,,,,,20193717,90376134,Invoice,1260,243.8,20,25200,24956.2
1/14/2024,RenovaRP Consumables,GI,202301,1021266,Mercy Medical Center,,,,,20078681,90376145,Invoice,1260,243.8,20,25200,24956.2
1/14/2024,Spot Ex,GI,202301,1021190,Mayo Clinic,,,,,20068059,90376139,Invoice,1140,100.8,30,34200,34099.2
1/14/2024,Spot Ex,GI,202301,1021395,RWJBarnabas Health Med Grp,,,,,20192675,90376161,Invoice,360,33.6,10,3600,3566.4
1/14/2024,T-Doc Catheters,Uro,202301,1021175,Alexander Marinbakh MD Advanced Surgical Urology PC,,,,,20075429,90376137,Invoice,2300,144.5,50,115000,114855.5
1/14/2024,T-Doc Catheters,Uro,202301,1021340,Michigan Institute of Urology,,,,,20197501,90376152,Invoice,4995,358,50,249750,249392
1/14/2024,T-Doc Catheters,Uro,202301,1021376,Marietta Memorial Hospital,,,,,20068262,90376154,Invoice,1998,774.8,20,39960,39185.2
1/14/2024,T-Doc Catheters,Uro,202301,1021425,Metroplex Women's Care,,,,,20077076,90376168,Invoice,670,28.9,10,6700,6671.1
1/14/2024,T-Doc Catheters,Uro,202301,1021482,MVM Management LLC,,,,,20082679,90376176,Invoice,5660,462,100,566000,565538
1/15/2024,Anorectal Manometry Catheters,GI,202301,1021753,Atlantic Health System,,,,,20083786,90376199,Invoice,1983,347.25,15,29745,29397.75
1/15/2024,Electrodes,Uro,202301,1021482,MVM Management LLC,,,,,20082679,90376176,Invoice,930,2713,100,93000,90287
1/15/2024,InjeTAK,Uro,202301,1022029,Riverside Health,,,,,20163526,90376218,Invoice,163,43.7,2,326,282.3
1/15/2024,Kiwi,CI,202301,1060540,Niels-Stensen-Kliniken Abteilung Einkauf,,,,,20152067,90375777,Invoice,270.18,31.24,5,1350.9,1319.66
1/15/2024,Kiwi,CI,202301,1077815,Igefa Dresden GmbH & Co. KG,,,,,1077815,90375789,Invoice,270.18,31.24,5,1350.9,1319.66
1/15/2024,Optilume Strictures,Uro,202301,1022419,UCSF Medical Center,,,,,20071221,90376245,Invoice,0,35.84,0,0,-35.84
1/15/2024,Other Uro Dx Disposables,Uro,202301,1021820,"Physicians East, P.A.",,,,,20083963,90376205,Invoice,116,60.6,20,2320,2259.4
1/15/2024,Other Uro Dx Equipment,Uro,202301,1022325,Orange County Urology Associates Inc,,,,,20163958,90376236,Invoice,0,33.54,1,0,-33.54
1/15/2024,Other Uro Dx Equipment,Uro,202301,1022325,Orange County Urology Associates Inc,,,,,20163958,90376236,Invoice,0,37.14,1,0,-37.14
1/15/2024,RenovaRP Consumables,GI,202301,1021699,Ohio Health,,,,,20083575,90376193,Invoice,975,575,100,97500,96925
1/15/2024,T-Doc Catheters,Uro,202301,1022314,Southern Urogynecology LLC,,,,,20072681,90376235,Invoice,3540,289,100,354000,353711
1/15/2024,Tubing,Uro,202301,1060253,Helios Beschaffungsmanagement GmbH,,,,,20153425,90375772,Invoice,551.86,145.11,50,27593,27447.89
1/15/2024,UDS Service Contracts,Uro,202301,1059264,East Suffolk And North Essex NHS FT,,,,,1059264,90375767,Invoice,1515.85,0,1,1515.85,1515.85
1/15/2024,Uro iList NG & HL-7,Uro,202301,1069872,Klinikum Magdeburg gGmbH Finanzbuchhaltung,,,,,1060433,90375774,Invoice,0,1023.81,1,0,-1023.81
1/16/2024,Electrodes,Uro,202301,1089506,Alexianer Krefeld GmbH,,,,,20170381,90375793,Invoice,75.25,12.94,150,11287.5,11274.56
1/16/2024,Endoscopy Sheaths,Uro,202301,1022439,Urology of St Louis,,,,,20084321,90376248,Invoice,3700,37,100,370000,369963
1/16/2024,Endoscopy Sheaths,Uro,202301,1022564,St. Clair Med Services Urology,,,,,20167518,90376265,Invoice,12380,74,200,2476000,2475926
1/16/2024,Optilume Strictures,Uro,202301,1022541,Temple University Health System,,,,,20082050,90376263,Invoice,0,402,0,0,-402
1/16/2024,Optilume Strictures,Uro,202301,1022541,Temple University Health System,,,,,20082050,90376263,Invoice,0,71.68,0,0,-71.68
1/16/2024,RenovaRP Consumables,GI,202301,1022572,Cleveland Clinic Health,,,,,20167144,90376270,Invoice,1050,365.7,30,31500,31134.3
1/16/2024,RenovaRP Consumables,GI,202301,1022572,Cleveland Clinic Health,,,,,20069947,90376272,Invoice,900,575,100,90000,89425
1/17/2024,Anorectal Manometry Catheters,GI,202301,1023020,Aquirre Specialty Care,,,,,20077155,90376320,Invoice,1322,231.5,10,13220,12988.5
1/17/2024,Electrodes,Uro,202301,1022698,Urogynecology Center of Huntsville P.C.,,,,,20069449,90376277,Invoice,186,542.6,20,3720,3177.4
1/17/2024,Endoscopy Sheaths,Uro,202301,1023033,Las Vegas Urology,,,,,20074130,90376321,Invoice,3730,37,100,373000,372963
1/17/2024,Endoscopy Sheaths,Uro,202301,1023267,Aspirus Health,,,,,20083330,90376332,Invoice,3714,22.2,60,222840,222817.8
1/17/2024,Incontinence UPC Lead Sets,Uro,202301,1023932,Urology of South Bay Inc,,,,,20083775,90376338,Invoice,6150,468,10,61500,61032
1/17/2024,Optilume Strictures,Uro,202301,1022826,University of Rochester,,,,,20074522,90376295,Invoice,2395,0,1,2395,2395
1/17/2024,Other Uro Dx Disposables,Uro,202301,1022818,USF Health (UMSA/MSSC),,,,,20071180,90376292,Invoice,232,121.2,40,9280,9158.8
1/17/2024,Other Uro Dx Disposables,Uro,202301,1022966,The Urology Group P.C.,,,,,20073456,90376314,Invoice,348,181.8,60,20880,20698.2
1/17/2024,RenovaRP Consumables,GI,202301,1022755,University of Kentucky Healthcare,,,,,20071793,90376285,Invoice,4550,853.3,70,318500,317646.7
1/17/2024,T-Doc Catheters,Uro,202301,1022829,UPMC Health System,,,,,20170426,90376298,Invoice,588,57.8,20,11760,11702.2
1/17/2024,T-Doc Catheters,Uro,202301,1022958,"Urology Centers of Alabama, PC",,,,,20070751,90376313,Invoice,7860,372,100,786000,785628
1/17/2024,T-Doc Catheters,Uro,202301,1022958,"Urology Centers of Alabama, PC",,,,,20070751,90376313,Invoice,6700,289,100,670000,669711
1/17/2024,Tubing,Uro,202301,1022677,University of Alabama at Birmingham,,,,,20069586,90376276,Invoice,600,131.25,75,45000,44868.75
1/17/2024,Water Catheters,Uro,202301,1022677,University of Alabama at Birmingham,,,,,20069586,90376276,Invoice,675,106.8,30,20250,20143.2
1/18/2024,Clearview,CI,202301,1061815,HCA International Ltd,,,,,20154271,90376403,Invoice,305.93,75.51,5,1529.65,1454.14
1/18/2024,EverLift,GI,202301,1108479,"New York GI Center, LLC Attn Accounts Payable",,,,,20197158,90376392,Invoice,730,89,20,14600,14511
1/18/2024,H. pylori Tests ,GI,202301,1105366,ASSOCIATED EQUIPMENT LTD 11 LOURDES SQUARE,,,,,20192515,90376359,Invoice,382.5,338.28,150,57375,57036.72
1/18/2024,InjeTAK,Uro,202301,1108642,SurgCenter of Deer Valley,,,,,20197400,90376394,Invoice,3260,874,40,130400,129526
1/18/2024,Optilume Strictures,Uro,202301,1106460,Highland Hospital of Rochester,,,,,20194078,90376370,Invoice,2395,0,1,2395,2395
1/18/2024,Optilume Strictures,Uro,202301,1106460,Highland Hospital of Rochester,,,,,20194078,90376370,Invoice,0,201,0,0,-201
1/18/2024,RenovaRP Consumables,GI,202301,9980001315,Russell Mlynar,,,,,9980001315,90376399,Invoice,0,0,5,0,0
1/18/2024,Spot Ex,GI,202301,1107522,Bethesda Endoscopy Center LLC,,,,,20195746,90376384,Invoice,380,33.6,10,3800,3766.4
1/18/2024,Tubing,Uro,202301,1082787,"Millennium Physician Group, LLC",,,,,20171012,90376352,Invoice,396,42,25,9900,9858
2/20/2024,Endoscopy Sheaths,Uro,202301,1060984,CH Valence,,,,,20154215,90376407,Credit Memo,-3058.68,-968.1,-90,275281.2,276249.3
2/20/2024,Kiwi,CI,202301,1061027,CH Jura Sud - Site Lons le Saunier,,,,,20151784,90376413,Credit Memo,-1922.6,-155.69,-30,57678,57833.69
2/20/2024,Tubing,Uro,202301,1060984,CH Valence,,,,,20154215,90376408,Debit Memo,71.96,48.01,25,1799,1750.99
2/20/2024,Tubing,Uro,202301,1060962,CH Angoulême,,,,,20152827,90376410,Debit Memo,64.3,18.12,20,1286,1267.88
2/21/2024,CGT Non-Core,Non-Core,202301,1058759,Al Zahrawi Medical  LLC Qatar,,,,,1058759,90376424,Invoice,408.82,0,1,408.82,408.82
2/21/2024,Endoscopy Sheaths,Uro,202301,1060935,GH Sud Ardennes,,,,,20153006,90376420,Credit Memo,-333.46,-107.57,-10,3334.6,3442.17
2/21/2024,Endoscopy Sheaths,Uro,202301,1060935,GH Sud Ardennes,,,,,20153006,90376421,Debit Memo,333.46,107.57,10,3334.6,3227.03
2/21/2024,Kiwi,CI,202301,1060212,AMEOS Klinikum Aschersleben-Staßfurt GmbH/c/o AMEOS KHG Sachsen-Anhalt mbH,,,,,20170617,90376428,Invoice,540.37,101.2,10,5403.7,5302.5
2/21/2024,Optilume Strictures,Uro,202301,1089201,Hospital LogiServe GmbH,,,,,1060305,90376436,Invoice,3452.48,0,2,6904.96,6904.96
2/21/2024,Other Uro Dx Disposables,Uro,202301,1022999,Urodynamic PRN LLC,,,,,20076058,90376417,Credit Memo,-326,-116.25,-25,8150,8266.25
2/21/2024,Ph/Impedance Catheters,GI,202301,1061020,CHRU Tours,,,,,20153537,90376422,Credit Memo,-269.72,-246.85,-10,2697.2,2944.05
2/21/2024,Ph/Impedance Catheters,GI,202301,1089277,Wertachkliniken Bobingen & Schwabmünchen Zentraleinkauf,,,,,20155568,90376426,Invoice,747.68,106.76,5,3738.4,3631.64
2/21/2024,Tubing,Uro,202301,1060962,CH Angoulême,,,,,20152827,90376419,Debit Memo,457.89,208.02,40,18315.6,18107.58
2/21/2024,Tubing,Uro,202301,1060253,Helios Beschaffungsmanagement GmbH,,,,,20152090,90376431,Invoice,149.97,101.42,50,7498.5,7397.08
2/21/2024,Uro iList NG & HL-7,Uro,202301,1060255,Vivantes - Netzwerk Für Gesundheit GmbH,,,,,1060255,90376433,Invoice,4367.39,25.43,1,4367.39,4341.96
2/21/2024,Uro iList NG & HL-7,Uro,202301,1060255,Vivantes - Netzwerk Für Gesundheit GmbH,,,,,1060255,90376433,Invoice,0,1023.81,1,0,-1023.81
2/21/2024,Water Catheters,Uro,202301,1022999,Urodynamic PRN LLC,,,,,20076058,90376417,Credit Memo,-231,-35.6,-10,2310,2345.6
2/21/2024,Water Catheters,Uro,202301,1022999,Urodynamic PRN LLC,,,,,20076058,90376417,Credit Memo,-666,-61.8,-30,19980,20041.8
2/21/2024,Water Catheters,Uro,202301,1069887,"BG Klinik Bergmannstrost Halle Ressort, Infrastruktur, Abt. Einkau",,,,,1060208,90376427,Invoice,368.98,108.32,20,7379.6,7271.28
2/21/2024,Water Catheters,Uro,202301,1069238,BG Klinikum Hamburg gGmbH Zentraler Einkauf,,,,,1060291,90376434,Invoice,932.17,235.63,60,55930.2,55694.57
2/22/2024,babyLance,CI,202301,1077854,Klinikum Gütersloh gGmbH Apotheke,,,,,20152485,90376439,Invoice,320.97,105.19,250,80242.5,80137.31
2/22/2024,Electrodes,Uro,202301,1060836,Uropraxis Dres. med. Hohmuth und Schmid,,,,,20151951,90376447,Invoice,21.58,3.78,50,1079,1075.22
2/22/2024,Kiwi,CI,202301,1060332,Klinikum Itzehoe Einkauf,,,,,20153440,90376437,Invoice,540.37,80.06,10,5403.7,5323.64
2/22/2024,Kiwi,CI,202301,1069277,Hospital zum Heiligen Geist gGmbH Einkauf,,,,,20155489,90376440,Invoice,1350.91,156.17,25,33772.75,33616.58
2/22/2024,Kiwi,CI,202301,1060854,Klinikum Altmühlfranken Weißenburg Zentrallager,,,,,20154306,90376448,Invoice,837.57,93.7,15,12563.55,12469.85
2/22/2024,Kiwi,CI,202301,1089236,Klinikum der Stadt Wolfsburg Rechnungsempfänger,,,,,1089065,90376451,Invoice,717.91,120.08,15,10768.65,10648.57
2/22/2024,Kiwi,CI,202301,1089236,Klinikum der Stadt Wolfsburg Rechnungsempfänger,,,,,1089065,90376451,Invoice,0,40.03,5,0,-40.03
2/22/2024,Nexam,Uro,202301,1060830,Sana Kliniken Landkreis Biberach GmbH,,,,,1060830,90376445,Invoice,0,21.25,1,0,-21.25
2/22/2024,Nexam,Uro,202301,1060830,Sana Kliniken Landkreis Biberach GmbH,,,,,1060830,90376446,Invoice,0,21.25,1,0,-21.25
2/22/2024,Other GI Equipment,GI,202301,1060872,Klinikum Bamberg ** DO NOT USE - SEE BP 1060252 **,,,,,20152368,90376449,Invoice,0,21.25,1,0,-21.25
2/22/2024,Other Uro Dx Equipment,Uro,202301,1060830,Sana Kliniken Landkreis Biberach GmbH,,,,,1060830,90376445,Invoice,174.78,34.11,1,174.78,140.67
2/22/2024,Other Uro Dx Equipment,Uro,202301,1060830,Sana Kliniken Landkreis Biberach GmbH,,,,,1060830,90376446,Invoice,174.78,34.11,1,174.78,140.67
2/22/2024,Uro iList NG & HL-7,Uro,202301,1060830,Sana Kliniken Landkreis Biberach GmbH,,,,,1060830,90376444,Invoice,1051.93,22.75,1,1051.93,1029.18
2/22/2024,Uro iList NG & HL-7,Uro,202301,1060830,Sana Kliniken Landkreis Biberach GmbH,,,,,1060830,90376444,Invoice,0,1023.81,1,0,-1023.81
2/23/2024,babyLance,CI,202301,1061762,Aneurin Bevan Local Health Board 342049 Accounts Payable,,,,,20197513,90376459,Invoice,171.32,84.43,200,34264,34179.57
2/23/2024,Endoscopy Sheaths,Uro,202301,1059775,Ashford & St Peters Hospital RTK Payables A185,,,,,20154912,90376455,Invoice,1456.18,323.74,30,43685.4,43361.66
2/23/2024,Esophageal Manometry catheters,GI,202301,1061721,"NHS Grampian Finance Dept, Westholme",,,,,20151355,90376457,Invoice,6505.19,5012.96,60,390311.4,385298.44
2/23/2024,Esophageal Manometry catheters,GI,202301,1108477,Norfolk & Norwich Univ. Hospitals NHSFT RM1 PAYABLES G105,,,,,20155677,90376460,Invoice,2371.51,1670.99,20,47430.2,45759.21
2/23/2024,Ph/Impedance Catheters,GI,202301,1089786,Gloucestershire Hospitals NHS FT Creditor Payments,,,,,20151378,90376458,Invoice,1139.31,214.21,10,11393.1,11178.89
2/23/2024,Water Catheters,Uro,202301,1059716,Derbyshire Support & Facilities Serv Ltd Chesterfield Royal Hospital,,,,,20153056,90376454,Invoice,282.75,151.53,20,5655,5503.47
2/24/2024,Anorectal Manometry Catheters,GI,202301,1061891,Royal United Hospital Bath NHS Trust,,,,,20153627,90376470,Invoice,960.6,670.86,10,9606,8935.14
2/24/2024,Breath Test consumables,GI,202301,1061815,HCA International Ltd,,,,,20151862,90376464,Invoice,1652,982.27,250,413000,412017.73
2/24/2024,Endoscopy Sheaths,Uro,202301,1061179,CH Niort,,,,,20155499,90376479,Invoice,3344.59,1075.66,100,334459,333383.34
2/24/2024,Incontinence UPC Lead Sets,Uro,202301,1061775,"Mid and South Essex NHS FT Finance Department, Britannia House",,,,,20156085,90376461,Invoice,2927.82,158.98,4,11711.28,11552.3
2/24/2024,InjeTAK,Uro,202301,1061775,"Mid and South Essex NHS FT Finance Department, Britannia House",,,,,20155094,90376462,Invoice,458.69,183.66,8,3669.52,3485.86
2/24/2024,Kiwi,CI,202301,1061219,CH Rives de Seine,,,,,20154139,90376480,Invoice,1699.27,187.41,30,50978.1,50790.69
2/24/2024,Kiwi,CI,202301,1079772,HP Seine St Denis,,,,,20152526,90376481,Invoice,6784.12,374.81,60,407047.2,406672.39
2/24/2024,Optilume Strictures,Uro,202301,1089377,NHS Fife Hayfield House,,,,,20197319,90376473,Invoice,0,30.49,0,0,-30.49
2/24/2024,Portascan 3D,Uro,202301,1061928,West Suffolk Hospital,,,,,20151503,90376472,Invoice,445.43,489.4,1,445.43,-43.97
2/24/2024,Portascan 3D,Uro,202301,1061130,CH Mâcon,,,,,20151175,90376476,Invoice,0,26.5,1,0,-26.5
2/24/2024,T-Doc Catheters,Uro,202301,1058761,Service Facturier AP/HP SIRET 26750045201928,,,,,20155660,90376477,Invoice,2891.45,345.25,100,289145,288799.75
2/24/2024,Tubing,Uro,202301,1061863,NHS Supply Chain NHS Suppply Chain Accounts Payable,,,,,20163401,90376467,Invoice,40.75,13.85,10,407.5,393.65
2/24/2024,Tubing,Uro,202301,1061863,NHS Supply Chain NHS Suppply Chain Accounts Payable,,,,,20156019,90376469,Invoice,163,55.42,40,6520,6464.58
2/24/2024,UDS Other Service & Repairs,Uro,202301,1061928,West Suffolk Hospital,,,,,20151503,90376472,Invoice,0,193.33,0,0,-193.33
2/24/2024,UDS Other Service & Repairs,Uro,202301,1061928,West Suffolk Hospital,,,,,20151503,90376472,Invoice,244.74,96.68,4,978.96,882.28
2/24/2024,UDS Service Contracts,Uro,202301,1061928,West Suffolk Hospital,,,,,20151503,90376472,Invoice,183.56,0,1,183.56,183.56
2/25/2024,Endoscopy Parts & Accessories,Uro,202301,1061320,Clinique Mut de Bretagne Occidentale Pharmacie,,,,,20155780,90376482,Invoice,228.73,44.82,1,228.73,183.91
2/25/2024,Endoscopy Scopes,Uro,202301,1061320,Clinique Mut de Bretagne Occidentale Pharmacie,,,,,20155780,90376482,Invoice,9382.49,3869.6,1,9382.49,5512.89
2/25/2024,Kiwi,CI,202301,1083897,Polyclinique Santa Maria,,,,,1083897,90376487,Invoice,1488.88,187.4,30,44666.4,44479
2/25/2024,Nexam,Uro,202301,1083968,CH Albi,,,,,20171122,90376488,Invoice,1704.66,663.85,1,1704.66,1040.81
2/25/2024,Other GI Equipment,GI,202301,1083968,CH Albi,,,,,20171122,90376488,Invoice,187.73,50.3,2,375.46,325.16
2/25/2024,Other Uro Dx Equipment,Uro,202301,1083968,CH Albi,,,,,20171122,90376488,Invoice,393.8,388.7,1,393.8,5.1
2/25/2024,Portascan 3D,Uro,202301,1083890,CH St Malo GH RANCE EMERAUDE,,,,,1083890,90376486,Invoice,593.39,302,1,593.39,291.39
2/25/2024,UDS Other Service & Repairs,Uro,202301,1083968,CH Albi,,,,,20171122,90376488,Invoice,105.73,33.36,1,105.73,72.37
2/25/2024,UDS Other Service & Repairs,Uro,202301,1083968,CH Albi,,,,,20171122,90376488,Invoice,105.73,34.43,1,105.73,71.3
2/25/2024,UDS Other Service & Repairs,Uro,202301,1083968,CH Albi,,,,,20171122,90376488,Invoice,105.73,40.12,1,105.73,65.61
2/25/2024,Uromed,Uro,202301,1061707,Alliance Healthcare Répartition,,,,,20170525,90376484,Invoice,1345.39,638.71,100,134539,133900.29
2/25/2024,Uromed,Uro,202301,1061716,OCP Répartition,,,,,20153914,90376485,Invoice,259.15,78.33,10,2591.5,2513.17
2/26/2024,Anorectal Manometry Catheters,GI,202301,1058903,ATM - Alta Tecnologia Medica,,,,,1058903,90376500,Invoice,1521.79,312.66,15,22826.85,22514.19
2/26/2024,Endoscopy Sheaths,Uro,202301,1058903,ATM - Alta Tecnologia Medica,,,,,1058903,90376500,Invoice,350,106.3,10,3500,3393.7
2/26/2024,Endoscopy Sheaths,Uro,202301,1058952,Meden-Inmed Sp. z o.o.,,,,,1058952,90376502,Invoice,12105.45,4087.52,380,4600071,4595983.48
2/26/2024,Kiwi,CI,202301,1069324,Academisch Medisch Centrum Crediteurenadministratie,,,,,20156344,90376513,Invoice,242.26,40.03,5,1211.3,1171.27
2/26/2024,Koala,CI,202301,1059187,Ikazia Ziekenhuis,,,,,20156348,90376515,Invoice,386.25,54.6,10,3862.5,3807.9
2/26/2024,Optilume Strictures,Uro,202301,1059023,Palex Medical SA,,,,,20154212,90376505,Invoice,1510.46,0,1,1510.46,1510.46
2/26/2024,Optilume Strictures,Uro,202301,1059023,Palex Medical SA,,,,,20154212,90376505,Invoice,0,30.39,0,0,-30.39
2/26/2024,Other GI Disposables,GI,202301,1069766,Imelda Vzw Crediteuren,,,,,20153635,90376494,Invoice,35.04,12.34,1,35.04,22.7
2/26/2024,Other GI Disposables,GI,202301,1069328,Vzw Verenigde Ziekenhuizen Waas & D,,,,,20152499,90376496,Invoice,906.28,124.1,18,16313.04,16188.94
2/26/2024,Other GI Disposables,GI,202301,1070190,Groene Hart Ziekenhuis T.a.v. Crediteurenadministratie,,,,,20153576,90376508,Invoice,1069.41,337.92,30,32082.3,31744.38
2/26/2024,Other GI Disposables,GI,202301,1070190,Groene Hart Ziekenhuis T.a.v. Crediteurenadministratie,,,,,20153576,90376508,Invoice,1435.54,186.14,27,38759.58,38573.44
2/26/2024,Other GI Equipment,GI,202301,1083968,CH Albi,,,,,20171122,90376488,Invoice,384.09,126.59,1,384.09,257.5
2/26/2024,Other Uro Dx Disposables,Uro,202301,1083968,CH Albi,,,,,20171122,90376488,Invoice,18.34,7.57,1,18.34,10.77
2/26/2024,Tubing,Uro,202301,1069809,CHUV Service Comptabilité,,,,,20156453,90376489,Invoice,303.29,3.41,20,6065.8,6062.39
2/26/2024,UDS Other Service & Repairs,Uro,202301,1059055,Rombiomedica SRL,,,,,1059055,90376506,Invoice,0,0,3,0,0
2/26/2024,UDS Other Service & Repairs,Uro,202301,1059725,Medicor Medical Supplies NV,,,,,1059725,90376520,Invoice,0,0,0,0,0
2/26/2024,Water Catheters,Uro,202301,1059784,CHU Brugmann UVC Huderf,,,,,20150984,90376492,Invoice,251.34,67.32,20,5026.8,4959.48
2/27/2024,babyLance,CI,202301,1078678,Concordance Healthcare Solutions,,,,,20162421,90376534,Invoice,1380,448.5,1150,1587000,1586551.5
2/27/2024,BoogieBaby,CI,202301,1019707,Baptist Healthcare System Inc,,,,,20166727,90376528,Invoice,270,80,200,54000,53920
2/27/2024,BoogieBaby,CI,202301,1020053,Childrens Hospital LA,,,,,20071849,90376529,Invoice,2980,1020,2000,5960000,5958980
2/27/2024,BoogieBaby,CI,202301,1020181,HCA Valley Regional Medical Center,,,,,20170165,90376530,Invoice,189,51,100,18900,18849
2/27/2024,BoogieBaby,CI,202301,1020374,Emory Healthcare,,,,,20167775,90376531,Invoice,596,204,400,238400,238196
2/27/2024,BoogieBaby,CI,202301,1021994,RUSH Copley Medical Center,,,,,20082086,90376532,Invoice,405,156,300,121500,121344
2/27/2024,Koala,CI,202301,1022444,Mercy Health,,,,,20163086,90376533,Invoice,4242,906,200,848400,847494
2/27/2024,Tubing,Uro,202301,1059363,Landeskrankenanstalten-Betriebsges. KABEG Klinikum-Klagenfurt am Wörth,,,,,20153067,90376522,Invoice,550.85,41.43,30,16525.5,16484.07
2/27/2024,UDS Other Service & Repairs,Uro,202301,1059725,Medicor Medical Supplies NV,,,,,1059725,90376520,Invoice,0,0,0,0,0
2/27/2024,UDS Other Service & Repairs,Uro,202301,9980000931,Harald Gaunerstorfer,,,,,9980000931,90376523,Invoice,0,150.47,3,0,-150.47
2/27/2024,UDS Other Service & Repairs,Uro,202301,1022137,San Fernando Valley Urological Associate *2.10.25 CONSOLIDATED 1019972*,1019972,,,,20081047,90376526,Invoice,2363,0,1,2363,2363
2/28/2024,babyLance,CI,202301,1078679,Cardinal Health,,,,,20162540,90376539,Invoice,285,117,300,85500,85383
2/28/2024,babyLance,CI,202301,1078679,Cardinal Health,,,,,20162540,90376539,Invoice,190,78,200,38000,37922
2/28/2024,BoogieBaby,CI,202301,1078678,Concordance Healthcare Solutions,,,,,20162421,90376534,Invoice,434.7,102,200,86940,86838
2/28/2024,BoogieBaby,CI,202301,1078679,Cardinal Health,,,,,20162541,90376543,Invoice,2600,510,1000,2600000,2599490
2/28/2024,Clearview,CI,202301,1078678,Concordance Healthcare Solutions,,,,,20162421,90376534,Invoice,3375,720.9,45,151875,151154.1
2/28/2024,Clearview,CI,202301,1078678,Concordance Healthcare Solutions,,,,,20162426,90376536,Invoice,750,160.2,10,7500,7339.8
2/28/2024,Kiwi,CI,202301,1078679,Cardinal Health,,,,,20162524,90376537,Invoice,525,78.45,15,7875,7796.55
2/28/2024,Kiwi,CI,202301,1078679,Cardinal Health,,,,,20162546,90376545,Invoice,175,26.15,5,875,848.85
2/28/2024,Kiwi,CI,202301,1078679,Cardinal Health,,,,,20162536,90376546,Invoice,1225,224.35,35,42875,42650.65
2/28/2024,Koala,CI,202301,1078678,Concordance Healthcare Solutions,,,,,20162421,90376534,Invoice,3306,543.6,120,396720,396176.4
2/28/2024,Koala,CI,202301,1078679,Cardinal Health,,,,,20162524,90376537,Invoice,6732,1087.2,240,1615680,1614592.8
2/28/2024,Koala,CI,202301,1078679,Cardinal Health,,,,,20162538,90376540,Invoice,1122,181.2,40,44880,44698.8
2/28/2024,Koala,CI,202301,1078679,Cardinal Health,,,,,20162551,90376541,Invoice,2244,362.4,80,179520,179157.6
2/28/2024,ROM,CI,202301,1078679,Cardinal Health,,,,,20162524,90376537,Invoice,2775,405.75,75,208125,207719.25
2/28/2024,ROM,CI,202301,1078679,Cardinal Health,,,,,20162538,90376540,Invoice,2775,405.75,75,208125,207719.25
2/28/2024,ROM,CI,202301,1078679,Cardinal Health,,,,,20162536,90376546,Invoice,8325,1217.25,225,1873125,1871907.75
2/29/2024,babyLance,CI,202301,1078679,Cardinal Health,,,,,20162507,90376549,Invoice,95,39,100,9500,9461
2/29/2024,BoogieBaby,CI,202301,1078679,Cardinal Health,,,,,20162536,90376546,Invoice,400,104,200,80000,79896
2/29/2024,BoogieBaby,CI,202301,1078679,Cardinal Health,,,,,20162507,90376549,Invoice,220,40,100,22000,21960
2/29/2024,BoogieBaby,CI,202301,1078679,Cardinal Health,,,,,20162504,90376550,Invoice,1890,369,900,1701000,1700631
2/29/2024,Kiwi,CI,202301,1078679,Cardinal Health,,,,,20162519,90376551,Invoice,350,52.3,10,3500,3447.7
2/29/2024,Kiwi,CI,202301,1078679,Cardinal Health,,,,,20162513,90376552,Invoice,1050,156.9,30,31500,31343.1
2/29/2024,Kiwi,CI,202301,1078679,Cardinal Health,,,,,20167862,90376553,Invoice,175,32.05,5,875,842.95
2/29/2024,Kiwi,CI,202301,1078679,Cardinal Health,,,,,20166710,90376556,Invoice,600,107.85,15,9000,8892.15
2/29/2024,Kiwi,CI,202301,1078679,Cardinal Health,,,,,20166710,90376557,Invoice,200,35.95,5,1000,964.05
2/29/2024,Kiwi,CI,202301,1078679,Cardinal Health,,,,,20166710,90376558,Invoice,1600,287.6,40,64000,63712.4
2/29/2024,Koala,CI,202301,1078679,Cardinal Health,,,,,20162543,90376548,Invoice,4488,724.8,160,718080,717355.2
2/29/2024,Koala,CI,202301,1078679,Cardinal Health,,,,,20162519,90376551,Invoice,1122,181.2,40,44880,44698.8
2/29/2024,Koala,CI,202301,1078679,Cardinal Health,,,,,20162513,90376552,Invoice,5610,906,200,1122000,1121094
2/29/2024,Koala,CI,202301,1078679,Cardinal Health,,,,,20167862,90376553,Invoice,6171,996.6,220,1357620,1356623.4
3/1/2024,babyLance,CI,202301,1078745,"Medline Industries, Inc",,,,,20163059,90376564,Invoice,1377.5,565.5,1450,1997375,1996809.5
3/1/2024,BoogieBaby,CI,202301,1078745,"Medline Industries, Inc",,,,,20163023,90376560,Invoice,1552.5,400,1000,1552500,1552100
3/1/2024,BoogieBaby,CI,202301,1078745,"Medline Industries, Inc",,,,,20167995,90376561,Invoice,3990,779,1900,7581000,7580221
3/1/2024,Kiwi,CI,202301,1078745,"Medline Industries, Inc",,,,,20164100,90376563,Invoice,1750,320.5,50,87500,87179.5
3/1/2024,Koala,CI,202301,1078745,"Medline Industries, Inc",,,,,20163059,90376564,Invoice,12622.5,2038.5,450,5680125,5678086.5
3/2/2024,BoogieBaby,CI,202301,1078745,"Medline Industries, Inc",,,,,20163062,90376565,Invoice,2600,510,1000,2600000,2599490
3/2/2024,Kiwi,CI,202301,1078745,"Medline Industries, Inc",,,,,20163062,90376565,Invoice,2800,418.4,80,224000,223581.6
3/2/2024,Kiwi,CI,202301,1078745,"Medline Industries, Inc",,,,,20163062,90376565,Invoice,2100,384.6,60,126000,125615.4
3/2/2024,Kiwi,CI,202301,1078745,"Medline Industries, Inc",,,,,20163025,90376566,Invoice,1800,378,45,81000,80622
3/2/2024,Kiwi,CI,202301,1078745,"Medline Industries, Inc",,,,,20163026,90376567,Invoice,2975,444.55,85,252875,252430.45
3/2/2024,Kiwi,CI,202301,1078745,"Medline Industries, Inc",,,,,20163046,90376572,Invoice,2100,313.8,60,126000,125686.2
3/2/2024,Kiwi,CI,202301,1078745,"Medline Industries, Inc",,,,,20163028,90376575,Invoice,1800,323.55,45,81000,80676.45
3/2/2024,Kiwi,CI,202301,1078745,"Medline Industries, Inc",,,,,20163057,90376576,Invoice,5000,898.75,125,625000,624101.25
3/2/2024,Koala,CI,202301,1078745,"Medline Industries, Inc",,,,,20163019,90376568,Invoice,7854,1268.4,280,2199120,2197851.6
3/2/2024,Koala,CI,202301,1078745,"Medline Industries, Inc",,,,,20163028,90376575,Invoice,3646.5,588.9,130,474045,473456.1
3/2/2024,ROM,CI,202301,1078745,"Medline Industries, Inc",,,,,20163059,90376564,Invoice,925,150.5,25,23125,22974.5
3/2/2024,ROM,CI,202301,1078745,"Medline Industries, Inc",,,,,20163062,90376565,Invoice,1850,270.5,50,92500,92229.5
3/2/2024,ROM,CI,202301,1078745,"Medline Industries, Inc",,,,,20163622,90376570,Invoice,42.5,30.75,5,212.5,181.75
3/2/2024,ROM,CI,202301,1078745,"Medline Industries, Inc",,,,,20164100,90376573,Invoice,1850,270.5,50,92500,92229.5
3/2/2024,Traxi,CI,202301,1078745,"Medline Industries, Inc",,,,,20163059,90376564,Invoice,4900,623.7,70,343000,342376.3
3/2/2024,Traxi,CI,202301,1078745,"Medline Industries, Inc",,,,,20163026,90376567,Invoice,3500,445.5,50,175000,174554.5
3/2/2024,Traxi,CI,202301,1078745,"Medline Industries, Inc",,,,,20163028,90376575,Invoice,2100,267.3,30,63000,62732.7
3/3/2024,BoogieBaby,CI,202301,1078745,"Medline Industries, Inc",,,,,20163057,90376576,Invoice,1200,312,600,720000,719688
3/3/2024,BoogieBaby,CI,202301,1078745,"Medline Industries, Inc",,,,,20163057,90376576,Invoice,260,51,100,26000,25949
3/3/2024,Kiwi,CI,202301,1078745,"Medline Industries, Inc",,,,,20163056,90376578,Invoice,5600,836.8,160,896000,895163.2
3/3/2024,Koala,CI,202301,1078745,"Medline Industries, Inc",,,,,20163056,90376578,Invoice,10659,1721.4,380,4050420,4048698.6
3/3/2024,Koala,CI,202301,1078745,"Medline Industries, Inc",,,,,20162974,90376579,Invoice,5329.5,860.7,190,1012605,1011744.3
3/3/2024,ROM,CI,202301,1078745,"Medline Industries, Inc",,,,,20163056,90376578,Invoice,4625,752.5,125,578125,577372.5
3/3/2024,ROM,CI,202301,1078745,"Medline Industries, Inc",,,,,20163056,90376578,Invoice,2775,405.75,75,208125,207719.25
3/3/2024,Traxi,CI,202301,1078745,"Medline Industries, Inc",,,,,20163057,90376576,Invoice,2800,356.4,40,112000,111643.6
3/3/2024,Traxi,CI,202301,1078745,"Medline Industries, Inc",,,,,20163044,90376577,Invoice,2100,267.3,30,63000,62732.7
3/3/2024,Traxi,CI,202301,1078745,"Medline Industries, Inc",,,,,20163056,90376578,Invoice,1400,178.2,20,28000,27821.8
3/4/2024,babyLance,CI,202301,1078745,"Medline Industries, Inc",,,,,20171089,90376582,Invoice,1472.5,604.5,1550,2282375,2281770.5
3/4/2024,BoogieBaby,CI,202301,1078745,"Medline Industries, Inc",,,,,20163050,90376585,Invoice,800,208,400,320000,319792
3/4/2024,Clearview,CI,202301,1078745,"Medline Industries, Inc",,,,,20168536,90376581,Invoice,414.55,80.1,5,2072.75,1992.65
3/4/2024,Kiwi,CI,202301,1078745,"Medline Industries, Inc",,,,,20163027,90376583,Invoice,1400,256.4,40,56000,55743.6
3/4/2024,Kiwi,CI,202301,1078745,"Medline Industries, Inc",,,,,20163060,90376586,Invoice,1800,323.55,45,81000,80676.45
3/4/2024,Koala,CI,202301,1078745,"Medline Industries, Inc",,,,,20168024,90376584,Invoice,841.5,135.9,30,25245,25109.1
3/4/2024,Koala,CI,202301,1078745,"Medline Industries, Inc",,,,,20163050,90376585,Invoice,280.5,45.3,10,2805,2759.7
3/4/2024,Koala,CI,202301,1078745,"Medline Industries, Inc",,,,,20163060,90376586,Invoice,1402.5,226.5,50,70125,69898.5
3/4/2024,ROM,CI,202301,1078745,"Medline Industries, Inc",,,,,20162974,90376579,Invoice,925,135.25,25,23125,22989.75
3/4/2024,ROM,CI,202301,1078745,"Medline Industries, Inc",,,,,20163027,90376583,Invoice,925,135.25,25,23125,22989.75
3/4/2024,ROM,CI,202301,1078745,"Medline Industries, Inc",,,,,20163060,90376586,Invoice,2775,405.75,75,208125,207719.25
3/4/2024,Traxi,CI,202301,1078745,"Medline Industries, Inc",,,,,20163027,90376583,Invoice,2800,356.4,40,112000,111643.6
3/5/2024,BoogieBaby,CI,202301,1078745,"Medline Industries, Inc",,,,,20163058,90376587,Invoice,869.4,204,400,347760,347556
3/5/2024,BoogieBaby,CI,202301,1078784,OM Owens & Minor,,,,,20163149,90376590,Invoice,1000,260,500,500000,499740
3/5/2024,Kiwi,CI,202301,1078745,"Medline Industries, Inc",,,,,20163058,90376587,Invoice,2200,395.45,55,121000,120604.55
3/5/2024,Kiwi,CI,202301,1078745,"Medline Industries, Inc",,,,,20163058,90376587,Invoice,2275,339.95,65,147875,147535.05
3/5/2024,Kiwi,CI,202301,1078745,"Medline Industries, Inc",,,,,20167995,90376588,Invoice,3600,647.1,90,324000,323352.9
3/5/2024,Kiwi,CI,202301,1078784,OM Owens & Minor,,,,,20163143,90376589,Invoice,350,52.3,10,3500,3447.7
3/5/2024,Kiwi,CI,202301,1078784,OM Owens & Minor,,,,,20163143,90376589,Invoice,175,32.05,5,875,842.95
3/5/2024,Koala,CI,202301,1078745,"Medline Industries, Inc",,,,,20167995,90376588,Invoice,3366,543.6,120,403920,403376.4
3/5/2024,ROM,CI,202301,1078745,"Medline Industries, Inc",,,,,20163058,90376587,Invoice,1850,301,50,92500,92199
3/5/2024,ROM,CI,202301,1078784,OM Owens & Minor,,,,,20163143,90376589,Invoice,4625,752.5,125,578125,577372.5
3/6/2024,babyLance,CI,202301,1078784,OM Owens & Minor,,,,,20163164,90376592,Invoice,420,136.5,350,147000,146863.5
3/6/2024,babyLance,CI,202301,1078784,OM Owens & Minor,,,,,20163188,90376599,Invoice,47.5,19.5,50,2375,2355.5
3/6/2024,babyLance,CI,202301,1078784,OM Owens & Minor,,,,,20163163,90376601,Invoice,570,234,600,342000,341766
3/6/2024,BoogieBaby,CI,202301,1078784,OM Owens & Minor,,,,,20163151,90376591,Invoice,1200,246,600,720000,719754
3/6/2024,BoogieBaby,CI,202301,1078784,OM Owens & Minor,,,,,20163188,90376599,Invoice,1040,204,400,416000,415796
3/6/2024,Kiwi,CI,202301,1078784,OM Owens & Minor,,,,,20163151,90376591,Invoice,525,78.45,15,7875,7796.55
3/6/2024,Kiwi,CI,202301,1078784,OM Owens & Minor,,,,,20163151,90376591,Invoice,200,35.95,5,1000,964.05
3/6/2024,Kiwi,CI,202301,1078784,OM Owens & Minor,,,,,20163164,90376592,Invoice,350,52.3,10,3500,3447.7
3/6/2024,Kiwi,CI,202301,1078784,OM Owens & Minor,,,,,20163164,90376592,Invoice,400,71.9,10,4000,3928.1
3/6/2024,Kiwi,CI,202301,1078784,OM Owens & Minor,,,,,20163176,90376593,Invoice,1400,209.2,40,56000,55790.8
3/6/2024,Kiwi,CI,202301,1078784,OM Owens & Minor,,,,,20163189,90376596,Invoice,175,26.15,5,875,848.85
3/6/2024,Kiwi,CI,202301,1078784,OM Owens & Minor,,,,,20163185,90376597,Invoice,350,64.1,10,3500,3435.9
3/6/2024,Kiwi,CI,202301,1078784,OM Owens & Minor,,,,,20163183,90376598,Invoice,2275,339.95,65,147875,147535.05
3/6/2024,Kiwi,CI,202301,1078784,OM Owens & Minor,,,,,20163183,90376598,Invoice,600,107.85,15,9000,8892.15
3/6/2024,Koala,CI,202301,1078784,OM Owens & Minor,,,,,20163188,90376594,Invoice,2805,453,100,280500,280047
3/6/2024,Traxi,CI,202301,1078784,OM Owens & Minor,,,,,20163176,90376593,Invoice,2800,356.4,40,112000,111643.6
3/6/2024,Traxi,CI,202301,1078784,OM Owens & Minor,,,,,20163185,90376597,Invoice,6300,801.9,90,567000,566198.1
3/6/2024,Traxi,CI,202301,1078784,OM Owens & Minor,,,,,20163185,90376597,Invoice,455,29.6,10,4550,4520.4
3/7/2024,babyLance,CI,202301,1078784,OM Owens & Minor,,,,,20163152,90376602,Invoice,285,117,300,85500,85383
3/7/2024,BoogieBaby,CI,202301,1078784,OM Owens & Minor,,,,,20163163,90376601,Invoice,780,153,300,234000,233847
3/7/2024,BoogieBaby,CI,202301,1078784,OM Owens & Minor,,,,,20163152,90376602,Invoice,217.35,51,100,21735,21684
3/7/2024,BoogieBaby,CI,202301,1078784,OM Owens & Minor,,,,,20163152,90376602,Invoice,260,51,100,26000,25949
3/7/2024,BoogieBaby,CI,202301,1081553,Premier Medical Distribution,,,,,20166518,90376610,Invoice,400,82,200,80000,79918
3/7/2024,InjeTAK,Uro,202301,1078661,Alberta Health Service,,,,,20162376,90376614,Invoice,226.42,47.78,4,905.68,857.9
3/7/2024,Koala,CI,202301,1078784,OM Owens & Minor,,,,,20168091,90376604,Invoice,561,90.6,20,11220,11129.4
3/7/2024,ROM,CI,202301,1078794,Pioneer Medical Supplies L.L.C.,,,,,20163243,90376609,Invoice,5865,2585,500,2932500,2929915
3/7/2024,ROM,CI,202301,9980001137,Shane Harlow,,,,,9980001137,90376612,Invoice,0,270.5,50,0,-270.5
3/7/2024,ROM,CI,202301,9980001137,Shane Harlow,,,,,9980001137,90376612,Invoice,0,61.5,10,0,-61.5
3/7/2024,Tubing,Uro,202301,1078694,Eastern Health,,,,,20168839,90376615,Invoice,819.28,84.74,50,40964,40879.26
3/8/2024,Incontinence MPQ,Uro,202301,1019313,Parkridge Surgery Center,,,,,20073834,90376637,Invoice,1767,126.18,3,5301,5174.82
3/8/2024,Incontinence MPQ,Uro,202301,1019313,Parkridge Surgery Center,,,,,20073834,90376638,Invoice,34,13.38,1,34,20.62
3/8/2024,Incontinence MPQ,Uro,202301,1019313,Parkridge Surgery Center,,,,,20073834,90376638,Invoice,1122,84.12,2,2244,2159.88
3/8/2024,Incontinence MPQ,Uro,202301,1019313,Parkridge Surgery Center,,,,,1019313,90376639,Invoice,34,13.38,1,34,20.62
3/8/2024,Incontinence MPQ,Uro,202301,1019313,Parkridge Surgery Center,,,,,1019313,90376639,Invoice,1122,84.12,2,2244,2159.88
3/8/2024,Koala,CI,202301,1078834,Saskatchewan Health Authority,,,,,20170649,90376620,Invoice,1501.52,182.8,40,60060.8,59878
3/8/2024,Koala,CI,202301,1081297,The St Thomas Elgin Gen Hosp,,,,,20166350,90376629,Invoice,750.76,91.4,20,15015.2,14923.8
3/8/2024,Optilume Strictures,Uro,202301,1080980,Vancouver Coastal Health,,,,,20166163,90376628,Invoice,1452.36,202.77,1,1452.36,1249.59
3/8/2024,T-Doc Catheters,Uro,202301,1079678,Northern Health Authority,,,,,20163642,90376621,Invoice,513.91,72.23,10,5139.1,5066.87
3/8/2024,T-Doc Catheters,Uro,202301,1079725,Horizon Health Network,,,,,20166108,90376622,Invoice,1549.18,116.62,40,61967.2,61850.58
3/8/2024,T-Doc Catheters,Uro,202301,1018968,Roper St Francis Healthcare,,,,,20083994,90376630,Invoice,1340,57.8,20,26800,26742.2
3/8/2024,Tubing,Uro,202301,1080924,North Bay Regional Health Centre,,,,,20163605,90376627,Invoice,819.28,84.74,50,40964,40879.26
3/8/2024,UDS Other Service & Repairs,Uro,202301,1019138,Wilmington Health PLLC,,,,,20166434,90376634,Invoice,147.62,0,0,0,0
3/8/2024,UDS Other Service & Repairs,Uro,202301,1019138,Wilmington Health PLLC,,,,,20166434,90376634,Invoice,0.05,0,0,0,0
3/8/2024,UDS Other Service & Repairs,Uro,202301,1019138,Wilmington Health PLLC,,,,,20166434,90376634,Invoice,402.58,0,0,0,0
3/9/2024,Endoscopy Sheaths,Uro,202301,1019473,Advanced Management Solutions,,,,,20168480,90376641,Invoice,3640,45,100,364000,363955
3/9/2024,InjeTAK,Uro,202301,1019473,Advanced Management Solutions,,,,,20168480,90376641,Invoice,920,437,20,18400,17963
3/9/2024,InjeTAK,Uro,202301,1019476,Advanced Urology Institute LLC,,,,,20084487,90376642,Invoice,206,87.4,4,824,736.6
3/9/2024,Portascan 3D,Uro,202301,1019476,Advanced Urology Institute LLC,,,,,20197479,90376643,Invoice,7055,0,1,7055,7055
3/9/2024,Portascan 3D,Uro,202301,1019476,Advanced Urology Institute LLC,,,,,20197479,90376643,Invoice,0,23,0,0,-23
3/9/2024,Portascan 3D,Uro,202301,1019476,Advanced Urology Institute LLC,,,,,20197479,90376643,Invoice,0,1724.84,0,0,-1724.84
3/9/2024,Portascan 3D,Uro,202301,1019476,Advanced Urology Institute LLC,,,,,20197479,90376643,Invoice,0,0.01,0,0,-0.01
3/9/2024,Portascan 3D,Uro,202301,1019476,Advanced Urology Institute LLC,,,,,20197479,90376643,Invoice,0,1473.65,0,0,-1473.65
3/9/2024,Portascan 3D,Uro,202301,1019476,Advanced Urology Institute LLC,,,,,20197479,90376643,Invoice,518,459.96,1,518,58.04
3/9/2024,Portascan 3D,Uro,202301,1019476,Advanced Urology Institute LLC,,,,,20197479,90376643,Invoice,0,37.34,1,0,-37.34
3/9/2024,T-Doc Catheters,Uro,202301,1019408,BHS Physician Network - Valley,,,,,20171025,90376640,Invoice,670,28.9,10,6700,6671.1
3/10/2024,Endoscopy Sheaths,Uro,202301,1019677,Avera Health,,,,,20084474,90376655,Invoice,1238,9,20,24760,24751
3/10/2024,Endoscopy Sheaths,Uro,202301,1019677,Avera Health,,,,,20084528,90376656,Invoice,1238,9,20,24760,24751
3/10/2024,EverLift,GI,202301,1019541,Allina Health System,,,,,20084640,90376644,Invoice,1600,178,40,64000,63822
3/10/2024,InjeTAK,Uro,202301,1019541,Allina Health System,,,,,20164149,90376646,Invoice,489,131.1,6,2934,2802.9
3/10/2024,Other GI Disposables,GI,202301,1019652,BJC Healthcare,,,,,20085003,90376652,Invoice,37.45,24.15,1,37.45,13.3
3/10/2024,Other GI Disposables,GI,202301,1019652,BJC Healthcare,,,,,20085003,90376652,Invoice,37.45,24.15,1,37.45,13.3
3/10/2024,RenovaRP Consumables,GI,202301,1019652,BJC Healthcare,,,,,20085003,90376650,Invoice,510,345,60,30600,30255
3/10/2024,RenovaRP Consumables,GI,202301,1019652,BJC Healthcare,,,,,20085003,90376653,Invoice,380,201.1,5,1900,1698.9
3/10/2024,Spot Ex,GI,202301,1019652,BJC Healthcare,,,,,20194750,90376651,Invoice,345,33.6,10,3450,3416.4
3/10/2024,T-Doc Catheters,Uro,202301,1019681,Axia Women's Health,,,,,20084986,90376657,Invoice,460,28.9,10,4600,4571.1
3/10/2024,UDS Service Contracts,Uro,202301,1019476,Advanced Urology Institute LLC,,,,,20197479,90376643,Invoice,1000,0,1,1000,1000
3/11/2024,Electrodes,Uro,202301,1019986,Boston Children's Hospital,,,,,20070437,90376682,Invoice,93,27.1,10,930,902.9
3/11/2024,Endoscopy Sheaths,Uro,202301,1019701,Baptist Health South Florida,,,,,20083653,90376661,Invoice,1302,13.8,30,39060,39046.2
3/11/2024,EverLift,GI,202301,1019701,Baptist Health South Florida,,,,,20083653,90376662,Invoice,700,90.9,10,7000,6909.1
3/11/2024,Incontinence UPC Lead Sets,Uro,202301,1019742,William Beaumont Health *Consolidated* Use BP# 1022361,,,,,20074869,90376666,Invoice,934,46.8,1,934,887.2
3/11/2024,Incontinence UPC Lead Sets,Uro,202301,1019822,Bozeman Deaconess Hospital,,,,,20074226,90376673,Invoice,934,46.8,1,934,887.2
3/11/2024,InjeTAK,Uro,202301,1019806,Baptist Medcare Inc dba Practice Plus,,,,,20074550,90376669,Invoice,740,218.5,10,7400,7181.5
3/11/2024,InjeTAK,Uro,202301,1019835,Mass General Brigham,,,,,20084446,90376675,Invoice,264,47.36,4,1056,1008.64
3/11/2024,InjeTAK,Uro,202301,1019842,Brooke Army Medical Center,,,,,20071609,90376676,Invoice,489,131.1,6,2934,2802.9
3/11/2024,Other GI Supply Disposables,GI,202301,1019819,Philip R. Bowden MD PA,,,,,20072051,90376672,Invoice,70.5,0,3,211.5,211.5
3/11/2024,Other GI Supply Disposables,GI,202301,1019851,Bend Surgery Center,,,,,20084973,90376678,Invoice,23.5,0,1,23.5,23.5
3/11/2024,Other GI Supply Disposables,GI,202301,1019851,Bend Surgery Center,,,,,20084973,90376678,Invoice,70.5,0,3,211.5,211.5
3/11/2024,Other GI Supply Disposables,GI,202301,1020008,HCA Chippenham/Johnston Willis Hospitals,,,,,20079608,90376684,Invoice,50,0,2,100,100
3/11/2024,Other GI Supply Disposables,GI,202301,1020008,HCA Chippenham/Johnston Willis Hospitals,,,,,20079608,90376684,Invoice,50,0,2,100,100
3/11/2024,Other GI Supply Disposables,GI,202301,1020008,HCA Chippenham/Johnston Willis Hospitals,,,,,20079608,90376684,Invoice,25,0,1,25,25
3/11/2024,Other GI Supply Disposables,GI,202301,1020008,HCA Chippenham/Johnston Willis Hospitals,,,,,20079608,90376684,Invoice,50,0,2,100,100
3/11/2024,Probes -Urostym,Uro,202301,1019733,Eric Bentolila MD,,,,,20080289,90376665,Invoice,500,89.3,10,5000,4910.7
3/11/2024,RenovaRP Consumables,GI,202301,1019707,Baptist Healthcare System Inc,,,,,20168239,90376663,Invoice,585,345,60,35100,34755
3/11/2024,RenovaRP Consumables,GI,202301,1019707,Baptist Healthcare System Inc,,,,,20168239,90376663,Invoice,500,121.9,10,5000,4878.1
3/11/2024,RenovaRP Consumables,GI,202301,1019797,HCA Blake Medical Center,,,,,20079582,90376668,Invoice,2375,1005.5,25,59375,58369.5
3/11/2024,T-Doc Catheters,Uro,202301,1019691,Baylor College of Medicine,,,,,20070441,90376660,Invoice,5994,429.6,60,359640,359210.4
3/11/2024,T-Doc Catheters,Uro,202301,1019894,Carle Foundation Hospital,,,,,20083654,90376680,Invoice,1340,57.8,20,26800,26742.2
3/11/2024,Tubing,Uro,202301,1019691,Baylor College of Medicine,,,,,20070441,90376660,Invoice,2308,168,100,230800,230632
3/12/2024,Electrodes,Uro,202301,1020056,Childrens Hospital of Orange County,,,,,20074419,90376693,Invoice,279,81.3,30,8370,8288.7
3/12/2024,Optilume Strictures,Uro,202301,1020112,Cone Health,,,,,20073346,90376700,Invoice,2095,0,1,2095,2095
3/12/2024,Other GI Supply Disposables,GI,202301,1020008,HCA Chippenham/Johnston Willis Hospitals,,,,,20079608,90376684,Invoice,25,0,1,25,25
3/12/2024,Other GI Supply Disposables,GI,202301,1020008,HCA Chippenham/Johnston Willis Hospitals,,,,,20079608,90376684,Invoice,50,0,2,100,100
3/12/2024,RenovaRP Consumables,GI,202301,1020042,Christus Health,,,,,20072876,90376686,Invoice,1050,690,120,126000,125310
3/12/2024,Spot Ex,GI,202301,1020098,Copley Hospital Inc,,,,,20084957,90376698,Invoice,380,33.6,10,3800,3766.4
3/12/2024,T-Doc Catheters,Uro,202301,1020050,Atrium Health,,,,,20069771,90376690,Invoice,1112,143.2,20,22240,22096.8
3/12/2024,T-Doc Catheters,Uro,202301,1020050,Atrium Health,,,,,20069771,90376692,Invoice,744,57.8,20,14880,14822.2
3/12/2024,T-Doc Catheters,Uro,202301,1020056,Childrens Hospital of Orange County,,,,,20074419,90376693,Invoice,670,28.9,10,6700,6671.1
3/12/2024,T-Doc Catheters,Uro,202301,1020056,Childrens Hospital of Orange County,,,,,20074419,90376693,Invoice,999,71.6,10,9990,9918.4
3/12/2024,T-Doc Catheters,Uro,202301,1020069,Indiana University Health,,,,,20068291,90376696,Invoice,460,28.9,10,4600,4571.1
3/12/2024,T-Doc Catheters,Uro,202301,1020106,Columbia Memorial Hospital *Consolidated* Use BP# 1019535,,,,,20079328,90376699,Invoice,404,28.9,10,4040,4011.1
3/12/2024,Tubing,Uro,202301,1020034,Ann & Robert H.Lurie Childrens Hospital,,,,,20068135,90376685,Invoice,904,175,100,90400,90225
3/12/2024,Tubing,Uro,202301,1020034,Ann & Robert H.Lurie Childrens Hospital,,,,,20068135,90376685,Invoice,2012,168,100,201200,201032
3/13/2024,Electrodes,Uro,202301,1020139,Corpus Christi Urology Group,,,,,20075601,90376702,Invoice,930,271,100,93000,92729
3/13/2024,Incontinence UPC Lead Sets,Uro,202301,1020112,Cone Health,,,,,20170609,90376701,Invoice,8406,421.2,9,75654,75232.8
3/13/2024,InjeTAK,Uro,202301,1020146,Cedars-Sinai Medical Care Foundation,,,,,20168020,90376703,Invoice,1630,437,20,32600,32163
3/13/2024,InjeTAK,Uro,202301,1020159,United Urology Group,,,,,20084784,90376708,Invoice,824,349.6,16,13184,12834.4
3/13/2024,Optilume Strictures,Uro,202301,1020112,Cone Health,,,,,20073346,90376700,Invoice,0,201,0,0,-201
3/13/2024,Other Uro Dx Disposables,Uro,202301,1020139,Corpus Christi Urology Group,,,,,20075601,90376702,Invoice,580,303,100,58000,57697
3/13/2024,T-Doc Catheters,Uro,202301,1020139,Corpus Christi Urology Group,,,,,20075601,90376702,Invoice,4995,358,50,249750,249392
3/13/2024,T-Doc Catheters,Uro,202301,1020139,Corpus Christi Urology Group,,,,,20075601,90376702,Invoice,3350,144.5,50,167500,167355.5
3/13/2024,T-Doc Catheters,Uro,202301,1020151,Cambridge Health Alliance,,,,,20083943,90376704,Invoice,3350,144.5,50,167500,167355.5
3/13/2024,T-Doc Catheters,Uro,202301,1020159,United Urology Group,,,,,20166573,90376706,Invoice,1390,144.5,50,69500,69355.5
3/13/2024,T-Doc Catheters,Uro,202301,1020159,United Urology Group,,,,,20084449,90376707,Invoice,556,57.8,20,11120,11062.2
3/13/2024,Tubing,Uro,202301,1020139,Corpus Christi Urology Group,,,,,20075601,90376702,Invoice,1731,126,75,129825,129699
3/14/2024,Anorectal Manometry Catheters,GI,202301,1020163,Cape Regional Physicians Associates,,,,,20070637,90376709,Invoice,1322,231.5,10,13220,12988.5
3/14/2024,EverLift,GI,202301,1020314,DuPage Medical Group,,,,,20074999,90376712,Invoice,1580,178,40,63200,63022
3/14/2024,EverLift,GI,202301,1020358,NYC Health + Hospitals,,,,,20196568,90376714,Invoice,730,89,20,14600,14511
3/14/2024,Incontinence UPC Lead Sets,Uro,202301,1020373,Emory Healthcare,,,,,20084409,90376716,Invoice,934,46.8,1,934,887.2
3/14/2024,InjeTAK,Uro,202301,1020385,Enloe Medical Center,,,,,20083897,90376718,Invoice,326,87.4,4,1304,1216.6
3/14/2024,Optilume Strictures,Uro,202301,1020419,Intermountain Health,,,,,20166303,90376723,Invoice,0,402,0,0,-402
3/14/2024,Optilume Strictures,Uro,202301,1020419,Intermountain Health,,,,,20166303,90376723,Invoice,0,302,0,0,-302
3/14/2024,Other GI Supply Disposables,GI,202301,1020412,Evans Army Community Hosp.,,,,,20074620,90376722,Invoice,75,0,3,225,225
3/14/2024,T-Doc Catheters,Uro,202301,1020163,Cape Regional Physicians Associates,,,,,20070637,90376709,Invoice,2680,115.6,40,107200,107084.4
3/14/2024,T-Doc Catheters,Uro,202301,1020163,Cape Regional Physicians Associates,,,,,20070637,90376709,Invoice,3996,184.8,40,159840,159655.2
3/14/2024,Tubing,Uro,202301,1020241,Urology Testing Company,,,,,20079087,90376711,Invoice,577,42,25,14425,14383
3/14/2024,Water Catheters,Uro,202301,1020241,Urology Testing Company,,,,,20079087,90376711,Invoice,2430,356,100,243000,242644
3/15/2024,Endoscopy Sheaths,Uro,202301,1020573,Geisinger System Services,,,,,20082429,90376735,Invoice,4952,36,80,396160,396124
3/15/2024,EverLift,GI,202301,1020621,CHI - Common Spirit Health,,,,,20195794,90376739,Invoice,400,44.5,10,4000,3955.5
3/15/2024,InjeTAK,Uro,202301,1020509,Froedtert Health,,,,,20073903,90376727,Invoice,652,174.8,8,5216,5041.2
3/15/2024,Optilume Strictures,Uro,202301,1020419,Intermountain Health,,,,,20166303,90376723,Invoice,0,71.68,0,0,-71.68
3/15/2024,Other Uro Tx Disposables,Uro,202301,1020541,Carolina Urology Partners,,,,,20068267,90376732,Invoice,298,50.4,12,3576,3525.6
3/15/2024,RenovaRP Consumables,GI,202301,1020468,AdventHealth,,,,,20079288,90376725,Invoice,975,304.75,25,24375,24070.25
3/15/2024,RenovaRP Consumables,GI,202301,1020621,CHI - Common Spirit Health,,,,,20167127,90376740,Invoice,195,60.95,5,975,914.05
3/15/2024,Spot Ex,GI,202301,1020509,Froedtert Health,,,,,20073903,90376728,Invoice,380,33.6,10,3800,3766.4
3/15/2024,Spot Ex,GI,202301,1020523,Fisher Titus Health,,,,,20082164,90376731,Invoice,380,33.6,10,3800,3766.4
3/15/2024,Spot Ex,GI,202301,1020621,CHI - Common Spirit Health,,,,,20070584,90376738,Invoice,690,67.2,20,13800,13732.8
3/15/2024,T-Doc Catheters,Uro,202301,1020468,AdventHealth,,,,,20082914,90376724,Invoice,4995,231,50,249750,249519
3/15/2024,T-Doc Catheters,Uro,202301,1020468,AdventHealth,,,,,20082914,90376724,Invoice,3350,144.5,50,167500,167355.5
3/15/2024,T-Doc Catheters,Uro,202301,1020621,CHI - Common Spirit Health,,,,,20071472,90376737,Invoice,3492,173.4,60,209520,209346.6
3/16/2024,Electrodes,Uro,202301,1020630,Main Line Health,,,,,20083197,90376743,Invoice,185,59,50,9250,9191
3/16/2024,EverLift,GI,202301,1020752,Memorial Hermann Health System,,,,,20074875,90376757,Invoice,1050,133.5,30,31500,31366.5
3/16/2024,EverLift,GI,202301,1020752,Memorial Hermann Health System,,,,,20074875,90376759,Invoice,350,44.5,10,3500,3455.5
3/16/2024,EverLift,GI,202301,1020752,Memorial Hermann Health System,,,,,20074875,90376761,Invoice,350,44.5,10,3500,3455.5
3/16/2024,Incontinence UPC Lead Sets,Uro,202301,1020678,GWU Medical Faculty Associates,,,,,20083288,90376745,Invoice,4670,234,5,23350,23116
3/16/2024,Incontinence UPC Lead Sets,Uro,202301,1020743,Henry Ford Health System,,,,,20073525,90376754,Invoice,1868,93.6,2,3736,3642.4
3/16/2024,InjeTAK,Uro,202301,1020743,Henry Ford Health System,,,,,20073525,90376755,Invoice,326,87.4,4,1304,1216.6
3/16/2024,Optilume Strictures,Uro,202301,1020694,Harborview Medical Center **CONSOLIDATED use 1023277**,1023277,,,,20069053,90376747,Invoice,4190,0,2,8380,8380
3/16/2024,Optilume Strictures,Uro,202301,1020694,Harborview Medical Center **CONSOLIDATED use 1023277**,1023277,,,,20069053,90376747,Invoice,4190,0,2,8380,8380
3/16/2024,Optilume Strictures,Uro,202301,1020694,Harborview Medical Center **CONSOLIDATED use 1023277**,1023277,,,,20069053,90376747,Invoice,6285,0,3,18855,18855
3/16/2024,Portascan 3D,Uro,202301,1020707,Hartford Health Care Corporation,,,,,20083742,90376749,Invoice,0,61.26,1,0,-61.26
3/16/2024,Portascan 3D,Uro,202301,1020707,Hartford Health Care Corporation,,,,,20083742,90376751,Invoice,0,1473.65,1,0,-1473.65
3/16/2024,RenovaRP Consumables,GI,202301,1020752,Memorial Hermann Health System,,,,,20083228,90376762,Invoice,630,121.9,10,6300,6178.1
3/16/2024,Spot Ex,GI,202301,1020729,Hennepin Healthcare,,,,,20083700,90376753,Invoice,760,67.2,20,15200,15132.8
3/16/2024,T-Doc Catheters,Uro,202301,1020630,Main Line Health,,,,,20083197,90376742,Invoice,2997,138.6,30,89910,89771.4
3/16/2024,T-Doc Catheters,Uro,202301,1020656,Genesis Healthcare System,,,,,20079036,90376744,Invoice,1164,57.8,20,23280,23222.2
3/16/2024,T-Doc Catheters,Uro,202301,1020656,Genesis Healthcare System,,,,,20079036,90376744,Invoice,1736,92.4,20,34720,34627.6
3/16/2024,T-Doc Catheters,Uro,202301,1020694,Harborview Medical Center **CONSOLIDATED use 1023277**,1023277,,,,20069053,90376746,Invoice,1340,57.8,20,26800,26742.2
3/16/2024,T-Doc Catheters,Uro,202301,1020698,Palm Beach Health Network Physician,,,,,20077142,90376748,Invoice,1340,57.8,20,26800,26742.2
3/16/2024,Tubing,Uro,202301,1020728,HCA Physician Services,,,,,20196848,90376752,Invoice,577,42,25,14425,14383
3/17/2024,Electrodes,Uro,202301,1020790,Holston Medical Group PC,,,,,20071675,90376766,Invoice,279,81.3,30,8370,8288.7
3/17/2024,Electrodes,Uro,202301,1020902,Jackson Urological Associates PC,,,,,20081347,90376770,Invoice,279,81.3,30,8370,8288.7
3/17/2024,InjeTAK,Uro,202301,1020808,Holland Hospital,,,,,20164264,90376767,Invoice,326,87.4,4,1304,1216.6
3/17/2024,InjeTAK,Uro,202301,1020971,Kaiser Health Plan Asset Mgmt,,,,,20083382,90376779,Invoice,436,174.8,8,3488,3313.2
3/17/2024,Optilume Strictures,Uro,202301,1020752,Memorial Hermann Health System,,,,,20074875,90376763,Invoice,0,402,0,0,-402
3/17/2024,Optilume Strictures,Uro,202301,1020752,Memorial Hermann Health System,,,,,20074875,90376763,Invoice,0,71.68,0,0,-71.68
3/17/2024,Optilume Strictures,Uro,202301,1020752,Memorial Hermann Health System,,,,,20083010,90376765,Invoice,0,1608,0,0,-1608
3/17/2024,RenovaRP Consumables,GI,202301,1020820,Haywood Regional Medical Center,,,,,20081229,90376768,Invoice,860,460,80,68800,68340
3/17/2024,RenovaRP Consumables,GI,202301,1020971,Kaiser Health Plan Asset Mgmt,,,,,20082030,90376772,Invoice,3150,1407.7,35,110250,108842.3
3/17/2024,T-Doc Catheters,Uro,202301,1020971,Kaiser Health Plan Asset Mgmt,,,,,20069368,90376774,Invoice,684,57.8,20,13680,13622.2
3/17/2024,Tubing,Uro,202301,1020790,Holston Medical Group PC,,,,,20071675,90376766,Invoice,1154,84,50,57700,57616
3/18/2024,Incontinence UPC Lead Sets,Uro,202301,1021253,MedStar Health,,,,,20083660,90376797,Invoice,9340,468,10,93400,92932
3/18/2024,InjeTAK,Uro,202301,1021104,Lima Memorial Professional Corp.,,,,,20068486,90376789,Invoice,326,87.4,4,1304,1216.6
3/18/2024,InjeTAK,Uro,202301,1021214,Atrium Health Navicent,,,,,20071817,90376794,Invoice,528,94.72,8,4224,4129.28
3/18/2024,InjeTAK,Uro,202301,1021217,HCA Florida Trinity Hospital,,,,,20082873,90376795,Invoice,1320,236.8,20,26400,26163.2
3/18/2024,Optilume Strictures,Uro,202301,1021279,The Methodist Health System,,,,,20077188,90376803,Invoice,0,107.52,0,0,-107.52
3/18/2024,Other GI Supply Disposables,GI,202301,1021247,Catholic Health Sytem,,,,,20194763,90376796,Invoice,440,126,200,88000,87874
3/18/2024,RenovaRP Consumables,GI,202301,1021083,Lexington Medical Center,,,,,20073947,90376787,Invoice,1000,243.8,20,20000,19756.2
3/18/2024,Spot Ex,GI,202301,1020971,Kaiser Health Plan Asset Mgmt,,,,,20074921,90376781,Invoice,380,33.6,10,3800,3766.4
3/18/2024,Spot Ex,GI,202301,1021104,Lima Memorial Professional Corp.,,,,,20068486,90376788,Invoice,380,33.6,10,3800,3766.4
3/18/2024,T-Doc Catheters,Uro,202301,1021066,Women's Cancer Center,,,,,20170562,90376783,Invoice,2680,115.6,40,107200,107084.4
3/18/2024,T-Doc Catheters,Uro,202301,1021125,Integrated Medical Professionals PLLC,,,,,20167978,90376790,Invoice,588,57.8,20,11760,11702.2
3/18/2024,T-Doc Catheters,Uro,202301,1021168,Manchester Urology Assoc.,,,,,20168125,90376792,Invoice,1340,57.8,20,26800,26742.2
3/19/2024,Anorectal Manometry Catheters,GI,202301,1021595,Northwest Ohio Ctr.for Urogynecology,,,,,20074918,90376827,Invoice,499,115.75,5,2495,2379.25
3/19/2024,Electrodes,Uro,202301,1021540,The Nebraska Medical Center,,,,,20082290,90376822,Invoice,3720,1084,400,1488000,1486916
3/19/2024,EverLift,GI,202301,1021287,Dignity Health - CA,,,,,20194692,90376804,Invoice,350,44.5,10,3500,3455.5
3/19/2024,Incontinence MPQ,Uro,202301,1021590,Novant Health Inc.,,,,,20163348,90376825,Invoice,90,33.6,3,270,236.4
3/19/2024,Incontinence UPC Lead Sets,Uro,202301,1021395,RWJBarnabas Health Med Grp,,,,,20197519,90376810,Invoice,934,46.8,1,934,887.2
3/19/2024,InjeTAK,Uro,202301,1021395,RWJBarnabas Health Med Grp,,,,,20166975,90376809,Invoice,264,47.36,4,1056,1008.64
3/19/2024,Portascan 3D,Uro,202301,1021398,Montefiore Health System,,,,,20077552,90376812,Invoice,0,1724.84,1,0,-1724.84
3/19/2024,Spot Ex,GI,202301,1021454,Memorial Sloan-Kettering,,,,,20194907,90376816,Invoice,380,33.6,10,3800,3766.4
3/19/2024,Spot Ex,GI,202301,1021454,Memorial Sloan-Kettering,,,,,20194910,90376817,Invoice,760,67.2,20,15200,15132.8
3/19/2024,Spot Ex,GI,202301,1021515,Northwest Community Healthcare **CONSOLIDATED use 1020365*,1020365,,,,20074198,90376819,Invoice,380,33.6,10,3800,3766.4
3/19/2024,T-Doc Catheters,Uro,202301,1021340,Michigan Institute of Urology,,,,,1021340,90376807,Invoice,4020,173.4,60,241200,241026.6
3/19/2024,T-Doc Catheters,Uro,202301,1021573,Nemours Foundation,,,,,20077218,90376824,Invoice,670,28.9,10,6700,6671.1
3/20/2024,Electrodes,Uro,202301,1021753,Atlantic Health System,,,,,20077108,90376850,Invoice,465,135.5,50,23250,23114.5
3/20/2024,Electrodes,Uro,202301,1021766,University of Pennsylvania Health,,,,,20074964,90376851,Invoice,249,81.3,30,7470,7388.7
3/20/2024,Incontinence UPC Lead Sets,Uro,202301,1021718,VA Orlando Health Care,,,,,20077442,90376844,Invoice,3736,187.2,4,14944,14756.8
3/20/2024,InjeTAK,Uro,202301,1021600,Northwestern Medicine,,,,,20083695,90376829,Invoice,163,43.7,2,326,282.3
3/20/2024,Other Uro Tx Disposables,Uro,202301,1021682,Collaborative Care Svcs Inc,,,,,20168009,90376835,Invoice,298,50.4,12,3576,3525.6
3/20/2024,Spot Ex,GI,202301,1021600,Northwestern Medicine,,,,,20083695,90376831,Invoice,1140,100.8,30,34200,34099.2
3/20/2024,Spot Ex,GI,202301,1021632,AMSURG,,,,,20193630,90376834,Invoice,1035,100.8,30,31050,30949.2
3/20/2024,T-Doc Catheters,Uro,202301,1021608,Northwest Arkansas Urology,,,,,20076337,90376832,Invoice,1340,57.8,20,26800,26742.2
3/20/2024,T-Doc Catheters,Uro,202301,1021699,Ohio Health,,,,,20083090,90376839,Invoice,1340,57.8,20,26800,26742.2
3/20/2024,T-Doc Catheters,Uro,202301,1021699,Ohio Health,,,,,20083090,90376839,Invoice,1998,92.4,20,39960,39867.6
3/20/2024,T-Doc Catheters,Uro,202301,1021700,Overlake Hospital,,,,,20074985,90376841,Invoice,1340,57.8,20,26800,26742.2
3/20/2024,T-Doc Catheters,Uro,202301,1021729,Oregon Urology InstitutePC,,,,,20077382,90376846,Invoice,4056,2769.6,120,486720,483950.4
3/20/2024,T-Doc Catheters,Uro,202301,1021732,Ohio State University Physicians,,,,,20166986,90376847,Invoice,670,28.9,10,6700,6671.1
3/20/2024,UDS Other Service & Repairs,Uro,202301,1021716,Orlando Health,,,,,20071047,90376843,Invoice,127.16,0,0,0,0
3/20/2024,UDS Other Service & Repairs,Uro,202301,1021716,Orlando Health,,,,,20071047,90376843,Invoice,900,0,0,0,0
3/21/2024,Incontinence MPQ,Uro,202301,1021810,Womens Pelvic Health Institute,,,,,20081306,90376859,Invoice,707,42.06,1,707,664.94
3/21/2024,Incontinence MPQ,Uro,202301,1021925,Intermountain Healthcare,,,,,20073939,90376862,Invoice,1414,84.12,2,2828,2743.88
3/21/2024,InjeTAK,Uro,202301,1021778,ProMedica Health System Inc,,,,,20168827,90376854,Invoice,815,218.5,10,8150,7931.5
3/21/2024,InjeTAK,Uro,202301,1021779,Park Nicollet Health Services **CONSOLIDATED use 1020816*,1020816,,,,20170288,90376856,Invoice,1320,236.8,20,26400,26163.2
3/21/2024,InjeTAK,Uro,202301,1021810,Womens Pelvic Health Institute,,,,,20081306,90376859,Invoice,163,43.7,2,326,282.3
3/21/2024,RenovaRP Consumables,GI,202301,1021890,Ardent: Portneuf Medical Center,,,,,20076676,90376861,Invoice,880,460,80,70400,69940
3/21/2024,T-Doc Catheters,Uro,202301,1021766,University of Pennsylvania Health,,,,,20074964,90376851,Invoice,2616,277.2,60,156960,156682.8
3/21/2024,T-Doc Catheters,Uro,202301,1021766,University of Pennsylvania Health,,,,,20080745,90376852,Invoice,882,86.7,30,26460,26373.3
3/22/2024,Incontinence MPQ,Uro,202301,1021928,Providence Health & Services,,,,,20195325,90376869,Invoice,78,35.24,2,156,120.76
3/22/2024,Other GI Supply Disposables,GI,202301,1022105,Sarasota Memorial Hospital,,,,,20077252,90376876,Invoice,250,184,10,2500,2316
3/22/2024,RenovaRP Consumables,GI,202301,1022013,Reading Hospital (Tower Health),,,,,20195502,90376871,Invoice,215,115,20,4300,4185
3/22/2024,RenovaRP Consumables,GI,202301,1022160,Baylor Scott & White Health,,,,,20083982,90376877,Invoice,850,575,100,85000,84425
3/22/2024,Spot Ex,GI,202301,1021928,Providence Health & Services,,,,,20078431,90376868,Invoice,360,33.6,10,3600,3566.4
3/22/2024,T-Doc Catheters,Uro,202301,1021925,Intermountain Healthcare,,,,,20068026,90376863,Invoice,1012,57.8,20,20240,20182.2
3/22/2024,T-Doc Catheters,Uro,202301,1021925,Intermountain Healthcare,,,,,20084504,90376864,Invoice,1012,57.8,20,20240,20182.2
3/22/2024,T-Doc Catheters,Uro,202301,1021928,Providence Health & Services,,,,,20083773,90376866,Invoice,683,230.8,10,6830,6599.2
3/22/2024,T-Doc Catheters,Uro,202301,1022010,My Womens Center,,,,,20068880,90376870,Invoice,3350,144.5,50,167500,167355.5
3/22/2024,T-Doc Catheters,Uro,202301,1022029,Riverside Health,,,,,20081844,90376874,Invoice,2010,86.7,30,60300,60213.3
3/22/2024,T-Doc Catheters,Uro,202301,1022160,Baylor Scott & White Health,,,,,20083982,90376880,Invoice,1398,92.4,20,27960,27867.6
3/23/2024,Electrodes,Uro,202301,1022192,St Francis Health System,,,,,20079993,90376890,Invoice,465,135.5,50,23250,23114.5
3/23/2024,Electrodes,Uro,202301,1022217,Marshall Shoemaker MD,,,,,20080487,90376891,Invoice,93,27.1,10,930,902.9
3/23/2024,EverLift,GI,202301,1022170,Sinai Chicago Health System,,,,,20084356,90376888,Invoice,400,44.5,10,4000,3955.5
3/23/2024,InjeTAK,Uro,202301,1022170,Sinai Chicago Health System,,,,,20084356,90376886,Invoice,620,174.8,8,4960,4785.2
3/23/2024,InjeTAK,Uro,202301,1022270,SSM Health St Louis University,,,,,20196866,90376896,Invoice,326,87.4,4,1304,1216.6
3/23/2024,InjeTAK,Uro,202301,1022280,Village Practice Management Company,,,,,20082493,90376900,Invoice,480,218.5,10,4800,4581.5
3/23/2024,InjeTAK,Uro,202301,1022325,Orange County Urology Associates Inc,,,,,20163958,90376902,Invoice,2360,874,40,94400,93526
3/23/2024,Optilume Strictures,Uro,202301,1022362,Spencer Municipal Hospital,,,,,20075117,90376904,Invoice,0,71.68,0,0,-71.68
3/23/2024,Optilume Strictures,Uro,202301,1022362,Spencer Municipal Hospital,,,,,20075117,90376904,Invoice,4190,0,2,8380,8380
3/23/2024,Optilume Strictures,Uro,202301,1022362,Spencer Municipal Hospital,,,,,20075117,90376904,Invoice,0,402,0,0,-402
3/23/2024,Optilume Strictures,Uro,202301,1022362,Spencer Municipal Hospital,,,,,20075117,90376904,Invoice,0,71.68,0,0,-71.68
3/23/2024,Other GI Supply Disposables,GI,202301,1022338,Southern Illinois Healthcare,,,,,20074456,90376903,Invoice,100,0,4,400,400
3/23/2024,RenovaRP Consumables,GI,202301,1022160,Baylor Scott & White Health,,,,,20084139,90376883,Invoice,4500,2413.2,60,270000,267586.8
3/23/2024,Spot Ex,GI,202301,1022188,Sentara Healthcare,,,,,20194138,90376889,Invoice,1200,100.8,30,36000,35899.2
3/23/2024,Tubing,Uro,202301,1022325,Orange County Urology Associates Inc,,,,,20163958,90376902,Invoice,1780,168,100,178000,177832
3/23/2024,Tubing,Uro,202301,1022325,Orange County Urology Associates Inc,,,,,20163958,90376902,Invoice,1036,175,100,103600,103425
3/24/2024,Electrodes,Uro,202301,1022405,St. Clair Hospital,,,,,20077268,90376909,Invoice,93,27.1,10,930,902.9
3/24/2024,Incontinence MPQ,Uro,202301,1022457,Dignity Health - AZ/NV,,,,,20079919,90376918,Invoice,707,42.06,1,707,664.94
3/24/2024,Incontinence UPC Lead Sets,Uro,202301,1022369,Sequoia Urology Center,,,,,20084850,90376905,Invoice,2802,140.4,3,8406,8265.6
3/24/2024,Incontinence UPC Lead Sets,Uro,202301,1022419,UCSF Medical Center,,,,,20078642,90376911,Invoice,2340,140.4,3,7020,6879.6
3/24/2024,InjeTAK,Uro,202301,1022394,Mount Sinai: St Lukes Roosevelt,,,,,20074734,90376906,Invoice,310,87.4,4,1240,1152.6
3/24/2024,InjeTAK,Uro,202301,1022444,Mercy Health,,,,,20074262,90376916,Invoice,326,87.4,4,1304,1216.6
3/24/2024,Other GI Disposables,GI,202301,1022470,SUNY Upstate Medical University,,,,,20070091,90376919,Invoice,210,92,5,1050,958
3/24/2024,Ph/Impedance Catheters,GI,202301,1022470,SUNY Upstate Medical University,,,,,20070091,90376919,Invoice,550,72.2,5,2750,2677.8
3/24/2024,Portascan 3D,Uro,202301,1022457,Dignity Health - AZ/NV,,,,,20197518,90376917,Invoice,145,115,5,725,610
3/24/2024,RenovaRP Consumables,GI,202301,1022399,Stony Brook Med: State Univ of NY,,,,,20196297,90376908,Invoice,630,121.9,10,6300,6178.1
3/24/2024,Spot Ex,GI,202301,1022419,UCSF Medical Center,,,,,20196285,90376910,Invoice,380,33.6,10,3800,3766.4
3/24/2024,T-Doc Catheters,Uro,202301,1022424,Stark County Women's Clinic,,,,,20067115,90376912,Invoice,670,28.9,10,6700,6671.1
3/24/2024,T-Doc Catheters,Uro,202301,1022439,Urology of St Louis,,,,,20080767,90376914,Invoice,3450,289,100,345000,344711
3/25/2024,Electrodes,Uro,202301,1022550,Texas Center for Urology,,,,,20166886,90376922,Invoice,930,271,100,93000,92729
3/25/2024,Electrodes,Uro,202301,1022550,Texas Center for Urology,,,,,20069787,90376923,Invoice,930,271,100,93000,92729
3/25/2024,Electrodes,Uro,202301,1022713,Ascension Health Ministry Service C,,,,,20167751,90376945,Invoice,372,108.4,40,14880,14771.6
3/25/2024,InjeTAK,Uro,202301,1022559,Texas Tech Health Sciences CTR,,,,,20080117,90376924,Invoice,489,131.1,6,2934,2802.9
3/25/2024,RenovaRP Consumables,GI,202301,1022572,Cleveland Clinic Health,,,,,20078043,90376928,Invoice,190,115,20,3800,3685
3/25/2024,RenovaRP Consumables,GI,202301,1022572,Cleveland Clinic Health,,,,,20166704,90376930,Invoice,360,230,40,14400,14170
3/25/2024,RenovaRP Consumables,GI,202301,1022821,UMass Memorial Health,,,,,20082017,90376948,Invoice,2310,706.2,30,69300,68593.8
3/25/2024,Spot Ex,GI,202301,1022713,Ascension Health Ministry Service C,,,,,20084454,90376944,Invoice,380,33.6,10,3800,3766.4
3/25/2024,T-Doc Catheters,Uro,202301,1022567,Jefferson Health,,,,,20170501,90376926,Invoice,1340,57.8,20,26800,26742.2
3/25/2024,T-Doc Catheters,Uro,202301,1022633,Tri Valley Urology,,,,,20075282,90376933,Invoice,1998,143.2,20,39960,39816.8
3/25/2024,T-Doc Catheters,Uro,202301,1022677,University of Alabama at Birmingham,,,,,20079122,90376936,Invoice,2020,144.5,50,101000,100855.5
3/25/2024,T-Doc Catheters,Uro,202301,1022713,Ascension Health Ministry Service C,,,,,20167722,90376940,Invoice,1998,92.4,20,39960,39867.6
3/25/2024,T-Doc Catheters,Uro,202301,1022713,Ascension Health Ministry Service C,,,,,20167722,90376940,Invoice,1340,57.8,20,26800,26742.2
3/25/2024,T-Doc Catheters,Uro,202301,1022713,Ascension Health Ministry Service C,,,,,20082698,90376943,Invoice,1340,57.8,20,26800,26742.2
3/25/2024,Tubing,Uro,202301,1022567,Jefferson Health,,,,,20170501,90376926,Invoice,577,42,25,14425,14383
3/25/2024,Tubing,Uro,202301,1022634,Tripler Army Medical Center,,,,,20084571,90376935,Invoice,577,42,25,14425,14383
3/25/2024,Tubing,Uro,202301,1022713,Ascension Health Ministry Service C,,,,,20167722,90376940,Invoice,1731,126,75,129825,129699
3/25/2024,Water Catheters,Uro,202301,1022677,University of Alabama at Birmingham,,,,,20069586,90376937,Invoice,849,131.7,30,25470,25338.3
3/26/2024,Anorectal Manometry Catheters,GI,202301,1022897,Beth Israel Lahey Health,,,,,20197228,90376955,Invoice,370,224.2,10,3700,3475.8
3/26/2024,Endoscopy Sheaths,Uro,202301,1023091,Wellstone Health Partners,,,,,20168672,90376966,Invoice,589,3.7,10,5890,5886.3
3/26/2024,EverLift,GI,202301,1022829,UPMC Health System,,,,,20163370,90376951,Invoice,290,44.5,10,2900,2855.5
3/26/2024,RenovaRP Consumables,GI,202301,1022821,UMass Memorial Health,,,,,20082017,90376949,Invoice,430,230,40,17200,16970
3/26/2024,Spot Ex,GI,202301,1022837,University of Chicago Medicine,,,,,20079953,90376952,Invoice,760,67.2,20,15200,15132.8
3/26/2024,T-Doc Catheters,Uro,202301,1023134,VA Salisbury Health Care,,,,,20071599,90376968,Invoice,670,28.9,10,6700,6671.1
3/26/2024,Tubing,Uro,202301,1023007,Urologic Specialists of Oklahoma,,,,,20082534,90376961,Invoice,4616,336,200,923200,922864
3/26/2024,Water Catheters,Uro,202301,1023007,Urologic Specialists of Oklahoma,,,,,20082534,90376961,Invoice,1215,178,50,60750,60572
3/27/2024,Electrodes,Uro,202301,1023152,VA Central Ohio Health Care,,,,,20070234,90376973,Invoice,93,27.1,10,930,902.9
3/27/2024,EverLift,GI,202301,1023210,The Vancouver Clinic Inc. PS,,,,,20165567,90376985,Invoice,800,89,20,16000,15911
3/27/2024,Other GI Supply Disposables,GI,202301,1023244,ECU Health,,,,,20194357,90376989,Invoice,70.5,0,3,211.5,211.5
3/27/2024,Other Uro Dx Disposables,Uro,202301,1023138,VA Augusta Health Care,,,,,20072399,90376970,Invoice,210,25.2,70,14700,14674.8
3/27/2024,Other Uro Dx Equipment,Uro,202301,1023207,VA Palo Alto Health Care,,,,,20074968,90376984,Invoice,0,129.24,1,0,-129.24
3/27/2024,Spot Ex,GI,202301,1023197,VA New Mexico Health Care,,,,,20080724,90376980,Invoice,380,33.6,10,3800,3766.4
3/27/2024,Spot Ex,GI,202301,1023244,ECU Health,,,,,20084833,90376990,Invoice,380,33.6,10,3800,3766.4
3/27/2024,T-Doc Catheters,Uro,202301,1023148,Vanderbilt University Medical Center,,,,,20083113,90376971,Invoice,2680,115.6,40,107200,107084.4
3/27/2024,T-Doc Catheters,Uro,202301,1023153,VA North Texas Health Care,,,,,20071479,90376974,Invoice,670,28.9,10,6700,6671.1
3/27/2024,T-Doc Catheters,Uro,202301,1023163,Wisconsin Institute of Urology SC,,,,,20071753,90376975,Invoice,708,57.8,20,14160,14102.2
3/27/2024,T-Doc Catheters,Uro,202301,1023164,VA Minneapolis Health Care,,,,,20076635,90376976,Invoice,999,71.6,10,9990,9918.4
3/27/2024,T-Doc Catheters,Uro,202301,1023174,VA New Jersey Health Care,,,,,20070845,90376977,Invoice,670,28.9,10,6700,6671.1
3/27/2024,T-Doc Catheters,Uro,202301,1023174,VA New Jersey Health Care,,,,,20070845,90376977,Invoice,999,71.6,10,9990,9918.4
3/27/2024,T-Doc Catheters,Uro,202301,1023191,VA Salt Lake City Health Care,,,,,20080697,90376979,Invoice,670,28.9,10,6700,6671.1
3/27/2024,T-Doc Catheters,Uro,202301,1023201,VA Long Beach Health Care,,,,,20069415,90376981,Invoice,670,28.9,10,6700,6671.1
3/27/2024,Tubing,Uro,202301,1023148,Vanderbilt University Medical Center,,,,,20078978,90376972,Invoice,231,38.9,10,2310,2271.1
3/27/2024,UDS Other Service & Repairs,Uro,202301,1023204,VA Loma Linda Health Care,,,,,20068249,90376983,Invoice,29,19.89,1,29,9.11
3/28/2024,Electrodes,Uro,202301,1023311,Allegheny Health Network,,,,,20074315,90376994,Invoice,93,27.1,10,930,902.9
3/28/2024,Electrodes,Uro,202301,1023397,Wellspire Medical - Urology,,,,,20070423,90376999,Invoice,93,27.1,10,930,902.9
3/28/2024,Electrodes,Uro,202301,1023431,Women's Pelvic Restorative Center,,,,,20081046,90377000,Invoice,744,216.8,80,59520,59303.2
3/28/2024,Incontinence UPC Lead Sets,Uro,202301,1023281,Washington Township Medical Group,,,,,20167188,90376992,Invoice,1868,93.6,2,3736,3642.4
3/28/2024,Spot Ex,GI,202301,1023311,Allegheny Health Network,,,,,20193791,90376996,Invoice,380,33.6,10,3800,3766.4
3/28/2024,Spot Ex,GI,202301,1023349,Wellstar Health System,,,,,20067419,90376998,Invoice,380,33.6,10,3800,3766.4
3/28/2024,T-Doc Catheters,Uro,202301,1023311,Allegheny Health Network,,,,,20074315,90376994,Invoice,1998,92.4,20,39960,39867.6
3/28/2024,T-Doc Catheters,Uro,202301,1023311,Allegheny Health Network,,,,,20074315,90376994,Invoice,670,28.9,10,6700,6671.1
3/28/2024,T-Doc Catheters,Uro,202301,1023397,Wellspire Medical - Urology,,,,,20070423,90376999,Invoice,670,28.9,10,6700,6671.1
3/28/2024,T-Doc Catheters,Uro,202301,1023431,Women's Pelvic Restorative Center,,,,,20081046,90377000,Invoice,2584,231.2,80,206720,206488.8
3/28/2024,T-Doc Catheters,Uro,202301,1023431,Women's Pelvic Restorative Center,,,,,20081046,90377000,Invoice,3840,369.6,80,307200,306830.4
3/29/2024,InjeTAK,Uro,202301,1026836,Loma Linda Mercantile,,,,,20167230,90377008,Invoice,310,87.4,4,1240,1152.6
3/29/2024,Other Uro Dx Equipment,Uro,202301,1059004,"Mks Medic Sdn. Bhd Wisma Mks, 29",,,,,20156393,90377011,Invoice,1784.7,1177.86,2,3569.4,2391.54
3/29/2024,Portascan 3D,Uro,202301,1059004,"Mks Medic Sdn. Bhd Wisma Mks, 29",,,,,20156393,90377013,Invoice,19607.14,0,2,39214.28,39214.28
3/29/2024,Portascan 3D,Uro,202301,1059004,"Mks Medic Sdn. Bhd Wisma Mks, 29",,,,,20156393,90377013,Invoice,0,40,0,0,-40
3/29/2024,Portascan 3D,Uro,202301,1059004,"Mks Medic Sdn. Bhd Wisma Mks, 29",,,,,20156393,90377013,Invoice,0,2640,0,0,-2640
3/29/2024,Portascan 3D,Uro,202301,1059004,"Mks Medic Sdn. Bhd Wisma Mks, 29",,,,,20156393,90377013,Invoice,0,0.02,0,0,-0.02
3/29/2024,Spot Ex,GI,202301,1023448,Center for Advanced Surgery - AZ,,,,,20072799,90377001,Invoice,345,33.6,10,3450,3416.4
3/29/2024,T-Doc Catheters,Uro,202301,1023477,Yale New Haven Health,,,,,20084209,90377002,Invoice,670,28.9,10,6700,6671.1
3/29/2024,T-Doc Catheters,Uro,202301,1024769,Boston Pelvic Health & Wellness,,,,,20084076,90377003,Invoice,1340,57.8,20,26800,26742.2
3/29/2024,T-Doc Catheters,Uro,202301,1027107,Cape Regional Medical Center,,,,,20073207,90377010,Invoice,786,230.8,10,7860,7629.2
3/29/2024,UDS Other Service & Repairs,Uro,202301,1059004,"Mks Medic Sdn. Bhd Wisma Mks, 29",,,,,20156393,90377011,Invoice,0,454.44,0,0,-454.44
3/29/2024,UDS Other Service & Repairs,Uro,202301,1059004,"Mks Medic Sdn. Bhd Wisma Mks, 29",,,,,20156393,90377013,Invoice,0,320,0,0,-320
3/29/2024,Urocap IV,Uro,202301,1059004,"Mks Medic Sdn. Bhd Wisma Mks, 29",,,,,20156393,90377011,Invoice,3446.09,15.72,1,3446.09,3430.37
3/29/2024,Urodyn+ SD,Uro,202301,1059004,"Mks Medic Sdn. Bhd Wisma Mks, 29",,,,,20156393,90377012,Invoice,5031.3,1083.54,3,15093.9,14010.36
3/30/2024,Electrodes,Uro,202301,1079427,Riverside University Health System,,,,,20163458,90377014,Invoice,93,27.1,10,930,902.9
3/30/2024,InjeTAK,Uro,202301,1079427,Riverside University Health System,,,,,20163458,90377014,Invoice,326,87.4,4,1304,1216.6
3/30/2024,InjeTAK,Uro,202301,1087563,DMC Huron Valley Sinai Hospital,,,,,20168515,90377020,Invoice,163,43.7,2,326,282.3
3/30/2024,Other Uro Dx Disposables,Uro,202301,1079427,Riverside University Health System,,,,,20163458,90377014,Invoice,60,7.2,20,1200,1192.8
3/30/2024,T-Doc Catheters,Uro,202301,1079427,Riverside University Health System,,,,,20163458,90377014,Invoice,786,37.2,10,7860,7822.8
3/30/2024,T-Doc Catheters,Uro,202301,1087580,Florida Surgical Specialists,,,,,20168557,90377022,Invoice,642,46.2,10,6420,6373.8
3/30/2024,Tubing,Uro,202301,1079427,Riverside University Health System,,,,,20163458,90377014,Invoice,577,42,25,14425,14383
3/30/2024,UDS Other Service & Repairs,Uro,202301,1059004,"Mks Medic Sdn. Bhd Wisma Mks, 29",,,,,20156393,90377013,Invoice,0,25,1,0,-25
3/30/2024,UDS Other Service & Repairs,Uro,202301,1080970,Tecnologias Medicas Colombia SAS,,,,,20166137,90377016,Invoice,506,286.52,2,1012,725.48
3/30/2024,Urocap IV,Uro,202301,1080970,Tecnologias Medicas Colombia SAS,,,,,20166137,90377016,Invoice,202,60.64,2,404,343.36
3/31/2024,Endoscopy Sheaths,Uro,202301,1089362,HVHS Multispecialty Group Inc,,,,,20196716,90377023,Invoice,1238,9,20,24760,24751
3/31/2024,EverLift,GI,202301,1105409,ALASKA MEDICINE & ENDOSCOPY ACCOUNTS PAYABLE,,,,,1105409,90377026,Invoice,400,44.5,10,4000,3955.5
3/31/2024,EverLift,GI,202301,1105603,BRANDON SURGI-CENTER ACCOUNTS PAYABLE,,,,,20192870,90377029,Invoice,350,44.5,10,3500,3455.5
3/31/2024,EverLift,GI,202301,1106371,GLENCOE REGIONAL HEALTH SERVICES ACCOUNTS PAYABLE,,,,,20193941,90377039,Invoice,0,89,20,0,-89
3/31/2024,Incontinence UPC Lead Sets,Uro,202301,1087580,Florida Surgical Specialists,,,,,20168557,90377022,Invoice,1200,93.6,2,2400,2306.4
3/31/2024,Other GI Supply Disposables,GI,202301,1106793,ADENA REGIONAL MEDICAL CENTER ACCOUNTS PAYABLE ADENA DEPT,,,,,20194594,90377044,Invoice,50,0,2,100,100
3/31/2024,Other GI Supply Disposables,GI,202301,1106793,ADENA REGIONAL MEDICAL CENTER ACCOUNTS PAYABLE ADENA DEPT,,,,,20194594,90377044,Invoice,75,0,3,225,225
3/31/2024,Other GI Supply Disposables,GI,202301,1106793,ADENA REGIONAL MEDICAL CENTER ACCOUNTS PAYABLE ADENA DEPT,,,,,20194594,90377044,Invoice,50,0,2,100,100
3/31/2024,Other Uro Tx Disposables,Uro,202301,1089362,HVHS Multispecialty Group Inc,,,,,20196716,90377023,Invoice,291,390.76,4,1164,773.24
3/31/2024,Other Uro Tx Disposables,Uro,202301,1089362,HVHS Multispecialty Group Inc,,,,,20196716,90377023,Invoice,298,50.4,12,3576,3525.6
3/31/2024,Spot Ex,GI,202301,1105371,United Digestive,,,,,20192522,90377025,Invoice,380,33.6,10,3800,3766.4
3/31/2024,Spot Ex,GI,202301,1105603,BRANDON SURGI-CENTER ACCOUNTS PAYABLE,,,,,20192870,90377030,Invoice,345,33.6,10,3450,3416.4
3/31/2024,Spot Ex,GI,202301,1105909,DAYTON GASTROENTEROLOGY INC ACCOUNTS PAYABLE,,,,,20193293,90377035,Invoice,345,33.6,10,3450,3416.4
3/31/2024,Spot Ex,GI,202301,1106009,TEXAS HEALTH SURGERY CTR DENTON ACCOUNTS PAYABLE,,,,,20193432,90377036,Invoice,345,33.6,10,3450,3416.4
3/31/2024,Spot Ex,GI,202301,1106455,HCA - ALASKA REGIONAL HOSPITAL ACCOUNTS PAYABLE,,,,,20194066,90377040,Invoice,345,33.6,10,3450,3416.4
3/31/2024,Spot Ex,GI,202301,1107161,OWENSBORO SURGERY CENTER ACCOUNTS PAYABLE,,,,,20195200,90377046,Invoice,380,33.6,10,3800,3766.4
3/31/2024,T-Doc Catheters,Uro,202301,1087580,Florida Surgical Specialists,,,,,20168557,90377022,Invoice,430,28.9,10,4300,4271.1
3/31/2024,Tubing,Uro,202301,1087580,Florida Surgical Specialists,,,,,20168557,90377022,Invoice,445,42,25,11125,11083
4/1/2024,EverLift,GI,202301,1107407,ST AUGUSTINE ENDOSCOPY CENTER ACCOUNTS PAYABLE,,,,,20195581,90377048,Invoice,1580,178,40,63200,63022
4/1/2024,Other GI Supply Disposables,GI,202301,1107527,SKYLINE ENDOSCOPY CENTER ACCOUNTS PAYABLE,,,,,20195752,90377050,Invoice,150,0,6,900,900
4/1/2024,Other GI Supply Disposables,GI,202301,1107527,SKYLINE ENDOSCOPY CENTER ACCOUNTS PAYABLE,,,,,20195752,90377050,Invoice,150,0,6,900,900
4/1/2024,Other GI Supply Disposables,GI,202301,1107727,SOUTHEAST VALLEY ENDOSCOPY CENTER ACCOUNTS PAYABLE,,,,,20196107,90377053,Invoice,200,0,8,1600,1600
4/1/2024,Other GI Supply Disposables,GI,202301,1107727,SOUTHEAST VALLEY ENDOSCOPY CENTER ACCOUNTS PAYABLE,,,,,20196107,90377053,Invoice,200,0,8,1600,1600
4/1/2024,Other Uro Dx Disposables,Uro,202301,1108568,Greater Texas Healthcare Enterprises dba Tenet Physician Resources,,,,,20197286,90377060,Invoice,116,60.6,20,2320,2259.4
4/1/2024,Spot Ex,GI,202301,1107519,Shreveport Endoscopy Center,,,,,20195743,90377049,Invoice,690,67.2,20,13800,13732.8
4/1/2024,Spot Ex,GI,202301,1107961,VETERANS MEMORIAL HOSPITAL ACCOUNTS PAYABLE,,,,,20196479,90377055,Invoice,380,33.6,10,3800,3766.4
4/1/2024,Tubing,Uro,202301,1108550,Women First of Louisville PLLC,,,,,20197245,90377059,Invoice,434,42,25,10850,10808
4/2/2024,babyLance,CI,202301,1059604,Torbay & South Devon NHS F Trust,,,,,20155021,90377073,Invoice,171.32,70.98,200,34264,34193.02
4/2/2024,DSD,CI,202301,1061863,NHS Supply Chain NHS Suppply Chain Accounts Payable,,,,,20151487,90377067,Invoice,121.15,43.45,50,6057.5,6014.05
4/2/2024,DSD,CI,202301,1061863,NHS Supply Chain NHS Suppply Chain Accounts Payable,,,,,20151485,90377069,Invoice,121.15,43.45,50,6057.5,6014.05
4/2/2024,DSD,CI,202301,1061863,NHS Supply Chain NHS Suppply Chain Accounts Payable,,,,,20152822,90377071,Invoice,121.15,43.45,50,6057.5,6014.05
4/2/2024,Electrodes,Uro,202301,1108568,Greater Texas Healthcare Enterprises dba Tenet Physician Resources,,,,,20197286,90377060,Invoice,372,108.4,40,14880,14771.6
4/2/2024,Electrodes,Uro,202301,1022010,My Womens Center,,,,,20068880,90376870,Invoice,465,135.5,50,23250,23114.5
4/2/2024,Endoscopy Sheaths,Uro,202301,1022160,Baylor Scott & White Health,,,,,20083736,90376881,Invoice,1086,9,20,21720,21711
4/2/2024,Other Uro Dx Disposables,Uro,202301,1021766,University of Pennsylvania Health,,,,,20074964,90376851,Invoice,168,121.2,40,6720,6598.8
4/2/2024,RenovaRP Consumables,GI,202301,1022013,Reading Hospital (Tower Health),,,,,20195502,90376872,Invoice,1000,402.2,10,10000,9597.8
4/2/2024,RenovaRP Consumables,GI,202301,1022160,Baylor Scott & White Health,,,,,20197306,90376879,Invoice,375,201.1,5,1875,1673.9
4/2/2024,ROM,CI,202301,1061762,Aneurin Bevan Local Health Board 342049 Accounts Payable,,,,,20166842,90377077,Invoice,428.3,115.34,25,10707.5,10592.16
4/2/2024,T-Doc Catheters,Uro,202301,1108568,Greater Texas Healthcare Enterprises dba Tenet Physician Resources,,,,,20197286,90377060,Invoice,2680,115.6,40,107200,107084.4
4/2/2024,T-Doc Catheters,Uro,202301,1022010,My Womens Center,,,,,20068880,90376870,Invoice,4995,231,50,249750,249519
4/2/2024,T-Doc Catheters,Uro,202301,1022160,Baylor Scott & White Health,,,,,20083982,90376878,Invoice,1398,92.4,20,27960,27867.6
4/2/2024,Tubing,Uro,202301,1022170,Sinai Chicago Health System,,,,,20084356,90376884,Invoice,549,42,25,13725,13683
4/3/2024,Anorectal Manometry Catheters,GI,202301,1022572,Cleveland Clinic Health,,,,,20073565,90376927,Invoice,7105,2315,100,710500,708185
4/3/2024,Electrodes,Uro,202301,1022567,Jefferson Health,,,,,20170501,90376926,Invoice,93,27.1,10,930,902.9
4/3/2024,Electrodes,Uro,202301,1022710,UC San Diego Healthcare,,,,,20074979,90376939,Invoice,279,81.3,30,8370,8288.7
4/3/2024,Endoscopy Sheaths,Uro,202301,1022444,Mercy Health,,,,,20074262,90376916,Invoice,6190,45,100,619000,618955
4/3/2024,EverLift,GI,202301,1022506,Skagit Regional Health,,,,,1022506,90376920,Invoice,800,89,20,16000,15911
4/3/2024,Incontinence UPC Lead Sets,Uro,202301,1022270,SSM Health St Louis University,,,,,20196866,90376895,Invoice,3736,167.52,4,14944,14776.48
4/3/2024,InjeTAK,Uro,202301,1022633,Tri Valley Urology,,,,,20197420,90376934,Invoice,326,87.4,4,1304,1216.6
4/3/2024,Optilume Strictures,Uro,202301,1022362,Spencer Municipal Hospital,,,,,20075117,90376904,Invoice,4190,0,2,8380,8380
4/3/2024,Other Uro Tx Disposables,Uro,202301,1022567,Jefferson Health,,,,,20084070,90376925,Invoice,1164,1563.04,16,18624,17060.96
4/3/2024,RenovaRP Consumables,GI,202301,1022822,University Hospitals Health System,,,,,20195537,90376950,Invoice,190,115,20,3800,3685
4/3/2024,Spot Ex,GI,202301,1022170,Sinai Chicago Health System,,,,,20084356,90376888,Invoice,380,33.6,10,3800,3766.4
4/3/2024,T-Doc Catheters,Uro,202301,1022250,Siouxland Urology,,,,,20069961,90376893,Invoice,1340,57.8,20,26800,26742.2
4/3/2024,T-Doc Catheters,Uro,202301,1022280,Village Practice Management Company,,,,,20170534,90376897,Invoice,1062,86.7,30,31860,31773.3
4/3/2024,T-Doc Catheters,Uro,202301,1022280,Village Practice Management Company,,,,,20067508,90376898,Invoice,3540,289,100,354000,353711
4/4/2024,Electrodes,Uro,202301,1025386,Manatee Gynecology,,,,,20084323,90377004,Invoice,159,40.2,15,2385,2344.8
4/4/2024,InjeTAK,Uro,202301,1023239,Virginia Mason Medical Center,,,,,20072603,90376988,Invoice,163,43.7,2,326,282.3
4/4/2024,InjeTAK,Uro,202301,1023250,Virginia Physicians for Women,,,,,20168548,90376991,Invoice,500,94.72,8,4000,3905.28
4/4/2024,Other Uro Dx Disposables,Uro,202301,1025594,Midlantic Urology,,,,,20069291,90377006,Invoice,57,10.55,5,285,274.45
4/4/2024,Other Uro Dx Disposables,Uro,202301,1059004,"Mks Medic Sdn. Bhd Wisma Mks, 29",,,,,20156393,90377011,Invoice,0,53.04,0,0,-53.04
4/4/2024,Spot Ex,GI,202301,1023225,Valley Health,,,,,20067683,90376986,Invoice,345,33.6,10,3450,3416.4
4/4/2024,Spot Ex,GI,202301,1023349,Wellstar Health System,,,,,20067419,90376997,Invoice,380,33.6,10,3800,3766.4
4/4/2024,Spot Ex,GI,202301,1026585,Yuma Regional Medical Center,,,,,20084715,90377007,Invoice,380,33.6,10,3800,3766.4
4/4/2024,T-Doc Catheters,Uro,202301,1022954,GenesisCare,,,,,20163684,90376956,Invoice,1062,86.7,30,31860,31773.3
4/4/2024,T-Doc Catheters,Uro,202301,1022954,GenesisCare,,,,,20069635,90376957,Invoice,354,28.9,10,3540,3511.1
4/4/2024,T-Doc Catheters,Uro,202301,1022986,Urology Specialists of Lake County,,,,,20080852,90376960,Invoice,670,28.9,10,6700,6671.1
4/4/2024,T-Doc Catheters,Uro,202301,1023123,VA Maryland Health Care,,,,,20073048,90376967,Invoice,670,28.9,10,6700,6671.1
4/4/2024,T-Doc Catheters,Uro,202301,1023135,VA Charleston Health Care,,,,,20069617,90376969,Invoice,2049,692.4,30,61470,60777.6
4/4/2024,Urocap IV,Uro,202301,1059004,"Mks Medic Sdn. Bhd Wisma Mks, 29",,,,,20156393,90377011,Invoice,3446.09,15.72,1,3446.09,3430.37
4/5/2024,Endoscopy Sheaths,Uro,202301,1087580,Florida Surgical Specialists,,,,,20168557,90377022,Invoice,619,4.5,10,6190,6185.5
4/5/2024,Other GI Supply Disposables,GI,202301,1106793,ADENA REGIONAL MEDICAL CENTER ACCOUNTS PAYABLE ADENA DEPT,,,,,20194594,90377044,Invoice,75,0,3,225,225
4/5/2024,Other GI Supply Disposables,GI,202301,1107642,Prime Healthcare,,,,,20192594,90377051,Invoice,194,69,100,19400,19331
4/5/2024,Other GI Supply Disposables,GI,202301,1107696,STERLING SURGICAL CENTER ACCOUNTS PAYABLE,,,,,20196065,90377052,Invoice,50,0,2,100,100
4/5/2024,Other Uro Dx Disposables,Uro,202301,1087580,Florida Surgical Specialists,,,,,20168557,90377022,Invoice,116,60.6,20,2320,2259.4
4/5/2024,Portascan 3D,Uro,202301,1059004,"Mks Medic Sdn. Bhd Wisma Mks, 29",,,,,20156393,90377013,Invoice,0,2640,0,0,-2640
4/5/2024,Portascan 3D,Uro,202301,1059004,"Mks Medic Sdn. Bhd Wisma Mks, 29",,,,,20156393,90377013,Invoice,2516.54,888.94,2,5033.08,4144.14
4/5/2024,Spot Ex,GI,202301,1081562,University H C System - GA **CONSOLIDATED USE 1021775**,1021775,,,,20166527,90377017,Invoice,760,67.2,20,15200,15132.8
4/5/2024,Spot Ex,GI,202301,1105603,BRANDON SURGI-CENTER ACCOUNTS PAYABLE,,,,,20192870,90377028,Invoice,690,67.2,20,13800,13732.8
4/5/2024,Spot Ex,GI,202301,1106118,ELMHURST OUTPATIENT SURGERY CENTER ACCOUNTS PAYABLE,,,,,20193594,90377037,Invoice,380,33.6,10,3800,3766.4
4/5/2024,Spot Ex,GI,202301,1106477,HORIZON FAMILY MEDICAL ACCOUNTS PAYABLE,,,,,20194107,90377041,Invoice,760,67.2,20,15200,15132.8
4/5/2024,Spot Ex,GI,202301,1106528,HUNTINGDON VALLEY SURGERY CENTER ACCOUNTS PAYABLE,,,,,20194182,90377042,Invoice,380,33.6,10,3800,3766.4
4/5/2024,Spot Ex,GI,202301,1106630,KINGMAN REGIONAL MEDICAL CENTER ACCOUNTS PAYABLE,,,,,20194374,90377043,Invoice,760,67.2,20,15200,15132.8
4/6/2024,3rd party,CI,202301,1069506,ViDia Christliche Kliniken Karlsruh Einkauf & Versorgung,,,,,20170662,90376443,Invoice,1233.18,638.06,20,24663.6,24025.54
4/6/2024,Anorectal Manometry Catheters,GI,202301,1059266,Ergea UK and Ireland Limited,,,,,20170428,90376453,Invoice,922.6,391.61,10,9226,8834.39
4/6/2024,Breath Test consumables,GI,202301,1060908,Epsom &St Helier University Hospital NHS RVR Payables 7545,,,,,20151353,90376456,Invoice,800.3,432.91,2,1600.6,1167.69
4/6/2024,Endoscopy Sheaths,Uro,202301,1061924,York and Scarborough Teaching Hospitals NHS Foundation Trust,,,,,20154815,90376471,Invoice,1941.57,427.76,40,77662.8,77235.04
4/6/2024,EverLift,GI,202301,1108693,Frederick Endoscopy Center,,,,,20197473,90377061,Invoice,1400,181.8,20,28000,27818.2
4/6/2024,InjeTAK,Uro,202301,1108203,East Carolina University,,,,,20196788,90377058,Invoice,652,174.8,8,5216,5041.2
4/6/2024,Kiwi,CI,202301,1059885,O.L.V. Van Lourdes Ziekenhuis Waregem,,,,,20151737,90376497,Invoice,712.56,93.7,15,10688.4,10594.7
4/6/2024,Nexam,Uro,202301,1083968,CH Albi,,,,,20171122,90376488,Invoice,26590.57,11117.87,1,26590.57,15472.7
4/6/2024,Optilume Strictures,Uro,202301,1089201,Hospital LogiServe GmbH,,,,,1060305,90376436,Invoice,0,484.21,0,0,-484.21
4/6/2024,Optilume Strictures,Uro,202301,1089201,Hospital LogiServe GmbH,,,,,1060305,90376436,Invoice,0,60.79,0,0,-60.79
4/6/2024,Other GI Supply Disposables,GI,202301,1107727,SOUTHEAST VALLEY ENDOSCOPY CENTER ACCOUNTS PAYABLE,,,,,20196107,90377053,Invoice,125,0,5,625,625
4/6/2024,Other GI Supply Disposables,GI,202301,1107727,SOUTHEAST VALLEY ENDOSCOPY CENTER ACCOUNTS PAYABLE,,,,,20196107,90377053,Invoice,200,0,8,1600,1600
4/6/2024,Other Uro Dx Disposables,Uro,202301,1083968,CH Albi,,,,,20171122,90376488,Invoice,17.26,3.82,1,17.26,13.44
4/6/2024,Ph/Impedance Catheters,GI,202301,1059839,AZ Sint-Jan AV,,,,,20151803,90376495,Invoice,496.24,94.24,5,2481.2,2386.96
4/6/2024,Ph/Impedance Catheters,GI,202301,1058913,BioElektronika d.o.o.,,,,,1058913,90376501,Invoice,1331.27,320.28,15,19969.05,19648.77
4/6/2024,Portascan 3D,Uro,202301,1061928,West Suffolk Hospital,,,,,20151503,90376472,Invoice,9147.16,0,1,9147.16,9147.16
4/6/2024,Portascan 3D,Uro,202301,1061928,West Suffolk Hospital,,,,,20151503,90376472,Invoice,0,0.01,0,0,-0.01
4/6/2024,T-Doc Catheters,Uro,202301,1108550,Women First of Louisville PLLC,,,,,20197245,90377059,Invoice,808,57.8,20,16160,16102.2
4/6/2024,T-Doc Catheters,Uro,202301,1108550,Women First of Louisville PLLC,,,,,20197245,90377059,Invoice,1208,92.4,20,24160,24067.6
4/6/2024,Tubing,Uro,202301,1060253,Helios Beschaffungsmanagement GmbH,,,,,20170058,90376432,Invoice,443.43,145.11,50,22171.5,22026.39
4/6/2024,UDS Other Service & Repairs,Uro,202301,1061928,West Suffolk Hospital,,,,,20151503,90376472,Invoice,0,24.17,0,0,-24.17
4/6/2024,Uro iList NG & HL-7,Uro,202301,1060830,Sana Kliniken Landkreis Biberach GmbH,,,,,1060830,90376445,Invoice,1051.93,22.75,1,1051.93,1029.18
4/6/2024,Uro iList NG & HL-7,Uro,202301,1060830,Sana Kliniken Landkreis Biberach GmbH,,,,,1060830,90376445,Invoice,0,1023.81,1,0,-1023.81
4/7/2024,babyLance,CI,202301,1022444,Mercy Health,,,,,20163086,90376533,Invoice,280,156,400,112000,111844
4/7/2024,BoogieBaby,CI,202301,1020181,HCA Valley Regional Medical Center,,,,,20170165,90376530,Invoice,189,67,100,18900,18833
4/7/2024,BoogieBaby,CI,202301,1078678,Concordance Healthcare Solutions,,,,,20162426,90376536,Invoice,217.35,51,100,21735,21684
4/7/2024,Clearview,CI,202301,1069499,Bravis ziekenhuis Crediteurenadministratie,,,,,20150976,90376514,Invoice,374.38,96.46,5,1871.9,1775.44
4/7/2024,Incontinence UPC Lead Sets,Uro,202301,1059209,St. Jans Gasthuis Weert B.V.,,,,,20156357,90376517,Invoice,1325.69,237.71,6,7954.14,7716.43
4/7/2024,Kiwi,CI,202301,1070200,Leids Universitair Medisch Centrum Crediteurenadministratie,,,,,20153604,90376511,Invoice,726.77,93.7,15,10901.55,10807.85
4/7/2024,Kiwi,CI,202301,1078678,Concordance Healthcare Solutions,,,,,20162415,90376535,Invoice,1925,352.55,55,105875,105522.45
4/7/2024,Kiwi,CI,202301,1078679,Cardinal Health,,,,,20162537,90376542,Invoice,600,107.85,15,9000,8892.15
4/7/2024,Koala,CI,202301,1078679,Cardinal Health,,,,,20162507,90376549,Invoice,1122,181.2,40,44880,44698.8
4/7/2024,Nexam,Uro,202301,1070382,MEQnordic A/S Accouning Dept.,,,,,20151617,90376503,Invoice,240.85,43.54,2,481.7,438.16
4/7/2024,Other GI Disposables,GI,202301,1059255,"Endotherapeutics Pty. Ltd, Australia",,,,,1059255,90376518,Invoice,0,245.27,36,0,-245.27
4/7/2024,Other Uro Dx Equipment,Uro,202301,1059003,Sisk Healthcare t/a M.E.D. Surgical Unit 3,,,,,20150917,90376504,Invoice,2127.99,1510.01,1,2127.99,617.98
4/7/2024,ROM,CI,202301,1019652,BJC Healthcare,,,,,20084731,90376527,Invoice,900,135.25,25,22500,22364.75
4/7/2024,ROM,CI,202301,1078679,Cardinal Health,,,,,20162530,90376547,Invoice,7400,1082,200,1480000,1478918
4/7/2024,Traxi,CI,202301,1078679,Cardinal Health,,,,,20162537,90376542,Invoice,1400,178.2,20,28000,27821.8
4/8/2024,babyLance,CI,202301,1078745,"Medline Industries, Inc",,,,,20163058,90376587,Invoice,1092.5,448.5,1150,1256375,1255926.5
4/8/2024,BoogieBaby,CI,202301,1078745,"Medline Industries, Inc",,,,,20163027,90376583,Invoice,200,52,100,20000,19948
4/8/2024,Clearview,CI,202301,1078745,"Medline Industries, Inc",,,,,20163058,90376587,Invoice,948.6,170.1,10,9486,9315.9
4/8/2024,Kiwi,CI,202301,1078679,Cardinal Health,,,,,20166710,90376559,Invoice,175,32.05,5,875,842.95
4/8/2024,Kiwi,CI,202301,1078745,"Medline Industries, Inc",,,,,20163019,90376568,Invoice,1575,235.35,45,70875,70639.65
4/8/2024,Kiwi,CI,202301,1078784,OM Owens & Minor,,,,,20163143,90376589,Invoice,400,71.9,10,4000,3928.1
4/8/2024,Kiwi,CI,202301,1078784,OM Owens & Minor,,,,,20163149,90376590,Invoice,350,52.3,10,3500,3447.7
4/8/2024,Kiwi,CI,202301,1078784,OM Owens & Minor,,,,,20163185,90376597,Invoice,1925,287.65,55,105875,105587.35
4/8/2024,Kiwi,CI,202301,1078784,OM Owens & Minor,,,,,20163152,90376602,Invoice,700,128.2,20,14000,13871.8
4/8/2024,Koala,CI,202301,1078745,"Medline Industries, Inc",,,,,20163029,90376571,Invoice,4207.5,679.5,150,631125,630445.5
4/8/2024,ROM,CI,202301,1078745,"Medline Industries, Inc",,,,,20163050,90376562,Invoice,2775,405.75,75,208125,207719.25
4/8/2024,ROM,CI,202301,1078745,"Medline Industries, Inc",,,,,20163057,90376576,Invoice,6475,946.75,175,1133125,1132178.25
4/8/2024,ROM,CI,202301,1078745,"Medline Industries, Inc",,,,,20167995,90376588,Invoice,3700,541,100,370000,369459
4/8/2024,Traxi,CI,202301,1078745,"Medline Industries, Inc",,,,,20163059,90376564,Invoice,1820,118.4,40,72800,72681.6
4/8/2024,Traxi,CI,202301,1078745,"Medline Industries, Inc",,,,,20163045,90376574,Invoice,1365,88.8,30,40950,40861.2
4/8/2024,Traxi,CI,202301,1078745,"Medline Industries, Inc",,,,,20163027,90376583,Invoice,910,59.2,20,18200,18140.8
4/9/2024,Electrodes,Uro,202301,1018968,Roper St Francis Healthcare,,,,,20083994,90376630,Invoice,186,54.2,20,3720,3665.8
4/9/2024,InjeTAK,Uro,202301,1019144,Essentia Health SMMC,,,,,20079481,90376635,Invoice,118,43.7,2,236,192.3
4/9/2024,Kiwi,CI,202301,1078784,OM Owens & Minor,,,,,20163152,90376602,Invoice,200,35.95,5,1000,964.05
4/9/2024,Kiwi,CI,202301,1079725,Horizon Health Network,,,,,20163747,90376624,Invoice,601.05,79.14,15,9015.75,8936.61
4/9/2024,Koala,CI,202301,1078784,OM Owens & Minor,,,,,20168091,90376606,Invoice,280.5,45.3,10,2805,2759.7
4/9/2024,Other Uro Dx Disposables,Uro,202301,1080922,CIUSSS de l' Est-de-l’Ile-de-MTL,,,,,20166048,90376626,Invoice,55.86,10.64,5,279.3,268.66
4/9/2024,Portascan 3D,Uro,202301,1019476,Advanced Urology Institute LLC,,,,,20197479,90376643,Invoice,0,5.93,0,0,-5.93
4/9/2024,T-Doc Catheters,Uro,202301,1078795,Mohawk Medbuy Corporation *12.30.24 CONSOLIDATED*,,,,,20163246,90376617,Invoice,1549.18,116.62,40,61967.2,61850.58
4/9/2024,T-Doc Catheters,Uro,202301,1019049,TidalHealth,,,,,20166302,90376632,Invoice,670,28.9,10,6700,6671.1
4/9/2024,Traxi,CI,202301,1078694,Eastern Health,,,,,20162898,90376616,Invoice,493.8,29.86,10,4938,4908.14
4/9/2024,Tubing,Uro,202301,1019408,BHS Physician Network - Valley,,,,,20171025,90376640,Invoice,577,42,25,14425,14383
4/9/2024,Tubing,Uro,202301,1019473,Advanced Management Solutions,,,,,20168480,90376641,Invoice,2532,252,150,379800,379548
4/9/2024,UDS Other Service & Repairs,Uro,202301,1021763,PartsSource,,,,,20082248,90376645,Invoice,336,178.62,2,672,493.38
4/10/2024,Endoscopy Sheaths,Uro,202301,1020573,Geisinger System Services,,,,,20084929,90376734,Invoice,2476,454.8,40,99040,98585.2
4/10/2024,InjeTAK,Uro,202301,1019681,Axia Women's Health,,,,,20084700,90376659,Invoice,129,43.7,2,258,214.3
4/10/2024,InjeTAK,Uro,202301,1019701,Baptist Health South Florida,,,,,20083653,90376661,Invoice,1304,349.6,16,20864,20514.4
4/10/2024,Optilume Strictures,Uro,202301,1020419,Intermountain Health,,,,,20166303,90376723,Invoice,4790,0,2,9580,9580
4/10/2024,Optilume Strictures,Uro,202301,1020694,Harborview Medical Center **CONSOLIDATED use 1023277**,1023277,,,,20069053,90376747,Invoice,0,603,0,0,-603
4/10/2024,Other Uro Tx Disposables,Uro,202301,1020394,Erlanger Health System,,,,,20068082,90376721,Invoice,298,50.4,12,3576,3525.6
4/10/2024,Other Uro Tx Disposables,Uro,202301,1020573,Geisinger System Services,,,,,20082429,90376735,Invoice,291,390.76,4,1164,773.24
4/10/2024,RenovaRP Consumables,GI,202301,1019605,Appalachian Regional HC Inc.,,,,,20078098,90376648,Invoice,215,115,20,4300,4185
4/10/2024,RenovaRP Consumables,GI,202301,1019605,Appalachian Regional HC Inc.,,,,,20078098,90376648,Invoice,215,115,20,4300,4185
4/10/2024,RenovaRP Consumables,GI,202301,1020468,AdventHealth,,,,,20079288,90376725,Invoice,950,575,100,95000,94425
4/10/2024,T-Doc Catheters,Uro,202301,1019681,Axia Women's Health,,,,,20167248,90376658,Invoice,1840,115.6,40,73600,73484.4
4/10/2024,T-Doc Catheters,Uro,202301,1020050,Atrium Health,,,,,20077688,90376688,Invoice,372,28.9,10,3720,3691.1
4/10/2024,T-Doc Catheters,Uro,202301,1020069,Indiana University Health,,,,,20068291,90376696,Invoice,687,71.6,10,6870,6798.4
4/10/2024,T-Doc Catheters,Uro,202301,1020630,Main Line Health,,,,,20083197,90376742,Invoice,2010,86.7,30,60300,60213.3
4/10/2024,T-Doc Catheters,Uro,202301,1020728,HCA Physician Services,,,,,20196848,90376752,Invoice,1340,57.8,20,26800,26742.2
4/10/2024,Tubing,Uro,202301,1020241,Urology Testing Company,,,,,20079087,90376711,Invoice,777,131.25,75,58275,58143.75
4/11/2024,Electrodes,Uro,202301,1020728,HCA Physician Services,,,,,20196848,90376752,Invoice,186,54.2,20,3720,3665.8
4/11/2024,Incontinence MPQ,Uro,202301,1021270,Meriter Hospital Inc.,,,,,20083859,90376801,Invoice,78,26.76,2,156,129.24
4/11/2024,Optilume Strictures,Uro,202301,1020752,Memorial Hermann Health System,,,,,20074875,90376763,Invoice,4190,0,2,8380,8380
4/11/2024,Optilume Strictures,Uro,202301,1020752,Memorial Hermann Health System,,,,,20083010,90376765,Invoice,16760,0,8,134080,134080
4/11/2024,Optilume Strictures,Uro,202301,1020752,Memorial Hermann Health System,,,,,20083010,90376765,Invoice,0,286.72,0,0,-286.72
4/11/2024,Other GI Supply Disposables,GI,202301,1021327,Penn State Health,,,,,20080307,90376806,Invoice,57.51,16.25,25,1437.75,1421.5
4/11/2024,RenovaRP Consumables,GI,202301,1020971,Kaiser Health Plan Asset Mgmt,,,,,20082030,90376772,Invoice,1850,1150,200,370000,368850
4/11/2024,RenovaRP Consumables,GI,202301,1021169,Mainehealth,,,,,20083708,90376793,Invoice,220,115,20,4400,4285
4/11/2024,Spot Ex,GI,202301,1020752,Memorial Hermann Health System,,,,,20071400,90376758,Invoice,1035,100.8,30,31050,30949.2
4/11/2024,Spot Ex,GI,202301,1021080,Lehigh Valley Health Network,,,,,20194058,90376786,Invoice,345,33.6,10,3450,3416.4
4/11/2024,Spot Ex,GI,202301,1021261,Memorial Health System,,,,,20196900,90376799,Invoice,345,33.6,10,3450,3416.4
4/11/2024,T-Doc Catheters,Uro,202301,1020912,Washington University,,,,,20164074,90376771,Invoice,2530,144.5,50,126500,126355.5
4/11/2024,T-Doc Catheters,Uro,202301,1020971,Kaiser Health Plan Asset Mgmt,,,,,20075052,90376775,Invoice,342,28.9,10,3420,3391.1
4/11/2024,T-Doc Catheters,Uro,202301,1020971,Kaiser Health Plan Asset Mgmt,,,,,20071414,90376776,Invoice,1710,144.5,50,85500,85355.5
4/11/2024,T-Doc Catheters,Uro,202301,1020971,Kaiser Health Plan Asset Mgmt,,,,,20071851,90376777,Invoice,1368,115.6,40,54720,54604.4
4/11/2024,T-Doc Catheters,Uro,202301,1021376,Marietta Memorial Hospital,,,,,20068262,90376808,Invoice,1572,461.6,20,31440,30978.4
4/11/2024,UDS Other Service & Repairs,Uro,202301,1020899,Jackson Health System,,,,,20074129,90376769,Invoice,250,0,1,250,250
4/12/2024,Endoscopy Sheaths,Uro,202301,1060984,CH Valence,,,,,20154215,90376408,Debit Memo,3058.68,968.1,90,275281.2,274313.1
4/12/2024,EverLift,GI,202301,1021515,Northwest Community Healthcare **CONSOLIDATED use 1020365*,1020365,,,,20074198,90376820,Invoice,720,89,20,14400,14311
4/12/2024,Incontinence UPC Lead Sets,Uro,202301,1021703,Urogynecology of Oklahoma PLLC,,,,,20072967,90376842,Invoice,600,46.8,1,600,553.2
4/12/2024,RenovaRP Consumables,GI,202301,1021722,Oregon Health & Science Univ.,,,,,20195165,90376845,Invoice,9000,3619.8,90,810000,806380.2
4/12/2024,Spot Ex,GI,202301,1021454,Memorial Sloan-Kettering,,,,,20194907,90376815,Invoice,380,33.6,10,3800,3766.4
4/12/2024,Spot Ex,GI,202301,1021454,Memorial Sloan-Kettering,,,,,20194907,90376818,Invoice,380,33.6,10,3800,3766.4
4/12/2024,T-Doc Catheters,Uro,202301,1021753,Atlantic Health System,,,,,20083786,90376849,Invoice,2680,115.6,40,107200,107084.4
4/12/2024,T-Doc Catheters,Uro,202301,1021766,University of Pennsylvania Health,,,,,20074964,90376851,Invoice,1764,173.4,60,105840,105666.6
4/12/2024,Tubing,Uro,202301,1021591,Northwell Health,,,,,20074906,90376826,Invoice,4240,420,250,1060000,1059580
4/12/2024,Tubing,Uro,202301,1021699,Ohio Health,,,,,20083090,90376839,Invoice,577,42,25,14425,14383
4/12/2024,Tubing,Uro,202301,1021753,Atlantic Health System,,,,,20077108,90376850,Invoice,577,42,25,14425,14383
4/12/2024,Tubing,Uro,202301,1060962,CH Angoulême,,,,,20152827,90376409,Credit Memo,-64.3,-18.12,-20,1286,1304.12
4/13/2024,Electrodes,Uro,202301,1022280,Village Practice Management Company,,,,,20080003,90376899,Invoice,960,225.3,30,28800,28574.7
4/13/2024,Electrodes,Uro,202301,1022713,Ascension Health Ministry Service C,,,,,20167722,90376940,Invoice,186,54.2,20,3720,3665.8
4/13/2024,InjeTAK,Uro,202301,1021779,Park Nicollet Health Services **CONSOLIDATED use 1020816*,1020816,,,,20170288,90376857,Invoice,815,218.5,10,8150,7931.5
4/13/2024,InjeTAK,Uro,202301,1022236,Scripps Health,,,,,20079331,90376892,Invoice,978,262.2,12,11736,11473.8
4/13/2024,InjeTAK,Uro,202301,1022444,Mercy Health,,,,,20074288,90376915,Invoice,489,131.1,6,2934,2802.9
4/13/2024,Other Uro Dx Disposables,Uro,202301,1021753,Atlantic Health System,,,,,20077108,90376850,Invoice,232,121.2,40,9280,9158.8
4/13/2024,Other Uro Dx Disposables,Uro,202301,1022795,United Health Services Hospitals,,,,,20083718,90376946,Invoice,232,121.2,40,9280,9158.8
4/13/2024,RenovaRP Consumables,GI,202301,1021890,Ardent: Portneuf Medical Center,,,,,20076676,90376861,Invoice,1260,243.8,20,25200,24956.2
4/13/2024,RenovaRP Consumables,GI,202301,1022572,Cleveland Clinic Health,,,,,20073565,90376929,Invoice,360,230,40,14400,14170
4/13/2024,RenovaRP Consumables,GI,202301,1022821,UMass Memorial Health,,,,,20082017,90376948,Invoice,1075,575,100,107500,106925
4/13/2024,Spot Ex,GI,202301,1022290,SSM Health Wisconsin Inc,,,,,20195974,90376901,Invoice,1140,100.8,30,34200,34099.2
4/13/2024,T-Doc Catheters,Uro,202301,1022217,Marshall Shoemaker MD,,,,,20080487,90376891,Invoice,999,46.2,10,9990,9943.8
4/13/2024,T-Doc Catheters,Uro,202301,1022844,University of Texas Medical Branch,,,,,20085032,90376953,Invoice,3350,144.5,50,167500,167355.5
4/13/2024,Tubing,Uro,202301,1022010,My Womens Center,,,,,20068880,90376870,Invoice,1154,84,50,57700,57616
4/13/2024,Tubing,Uro,202301,1022160,Baylor Scott & White Health,,,,,20168331,90376882,Invoice,479,42,25,11975,11933
4/13/2024,Tubing,Uro,202301,1022217,Marshall Shoemaker MD,,,,,20080487,90376891,Invoice,577,42,25,14425,14383
4/13/2024,Water Catheters,Uro,202301,1022325,Orange County Urology Associates Inc,,,,,20163958,90376902,Invoice,764,143.6,40,30560,30416.4
4/14/2024,Electrodes,Uro,202301,1087580,Florida Surgical Specialists,,,,,20168557,90377022,Invoice,186,54.2,20,3720,3665.8
4/14/2024,Incontinence UPC Lead Sets,Uro,202301,1022972,Urology of Indiana,,,,,20168834,90376959,Invoice,1160,93.6,2,2320,2226.4
4/14/2024,Incontinence UPC Lead Sets,Uro,202301,1023019,Urology Associates P.C.,,,,,20083373,90376962,Invoice,28020,1404,30,840600,839196
4/14/2024,InjeTAK,Uro,202301,1023311,Allegheny Health Network,,,,,20067021,90376995,Invoice,326,87.4,4,1304,1216.6
4/14/2024,InjeTAK,Uro,202301,1026836,Loma Linda Mercantile,,,,,20196895,90377009,Invoice,489,131.1,6,2934,2802.9
4/14/2024,Other GI Supply Disposables,GI,202301,1106793,ADENA REGIONAL MEDICAL CENTER ACCOUNTS PAYABLE ADENA DEPT,,,,,20194594,90377044,Invoice,75,0,3,225,225
4/14/2024,Other GI Supply Disposables,GI,202301,1107527,SKYLINE ENDOSCOPY CENTER ACCOUNTS PAYABLE,,,,,20195752,90377050,Invoice,150,0,6,900,900
4/14/2024,Other Uro Dx Disposables,Uro,202301,1079427,Riverside University Health System,,,,,20163458,90377014,Invoice,580,303,100,58000,57697
4/14/2024,Portascan 3D,Uro,202301,1023072,USC University Hospital,,,,,20080153,90376963,Invoice,3150,1724.84,1,3150,1425.16
4/14/2024,Portascan 3D,Uro,202301,1059004,"Mks Medic Sdn. Bhd Wisma Mks, 29",,,,,20156393,90377013,Invoice,0,64.94,0,0,-64.94
4/14/2024,RenovaRP Consumables,GI,202301,1025581,Self Regional Healthcare,,,,,20084395,90377005,Invoice,950,402.2,10,9500,9097.8
4/14/2024,RenovaRP Consumables,GI,202301,1025581,Self Regional Healthcare,,,,,20084395,90377005,Invoice,220,115,20,4400,4285
4/14/2024,Spot Ex,GI,202301,1105773,CAPE AND ISLANDS ENDOSCOPY CENTER ACCOUNTS PAYABLE,,,,,20193103,90377032,Invoice,380,33.6,10,3800,3766.4
4/14/2024,T-Doc Catheters,Uro,202301,1023176,VA Oklahoma City Health Care,,,,,20075385,90376978,Invoice,670,28.9,10,6700,6671.1
4/14/2024,Tubing,Uro,202301,1023007,Urologic Specialists of Oklahoma,,,,,20082534,90376961,Invoice,2072,350,200,414400,414050
4/14/2024,UDS Other Service & Repairs,Uro,202301,1059004,"Mks Medic Sdn. Bhd Wisma Mks, 29",,,,,20156393,90377011,Invoice,0,386.04,0,0,-386.04
4/14/2024,UDS Other Service & Repairs,Uro,202301,1059004,"Mks Medic Sdn. Bhd Wisma Mks, 29",,,,,20156393,90377011,Invoice,0,35.06,0,0,-35.06
4/14/2024,Water Catheters,Uro,202301,1023080,UT Physicians,,,,,20069002,90376965,Invoice,382,74,20,7640,7566
4/15/2024,Anorectal Manometry Catheters,GI,202301,1069305,Universitätsklinikum Jena Zentraler Rechnungseingang,,,,,20152415,90376429,Invoice,1068.11,420.99,20,21362.2,20941.21
4/15/2024,Endoscopy Sheaths,Uro,202301,1061854,Maidstone &Tunbridge Wells NHS Trust,,,,,20155238,90376465,Invoice,970.79,215.83,20,19415.8,19199.97
4/15/2024,Kiwi,CI,202301,1060212,AMEOS Klinikum Aschersleben-Staßfurt GmbH/c/o AMEOS KHG Sachsen-Anhalt mbH,,,,,20170617,90376428,Invoice,270.18,31.24,5,1350.9,1319.66
4/15/2024,Other GI Equipment,GI,202301,1060255,Vivantes - Netzwerk Für Gesundheit GmbH,,,,,1060255,90376433,Invoice,0,21.25,1,0,-21.25
4/15/2024,Ph/Impedance Catheters,GI,202301,1061020,CHRU Tours,,,,,20153537,90376423,Debit Memo,269.72,246.85,10,2697.2,2450.35
4/15/2024,Portascan 3D,Uro,202301,1061928,West Suffolk Hospital,,,,,20151503,90376472,Invoice,0,1595.06,0,0,-1595.06
4/15/2024,Spot Ex,GI,202301,1108726,North Mississippi Medical Center Attn Acccounts Payable,,,,,20076005,90377063,Invoice,760,67.2,20,15200,15132.8
4/15/2024,Tubing,Uro,202301,1060984,CH Valence,,,,,20154215,90376407,Credit Memo,-71.96,-48.01,-25,1799,1847.01
4/15/2024,Tubing,Uro,202301,1022999,Urodynamic PRN LLC,,,,,20076058,90376417,Credit Memo,-146,-70,-50,7300,7370
4/15/2024,Tubing,Uro,202301,1059293,BG Kliniken Ludwigshafen&Tübingen gGmbH - Logistikzentrum,,,,,20153887,90376425,Invoice,368.98,27.62,20,7379.6,7351.98
4/15/2024,Tubing,Uro,202301,1069223,Klinikverbund Südwest gGmbH,,,,,20166571,90376442,Invoice,886.59,290.23,100,88659,88368.77
4/15/2024,Tubing,Uro,202301,1087607,DRK Kliniken Berlin Einkauf,,,,,20170138,90376450,Invoice,534.06,145.12,50,26703,26557.88
4/15/2024,UDS Other Service & Repairs,Uro,202301,1060872,Klinikum Bamberg ** DO NOT USE - SEE BP 1060252 **,,,,,20152368,90376449,Invoice,1618.35,75.21,1,1618.35,1543.14
4/15/2024,Water Catheters,Uro,202301,1022999,Urodynamic PRN LLC,,,,,20076058,90376417,Credit Memo,-362,-71.8,-20,7240,7311.8
4/15/2024,Water Catheters,Uro,202301,1060297,Städt Klinikum Lüneburg gGmbH Einkauf,,,,,20154603,90376435,Invoice,593.39,161.83,50,29669.5,29507.67
4/15/2024,Water Catheters,Uro,202301,1061791,"Southport & Ormskirk Hospital RVY Payables 6575, Phoenix House",,,,,20154159,90376463,Invoice,275.33,205.11,50,13766.5,13561.39
4/16/2024,BoogieBaby,CI,202301,1020181,HCA Valley Regional Medical Center,,,,,20170165,90376530,Invoice,135,40,100,13500,13460
4/16/2024,Endoscopy Parts & Accessories,Uro,202301,1061320,Clinique Mut de Bretagne Occidentale Pharmacie,,,,,20155780,90376482,Invoice,436.52,94.44,1,436.52,342.08
4/16/2024,Esophageal Manometry catheters,GI,202301,1069766,Imelda Vzw Crediteuren,,,,,20153635,90376493,Invoice,1665.13,659.85,10,16651.3,15991.45
4/16/2024,Kiwi,CI,202301,1061849,Hôpitaux Robert Schuman Service Comptabilité,,,,,20171188,90376498,Invoice,1800.25,187.4,30,54007.5,53820.1
4/16/2024,Kiwi,CI,202301,1059209,St. Jans Gasthuis Weert B.V.,,,,,20156357,90376517,Invoice,484.51,62.47,10,4845.1,4782.63
4/16/2024,Koala,CI,202301,1060968,CH Jacques Cœur,,,,,20153399,90376475,Invoice,480.54,54.59,10,4805.4,4750.81
4/16/2024,Koala,CI,202301,1087517,Cardiva 2 S.L,,,,,1087517,90376521,Invoice,3663,809.25,150,549450,548640.75
4/16/2024,Optilume Strictures,Uro,202301,1089377,NHS Fife Hayfield House,,,,,20197319,90376473,Invoice,1652,0,1,1652,1652
4/16/2024,Other GI Disposables,GI,202301,1069766,Imelda Vzw Crediteuren,,,,,20153635,90376494,Invoice,35.04,12.34,1,35.04,22.7
4/16/2024,Other GI Disposables,GI,202301,1070190,Groene Hart Ziekenhuis T.a.v. Crediteurenadministratie,,,,,20153576,90376508,Invoice,286.38,6.47,24,6873.12,6866.65
4/16/2024,Other Uro Dx Disposables,Uro,202301,1058883,Dr Brams Aude,,,,,20166774,90376474,Invoice,377.62,415.38,50,18881,18465.62
4/16/2024,Other Uro Dx Equipment,Uro,202301,1059143,Universitair Medisch Centrum Groningen,,,,,20154272,90376510,Invoice,687.83,0,0,0,0
4/16/2024,Ph/Impedance Catheters,GI,202301,1059197,Zorgsaam Ziekenhuis Crediteurenadministratie,,,,,20153578,90376516,Invoice,681.52,94.24,5,3407.6,3313.36
4/16/2024,Portascan 3D,Uro,202301,1083890,CH St Malo GH RANCE EMERAUDE,,,,,1083890,90376486,Invoice,6311.56,3225.28,1,6311.56,3086.28
4/16/2024,T-Doc Catheters,Uro,202301,1058761,Service Facturier AP/HP SIRET 26750045201928,,,,,20155660,90376478,Invoice,1083.22,105.74,40,43328.8,43223.06
4/16/2024,UDS Other Service & Repairs,Uro,202301,1058798,Advanced Technology Company K.S.C.,,,,,1058798,90376499,Invoice,45.1,0,1,45.1,45.1
4/16/2024,UDS Service Contracts,Uro,202301,1022574,Duly Health: The South Bend Clinic **CONSOLIDATED USE 1020314**,1020314,,,,20067840,90376525,Invoice,5145,0,1,5145,5145
4/16/2024,Uromed,Uro,202301,1061707,Alliance Healthcare Répartition,,,,,20170525,90376484,Invoice,261.74,75.09,10,2617.4,2542.31
4/16/2024,Uromed,Uro,202301,1061716,OCP Répartition,,,,,20153914,90376485,Invoice,219.34,72.29,10,2193.4,2121.11
4/17/2024,babyLance,CI,202301,1022444,Mercy Health,,,,,20163086,90376533,Invoice,560,312,800,448000,447688
4/17/2024,babyLance,CI,202301,1078679,Cardinal Health,,,,,20162538,90376540,Invoice,285,117,300,85500,85383
4/17/2024,Clearview,CI,202301,1078679,Cardinal Health,,,,,20166710,90376555,Invoice,1243.65,240.3,15,18654.75,18414.45
4/17/2024,Kiwi,CI,202301,1078679,Cardinal Health,,,,,20162544,90376544,Invoice,4550,679.9,130,591500,590820.1
4/17/2024,Kiwi,CI,202301,1078679,Cardinal Health,,,,,20166710,90376554,Invoice,1000,179.75,25,25000,24820.25
4/17/2024,Kiwi,CI,202301,1078745,"Medline Industries, Inc",,,,,20163059,90376564,Invoice,2600,467.35,65,169000,168532.65
4/17/2024,Koala,CI,202301,1078678,Concordance Healthcare Solutions,,,,,20162415,90376535,Invoice,1928.5,317.1,70,134995,134677.9
4/17/2024,Koala,CI,202301,1078745,"Medline Industries, Inc",,,,,20163025,90376566,Invoice,1683,271.8,60,100980,100708.2
4/17/2024,Koala,CI,202301,1078745,"Medline Industries, Inc",,,,,20163026,90376567,Invoice,5890.5,951.3,210,1237005,1236053.7
4/17/2024,Koala,CI,202301,1078745,"Medline Industries, Inc",,,,,20163045,90376574,Invoice,3366,543.6,120,403920,403376.4
4/17/2024,Koala,CI,202301,1078745,"Medline Industries, Inc",,,,,20168536,90376581,Invoice,5610,906,200,1122000,1121094
4/17/2024,ROM,CI,202301,1078679,Cardinal Health,,,,,20162538,90376540,Invoice,42.5,30.75,5,212.5,181.75
4/17/2024,ROM,CI,202301,1078745,"Medline Industries, Inc",,,,,20163059,90376564,Invoice,925,135.25,25,23125,22989.75
4/18/2024,babyLance,CI,202301,1078784,OM Owens & Minor,,,,,20163164,90376592,Invoice,60,19.5,50,3000,2980.5
4/18/2024,BoogieBaby,CI,202301,1078745,"Medline Industries, Inc",,,,,20163058,90376587,Invoice,4657.5,1200,3000,13972500,13971300
4/18/2024,Clearview,CI,202301,1078784,OM Owens & Minor,,,,,20163152,90376602,Invoice,1243.65,240.3,15,18654.75,18414.45
4/18/2024,Kiwi,CI,202301,1078745,"Medline Industries, Inc",,,,,20171089,90376582,Invoice,1925,352.55,55,105875,105522.45
4/18/2024,Kiwi,CI,202301,1078784,OM Owens & Minor,,,,,20163188,90376599,Invoice,1050,156.9,30,31500,31343.1
4/18/2024,Kiwi,CI,202301,1078784,OM Owens & Minor,,,,,20163187,90376600,Invoice,175,26.15,5,875,848.85
4/18/2024,Kiwi,CI,202301,1078784,OM Owens & Minor,,,,,20163163,90376601,Invoice,175,26.15,5,875,848.85
4/18/2024,ROM,CI,202301,1078745,"Medline Industries, Inc",,,,,20163058,90376587,Invoice,1850,270.5,50,92500,92229.5
4/18/2024,ROM,CI,202301,1078784,OM Owens & Minor,,,,,20163143,90376589,Invoice,3700,541,100,370000,369459
4/18/2024,ROM,CI,202301,1078784,OM Owens & Minor,,,,,20163176,90376593,Invoice,925,135.25,25,23125,22989.75
4/19/2024,BoogieBaby,CI,202301,1082638,HCA Central Atlantic Div. Supply Chain,,,,,20166889,90376611,Invoice,165,52,100,16500,16448
4/19/2024,Endoscopy Sheaths,Uro,202301,1019473,Advanced Management Solutions,,,,,20168480,90376641,Invoice,5460,69,150,819000,818931
4/19/2024,Incontinence UPC Lead Sets,Uro,202301,1020064,City Of Hope,,,,,20080543,90376695,Invoice,4200,280.8,6,25200,24919.2
4/19/2024,InjeTAK,Uro,202301,1019226,Madison Medical Affiliates,,,,,20171067,90376636,Invoice,163,43.7,2,326,282.3
4/19/2024,Koala,CI,202301,1078784,OM Owens & Minor,,,,,20168091,90376607,Invoice,2805,453,100,280500,280047
4/19/2024,Optilume Strictures,Uro,202301,1020112,Cone Health,,,,,20073346,90376700,Invoice,0,35.84,0,0,-35.84
4/19/2024,Other Uro Dx Disposables,Uro,202301,1078661,Alberta Health Service,,,,,20162375,90376613,Invoice,239.83,38.14,70,16788.1,16749.96
4/19/2024,Other Uro Dx Disposables,Uro,202301,1079678,Northern Health Authority,,,,,20163642,90376621,Invoice,119.17,61.14,20,2383.4,2322.26
4/19/2024,Spot Ex,GI,202301,1019668,Aurora Health *Consolidated* Use BP# 1020857,,,,,20084294,90376654,Invoice,380,33.6,10,3800,3766.4
4/19/2024,Spot Ex,GI,202301,1019810,Boston Medical Center Health System,,,,,20192717,90376670,Invoice,690,67.2,20,13800,13732.8
4/19/2024,Spot Ex,GI,202301,1019856,UNC Appalachian Regional Healthcare,,,,,20081174,90376679,Invoice,380,33.6,10,3800,3766.4
4/19/2024,Spot Ex,GI,202301,1019943,Central Maine Medical Center,,,,,1019943,90376681,Invoice,380,33.6,10,3800,3766.4
4/19/2024,T-Doc Catheters,Uro,202301,1019627,Women's Health Advantage,,,,,20170620,90376649,Invoice,4995,231,50,249750,249519
4/19/2024,T-Doc Catheters,Uro,202301,1019691,Baylor College of Medicine,,,,,20070441,90376660,Invoice,5360,231.2,80,428800,428568.8
4/19/2024,T-Doc Catheters,Uro,202301,1019822,Bozeman Deaconess Hospital,,,,,20074226,90376673,Invoice,999,46.2,10,9990,9943.8
4/19/2024,T-Doc Catheters,Uro,202301,1020159,United Urology Group,,,,,20084692,90376705,Invoice,1390,144.5,50,69500,69355.5
4/19/2024,Tubing,Uro,202301,1019986,Boston Children's Hospital,,,,,20167614,90376683,Invoice,777,131.25,75,58275,58143.75
4/19/2024,UDS Other Service & Repairs,Uro,202301,1019476,Advanced Urology Institute LLC,,,,,20197479,90376643,Invoice,0,3.91,0,0,-3.91
4/20/2024,Electrodes,Uro,202301,1020678,GWU Medical Faculty Associates,,,,,20083288,90376745,Invoice,186,54.2,20,3720,3665.8
4/20/2024,EverLift,GI,202301,1020752,Memorial Hermann Health System,,,,,20074875,90376760,Invoice,350,44.5,10,3500,3455.5
4/20/2024,InjeTAK,Uro,202301,1020519,Fresno Surgical Hospital,,,,,20070496,90376730,Invoice,264,47.36,4,1056,1008.64
4/20/2024,InjeTAK,Uro,202301,1020624,Legacy Health Good Samaritan Med Ct **CONSOLIDATED USE 1020738**,1020738,,,,20072867,90376741,Invoice,1304,349.6,16,20864,20514.4
4/20/2024,Probes -Urostym,Uro,202301,1020236,Complete Women's Healthcare,,,,,20077511,90376710,Invoice,250,44.65,5,1250,1205.35
4/20/2024,RenovaRP Consumables,GI,202301,1020971,Kaiser Health Plan Asset Mgmt,,,,,20075006,90376780,Invoice,900,402.2,10,9000,8597.8
4/20/2024,T-Doc Catheters,Uro,202301,1020360,Eagles Landing Ob/Gyn LLC,,,,,20067337,90376715,Invoice,670,28.9,10,6700,6671.1
4/20/2024,T-Doc Catheters,Uro,202301,1020473,University of Vermont Medical Center,,,,,20079522,90376726,Invoice,0,28.9,10,0,-28.9
4/20/2024,T-Doc Catheters,Uro,202301,1020509,Froedtert Health,,,,,20073903,90376729,Invoice,2997,138.6,30,89910,89771.4
4/20/2024,Tubing,Uro,202301,1020678,GWU Medical Faculty Associates,,,,,20083288,90376745,Invoice,77,39.25,25,1925,1885.75
4/20/2024,Water Catheters,Uro,202301,1020241,Urology Testing Company,,,,,20079087,90376711,Invoice,1415,178,50,70750,70572
4/21/2024,Incontinence UPC Lead Sets,Uro,202301,1020971,Kaiser Health Plan Asset Mgmt,,,,,20071851,90376782,Invoice,552,46.8,1,552,505.2
4/21/2024,Optilume Strictures,Uro,202301,1021279,The Methodist Health System,,,,,20077188,90376803,Invoice,0,603,0,0,-603
4/21/2024,Other GI Disposables,GI,202301,1021161,Lucile Packard Children's Hospital,,,,,20074070,90376791,Invoice,210,92,5,1050,958
4/21/2024,Other Uro Dx Equipment,Uro,202301,1021536,New York Presbyterian Hospital,,,,,20197465,90376821,Invoice,0,2612.98,1,0,-2612.98
4/21/2024,Spot Ex,GI,202301,1021077,St. Luke's Chesterfield Hospital,,,,,20163574,90376785,Invoice,380,33.6,10,3800,3766.4
4/21/2024,Spot Ex,GI,202301,1021259,Methodist Medical Center,,,,,20076918,90376798,Invoice,380,33.6,10,3800,3766.4
4/21/2024,T-Doc Catheters,Uro,202301,1021077,St. Luke's Chesterfield Hospital,,,,,20163574,90376784,Invoice,1340,57.8,20,26800,26742.2
4/21/2024,T-Doc Catheters,Uro,202301,1021279,The Methodist Health System,,,,,20070603,90376802,Invoice,416,37.2,10,4160,4122.8
4/21/2024,T-Doc Catheters,Uro,202301,1021454,Memorial Sloan-Kettering,,,,,20070409,90376813,Invoice,1736,143.2,20,34720,34576.8
4/21/2024,T-Doc Catheters,Uro,202301,1021573,Nemours Foundation,,,,,20077218,90376823,Invoice,999,71.6,10,9990,9918.4
4/22/2024,Kiwi,CI,202301,1078745,"Medline Industries, Inc",,,,,20164100,90376573,Invoice,1400,251.65,35,49000,48748.35
4/22/2024,Kiwi,CI,202301,1078745,"Medline Industries, Inc",,,,,20163050,90376585,Invoice,1600,287.6,40,64000,63712.4
4/22/2024,Koala,CI,202301,1078745,"Medline Industries, Inc",,,,,20167588,90376569,Invoice,3646.5,588.9,130,474045,473456.1
4/22/2024,Koala,CI,202301,1078745,"Medline Industries, Inc",,,,,20163058,90376587,Invoice,5049,815.4,180,908820,908004.6
4/22/2024,Other Uro Dx Disposables,Uro,202301,1021686,Ochsner Health,,,,,20078866,90376837,Invoice,26,3.6,10,260,256.4
4/22/2024,Traxi,CI,202301,1078745,"Medline Industries, Inc",,,,,20162974,90376579,Invoice,1400,178.2,20,28000,27821.8
4/22/2024,Traxi,CI,202301,1078745,"Medline Industries, Inc",,,,,20168536,90376581,Invoice,4200,534.6,60,252000,251465.4
4/23/2024,babyLance,CI,202301,1078784,OM Owens & Minor,,,,,20163151,90376591,Invoice,480,156,400,192000,191844
4/23/2024,babyLance,CI,202301,1078784,OM Owens & Minor,,,,,20163188,90376599,Invoice,427.5,175.5,450,192375,192199.5
4/23/2024,BoogieBaby,CI,202301,1078784,OM Owens & Minor,,,,,20163164,90376592,Invoice,600,123,300,180000,179877
4/23/2024,BoogieBaby,CI,202301,1078784,OM Owens & Minor,,,,,20163183,90376598,Invoice,1040,204,400,416000,415796
4/23/2024,Clearview,CI,202301,1078784,OM Owens & Minor,,,,,20163187,90376600,Invoice,2072.75,400.5,25,51818.75,51418.25
4/23/2024,Kiwi,CI,202301,1078784,OM Owens & Minor,,,,,20163187,90376600,Invoice,1200,215.7,30,36000,35784.3
4/23/2024,Kiwi,CI,202301,1078784,OM Owens & Minor,,,,,20163163,90376601,Invoice,700,128.2,20,14000,13871.8
4/23/2024,Kiwi,CI,202301,1078784,OM Owens & Minor,,,,,20163163,90376601,Invoice,200,35.95,5,1000,964.05
4/23/2024,Kiwi,CI,202301,1079725,Horizon Health Network,,,,,20167076,90376623,Invoice,601.05,79.14,15,9015.75,8936.61
4/23/2024,Koala,CI,202301,1078784,OM Owens & Minor,,,,,20168091,90376608,Invoice,280.5,45.3,10,2805,2759.7
4/23/2024,ROM,CI,202301,1078784,OM Owens & Minor,,,,,20163149,90376590,Invoice,925,135.25,25,23125,22989.75
4/23/2024,ROM,CI,202301,1078784,OM Owens & Minor,,,,,20168091,90376605,Invoice,3700,541,100,370000,369459
4/23/2024,T-Doc Catheters,Uro,202301,1078830,Trillium Health Partners,,,,,20163293,90376618,Invoice,938.45,87.46,30,28153.5,28066.04
4/24/2024,Goby EQ/IV/SC/TP,Uro,202301,1019067,Glen Meade Ctr for Womens Health *CONSOLIDATED use 1021590*,1021590,,,,20168775,90376633,Invoice,0,0,1,0,0
4/24/2024,Other GI Supply Disposables,GI,202301,1019842,Brooke Army Medical Center,,,,,20192694,90376677,Invoice,194,69,100,19400,19331
4/24/2024,Other GI Supply Disposables,GI,202301,1020008,HCA Chippenham/Johnston Willis Hospitals,,,,,20079608,90376684,Invoice,50,0,2,100,100
4/24/2024,Other GI Supply Disposables,GI,202301,1020050,Atrium Health,,,,,20080007,90376687,Invoice,50,0,2,100,100
4/24/2024,Other Uro Dx Disposables,Uro,202301,1019473,Advanced Management Solutions,,,,,20168480,90376641,Invoice,372,242.4,80,29760,29517.6
4/24/2024,Portascan 3D,Uro,202301,1021763,PartsSource,,,,,20084640,90376647,Invoice,6300,3449.68,2,12600,9150.32
4/24/2024,RenovaRP Consumables,GI,202301,1019605,Appalachian Regional HC Inc.,,,,,20078098,90376648,Invoice,260,60.95,5,1300,1239.05
4/24/2024,T-Doc Catheters,Uro,202301,1019627,Women's Health Advantage,,,,,20170620,90376649,Invoice,3350,144.5,50,167500,167355.5
4/24/2024,T-Doc Catheters,Uro,202301,1019835,Mass General Brigham,,,,,20074604,90376674,Invoice,1340,57.8,20,26800,26742.2
4/24/2024,Tubing,Uro,202301,1080924,North Bay Regional Health Centre,,,,,20163605,90376627,Invoice,670.32,176.54,100,67032,66855.46
4/24/2024,Tubing,Uro,202301,1019986,Boston Children's Hospital,,,,,20167614,90376683,Invoice,1731,126,75,129825,129699
4/24/2024,UDS Other Service & Repairs,Uro,202301,1019476,Advanced Urology Institute LLC,,,,,20197479,90376643,Invoice,0,178.62,0,0,-178.62
4/24/2024,Water Catheters,Uro,202301,1080924,North Bay Regional Health Centre,,,,,20163605,90376627,Invoice,402.19,100.17,30,12065.7,11965.53
4/24/2024,Water Catheters,Uro,202301,1020034,Ann & Robert H.Lurie Childrens Hospital,,,,,20068135,90376685,Invoice,1092,198.6,60,65520,65321.4
4/25/2024,Electrodes,Uro,202301,1020163,Cape Regional Physicians Associates,,,,,20070637,90376709,Invoice,465,135.5,50,23250,23114.5
4/25/2024,Endoscopy Sheaths,Uro,202301,1020394,Erlanger Health System,,,,,20068082,90376720,Invoice,1848,18,40,73920,73902
4/25/2024,Endoscopy Sheaths,Uro,202301,1020541,Carolina Urology Partners,,,,,20068267,90376732,Invoice,1900,18.5,50,95000,94981.5
4/25/2024,InjeTAK,Uro,202301,1020050,Atrium Health,,,,,20079523,90376689,Invoice,1630,437,20,32600,32163
4/25/2024,InjeTAK,Uro,202301,1020385,Enloe Medical Center,,,,,20083897,90376718,Invoice,660,118.4,10,6600,6481.6
4/25/2024,Optilume Strictures,Uro,202301,1020694,Harborview Medical Center **CONSOLIDATED use 1023277**,1023277,,,,20069053,90376747,Invoice,0,448.8,0,0,-448.8
4/25/2024,Optilume Strictures,Uro,202301,1020694,Harborview Medical Center **CONSOLIDATED use 1023277**,1023277,,,,20069053,90376747,Invoice,0,71.68,0,0,-71.68
4/25/2024,Optilume Strictures,Uro,202301,1020694,Harborview Medical Center **CONSOLIDATED use 1023277**,1023277,,,,20069053,90376747,Invoice,2095,0,1,2095,2095
4/25/2024,Other GI Supply Disposables,GI,202301,1020621,CHI - Common Spirit Health,,,,,20163648,90376736,Invoice,194,69,100,19400,19331
4/25/2024,T-Doc Catheters,Uro,202301,1020509,Froedtert Health,,,,,20073903,90376729,Invoice,2010,86.7,30,60300,60213.3
4/25/2024,UDS Other Service & Repairs,Uro,202301,1020390,St. Elizabeth Healthcare,,,,,20084001,90376719,Invoice,0,45.63,1,0,-45.63
4/26/2024,InjeTAK,Uro,202301,1020743,Henry Ford Health System,,,,,20071542,90376756,Invoice,528,94.72,8,4224,4129.28
4/26/2024,Optilume Strictures,Uro,202301,1020694,Harborview Medical Center **CONSOLIDATED use 1023277**,1023277,,,,20069053,90376747,Invoice,0,35.84,0,0,-35.84
4/26/2024,Other Uro Dx Disposables,Uro,202301,1020752,Memorial Hermann Health System,,,,,20081773,90376764,Invoice,159,74.01,3,477,402.99
4/26/2024,RenovaRP Consumables,GI,202301,1020752,Memorial Hermann Health System,,,,,20083228,90376762,Invoice,440,230,40,17600,17370
4/26/2024,RenovaRP Consumables,GI,202301,1021083,Lexington Medical Center,,,,,20073947,90376787,Invoice,585,345,60,35100,34755
4/26/2024,RenovaRP Consumables,GI,202301,1021169,Mainehealth,,,,,20083708,90376793,Invoice,620,121.9,10,6200,6078.1
4/26/2024,T-Doc Catheters,Uro,202301,1020707,Hartford Health Care Corporation,,,,,20167725,90376750,Invoice,670,28.9,10,6700,6671.1
4/26/2024,T-Doc Catheters,Uro,202301,1020728,HCA Physician Services,,,,,20196848,90376752,Invoice,1998,92.4,20,39960,39867.6
4/26/2024,T-Doc Catheters,Uro,202301,1020902,Jackson Urological Associates PC,,,,,20081347,90376770,Invoice,2010,86.7,30,60300,60213.3
4/26/2024,T-Doc Catheters,Uro,202301,1020971,Kaiser Health Plan Asset Mgmt,,,,,20070373,90376773,Invoice,2040,184.8,40,81600,81415.2
4/26/2024,Tubing,Uro,202301,1020902,Jackson Urological Associates PC,,,,,20081347,90376770,Invoice,577,42,25,14425,14383
4/27/2024,Endoscopy Sheaths,Uro,202301,1021737,OSF Healthcare System,,,,,20083644,90376848,Invoice,4340,1126,100,434000,432874
4/27/2024,EverLift,GI,202301,1021600,Northwestern Medicine,,,,,20073760,90376828,Invoice,400,44.5,10,4000,3955.5
4/27/2024,EverLift,GI,202301,1021928,Providence Health & Services,,,,,20195325,90376865,Invoice,800,89,20,16000,15911
4/27/2024,Incontinence UPC Lead Sets,Uro,202301,1021787,Palo Alto Medical Foundation Health Care Division V# 33010,,,,,20074146,90376858,Invoice,934,46.8,1,934,887.2
4/27/2024,Optilume Strictures,Uro,202301,1021279,The Methodist Health System,,,,,20077188,90376803,Invoice,6285,0,3,18855,18855
4/27/2024,Other GI Supply Disposables,GI,202301,1021766,University of Pennsylvania Health,,,,,20081833,90376853,Invoice,180.6,69,100,18060,17991
4/27/2024,Other Uro Dx Disposables,Uro,202301,1022010,My Womens Center,,,,,20068880,90376870,Invoice,60,7.2,20,1200,1192.8
4/27/2024,RenovaRP Consumables,GI,202301,1022013,Reading Hospital (Tower Health),,,,,20195502,90376872,Invoice,430,230,40,17200,16970
4/27/2024,Spot Ex,GI,202301,1021266,Mercy Medical Center,,,,,20078681,90376800,Invoice,1140,100.8,30,34200,34099.2
4/27/2024,Spot Ex,GI,202301,1022075,Reid Outpatient Surgery and Endoscopy LL,,,,,20080427,90376875,Invoice,380,33.6,10,3800,3766.4
4/27/2024,T-Doc Catheters,Uro,202301,1021279,The Methodist Health System,,,,,20070603,90376802,Invoice,1062,86.7,30,31860,31773.3
4/27/2024,T-Doc Catheters,Uro,202301,1021595,Northwest Ohio Ctr.for Urogynecology,,,,,20074918,90376827,Invoice,1380,86.7,30,41400,41313.3
4/27/2024,T-Doc Catheters,Uro,202301,1021779,Park Nicollet Health Services **CONSOLIDATED use 1020816*,1020816,,,,20077839,90376855,Invoice,2680,115.6,40,107200,107084.4
4/28/2024,Electrodes,Uro,202301,1022325,Orange County Urology Associates Inc,,,,,20163958,90376902,Invoice,372,108.4,40,14880,14771.6
4/28/2024,Optilume Strictures,Uro,202301,1022362,Spencer Municipal Hospital,,,,,20075117,90376904,Invoice,0,402,0,0,-402
4/28/2024,RenovaRP Consumables,GI,202301,1022572,Cleveland Clinic Health,,,,,20078043,90376928,Invoice,185,60.95,5,925,864.05
4/28/2024,Spot Ex,GI,202301,1022170,Sinai Chicago Health System,,,,,20084356,90376887,Invoice,380,33.6,10,3800,3766.4
4/28/2024,T-Doc Catheters,Uro,202301,1022160,Baylor Scott & White Health,,,,,20168331,90376882,Invoice,354,28.9,10,3540,3511.1
4/28/2024,T-Doc Catheters,Uro,202301,1022217,Marshall Shoemaker MD,,,,,20080487,90376891,Invoice,670,28.9,10,6700,6671.1
4/28/2024,T-Doc Catheters,Uro,202301,1022256,Inspira Medical Group (NJ),,,,,20080649,90376894,Invoice,1340,57.8,20,26800,26742.2
4/28/2024,T-Doc Catheters,Uro,202301,1022325,Orange County Urology Associates Inc,,,,,20163958,90376902,Invoice,1840,115.6,40,73600,73484.4
4/28/2024,T-Doc Catheters,Uro,202301,1022680,Urology Associates LLC **CONSOLIDATED USE 1022625**,1022625,,,,20076629,90376938,Invoice,670,28.9,10,6700,6671.1
4/28/2024,Tubing,Uro,202301,1022677,University of Alabama at Birmingham,,,,,20069586,90376937,Invoice,400,87.5,50,20000,19912.5
4/29/2024,Endoscopy Sheaths,Uro,202301,1022713,Ascension Health Ministry Service C,,,,,20167751,90376945,Invoice,1238,7.4,20,24760,24752.6
4/29/2024,Incontinence UPC Lead Sets,Uro,202301,1079813,Ka'u Hospital,,,,,20163906,90377015,Invoice,934,46.8,1,934,887.2
4/29/2024,Other GI Supply Disposables,GI,202301,1022848,University of Colorado Health,,,,,20195535,90376954,Invoice,312,65,100,31200,31135
4/29/2024,Other Uro Dx Equipment,Uro,202301,1023204,VA Loma Linda Health Care,,,,,20068249,90376983,Invoice,289,145.95,1,289,143.05
4/29/2024,Portascan 3D,Uro,202301,1059004,"Mks Medic Sdn. Bhd Wisma Mks, 29",,,,,20156393,90377013,Invoice,0,1.62,0,0,-1.62
4/29/2024,RenovaRP Consumables,GI,202301,1022822,University Hospitals Health System,,,,,20195537,90376950,Invoice,450,121.9,10,4500,4378.1
4/29/2024,Spot Ex,GI,202301,1082611,Vanderbilt Univ Medical Center,,,,,20166850,90377018,Invoice,1900,168,50,95000,94832
4/29/2024,Spot Ex,GI,202301,1105356,ALLIANCE SURGERY CENTER ACCOUNTS PAYABLE,,,,,20192505,90377024,Invoice,345,33.6,10,3450,3416.4
4/29/2024,T-Doc Catheters,Uro,202301,1022713,Ascension Health Ministry Service C,,,,,20167751,90376945,Invoice,1340,57.8,20,26800,26742.2
4/29/2024,T-Doc Catheters,Uro,202301,1022806,West Virgina University Medicine,,,,,20083308,90376947,Invoice,670,28.9,10,6700,6671.1
4/29/2024,T-Doc Catheters,Uro,202301,1023237,VCU Health System,,,,,20168829,90376987,Invoice,670,28.9,10,6700,6671.1
4/29/2024,T-Doc Catheters,Uro,202301,1023308,Westchester County Health Care Corp,,,,,20077530,90376993,Invoice,670,28.9,10,6700,6671.1
4/29/2024,UDS Other Service & Repairs,Uro,202301,1059004,"Mks Medic Sdn. Bhd Wisma Mks, 29",,,,,20156393,90377011,Invoice,0,249.28,0,0,-249.28
4/29/2024,Urostym,Uro,202301,1080970,Tecnologias Medicas Colombia SAS,,,,,20166137,90377016,Invoice,234.93,5.53,1,234.93,229.4
4/30/2024,3rd party,CI,202301,1089236,Klinikum der Stadt Wolfsburg Rechnungsempfänger,,,,,1089065,90376451,Invoice,1000.9,664.61,50,50045,49380.39
4/30/2024,babyLance,CI,202301,1069223,Klinikverbund Südwest gGmbH,,,,,20166571,90376442,Invoice,496.29,168.3,400,198516,198347.7
4/30/2024,DSD,CI,202301,1061863,NHS Supply Chain NHS Suppply Chain Accounts Payable,,,,,20151486,90377066,Invoice,121.15,43.45,50,6057.5,6014.05
4/30/2024,Other GI Supply Disposables,GI,202301,1107696,STERLING SURGICAL CENTER ACCOUNTS PAYABLE,,,,,20196065,90377052,Invoice,100,0,4,400,400
4/30/2024,Other GI Supply Disposables,GI,202301,1107727,SOUTHEAST VALLEY ENDOSCOPY CENTER ACCOUNTS PAYABLE,,,,,20196107,90377053,Invoice,200,0,8,1600,1600
4/30/2024,Other GI Supply Disposables,GI,202301,1107727,SOUTHEAST VALLEY ENDOSCOPY CENTER ACCOUNTS PAYABLE,,,,,20196107,90377053,Invoice,125,0,5,625,625
4/30/2024,Other Uro Dx Equipment,Uro,202301,1060255,Vivantes - Netzwerk Für Gesundheit GmbH,,,,,1060255,90376433,Invoice,0,39.27,1,0,-39.27
4/30/2024,Spot Ex,GI,202301,1105895,CENTRAL WYOMING OUTPATIENT SURG CTR ACCOUNTS PAYABLE,,,,,20193274,90377033,Invoice,380,33.6,10,3800,3766.4
4/30/2024,Spot Ex,GI,202301,1107883,VA MEDICAL CENTER - CAPE CORAL ACCOUNTS PAYABLE,,,,,20196383,90377054,Invoice,380,33.6,10,3800,3766.4
4/30/2024,Spot Ex,GI,202301,1108051,Wilson Health,,,,,20196607,90377057,Invoice,380,33.6,10,3800,3766.4
4/30/2024,Tubing,Uro,202301,1060962,CH Angoulême,,,,,20152827,90376412,Debit Memo,136.01,27.62,20,2720.2,2692.58
4/30/2024,Tubing,Uro,202301,1022999,Urodynamic PRN LLC,,,,,20076058,90376417,Credit Memo,-336,-25,-50,16800,16825
4/30/2024,Water Catheters,Uro,202301,1060962,CH Angoulême,,,,,20152827,90376414,Credit Memo,-411.28,-252.9,-40,16451.2,16704.1
5/1/2024,BoogieBaby,CI,202301,1078678,Concordance Healthcare Solutions,,,,,20162415,90376535,Invoice,200,52,100,20000,19948
5/1/2024,Breath Test consumables,GI,202301,1059563,De Kinderkliniek,,,,,20156266,90376519,Invoice,43.16,9.52,2,86.32,76.8
5/1/2024,Flowmaster,Uro,202301,1059055,Rombiomedica SRL,,,,,1059055,90376506,Invoice,0,0,0,0,0
5/1/2024,Goby EQ/IV/SC/TP,Uro,202301,1060122,Dr. med. Frank Grutter Reception,,,,,1060122,90376490,Invoice,268.81,76.77,1,268.81,192.04
5/1/2024,Kiwi,CI,202301,1078679,Cardinal Health,,,,,20162524,90376537,Invoice,1800,323.55,45,81000,80676.45
5/1/2024,Optilume Strictures,Uro,202301,1089377,NHS Fife Hayfield House,,,,,20197319,90376473,Invoice,0,242.89,0,0,-242.89
5/1/2024,Other GI Disposables,GI,202301,1069328,Vzw Verenigde Ziekenhuizen Waas & D,,,,,20152499,90376496,Invoice,31.29,12.34,1,31.29,18.95
5/1/2024,Other GI Disposables,GI,202301,1070190,Groene Hart Ziekenhuis T.a.v. Crediteurenadministratie,,,,,20153576,90376508,Invoice,65.25,45.41,1,65.25,19.84
5/1/2024,Ph/Impedance Catheters,GI,202301,1058913,BioElektronika d.o.o.,,,,,1058913,90376501,Invoice,776.8,188.49,10,7768,7579.51
5/1/2024,Portascan 3D,Uro,202301,1061928,West Suffolk Hospital,,,,,20151503,90376472,Invoice,445.43,39.24,1,445.43,406.19
5/1/2024,Unisensor SS,GI,202301,1059143,Universitair Medisch Centrum Groningen,,,,,1059143,90376509,Invoice,9861.42,3344.32,1,9861.42,6517.1
5/1/2024,Uro iList NG & HL-7,Uro,202301,1083968,CH Albi,,,,,20171122,90376488,Invoice,0,1023.81,1,0,-1023.81
5/1/2024,Water Catheters,Uro,202301,1061863,NHS Supply Chain NHS Suppply Chain Accounts Payable,,,,,20151546,90376466,Invoice,74.95,102.56,25,1873.75,1771.19
5/1/2024,Water Catheters,Uro,202301,1069993,Kantonsspital Aarau AG Financen und Controlling,,,,,20153823,90376491,Invoice,779.81,206.54,30,23394.3,23187.76
5/2/2024,babyLance,CI,202301,1078679,Cardinal Health,,,,,20162538,90376540,Invoice,95,39,100,9500,9461
5/2/2024,babyLance,CI,202301,1078679,Cardinal Health,,,,,20162538,90376540,Invoice,760,312,800,608000,607688
5/2/2024,Kiwi,CI,202301,1078745,"Medline Industries, Inc",,,,,20163059,90376564,Invoice,3850,575.3,110,423500,422924.7
5/2/2024,Kiwi,CI,202301,1061027,CH Jura Sud - Site Lons le Saunier,,,,,20151784,90376415,Debit Memo,1558.47,187.4,30,46754.1,46566.7
5/2/2024,Koala,CI,202301,1078679,Cardinal Health,,,,,20162541,90376543,Invoice,280.5,45.3,10,2805,2759.7
5/2/2024,Koala,CI,202301,1078679,Cardinal Health,,,,,20162546,90376545,Invoice,841.5,135.9,30,25245,25109.1
5/2/2024,ROM,CI,202301,1078679,Cardinal Health,,,,,20162536,90376546,Invoice,255,184.5,30,7650,7465.5
5/2/2024,ROM,CI,202301,1078679,Cardinal Health,,,,,20162530,90376547,Invoice,340,246,40,13600,13354
5/2/2024,Traxi,CI,202301,1078679,Cardinal Health,,,,,20162536,90376546,Invoice,2100,267.3,30,63000,62732.7
5/2/2024,Traxi,CI,202301,1078679,Cardinal Health,,,,,20167862,90376553,Invoice,1400,178.2,20,28000,27821.8
5/2/2024,Traxi,CI,202301,1078745,"Medline Industries, Inc",,,,,20163062,90376565,Invoice,2800,356.4,40,112000,111643.6
5/2/2024,Traxi,CI,202301,1078745,"Medline Industries, Inc",,,,,20163019,90376568,Invoice,3500,445.5,50,175000,174554.5
5/2/2024,Tubing,Uro,202301,1060962,CH Angoulême,,,,,20152827,90376411,Credit Memo,-136.01,-27.62,-20,2720.2,2747.82
5/2/2024,Tubing,Uro,202301,1022999,Urodynamic PRN LLC,,,,,20076058,90376417,Credit Memo,-336,-25,-50,16800,16825
5/2/2024,Water Catheters,Uro,202301,1060962,CH Angoulême,,,,,20152827,90376416,Debit Memo,411.28,252.9,40,16451.2,16198.3
5/3/2024,babyLance,CI,202301,1069898,Marienhaus Dienstleistungen GmbH BUK0952,,,,,20171028,90376441,Invoice,86.31,21.04,50,4315.5,4294.46
5/3/2024,Electrodes,Uro,202301,1060364,KRH Klinikum Region Hannover GmbH Beschaffungsmanagement,,,,,20197252,90376438,Invoice,129.47,5.83,60,7768.2,7762.37
5/3/2024,Nexam,Uro,202301,1060830,Sana Kliniken Landkreis Biberach GmbH,,,,,1060830,90376444,Invoice,0,21.25,1,0,-21.25
5/3/2024,Other GI Disposables,GI,202301,1069305,Universitätsklinikum Jena Zentraler Rechnungseingang,,,,,20152415,90376430,Invoice,233.04,97.37,25,5826,5728.63
5/3/2024,Other Uro Dx Equipment,Uro,202301,1060830,Sana Kliniken Landkreis Biberach GmbH,,,,,1060830,90376444,Invoice,174.78,34.11,1,174.78,140.67
5/3/2024,Tubing,Uro,202301,1060962,CH Angoulême,,,,,20152827,90376418,Credit Memo,-457.89,-208.02,-40,18315.6,18523.62
5/3/2024,Uro iList NG & HL-7,Uro,202301,1060830,Sana Kliniken Landkreis Biberach GmbH,,,,,1060830,90376446,Invoice,1051.93,22.75,1,1051.93,1029.18
5/3/2024,Uro iList NG & HL-7,Uro,202301,1060830,Sana Kliniken Landkreis Biberach GmbH,,,,,1060830,90376446,Invoice,0,1023.81,1,0,-1023.81
5/4/2024,Anorectal Manometry Catheters,GI,202301,1058883,Dr Brams Aude,,,,,20166774,90376474,Invoice,8011.91,7629.98,200,1602382,1594752.02
5/4/2024,Endoscopy Parts & Accessories,Uro,202301,1061320,Clinique Mut de Bretagne Occidentale Pharmacie,,,,,20155780,90376482,Invoice,731.82,102,1,731.82,629.82
5/4/2024,Kiwi,CI,202301,1089154,Kommunalunternehmen Klinikum Fichtelgebirge,,,,,1089154,90376452,Invoice,300.2,31.23,5,1501,1469.77
5/4/2024,Portascan 3D,Uro,202301,1061928,West Suffolk Hospital,,,,,20151503,90376472,Invoice,0,1812.57,0,0,-1812.57
5/4/2024,Tubing,Uro,202301,1061413,Centre Mutualiste Kerpape,,,,,1061413,90376483,Invoice,453.14,127.31,50,22657,22529.69
5/4/2024,UDS Other Service & Repairs,Uro,202301,1060872,Klinikum Bamberg ** DO NOT USE - SEE BP 1060252 **,,,,,20152368,90376449,Invoice,863.12,0,1,863.12,863.12
5/4/2024,UDS Service Contracts,Uro,202301,1083890,CH St Malo GH RANCE EMERAUDE,,,,,1083890,90376486,Invoice,1726.24,0,1,1726.24,1726.24
5/4/2024,Uromed,Uro,202301,1061716,OCP Répartition,,,,,20153914,90376485,Invoice,259.15,96.34,10,2591.5,2495.16
5/4/2024,Water Catheters,Uro,202301,1061863,NHS Supply Chain NHS Suppply Chain Accounts Payable,,,,,20151485,90376468,Invoice,56.29,56.01,25,1407.25,1351.24
5/5/2024,Electrodes,Uro,202301,1059363,Landeskrankenanstalten-Betriebsges. KABEG Klinikum-Klagenfurt am Wörth,,,,,20153067,90376522,Invoice,255.7,161.84,300,76710,76548.16
5/5/2024,Endoscopy Sheaths,Uro,202301,1058952,Meden-Inmed Sp. z o.o.,,,,,1058952,90376502,Invoice,19751.01,6669.11,620,12245626.2,12238957.09
5/5/2024,Kiwi,CI,202301,1070200,Leids Universitair Medisch Centrum Crediteurenadministratie,,,,,20153604,90376512,Invoice,242.26,31.24,5,1211.3,1180.06
5/5/2024,Luna,Uro,202301,1059130,Heliomare Revalidatiecentrum,,,,,1059130,90376507,Invoice,411.18,0,0,0,0
5/5/2024,Nexam,Uro,202301,1083968,CH Albi,,,,,20171122,90376488,Invoice,91.71,24.83,1,91.71,66.88
5/5/2024,Other GI Disposables,GI,202301,1069328,Vzw Verenigde Ziekenhuizen Waas & D,,,,,20152499,90376496,Invoice,31.29,12.34,1,31.29,18.95
5/5/2024,Other GI Disposables,GI,202301,1070190,Groene Hart Ziekenhuis T.a.v. Crediteurenadministratie,,,,,20153576,90376508,Invoice,784.24,214.16,50,39212,38997.84
5/5/2024,Other GI Equipment,GI,202301,1083968,CH Albi,,,,,20171122,90376488,Invoice,270.8,206.65,1,270.8,64.15
5/5/2024,Ph/Impedance Catheters,GI,202301,1058913,BioElektronika d.o.o.,,,,,1058913,90376501,Invoice,1941.99,471.21,25,48549.75,48078.54
5/5/2024,Traxi,CI,202301,1078678,Concordance Healthcare Solutions,,,,,20162415,90376535,Invoice,910,59.2,20,18200,18140.8
5/5/2024,Unisensor SS,GI,202301,1059143,Universitair Medisch Centrum Groningen,,,,,1059143,90376509,Invoice,19966.39,4875.47,1,19966.39,15090.92
5/6/2024,babyLance,CI,202301,1078679,Cardinal Health,,,,,20162541,90376543,Invoice,285,117,300,85500,85383
5/6/2024,babyLance,CI,202301,1078679,Cardinal Health,,,,,20162519,90376551,Invoice,570,234,600,342000,341766
5/6/2024,babyLance,CI,202301,1078679,Cardinal Health,,,,,20162519,90376551,Invoice,47.5,19.5,50,2375,2355.5
5/6/2024,BoogieBaby,CI,202301,1078745,"Medline Industries, Inc",,,,,20163050,90376562,Invoice,465.75,120,300,139725,139605
5/6/2024,BoogieBaby,CI,202301,1078745,"Medline Industries, Inc",,,,,20163059,90376564,Invoice,2200,572,1100,2420000,2419428
5/6/2024,Kiwi,CI,202301,1078679,Cardinal Health,,,,,20162537,90376542,Invoice,350,52.3,10,3500,3447.7
5/6/2024,Kiwi,CI,202301,1078679,Cardinal Health,,,,,20162543,90376548,Invoice,175,26.15,5,875,848.85
5/6/2024,Kiwi,CI,202301,1078745,"Medline Industries, Inc",,,,,20163062,90376565,Invoice,1800,323.55,45,81000,80676.45
5/6/2024,Koala,CI,202301,1078679,Cardinal Health,,,,,20162525,90376538,Invoice,3646.5,588.9,130,474045,473456.1
5/6/2024,Koala,CI,202301,1078679,Cardinal Health,,,,,20162537,90376542,Invoice,1683,271.8,60,100980,100708.2
5/6/2024,Koala,CI,202301,1078745,"Medline Industries, Inc",,,,,20163046,90376572,Invoice,2244,362.4,80,179520,179157.6
5/6/2024,ROM,CI,202301,1078678,Concordance Healthcare Solutions,,,,,20162415,90376535,Invoice,1850,270.5,50,92500,92229.5
5/6/2024,Traxi,CI,202301,1078678,Concordance Healthcare Solutions,,,,,20162426,90376536,Invoice,455,29.6,10,4550,4520.4
5/7/2024,BoogieBaby,CI,202301,1078745,"Medline Industries, Inc",,,,,20164111,90376580,Invoice,3260.25,765,1500,4890375,4889610
5/7/2024,BoogieBaby,CI,202301,1078745,"Medline Industries, Inc",,,,,20163050,90376585,Invoice,7350,1435,3500,25725000,25723565
5/7/2024,Clearview,CI,202301,1078745,"Medline Industries, Inc",,,,,20163058,90376587,Invoice,2072.75,400.5,25,51818.75,51418.25
5/7/2024,Kiwi,CI,202301,1078745,"Medline Industries, Inc",,,,,20163045,90376574,Invoice,1600,287.6,40,64000,63712.4
5/7/2024,Koala,CI,202301,1078745,"Medline Industries, Inc",,,,,20163057,90376576,Invoice,14586,2355.6,520,7584720,7582364.4
5/7/2024,Koala,CI,202301,1078745,"Medline Industries, Inc",,,,,20163044,90376577,Invoice,9817.5,1585.5,350,3436125,3434539.5
5/7/2024,Traxi,CI,202301,1078784,OM Owens & Minor,,,,,20163143,90376589,Invoice,680,89.1,10,6800,6710.9
5/8/2024,InjeTAK,Uro,202301,1078834,Saskatchewan Health Authority,,,,,20166102,90376619,Invoice,134.06,44.08,2,268.12,224.04
5/8/2024,Kiwi,CI,202301,1078784,OM Owens & Minor,,,,,20163155,90376595,Invoice,175,32.05,5,875,842.95
5/8/2024,Kiwi,CI,202301,1078784,OM Owens & Minor,,,,,20163152,90376602,Invoice,350,52.3,10,3500,3447.7
5/8/2024,Koala,CI,202301,1078784,OM Owens & Minor,,,,,20168091,90376603,Invoice,1683,271.8,60,100980,100708.2
5/8/2024,ROM,CI,202301,1078784,OM Owens & Minor,,,,,20163164,90376592,Invoice,925,135.25,25,23125,22989.75
5/8/2024,Spot Ex,GI,202301,1019717,Banner Health,,,,,20163913,90376664,Invoice,380,33.6,10,3800,3766.4
5/8/2024,Traxi,CI,202301,1078784,OM Owens & Minor,,,,,20163143,90376589,Invoice,455,29.6,10,4550,4520.4
5/8/2024,Tubing,Uro,202301,1080888,Hospital Logistics Inc,,,,,20165994,90376625,Invoice,634.57,84.74,50,31728.5,31643.76
5/8/2024,Water Catheters,Uro,202301,1080924,North Bay Regional Health Centre,,,,,20163605,90376627,Invoice,603.29,107.74,30,18098.7,17990.96
5/9/2024,Incontinence UPC Lead Sets,Uro,202301,1020064,City Of Hope,,,,,20067189,90376694,Invoice,1400,93.6,2,2800,2706.4
5/9/2024,Incontinence UPC Lead Sets,Uro,202301,1020378,Legacy Health System,,,,,20081022,90376717,Invoice,5604,280.8,6,33624,33343.2
5/9/2024,Incontinence UPC Lead Sets,Uro,202301,1020555,Greater Boston Urology LLC,,,,,1020555,90376733,Invoice,4670,234,5,23350,23116
5/9/2024,Other GI Supply Disposables,GI,202301,1019747,Beloit Health System,,,,,20075301,90376667,Invoice,118,32.5,50,5900,5867.5
5/9/2024,Other GI Supply Disposables,GI,202301,1020050,Atrium Health,,,,,20080007,90376687,Invoice,25,0,1,25,25
5/9/2024,Other Uro Tx Disposables,Uro,202301,1020541,Carolina Urology Partners,,,,,20068267,90376732,Invoice,291,390.76,4,1164,773.24
5/9/2024,RenovaRP Consumables,GI,202301,1019812,Bon Secours Mercy Health,,,,,20166355,90376671,Invoice,1075,575,100,107500,106925
5/9/2024,Spot Ex,GI,202301,1020069,Indiana University Health,,,,,20081688,90376697,Invoice,380,33.6,10,3800,3766.4
5/9/2024,Spot Ex,GI,202301,1020325,Northern Light Health,,,,,20072476,90376713,Invoice,345,33.6,10,3450,3416.4
5/9/2024,T-Doc Catheters,Uro,202301,1019822,Bozeman Deaconess Hospital,,,,,20074226,90376673,Invoice,670,28.9,10,6700,6671.1
5/9/2024,T-Doc Catheters,Uro,202301,1020050,Atrium Health,,,,,20069771,90376691,Invoice,744,57.8,20,14880,14822.2
5/9/2024,Water Catheters,Uro,202301,1019986,Boston Children's Hospital,,,,,20167614,90376683,Invoice,1415,219.5,50,70750,70530.5
5/10/2024,Electrodes,Uro,202301,1021699,Ohio Health,,,,,20083090,90376839,Invoice,186,54.2,20,3720,3665.8
5/10/2024,Endoscopy Sheaths,Uro,202301,1020573,Geisinger System Services,,,,,20084929,90376734,Invoice,2476,450.4,40,99040,98589.6
5/10/2024,EverLift,GI,202301,1021398,Montefiore Health System,,,,,20084437,90376811,Invoice,2880,356,80,230400,230044
5/10/2024,InjeTAK,Uro,202301,1021454,Memorial Sloan-Kettering,,,,,20084122,90376814,Invoice,155,43.7,2,310,266.3
5/10/2024,InjeTAK,Uro,202301,1021686,Ochsner Health,,,,,20082899,90376838,Invoice,180,47.36,4,720,672.64
5/10/2024,Optilume Strictures,Uro,202301,1020694,Harborview Medical Center **CONSOLIDATED use 1023277**,1023277,,,,20069053,90376747,Invoice,0,71.68,0,0,-71.68
5/10/2024,Optilume Strictures,Uro,202301,1020694,Harborview Medical Center **CONSOLIDATED use 1023277**,1023277,,,,20069053,90376747,Invoice,0,402,0,0,-402
5/10/2024,Optilume Strictures,Uro,202301,1020694,Harborview Medical Center **CONSOLIDATED use 1023277**,1023277,,,,20069053,90376747,Invoice,0,107.52,0,0,-107.52
5/10/2024,Optilume Strictures,Uro,202301,1020694,Harborview Medical Center **CONSOLIDATED use 1023277**,1023277,,,,20069053,90376747,Invoice,0,201,0,0,-201
5/10/2024,Portascan 3D,Uro,202301,1021287,Dignity Health - CA,,,,,20079821,90376805,Invoice,2800,1724.84,1,2800,1075.16
5/10/2024,Spot Ex,GI,202301,1020971,Kaiser Health Plan Asset Mgmt,,,,,20071414,90376778,Invoice,1900,168,50,95000,94832
5/10/2024,Spot Ex,GI,202301,1021600,Northwestern Medicine,,,,,20073760,90376830,Invoice,380,33.6,10,3800,3766.4
5/10/2024,T-Doc Catheters,Uro,202301,1021622,Norcal Urology Group,,,,,20077693,90376833,Invoice,760,57.8,20,15200,15142.2
5/10/2024,T-Doc Catheters,Uro,202301,1021683,Orange Coast Urology,,,,,20076141,90376836,Invoice,670,28.9,10,6700,6671.1
5/10/2024,Unisensor SS,GI,202301,1020899,Jackson Health System,,,,,20074129,90376769,Invoice,0,0,0,0,0
5/11/2024,Anorectal Manometry Catheters,GI,202301,1022572,Cleveland Clinic Health,,,,,20078325,90376931,Invoice,664,231.5,10,6640,6408.5
5/11/2024,Electrodes,Uro,202301,1022433,SSM Health Agnesian HealthCare,,,,,20072947,90376913,Invoice,186,54.2,20,3720,3665.8
5/11/2024,Electrodes,Uro,202301,1022680,Urology Associates LLC **CONSOLIDATED USE 1022625**,1022625,,,,20076629,90376938,Invoice,136,30.04,4,544,513.96
5/11/2024,EverLift,GI,202301,1022170,Sinai Chicago Health System,,,,,20084356,90376887,Invoice,400,44.5,10,4000,3955.5
5/11/2024,InjeTAK,Uro,202301,1021699,Ohio Health,,,,,20067103,90376840,Invoice,163,43.7,2,326,282.3
5/11/2024,InjeTAK,Uro,202301,1022170,Sinai Chicago Health System,,,,,20084356,90376885,Invoice,620,174.8,8,4960,4785.2
5/11/2024,Spot Ex,GI,202301,1021928,Providence Health & Services,,,,,20195957,90376867,Invoice,360,33.6,10,3600,3566.4
5/11/2024,Spot Ex,GI,202301,1022024,Reid Hospital & Health Care Services Inc,,,,,20073945,90376873,Invoice,380,33.6,10,3800,3766.4
5/11/2024,Spot Ex,GI,202301,1022535,Titus County Hospital District dba Titus Regional Medical Center,,,,,1022535,90376921,Invoice,760,67.2,20,15200,15132.8
5/11/2024,Spot Ex,GI,202301,1022584,Texas Health Resources,,,,,20170203,90376932,Invoice,380,33.6,10,3800,3766.4
5/11/2024,T-Doc Catheters,Uro,202301,1021766,University of Pennsylvania Health,,,,,20080745,90376852,Invoice,2180,231,50,109000,108769
5/11/2024,T-Doc Catheters,Uro,202301,1022394,Mount Sinai: St Lukes Roosevelt,,,,,20083697,90376907,Invoice,1164,57.8,20,23280,23222.2
5/11/2024,T-Doc Catheters,Uro,202301,1022713,Ascension Health Ministry Service C,,,,,20170607,90376941,Invoice,1340,57.8,20,26800,26742.2
5/11/2024,Water Catheters,Uro,202301,1022325,Orange County Urology Associates Inc,,,,,20163958,90376902,Invoice,1132,142.4,40,45280,45137.6
5/12/2024,Electrodes,Uro,202301,1022806,West Virgina University Medicine,,,,,20083308,90376947,Invoice,93,27.1,10,930,902.9
5/12/2024,EverLift,GI,202301,1105663,Med Center Health - Bowling Green,,,,,20196965,90377031,Invoice,800,89,20,16000,15911
5/12/2024,InjeTAK,Uro,202301,1087563,DMC Huron Valley Sinai Hospital,,,,,20168515,90377021,Invoice,163,43.7,2,326,282.3
5/12/2024,Other Uro Dx Disposables,Uro,202301,1023072,USC University Hospital,,,,,20071547,90376964,Invoice,232,121.2,40,9280,9158.8
5/12/2024,Other Uro Dx Disposables,Uro,202301,1023148,Vanderbilt University Medical Center,,,,,20078978,90376972,Invoice,60,7.2,20,1200,1192.8
5/12/2024,Portascan 3D,Uro,202301,1059004,"Mks Medic Sdn. Bhd Wisma Mks, 29",,,,,20156393,90377013,Invoice,0,824,0,0,-824
5/12/2024,Spot Ex,GI,202301,1087392,"Lakeland Surgical & Diagnostic Ctr, LLP",,,,,20168234,90377019,Invoice,1520,134.4,40,60800,60665.6
5/12/2024,Spot Ex,GI,202301,1105603,BRANDON SURGI-CENTER ACCOUNTS PAYABLE,,,,,20192870,90377027,Invoice,690,67.2,20,13800,13732.8
5/12/2024,T-Doc Catheters,Uro,202301,1022713,Ascension Health Ministry Service C,,,,,20083141,90376942,Invoice,2680,115.6,40,107200,107084.4
5/12/2024,T-Doc Catheters,Uro,202301,1022806,West Virgina University Medicine,,,,,20083308,90376947,Invoice,999,46.2,10,9990,9943.8
5/12/2024,T-Doc Catheters,Uro,202301,1022966,The Urology Group P.C.,,,,,20073456,90376958,Invoice,4320,433.5,150,648000,647566.5
5/12/2024,T-Doc Catheters,Uro,202301,1023204,VA Loma Linda Health Care,,,,,20068249,90376982,Invoice,2010,86.7,30,60300,60213.3
5/12/2024,T-Doc Catheters,Uro,202301,1079427,Riverside University Health System,,,,,20163458,90377014,Invoice,670,28.9,10,6700,6671.1
5/12/2024,Tubing,Uro,202301,1023080,UT Physicians,,,,,20069002,90376965,Invoice,777,131.25,75,58275,58143.75
5/12/2024,UDS Other Service & Repairs,Uro,202301,1059004,"Mks Medic Sdn. Bhd Wisma Mks, 29",,,,,20156393,90377013,Invoice,0,6.8,0,0,-6.8
5/12/2024,Water Catheters,Uro,202301,1023007,Urologic Specialists of Oklahoma,,,,,20082534,90376961,Invoice,1910,370,100,191000,190630
5/13/2024,Electrodes,Uro,202301,1108550,Women First of Louisville PLLC,,,,,20197245,90377059,Invoice,162,54.2,20,3240,3185.8
5/13/2024,Incontinence UPC Lead Sets,Uro,202301,1108702,"EPE, LLC",,,,,20197487,90377062,Invoice,0,455.6,1,0,-455.6
5/13/2024,Other GI Supply Disposables,GI,202301,1106944,MANNING REGIONAL HEALTHCARE ACCOUNTS PAYABLE,,,,,20194865,90377045,Invoice,450,184,10,4500,4316
5/13/2024,Other GI Supply Disposables,GI,202301,1107727,SOUTHEAST VALLEY ENDOSCOPY CENTER ACCOUNTS PAYABLE,,,,,20196107,90377053,Invoice,125,0,5,625,625
5/13/2024,Spot Ex,GI,202301,1105895,CENTRAL WYOMING OUTPATIENT SURG CTR ACCOUNTS PAYABLE,,,,,20193274,90377034,Invoice,380,33.6,10,3800,3766.4
5/13/2024,Spot Ex,GI,202301,1106122,LEHIGH REGIONAL MEDICAL CENTER ACCOUNTS PAYABLE,,,,,20193599,90377038,Invoice,345,33.6,10,3450,3416.4
5/13/2024,Spot Ex,GI,202301,1107167,East Greenwich Endoscopy Center,,,,,20193563,90377047,Invoice,345,33.6,10,3450,3416.4
5/13/2024,Spot Ex,GI,202301,1108043,WALTER KNOX MEMORIAL HOSPITAL ACCOUNTS PAYABLE,,,,,20196589,90377056,Invoice,380,33.6,10,3800,3766.4
5/13/2024,T-Doc Catheters,Uro,202301,1108568,Greater Texas Healthcare Enterprises dba Tenet Physician Resources,,,,,20197286,90377060,Invoice,3996,184.8,40,159840,159655.2
6/22/2024,GI Other Service (Repairs),GI,202301,29002,Diversatek Healthcare,,,,,,408807,Invoice,250.01,0,1.5,375.015,375.015
6/22/2024,GI Other Service (Repairs),GI,202301,29002,Diversatek Healthcare,,,,,,408807,Invoice,500.01,0,3,1500.03,1500.03
6/22/2024,GI Other Service (Repairs),GI,202301,29002,Diversatek Healthcare,,,,,,408807,Invoice,694.45,0,1,694.45,694.45
6/22/2024,GI Other Service (Repairs),GI,202301,29002,Diversatek Healthcare,,,,,,408807,Invoice,700,0,1,700,700
6/22/2024,GI Other Service (Repairs),GI,202301,29002,Diversatek Healthcare,,,,,,408807,Invoice,444.45,0,0.5,222.225,222.225
6/22/2024,GI Other Service (Repairs),GI,202301,29002,Diversatek Healthcare,,,,,,408808,Invoice,333.34,0,2,666.68,666.68
6/22/2024,GI Other Service (Repairs),GI,202301,29002,Diversatek Healthcare,,,,,,408808,Invoice,2666.67,0,3,8000.01,8000.01
6/22/2024,GI Other Service (Repairs),GI,202301,29002,Diversatek Healthcare,,,,,,408808,Invoice,888.89,0,1,888.89,888.89
6/22/2024,GI Other Service (Repairs),GI,202301,29002,Diversatek Healthcare,,,,,,408808,Invoice,833.33,0,1,833.33,833.33
6/22/2024,GI Other Service (Repairs),GI,202301,29002,Diversatek Healthcare,,,,,,408808,Invoice,500.01,0,3,1500.03,1500.03
6/22/2024,Unisensor SS,GI,202301,29002,Diversatek Healthcare,,,,,,408807,Invoice,0,4630.35,1,0,-4630.35
6/22/2024,Unisensor SS,GI,202301,29002,Diversatek Healthcare,,,,,,408808,Invoice,0,9678.74,1,0,-9678.74
6/23/2024,GI Other Service (Repairs),GI,202301,29002,Diversatek Healthcare,,,,,,408808,Invoice,222.22,0,1,222.22,222.22
6/23/2024,GI Other Service (Repairs),GI,202301,29002,Diversatek Healthcare,,,,,,408808,Invoice,166.67,0,1,166.67,166.67
6/23/2024,GI Other Service (Repairs),GI,202301,29002,Diversatek Healthcare,,,,,,408808,Invoice,888.89,0,1,888.89,888.89
6/23/2024,GI Other Service (Repairs),GI,202301,29002,Diversatek Healthcare,,,,,,408808,Invoice,0,0,1,0,0
6/23/2024,T-Doc Catheters,Uro,202301,1061029,CH Mont de Marsan,,,,,20155750,90377065,Debit Memo,625.76,105.73,40,25030.4,24924.67
6/23/2024,T-Doc Catheters,Uro,202301,1061029,CH Mont de Marsan,,,,,20155750,90377065,Debit Memo,431.56,135.29,20,8631.2,8495.91
6/23/2024,Tubing,Uro,202301,1061029,CH Mont de Marsan,,,,,20155750,90377070,Debit Memo,253.54,98.72,50,12677,12578.28
6/23/2024,Unisensor SS,GI,202301,29002,Diversatek Healthcare,,,,,,408809,Invoice,16802.62,5191.61,1,16802.62,11611.01
6/24/2024,Endoscopy Sheaths,Uro,202301,1060968,CH Jacques Cœur,,,,,20153399,90377081,Debit Memo,1364.59,430.26,40,54583.6,54153.34
6/24/2024,Endoscopy Sheaths,Uro,202301,1060968,CH Jacques Cœur,,,,,20153399,90377086,Credit Memo,-1364.59,-430.26,-40,54583.6,55013.86
6/24/2024,Kiwi,CI,202301,1060972,CH Ajaccio,,,,,20156113,90377094,Debit Memo,1731.63,155.68,30,51948.9,51793.22
6/24/2024,T-Doc Catheters,Uro,202301,1061029,CH Mont de Marsan,,,,,20155750,90377072,Credit Memo,-625.76,-105.73,-40,25030.4,25136.13
6/24/2024,T-Doc Catheters,Uro,202301,1061029,CH Mont de Marsan,,,,,20155750,90377075,Credit Memo,-431.56,-86.31,-20,8631.2,8717.51
6/24/2024,T-Doc Catheters,Uro,202301,1061029,CH Mont de Marsan,,,,,20155750,90377078,Credit Memo,-431.56,-168.09,-20,8631.2,8799.29
6/24/2024,T-Doc Catheters,Uro,202301,1061029,CH Mont de Marsan,,,,,20155750,90377079,Debit Memo,431.56,168.09,20,8631.2,8463.11
6/24/2024,T-Doc Catheters,Uro,202301,1060968,CH Jacques Cœur,,,,,20153399,90377091,Credit Memo,-227.81,-43.16,-10,2278.1,2321.26
6/24/2024,UDS Service Contracts,Uro,202301,1060901,Dartford & Gravesham NHS Trust,,,,,1060901,90377088,Invoice,1935.61,0,1,1935.61,1935.61
6/25/2024,babyLance,CI,202301,1060394,Gesundheit Nordhessen Holding AG,,,,,20152283,90377123,Invoice,1186.79,356.04,1000,1186790,1186433.96
6/25/2024,BoogieBaby,CI,202301,1019609,Arkansas Children's Hospital,,,,,20068520,90377107,Credit Memo,-166.88,-102,-200,33376,33478
6/25/2024,Clearview,CI,202301,1060262,Universitätsklinikum Brandenburg an der Havel GmbH / ZLAG,,,,,20154442,90377118,Invoice,249.61,96.45,5,1248.05,1151.6
6/25/2024,Kiwi,CI,202301,1060972,CH Ajaccio,,,,,20156113,90377102,Debit Memo,1731.63,155.68,30,51948.9,51793.22
6/25/2024,Koala,CI,202301,1060972,CH Ajaccio,,,,,20156113,90377100,Debit Memo,508.81,42.94,10,5088.1,5045.16
6/25/2024,Other GI Disposables,GI,202301,1060253,Helios Beschaffungsmanagement GmbH,,,,,20154863,90377116,Invoice,22.66,12.35,1,22.66,10.31
6/25/2024,Other GI Disposables,GI,202301,1060552,ProServ Rhein - Erft GmbH Einkauf,,,,,20154723,90377129,Invoice,258.94,97.37,25,6473.5,6376.13
6/25/2024,Other Uro Dx Disposables,Uro,202301,1069238,BG Klinikum Hamburg gGmbH Zentraler Einkauf,,,,,20152611,90377120,Invoice,478.6,212,50,23930,23718
6/25/2024,Other Uro Dx Disposables,Uro,202301,1060426,Städt. Klinikum Braunschweig gGmbH,,,,,20152053,90377125,Invoice,957.2,424.01,100,95720,95295.99
6/25/2024,Other Uro Dx Disposables,Uro,202301,1069804,"Universitätsklinikum Bonn AöR Geschäftsbereich 2 Finanzen, Geb.32",,,,,20152297,90377130,Invoice,957.2,424.01,100,95720,95295.99
6/25/2024,Other Uro Dx Disposables,Uro,202301,1060686,SMS medipool AG,,,,,1060686,90377133,Invoice,523.27,212.01,50,26163.5,25951.49
6/25/2024,Ph/Impedance Catheters,GI,202301,1108453,Klinikum Chemnitz gGmbH,,,,,20152587,90377111,Invoice,475.79,126.33,10,4757.9,4631.57
6/25/2024,Ph/Impedance Catheters,GI,202301,1108453,Klinikum Chemnitz gGmbH,,,,,20152587,90377111,Invoice,626.3,94.24,5,3131.5,3037.26
6/25/2024,T-Doc Catheters,Uro,202301,1070268,CH Ajaccio Service Pharmacie - Site Stiletto,,,,,1060972,90377096,Debit Memo,1060.65,172.63,40,42426,42253.37
6/25/2024,Tubing,Uro,202301,1060972,CH Ajaccio,,,,,20156113,90377097,Credit Memo,-630.77,-82.86,-60,37846.2,37929.06
6/25/2024,Tubing,Uro,202301,1060253,Helios Beschaffungsmanagement GmbH,,,,,20155524,90377113,Invoice,443.43,98.72,50,22171.5,22072.78
6/25/2024,Tubing,Uro,202301,1069242,Mühlenkreiskliniken (AöR) Zentraleinkauf,,,,,20153869,90377121,Invoice,534.06,145.12,50,26703,26557.88
6/25/2024,Tubing,Uro,202301,1060659,Agaplesion Logistikzentrum gGmbH,,,,,20155027,90377131,Invoice,1103.71,197.43,100,110371,110173.57
6/25/2024,Water Catheters,Uro,202301,1060253,Helios Beschaffungsmanagement GmbH,,,,,20152099,90377112,Invoice,203.91,80.92,25,5097.75,5016.83
6/25/2024,Water Catheters,Uro,202301,1069242,Mühlenkreiskliniken (AöR) Zentraleinkauf,,,,,20153869,90377121,Invoice,310.72,92.57,20,6214.4,6121.83
6/25/2024,Water Catheters,Uro,202301,1069242,Mühlenkreiskliniken (AöR) Zentraleinkauf,,,,,20153869,90377121,Invoice,267.03,80.92,25,6675.75,6594.83
6/25/2024,Water Catheters,Uro,202301,1060501,Sankt Marien-Hospital Buer GmbH Zentraleinkauf,,,,,1060501,90377126,Invoice,637.63,217.94,50,31881.5,31663.56
6/26/2024,babyLance,CI,202301,1089043,Stadtkrankenhaus Korbach gGmbH Abteilung Einkauf,,,,,1089043,90377145,Invoice,160.54,42.08,100,16054,16011.92
6/26/2024,Kiwi,CI,202301,1069506,ViDia Christliche Kliniken Karlsruh Einkauf & Versorgung,,,,,20170662,90377138,Invoice,540.37,62.47,10,5403.7,5341.23
6/26/2024,Kiwi,CI,202301,1089263,Krankenhaus Aichach Finanzbuchhaltung,,,,,20170101,90377146,Invoice,1104.75,124.94,20,22095,21970.06
6/26/2024,Kiwi,CI,202301,1108725,Jade Hochschule,,,,,1108725,90377148,Invoice,300.2,31.23,5,1501,1469.77
6/26/2024,Other Uro Dx Disposables,Uro,202301,1069223,Klinikverbund Südwest gGmbH,,,,,20166571,90377135,Invoice,917.06,424,100,91706,91282
6/26/2024,Other Uro Dx Disposables,Uro,202301,1060835,Bundeswehrkrankenhaus Ulm,,,,,20152488,90377141,Invoice,539.45,212,50,26972.5,26760.5
6/26/2024,Other Uro Dx Disposables,Uro,202301,1060856,Kliniken Nordoberpfalz AG,,,,,20153464,90377142,Invoice,539.45,212,50,26972.5,26760.5
6/26/2024,Ph/Impedance Catheters,GI,202301,1060794,Kliniken der Stadt und des Landkreises Rosenheim GmbH,,,,,20152307,90377139,Invoice,830.75,658.23,5,4153.75,3495.52
6/26/2024,Tubing,Uro,202301,1060876,Klinikum Würzburg Mitte gGmbH,,,,,20152225,90377144,Invoice,593.39,98.71,50,29669.5,29570.79
6/27/2024,Incontinence UPC Lead Sets,Uro,202301,1061752,Liverpool Women's Hospital NHS FT Trust Finacial Services Dept,,,,,20155632,90377153,Invoice,7319.56,397.46,10,73195.6,72798.14
6/27/2024,InjeTAK,Uro,202301,1061863,NHS Supply Chain NHS Suppply Chain Accounts Payable,,,,,20151485,90377165,Invoice,185.76,91.83,4,743.04,651.21
6/27/2024,InjeTAK,Uro,202301,1061863,NHS Supply Chain NHS Suppply Chain Accounts Payable,,,,,20152822,90377166,Invoice,92.88,45.91,2,185.76,139.85
6/27/2024,Optilume Strictures,Uro,202301,1061743,NHS Greater Glasgow & Clyde Finance Department,,,,,20151700,90377150,Invoice,1652,0,1,1652,1652
6/27/2024,Optilume Strictures,Uro,202301,1061743,NHS Greater Glasgow & Clyde Finance Department,,,,,20151700,90377150,Invoice,0,242.89,0,0,-242.89
6/27/2024,Optilume Strictures,Uro,202301,1061743,NHS Greater Glasgow & Clyde Finance Department,,,,,20151700,90377151,Invoice,1652,0,1,1652,1652
6/27/2024,Optilume Strictures,Uro,202301,1061743,NHS Greater Glasgow & Clyde Finance Department,,,,,20151700,90377152,Invoice,0,242.89,0,0,-242.89
6/27/2024,Optilume Strictures,Uro,202301,1061743,NHS Greater Glasgow & Clyde Finance Department,,,,,20151700,90377152,Invoice,0,30.49,0,0,-30.49
6/27/2024,Other GI Equipment,GI,202301,1061794,Lewisham & Greenwich NHS trust RJ2 Payables 4715,,,,,20153356,90377155,Invoice,4030.87,2245.61,6,24185.22,21939.61
6/27/2024,Other GI Equipment,GI,202301,1061794,Lewisham & Greenwich NHS trust RJ2 Payables 4715,,,,,20153356,90377156,Invoice,4030.87,2245.61,6,24185.22,21939.61
6/27/2024,Other GI Equipment,GI,202301,1070163,Lincolnshire Community Health Serv NHST Accounts Payable (Ref:LCHS),,,,,20170280,90377161,Invoice,5653.49,3742.68,10,56534.9,52792.22
6/27/2024,Other Uro Dx Disposables,Uro,202301,1061808,SHL Spire Healthcare Ltd Accounts Payable,,,,,20170881,90377159,Invoice,27.83,9.52,10,278.3,268.78
6/27/2024,Other Uro Dx Disposables,Uro,202301,1061863,NHS Supply Chain NHS Suppply Chain Accounts Payable,,,,,20152822,90377166,Invoice,187.23,416.72,50,9361.5,8944.78
6/27/2024,UDS Other Service & Repairs,Uro,202301,1108477,Norfolk & Norwich Univ. Hospitals NHSFT RM1 PAYABLES G105,,,,,20153524,90377154,Invoice,0,0,0,0,0
6/27/2024,UDS Other Service & Repairs,Uro,202301,1108477,Norfolk & Norwich Univ. Hospitals NHSFT RM1 PAYABLES G105,,,,,20153524,90377154,Invoice,0,0,0,0,0
6/27/2024,UDS Other Service & Repairs,Uro,202301,1108477,Norfolk & Norwich Univ. Hospitals NHSFT RM1 PAYABLES G105,,,,,20153524,90377154,Invoice,0,0,0,0,0
6/28/2024,3rd party,CI,202301,1082642,GCS PUI Cité Hospitalière Fondation Hopital St Joseph,,,,,20167115,90377191,Invoice,971.01,573.11,20,19420.2,18847.09
6/28/2024,Clearview,CI,202301,1082642,GCS PUI Cité Hospitalière Fondation Hopital St Joseph,,,,,20167115,90377190,Invoice,367.9,96.45,5,1839.5,1743.05
6/28/2024,Ohmega,GI,202301,1061077,CHU de Lille,,,,,1061077,90377175,Invoice,0,0,0,0,0
6/28/2024,Other Uro Dx Disposables,Uro,202301,1061060,CH du Haut Anjou,,,,,20151139,90377174,Invoice,379.23,23.73,50,18961.5,18937.77
6/28/2024,Other Uro Dx Disposables,Uro,202301,1061378,Clinique Mutualiste St Etienne,,,,,20156236,90377181,Invoice,385.71,415.38,50,19285.5,18870.12
6/28/2024,Other Uro Dx Equipment,Uro,202301,1070169,"Royal United Hospital Bath NHS Trus Accounts Payable, Building E8",,,,,20153627,90377167,Invoice,4492.86,1599.81,1,4492.86,2893.05
6/28/2024,Other Uro Dx Equipment,Uro,202301,1061108,CH Orthez,,,,,20155609,90377178,Invoice,194.2,35.29,1,194.2,158.91
6/28/2024,Other Uro Dx Equipment,Uro,202301,1069995,"UniversitätsSpital Zürich DIR FIN, Finanzbuchhaltung",,,,,20154151,90377195,Invoice,530.72,83.74,5,2653.6,2569.86
6/28/2024,Tubing,Uro,202301,1089974,Clinique Rhône Durance DA RHO,,,,,20152542,90377183,Invoice,69.73,74.44,25,1743.25,1668.81
6/28/2024,Tubing,Uro,202301,1079606,Clinique le Bourget,,,,,1079606,90377187,Invoice,469.62,98.72,50,23481,23382.28
6/28/2024,Uromed,Uro,202301,1061710,Cerp Rouen Sas,,,,,20167052,90377185,Invoice,43.87,9.64,1,43.87,34.23
6/28/2024,Uromed,Uro,202301,1061710,Cerp Rouen Sas,,,,,20167054,90377186,Invoice,237.9,90.31,10,2379,2288.69
6/28/2024,Water Catheters,Uro,202301,1058883,Dr Brams Aude,,,,,20166774,90377169,Invoice,388.4,187.72,40,15536,15348.28
6/28/2024,Water Catheters,Uro,202301,9980000968,Patricia Fournier,,,,,9980000968,90377192,Invoice,0,27.08,10,0,-27.08
6/28/2024,Water Catheters,Uro,202301,1059954,Insel Gruppe AG Kreditorenbuchhaltung,,,,,20153822,90377194,Invoice,1029.4,380.84,40,41176,40795.16
6/29/2024,Anorectal Manometry Catheters,GI,202301,1058915,Breslauer Ltd.,,,,,20153352,90377208,Invoice,3685.6,1923.42,40,147424,145500.58
6/29/2024,Clearview,CI,202301,1069309,Universitair Medisch Centrum Gronin Crediteurenadministratie,,,,,20156142,90377217,Invoice,340.05,96.46,5,1700.25,1603.79
6/29/2024,Electrodes,Uro,202301,1069893,GZA vzw t.a.v. Leveranciersadministratie,,,,,20171093,90377204,Invoice,973.17,461.77,200,194634,194172.23
6/29/2024,Endoscopy Sheaths,Uro,202301,1060099,Urologie Lachen Dr. med. Silja Knothe,,,,,1060099,90377197,Invoice,866.5,93.61,10,8665,8571.39
6/29/2024,Kiwi,CI,202301,1059909,AZ Rivierenland VZW,,,,,20154821,90377205,Invoice,242.26,31.24,5,1211.3,1180.06
6/29/2024,Kiwi,CI,202301,1059089,Noordwest Ziekenhuisgroep,,,,,20155812,90377213,Invoice,484.51,80.05,10,4845.1,4765.05
6/29/2024,Other Uro Dx Disposables,Uro,202301,1059789,CU Saint-Luc,,,,,20150987,90377199,Invoice,1273.1,830.75,100,127310,126479.25
6/29/2024,Other Uro Dx Equipment,Uro,202301,1069995,"UniversitätsSpital Zürich DIR FIN, Finanzbuchhaltung",,,,,20154151,90377196,Invoice,106.15,16.74,1,106.15,89.41
6/29/2024,Other Uro Dx Equipment,Uro,202301,1059003,Sisk Healthcare t/a M.E.D. Surgical Unit 3,,,,,20150917,90377212,Invoice,178.92,67.71,4,715.68,647.97
6/29/2024,Other Uro Tx Disposables,Uro,202301,1059691,Moss S.p.A.,,,,,1059691,90377222,Invoice,106.81,51.59,2,213.62,162.03
6/29/2024,Ph/Impedance Catheters,GI,202301,1059836,AZ Sint-Lucas,,,,,20151024,90377201,Invoice,653.92,658.24,5,3269.6,2611.36
6/29/2024,Ph/Impedance Catheters,GI,202301,1059843,VZW Maria Middelares Boekhouding,,,,,20151507,90377202,Invoice,2124.68,631.7,50,106234,105602.3
6/29/2024,Ph/Impedance Catheters,GI,202301,1058951,Medicina y Mercado S.L,,,,,1058951,90377211,Invoice,941.16,188.49,10,9411.6,9223.11
6/29/2024,Ph/Impedance Catheters,GI,202301,1070204,Medisch Spectrum Twente Crediteurenadministratie,,,,,20153732,90377216,Invoice,1486.81,1316.47,10,14868.1,13551.63
6/29/2024,T-Doc Catheters,Uro,202301,1059198,Zorgservice XL t.a.v. Crediteurenadministratie,,,,,20152872,90377220,Invoice,257.49,26.43,10,2574.9,2548.47
6/29/2024,Water Catheters,Uro,202301,1058951,Medicina y Mercado S.L,,,,,20155367,90377210,Invoice,1565.17,812.41,150,234775.5,233963.09
6/29/2024,Water Catheters,Uro,202301,1058951,Medicina y Mercado S.L,,,,,1058951,90377211,Invoice,420.35,258.5,40,16814,16555.5
6/30/2024,babyLance,CI,202301,1078679,Cardinal Health,,,,,20162522,90377240,Invoice,997.5,409.5,1050,1047375,1046965.5
6/30/2024,BoogieBaby,CI,202301,1019609,Arkansas Children's Hospital,,,,,20068520,90377235,Invoice,333.76,102,200,66752,66650
6/30/2024,BoogieBaby,CI,202301,1021872,Professional Medical Inc.,,,,,20166715,90377237,Invoice,1320,416,800,1056000,1055584
6/30/2024,DSD,CI,202301,1078745,"Medline Industries, Inc",,,,,20167294,90377243,Invoice,2656,372,400,1062400,1062028
6/30/2024,EverLift,GI,202301,1106990,MISSISSIPPI VALLEY SURGERY CENTER ACCOUNTS PAYABLE,,,,,20194941,90377231,Invoice,0,0,1,0,0
6/30/2024,EverLift,GI,202301,1022748,Genesis Medical Center Davenport,,,,,20166720,90377232,Invoice,0,0,1,0,0
6/30/2024,EverLift,GI,202301,1019969,Sanford Health,,,,,20084039,90377233,Invoice,0,0,2,0,0
6/30/2024,Kiwi,CI,202301,1078745,"Medline Industries, Inc",,,,,20167294,90377243,Invoice,2450,366.1,70,171500,171133.9
6/30/2024,Kiwi,CI,202301,1078745,"Medline Industries, Inc",,,,,20163068,90377244,Invoice,2800,503.3,70,196000,195496.7
6/30/2024,Koala,CI,202301,1078679,Cardinal Health,,,,,20162522,90377240,Invoice,561,90.6,20,11220,11129.4
6/30/2024,Koala,CI,202301,1078745,"Medline Industries, Inc",,,,,20163022,90377242,Invoice,7293,1177.8,260,1896180,1895002.2
6/30/2024,Optilume Strictures,Uro,202301,1089748,"MoonSurge - Material Médico, Lda. Urbanização Jardim d`Arenes",,,,,1089748,90377225,Invoice,11328.45,0,10,113284.5,113284.5
6/30/2024,Optilume Strictures,Uro,202301,1089748,"MoonSurge - Material Médico, Lda. Urbanização Jardim d`Arenes",,,,,1089748,90377225,Invoice,0,2421.05,0,0,-2421.05
6/30/2024,Optilume Strictures,Uro,202301,1089748,"MoonSurge - Material Médico, Lda. Urbanização Jardim d`Arenes",,,,,1089748,90377225,Invoice,0,303.93,0,0,-303.93
6/30/2024,Optilume Strictures,Uro,202301,1089748,"MoonSurge - Material Médico, Lda. Urbanização Jardim d`Arenes",,,,,1089748,90377225,Invoice,0.54,151.94,5,2.7,-149.24
6/30/2024,ROM,CI,202301,1020042,Christus Health,,,,,20168760,90377236,Invoice,1750,270.5,50,87500,87229.5
6/30/2024,ROM,CI,202301,1022897,Beth Israel Lahey Health,,,,,20197016,90377238,Invoice,38.25,30.75,5,191.25,160.5
6/30/2024,ROM,CI,202301,1078745,"Medline Industries, Inc",,,,,20167294,90377243,Invoice,1850,301,50,92500,92199
6/30/2024,Traxi,CI,202301,1078745,"Medline Industries, Inc",,,,,20163068,90377244,Invoice,3500,445.5,50,175000,174554.5
6/30/2024,UDS Service Contracts,Uro,202301,1019007,Baxter Regional Medical Center,,,,,20074636,90377226,Invoice,5985,0,3,17955,17955
7/1/2024,babyLance,CI,202301,1078745,"Medline Industries, Inc",,,,,20163032,90377245,Invoice,807.5,331.5,850,686375,686043.5
7/1/2024,DSD,CI,202301,1078745,"Medline Industries, Inc",,,,,20163018,90377250,Invoice,332,46.5,50,16600,16553.5
7/1/2024,Kiwi,CI,202301,1078745,"Medline Industries, Inc",,,,,20163068,90377244,Invoice,1925,287.65,55,105875,105587.35
7/1/2024,Kiwi,CI,202301,1078745,"Medline Industries, Inc",,,,,20163018,90377250,Invoice,3000,539.25,75,225000,224460.75
7/1/2024,Koala,CI,202301,1078745,"Medline Industries, Inc",,,,,20163032,90377245,Invoice,7854,1268.4,280,2199120,2197851.6
7/1/2024,Koala,CI,202301,1078745,"Medline Industries, Inc",,,,,20163032,90377245,Invoice,2700,1122.6,60,162000,160877.4
7/1/2024,Koala,CI,202301,1078745,"Medline Industries, Inc",,,,,20163018,90377250,Invoice,6732,1087.2,240,1615680,1614592.8
7/2/2024,babyLance,CI,202301,1078745,"Medline Industries, Inc",,,,,20163018,90377250,Invoice,142.5,58.5,150,21375,21316.5
7/2/2024,babyLance,CI,202301,1078745,"Medline Industries, Inc",,,,,20163018,90377250,Invoice,1615,663,1700,2745500,2744837
7/2/2024,babyLance,CI,202301,1078784,OM Owens & Minor,,,,,20163161,90377255,Invoice,380,156,400,152000,151844
7/2/2024,babyLance,CI,202301,1078784,OM Owens & Minor,,,,,20163161,90377255,Invoice,1805,741,1900,3429500,3428759
7/2/2024,babyLance,CI,202301,1078784,OM Owens & Minor,,,,,20163172,90377257,Invoice,47.5,19.5,50,2375,2355.5
7/2/2024,BoogieBaby,CI,202301,1078745,"Medline Industries, Inc",,,,,20163018,90377250,Invoice,840,164,400,336000,335836
7/2/2024,BoogieBaby,CI,202301,1078745,"Medline Industries, Inc",,,,,20163018,90377250,Invoice,2390.85,561,1100,2629935,2629374
7/2/2024,Clearview,CI,202301,1078784,OM Owens & Minor,,,,,20163193,90377256,Invoice,414.55,80.1,5,2072.75,1992.65
7/2/2024,Kiwi,CI,202301,1078784,OM Owens & Minor,,,,,20163191,90377254,Invoice,200,42,5,1000,958
7/2/2024,Kiwi,CI,202301,1078784,OM Owens & Minor,,,,,20163191,90377254,Invoice,175,32.05,5,875,842.95
7/2/2024,Kiwi,CI,202301,1078784,OM Owens & Minor,,,,,20163161,90377255,Invoice,1050,156.9,30,31500,31343.1
7/2/2024,Kiwi,CI,202301,1078784,OM Owens & Minor,,,,,20163193,90377256,Invoice,400,71.9,10,4000,3928.1
7/2/2024,ROM,CI,202301,1078745,"Medline Industries, Inc",,,,,20163018,90377250,Invoice,2775,451.5,75,208125,207673.5
7/2/2024,ROM,CI,202301,1078745,"Medline Industries, Inc",,,,,20163018,90377250,Invoice,925,135.25,25,23125,22989.75
7/2/2024,ROM,CI,202301,1078784,OM Owens & Minor,,,,,20163161,90377255,Invoice,3700,541,100,370000,369459
7/2/2024,Traxi,CI,202301,1078784,OM Owens & Minor,,,,,20163191,90377254,Invoice,2100,267.3,30,63000,62732.7
7/3/2024,babyLance,CI,202301,1078784,OM Owens & Minor,,,,,20163172,90377257,Invoice,95,39,100,9500,9461
7/3/2024,babyLance,CI,202301,1078784,OM Owens & Minor,,,,,20163190,90377258,Invoice,285,117,300,85500,85383
7/3/2024,babyLance,CI,202301,1078784,OM Owens & Minor,,,,,20163195,90377259,Invoice,95,39,100,9500,9461
7/3/2024,babyLance,CI,202301,1078784,OM Owens & Minor,,,,,20163182,90377260,Invoice,47.5,19.5,50,2375,2355.5
7/3/2024,Kiwi,CI,202301,1078784,OM Owens & Minor,,,,,20163172,90377257,Invoice,175,32.05,5,875,842.95
7/3/2024,Kiwi,CI,202301,1078784,OM Owens & Minor,,,,,20163190,90377258,Invoice,350,52.3,10,3500,3447.7
7/3/2024,Kiwi,CI,202301,1078784,OM Owens & Minor,,,,,20163195,90377259,Invoice,1750,261.5,50,87500,87238.5
7/3/2024,Kiwi,CI,202301,1078784,OM Owens & Minor,,,,,20163195,90377259,Invoice,175,32.05,5,875,842.95
7/3/2024,ROM,CI,202301,1078784,OM Owens & Minor,,,,,20163172,90377257,Invoice,2775,405.75,75,208125,207719.25
7/3/2024,Traxi,CI,202301,1078784,OM Owens & Minor,,,,,20163172,90377257,Invoice,2100,267.3,30,63000,62732.7
7/4/2024,babyLance,CI,202301,1078784,OM Owens & Minor,,,,,20163173,90377263,Invoice,570,234,600,342000,341766
7/4/2024,BoogieBaby,CI,202301,1078784,OM Owens & Minor,,,,,20163173,90377263,Invoice,520,80,200,104000,103920
7/4/2024,BoogieBaby,CI,202301,1078784,OM Owens & Minor,,,,,20171047,90377264,Invoice,210,41,100,21000,20959
7/4/2024,Kiwi,CI,202301,1078784,OM Owens & Minor,,,,,20163182,90377260,Invoice,2275,339.95,65,147875,147535.05
7/4/2024,Kiwi,CI,202301,1078784,OM Owens & Minor,,,,,20163180,90377261,Invoice,4025,601.45,115,462875,462273.55
7/4/2024,Kiwi,CI,202301,1078784,OM Owens & Minor,,,,,20163158,90377262,Invoice,175,26.15,5,875,848.85
7/4/2024,Kiwi,CI,202301,1078784,OM Owens & Minor,,,,,20163158,90377262,Invoice,800,143.8,20,16000,15856.2
7/4/2024,Kiwi,CI,202301,1078784,OM Owens & Minor,,,,,20163173,90377263,Invoice,5425,810.65,155,840875,840064.35
7/4/2024,Kiwi,CI,202301,1078784,OM Owens & Minor,,,,,20163173,90377263,Invoice,2450,448.7,70,171500,171051.3
7/4/2024,Kiwi,CI,202301,1078784,OM Owens & Minor,,,,,20163173,90377263,Invoice,400,71.9,10,4000,3928.1
7/4/2024,Kiwi,CI,202301,1078784,OM Owens & Minor,,,,,20171047,90377264,Invoice,175,26.15,5,875,848.85
7/4/2024,Traxi,CI,202301,1078784,OM Owens & Minor,,,,,20163180,90377261,Invoice,700,89.1,10,7000,6910.9
7/4/2024,Traxi,CI,202301,1078784,OM Owens & Minor,,,,,20163158,90377262,Invoice,2100,267.3,30,63000,62732.7
7/5/2024,babyLance,CI,202301,1078784,OM Owens & Minor,,,,,20163160,90377267,Invoice,47.5,19.5,50,2375,2355.5
7/5/2024,Kiwi,CI,202301,1078784,OM Owens & Minor,,,,,20163169,90377265,Invoice,1050,156.9,30,31500,31343.1
7/5/2024,Kiwi,CI,202301,1078784,OM Owens & Minor,,,,,20163178,90377266,Invoice,175,26.15,5,875,848.85
7/5/2024,Kiwi,CI,202301,1078784,OM Owens & Minor,,,,,20163178,90377266,Invoice,175,32.05,5,875,842.95
7/5/2024,Kiwi,CI,202301,1078784,OM Owens & Minor,,,,,20163160,90377267,Invoice,4725,706.05,135,637875,637168.95
7/5/2024,Kiwi,CI,202301,1078689,CISSS DE LA GASPÉSIE- Hôpital de Maria,,,,,20167149,90377278,Invoice,248.76,32.33,5,1243.8,1211.47
7/5/2024,Koala,CI,202301,1078784,OM Owens & Minor,,,,,20168091,90377271,Invoice,280.5,45.3,10,2805,2759.7
7/5/2024,Koala,CI,202301,1078784,OM Owens & Minor,,,,,20168091,90377272,Invoice,450,187.1,10,4500,4312.9
7/5/2024,ROM,CI,202301,1078784,OM Owens & Minor,,,,,20163178,90377266,Invoice,1850,270.5,50,92500,92229.5
7/5/2024,ROM,CI,202301,1078784,OM Owens & Minor,,,,,20163160,90377267,Invoice,925,135.25,25,23125,22989.75
7/5/2024,ROM,CI,202301,1108492,GBC-ai4org Demo Accounts - Consumer Apps,,,,,20197165,90377276,Invoice,0,135.25,25,0,-135.25
7/5/2024,Traxi,CI,202301,1078784,OM Owens & Minor,,,,,20163178,90377266,Invoice,700,89.1,10,7000,6910.9
7/6/2024,Incontinence MPQ,Uro,202301,1019313,Parkridge Surgery Center,,,,,20073834,90377299,Invoice,34,13.38,1,34,20.62
7/6/2024,Incontinence MPQ,Uro,202301,1019313,Parkridge Surgery Center,,,,,20073834,90377299,Invoice,1122,84.12,2,2244,2159.88
7/6/2024,InjeTAK,Uro,202301,1019313,Parkridge Surgery Center,,,,,20073834,90377300,Invoice,163,43.7,2,326,282.3
7/6/2024,Optilume Strictures,Uro,202301,1019221,Saint Peters University Hospital,,,,,20072214,90377296,Invoice,7185,0,3,21555,21555
7/6/2024,Optilume Strictures,Uro,202301,1019221,Saint Peters University Hospital,,,,,20072214,90377296,Invoice,0,603,0,0,-603
7/6/2024,Other Uro Dx Equipment,Uro,202301,1108714,Dr. Nadim Haidar,,,,,20197498,90377291,Invoice,174.28,51.34,1,174.28,122.94
7/6/2024,Spot Ex,GI,202301,1019214,Doctors Medical Center of Modesto,,,,,20073915,90377295,Invoice,345,33.6,10,3450,3416.4
7/6/2024,T-Doc Catheters,Uro,202301,1078795,Mohawk Medbuy Corporation *12.30.24 CONSOLIDATED*,,,,,20163246,90377279,Invoice,1787.52,150.11,40,71500.8,71350.69
7/6/2024,T-Doc Catheters,Uro,202301,1078830,Trillium Health Partners,,,,,20163293,90377282,Invoice,1112.73,112.58,30,33381.9,33269.32
7/6/2024,T-Doc Catheters,Uro,202301,1079442,Bluewater Health,,,,,20163714,90377285,Invoice,405.17,29.15,10,4051.7,4022.55
7/6/2024,T-Doc Catheters,Uro,202301,1080952,SCI Logistics Ltd.,,,,,20166100,90377289,Invoice,1112.73,112.58,30,33381.9,33269.32
7/6/2024,T-Doc Catheters,Uro,202301,1018968,Roper St Francis Healthcare,,,,,20083994,90377292,Invoice,1572,74.4,20,31440,31365.6
7/6/2024,Tubing,Uro,202301,1080984,YXE Women’s Health,,,,,20166173,90377290,Invoice,744.8,89.79,100,74480,74390.21
7/7/2024,Electrodes,Uro,202301,1019432,Asbery & Associates Ob-Gyn LLC,,,,,20073645,90377302,Invoice,370,118,100,37000,36882
7/7/2024,Endoscopy Sheaths,Uro,202301,1019535,Albany Med Health System,,,,,20071064,90377304,Invoice,1900,568.5,50,95000,94431.5
7/7/2024,InjeTAK,Uro,202301,1019516,Community Hospital of Anaconda,,,,,20080722,90377303,Invoice,163,43.7,2,326,282.3
7/7/2024,InjeTAK,Uro,202301,1019578,Androscoggin Valley Hospital,,,,,20081404,90377309,Invoice,326,87.4,4,1304,1216.6
7/7/2024,InjeTAK,Uro,202301,1019630,Missouri Cancer Associates,,,,,20069164,90377312,Invoice,645,218.5,10,6450,6231.5
7/7/2024,Other Uro Dx Disposables,Uro,202301,1019607,St. Anthony Regional Hospital,,,,,20076881,90377311,Invoice,24,7,5,120,113
7/7/2024,Portascan 3D,Uro,202301,1019576,Adventist Health,,,,,20067681,90377307,Invoice,0,20,0,0,-20
7/7/2024,Portascan 3D,Uro,202301,1019576,Adventist Health,,,,,20067681,90377307,Invoice,518,412,1,518,106
7/7/2024,RenovaRP Consumables,GI,202301,1019541,Allina Health System,,,,,20196310,90377305,Invoice,760,400,80,60800,60400
7/7/2024,RenovaRP Consumables,GI,202301,1019541,Allina Health System,,,,,20196310,90377305,Invoice,945,164.25,15,14175,14010.75
7/7/2024,RenovaRP Consumables,GI,202301,1019652,BJC Healthcare,,,,,20085003,90377315,Invoice,380,201.1,5,1900,1698.9
7/7/2024,UDS Other Service & Repairs,Uro,202301,1019576,Adventist Health,,,,,20067681,90377307,Invoice,0,160,0,0,-160
7/7/2024,UDS Other Service & Repairs,Uro,202301,1019576,Adventist Health,,,,,20067681,90377307,Invoice,0,3.4,0,0,-3.4
7/7/2024,UDS Other Service & Repairs,Uro,202301,1019576,Adventist Health,,,,,20195667,90377308,Invoice,0,89.31,1,0,-89.31
7/7/2024,UDS Service Contracts,Uro,202301,1019576,Adventist Health,,,,,20067681,90377307,Invoice,1200,0,1,1200,1200
7/8/2024,Electrodes,Uro,202301,1019703,Florida Urology Partners LLP,,,,,20070775,90377326,Invoice,186,54.2,20,3720,3665.8
7/8/2024,Electrodes,Uro,202301,1019709,Bronson Healthcare,,,,,20171072,90377327,Invoice,249,59.7,30,7470,7410.3
7/8/2024,Endoscopy Sheaths,Uro,202301,1019668,Aurora Health *Consolidated* Use BP# 1020857,,,,,20083810,90377319,Invoice,619,4.5,10,6190,6185.5
7/8/2024,Incontinence MPQ,Uro,202301,1019698,Bel Air Ambulatory Surgical Ctr. LLC,,,,,20068282,90377324,Invoice,78,26.76,2,156,129.24
7/8/2024,Incontinence UPC Lead Sets,Uro,202301,1019742,William Beaumont Health *Consolidated* Use BP# 1022361,,,,,20074869,90377328,Invoice,889,46.8,1,889,842.2
7/8/2024,Spot Ex,GI,202301,1019697,Bayhealth Inc,,,,,20079955,90377323,Invoice,760,67.2,20,15200,15132.8
7/8/2024,Spot Ex,GI,202301,1019700,Baptist Medical Center,,,,,20078129,90377325,Invoice,380,33.6,10,3800,3766.4
7/8/2024,T-Doc Catheters,Uro,202301,1019668,Aurora Health *Consolidated* Use BP# 1020857,,,,,20170957,90377316,Invoice,670,28.9,10,6700,6671.1
7/8/2024,T-Doc Catheters,Uro,202301,1019668,Aurora Health *Consolidated* Use BP# 1020857,,,,,20080786,90377317,Invoice,786,37.2,10,7860,7822.8
7/8/2024,T-Doc Catheters,Uro,202301,1019703,Florida Urology Partners LLP,,,,,20070775,90377326,Invoice,317,28.9,10,3170,3141.1
7/8/2024,Tubing,Uro,202301,1019681,Axia Women's Health,,,,,20163311,90377321,Invoice,710,89,100,71000,70911
7/9/2024,Endoscopy Sheaths,Uro,202301,1019792,Blessing Health System,,,,,20170389,90377333,Invoice,1302,13.5,30,39060,39046.5
7/9/2024,Optilume Strictures,Uro,202301,1019742,William Beaumont Health *Consolidated* Use BP# 1022361,,,,,20071244,90377329,Invoice,4190,0,2,8380,8380
7/9/2024,Optilume Strictures,Uro,202301,1019742,William Beaumont Health *Consolidated* Use BP# 1022361,,,,,20071244,90377329,Invoice,0,402,0,0,-402
7/9/2024,Optilume Strictures,Uro,202301,1019772,Beacon Health System,,,,,20193564,90377331,Invoice,4190,0,2,8380,8380
7/9/2024,Optilume Strictures,Uro,202301,1019772,Beacon Health System,,,,,20193564,90377331,Invoice,0,402,0,0,-402
7/9/2024,Optilume Strictures,Uro,202301,1019772,Beacon Health System,,,,,20193564,90377331,Invoice,0,71.68,0,0,-71.68
7/9/2024,Other Uro Dx Disposables,Uro,202301,1019775,Bellin Health,,,,,20084411,90377332,Invoice,60,7.2,20,1200,1192.8
7/9/2024,Spot Ex,GI,202301,1019772,Beacon Health System,,,,,20193564,90377330,Invoice,345,33.6,10,3450,3416.4
7/10/2024,Electrodes,Uro,202301,1020020,Childrens Hospital of Alabama,,,,,20084021,90377350,Invoice,186,54.2,20,3720,3665.8
7/10/2024,EverLift,GI,202301,1019943,Central Maine Medical Center,,,,,20070592,90377344,Invoice,400,44.5,10,4000,3955.5
7/10/2024,Incontinence UPC Lead Sets,Uro,202301,1019794,Berkshire Health Systems,,,,,20081426,90377334,Invoice,1868,93.6,2,3736,3642.4
7/10/2024,InjeTAK,Uro,202301,1019812,Bon Secours Mercy Health,,,,,20166355,90377336,Invoice,163,38,2,326,288
7/10/2024,Other GI Supply Disposables,GI,202301,1020032,CentraCare Health,,,,,20080058,90377351,Invoice,86,16.75,25,2150,2133.25
7/10/2024,Other Uro Dx Equipment,Uro,202301,1020000,Crothall Services Group,,,,,20084928,90377347,Invoice,2759.67,100.79,1,2759.67,2658.88
7/10/2024,Spot Ex,GI,202301,1019812,Bon Secours Mercy Health,,,,,20070510,90377337,Invoice,380,33.6,10,3800,3766.4
7/10/2024,Spot Ex,GI,202301,1019879,CarolinaEast Health System,,,,,20067650,90377342,Invoice,380,33.6,10,3800,3766.4
7/10/2024,Spot Ex,GI,202301,1019955,Centra Health Inc.,,,,,20076107,90377345,Invoice,760,67.2,20,15200,15132.8
7/10/2024,Spot Ex,GI,202301,1020003,Christiana Care Health Services,,,,,20070800,90377349,Invoice,380,33.6,10,3800,3766.4
7/10/2024,T-Doc Catheters,Uro,202301,1020020,Childrens Hospital of Alabama,,,,,20084021,90377350,Invoice,3350,144.5,50,167500,167355.5
7/10/2024,Tubing,Uro,202301,1020001,The Children's Hospital of PA,,,,,20070824,90377348,Invoice,1154,84,50,57700,57616
7/10/2024,UDS Other Service & Repairs,Uro,202301,1019969,Sanford Health,,,,,20069783,90377346,Invoice,0,24.87,1,0,-24.87
7/11/2024,UDS Other Service & Repairs,Uro,202301,1020034,Ann & Robert H.Lurie Childrens Hospital,,,,,20078689,90377352,Invoice,980,0,1,980,980
7/11/2024,UDS Other Service & Repairs,Uro,202301,1020034,Ann & Robert H.Lurie Childrens Hospital,,,,,20078689,90377352,Invoice,350.01,0,3,1050.03,1050.03
7/11/2024,UDS Other Service & Repairs,Uro,202301,1020034,Ann & Robert H.Lurie Childrens Hospital,,,,,20078689,90377352,Invoice,233.34,0,2,466.68,466.68
7/11/2024,UDS Other Service & Repairs,Uro,202301,1020034,Ann & Robert H.Lurie Childrens Hospital,,,,,20078689,90377352,Invoice,777.78,0,1,777.78,777.78
7/11/2024,UDS Other Service & Repairs,Uro,202301,1020034,Ann & Robert H.Lurie Childrens Hospital,,,,,20078689,90377352,Invoice,622.23,0,1,622.23,622.23
7/11/2024,Unisensor SS,GI,202301,1020034,Ann & Robert H.Lurie Childrens Hospital,,,,,20078689,90377352,Invoice,0,0,0,0,0
7/12/2024,InjeTAK,Uro,202301,1020036,Children's Mercy Hospital,,,,,20067463,90377354,Invoice,163,43.7,2,326,282.3
7/12/2024,T-Doc Catheters,Uro,202301,1020050,Atrium Health,,,,,20074529,90377357,Invoice,556,71.6,10,5560,5488.4
7/12/2024,T-Doc Catheters,Uro,202301,1020050,Atrium Health,,,,,20074529,90377357,Invoice,832,74.4,20,16640,16565.6
7/12/2024,T-Doc Catheters,Uro,202301,1020050,Atrium Health,,,,,20074529,90377357,Invoice,1116,86.7,30,33480,33393.3
7/12/2024,UDS Other Service & Repairs,Uro,202301,1020038,Childrens Hospital of Omaha,,,,,20076192,90377355,Invoice,233.34,0,1,233.34,233.34
7/12/2024,UDS Other Service & Repairs,Uro,202301,1020038,Childrens Hospital of Omaha,,,,,20076192,90377355,Invoice,700.02,0,3,2100.06,2100.06
7/12/2024,UDS Other Service & Repairs,Uro,202301,1020038,Childrens Hospital of Omaha,,,,,20076192,90377355,Invoice,311.11,0,1,311.11,311.11
7/12/2024,Unisensor SS,GI,202301,1020038,Childrens Hospital of Omaha,,,,,20076192,90377355,Invoice,0,0,0,0,0
7/12/2024,Water Catheters,Uro,202301,1020034,Ann & Robert H.Lurie Childrens Hospital,,,,,20068135,90377353,Invoice,1614,213.6,60,96840,96626.4
7/13/2024,Endoscopy Scopes,Uro,202301,1020064,City Of Hope,,,,,20197308,90377361,Invoice,750,0,1,750,750
7/13/2024,Incontinence UPC Lead Sets,Uro,202301,1020185,Jocelyn Bennett Craig MD Corp.,,,,,20079084,90377371,Invoice,1868,93.6,2,3736,3642.4
7/13/2024,Optilume Strictures,Uro,202301,1020069,Indiana University Health,,,,,20194243,90377364,Invoice,4190,0,2,8380,8380
7/13/2024,Optilume Strictures,Uro,202301,1020069,Indiana University Health,,,,,20194243,90377364,Invoice,0,215.04,0,0,-215.04
7/13/2024,RenovaRP Consumables,GI,202301,1020069,Indiana University Health,,,,,20194224,90377363,Invoice,1100,575,100,110000,109425
7/13/2024,Spot Ex,GI,202301,1020050,Atrium Health,,,,,20168602,90377358,Invoice,380,33.6,10,3800,3766.4
7/13/2024,T-Doc Catheters,Uro,202301,1020159,United Urology Group,,,,,20084449,90377370,Invoice,646,74.4,20,12920,12845.6
7/13/2024,Tubing,Uro,202301,1020050,Atrium Health,,,,,20074529,90377357,Invoice,434,42,25,10850,10808
7/14/2024,Endoscopy Sheaths,Uro,202301,1020215,Southeast Urology,,,,,20081888,90377373,Invoice,1767,13.8,30,53010,52996.2
7/14/2024,EverLift,GI,202301,1020313,Duke University,,,,,20074724,90377376,Invoice,1800,222.5,50,90000,89777.5
7/14/2024,EverLift,GI,202301,1020314,DuPage Medical Group,,,,,20193436,90377377,Invoice,790,89,20,15800,15711
7/14/2024,InjeTAK,Uro,202301,1020394,Erlanger Health System,,,,,20068082,90377383,Invoice,103,23.68,2,206,182.32
7/14/2024,InjeTAK,Uro,202301,1020501,Franklin Memorial Hospital,,,,,20079138,90377395,Invoice,326,87.4,4,1304,1216.6
7/14/2024,Other GI Supply Disposables,GI,202301,1020468,AdventHealth,,,,,20194104,90377387,Invoice,50,0,2,100,100
7/14/2024,Other Uro Dx Equipment,Uro,202301,1020468,AdventHealth,,,,,20170345,90377388,Invoice,0,2612.98,1,0,-2612.98
7/14/2024,Other Uro Tx Disposables,Uro,202301,1020190,The Surgical Ctr of Morehead City,,,,,20073946,90377372,Invoice,291,390.76,4,1164,773.24
7/14/2024,Spot Ex,GI,202301,1020378,Legacy Health System,,,,,20073674,90377381,Invoice,380,33.6,10,3800,3766.4
7/14/2024,Spot Ex,GI,202301,1020427,Fairview Health System,,,,,20074484,90377384,Invoice,380,33.6,10,3800,3766.4
7/14/2024,Spot Ex,GI,202301,1020468,AdventHealth,,,,,20164017,90377391,Invoice,380,33.6,10,3800,3766.4
7/15/2024,Electrodes,Uro,202301,1020672,Gulfstream Urology,,,,,20068780,90377404,Invoice,154,54.2,20,3080,3025.8
7/15/2024,EverLift,GI,202301,1020621,CHI - Common Spirit Health,,,,,20166672,90377399,Invoice,600,89,20,12000,11911
7/15/2024,Incontinence UPC Lead Sets,Uro,202301,1020682,Gynecology Specialists,,,,,20076593,90377405,Invoice,934,46.8,1,934,887.2
7/15/2024,Other GI Supply Disposables,GI,202301,1020621,CHI - Common Spirit Health,,,,,20193157,90377400,Invoice,97,34.5,50,4850,4815.5
7/15/2024,Other Uro Tx Disposables,Uro,202301,1020624,Legacy Health Good Samaritan Med Ct **CONSOLIDATED USE 1020738**,1020738,,,,20068842,90377401,Invoice,1746,2344.56,24,41904,39559.44
7/15/2024,T-Doc Catheters,Uro,202301,1020656,Genesis Healthcare System,,,,,20079036,90377402,Invoice,582,28.9,10,5820,5791.1
7/15/2024,T-Doc Catheters,Uro,202301,1020656,Genesis Healthcare System,,,,,20079036,90377402,Invoice,868,46.2,10,8680,8633.8
7/15/2024,T-Doc Catheters,Uro,202301,1020665,County of Los Angeles,,,,,20079371,90377403,Invoice,786,37.2,10,7860,7822.8
7/15/2024,Tubing,Uro,202301,1020672,Gulfstream Urology,,,,,20068780,90377404,Invoice,434,42,25,10850,10808
7/16/2024,Incontinence UPC Lead Sets,Uro,202301,1020765,1500-St. Joseph Heritage Healthcare *Consolidated* Use BP# 1021928,,,,,20167950,90377411,Invoice,5733,327.6,7,40131,39803.4
7/16/2024,Incontinence UPC Lead Sets,Uro,202301,1020970,Kansas City Urology Care PA,,,,,20076102,90377419,Invoice,1200,93.6,2,2400,2306.4
7/16/2024,Incontinence UPC Lead Sets,Uro,202301,1020971,Kaiser Health Plan Asset Mgmt,,,,,20073722,90377423,Invoice,1104,93.6,2,2208,2114.4
7/16/2024,InjeTAK,Uro,202301,1020911,Piedmont Physicians Urology,,,,,20081388,90377416,Invoice,528,94.72,8,4224,4129.28
7/16/2024,Optilume Strictures,Uro,202301,1020971,Kaiser Health Plan Asset Mgmt,,,,,20074882,90377425,Invoice,0,250.88,0,0,-250.88
7/16/2024,Other Uro Dx Disposables,Uro,202301,1020904,Bioengineering Group  (Puerto Rico) Joel Castrodad,,,,,20069462,90377415,Invoice,82,34.91,1,82,47.09
7/16/2024,RenovaRP Consumables,GI,202301,1020971,Kaiser Health Plan Asset Mgmt,,,,,20070206,90377422,Invoice,1350,603.3,15,20250,19646.7
7/16/2024,T-Doc Catheters,Uro,202301,1020694,Harborview Medical Center **CONSOLIDATED use 1023277**,1023277,,,,20069053,90377406,Invoice,1572,74.4,20,31440,31365.6
7/16/2024,T-Doc Catheters,Uro,202301,1020912,Washington University,,,,,20164074,90377417,Invoice,2970,186,50,148500,148314
7/16/2024,Tubing,Uro,202301,1020716,Hackensack Meridian Health,,,,,20077814,90377407,Invoice,940,175,100,94000,93825
7/16/2024,Tubing,Uro,202301,1020716,Hackensack Meridian Health,,,,,20077814,90377407,Invoice,1046,84,50,52300,52216
7/17/2024,Electrodes,Uro,202301,1021125,Integrated Medical Professionals PLLC,,,,,20068568,90377437,Invoice,558,162.6,60,33480,33317.4
7/17/2024,Incontinence UPC Lead Sets,Uro,202301,1020980,Progressive Urology,,,,,20073990,90377427,Invoice,6000,468,10,60000,59532
7/17/2024,Optilume Strictures,Uro,202301,1021118,Lee Memorial Health System,,,,,20194492,90377433,Invoice,4190,0,2,8380,8380
7/17/2024,Optilume Strictures,Uro,202301,1021118,Lee Memorial Health System,,,,,20194492,90377433,Invoice,0,71.68,0,0,-71.68
7/17/2024,Optilume Strictures,Uro,202301,1021118,Lee Memorial Health System,,,,,20194492,90377433,Invoice,0,71.68,0,0,-71.68
7/17/2024,Portascan 3D,Uro,202301,1021057,Lafayette General Medical Center *CONSOLIDATED use 1021686*,1021686,,,,20071861,90377431,Invoice,0,0,1,0,0
7/17/2024,Portascan 3D,Uro,202301,1021118,Lee Memorial Health System,,,,,20074551,90377434,Invoice,0,61.26,1,0,-61.26
7/17/2024,Probes -Urostym,Uro,202301,1021125,Integrated Medical Professionals PLLC,,,,,20068568,90377437,Invoice,830,106.1,10,8300,8193.9
7/17/2024,T-Doc Catheters,Uro,202301,1021077,St. Luke's Chesterfield Hospital,,,,,20163574,90377432,Invoice,786,37.2,10,7860,7822.8
7/17/2024,T-Doc Catheters,Uro,202301,1021125,Integrated Medical Professionals PLLC,,,,,20167978,90377436,Invoice,682,74.4,20,13640,13565.6
7/17/2024,T-Doc Catheters,Uro,202301,1021168,Manchester Urology Assoc.,,,,,20168125,90377438,Invoice,1572,74.4,20,31440,31365.6
7/17/2024,Tubing,Uro,202301,1020999,King's Daughters Medical Center,,,,,20069143,90377429,Invoice,2308,168,100,230800,230632
7/18/2024,Electrodes,Uro,202301,1021334,Encore Urology,,,,,20079860,90377454,Invoice,790,271,100,79000,78729
7/18/2024,EverLift,GI,202301,1021395,RWJBarnabas Health Med Grp,,,,,20068113,90377458,Invoice,1200,133.5,30,36000,35866.5
7/18/2024,Incontinence MPQ,Uro,202301,1021245,New York Presbyterian Methodist,,,,,20168465,90377445,Invoice,1414,84.12,2,2828,2743.88
7/18/2024,Incontinence UPC Lead Sets,Uro,202301,1021455,"Optum Medical Care, P.C.",,,,,20083699,90377462,Invoice,1400,93.6,2,2800,2706.4
7/18/2024,Incontinence UPC Lead Sets,Uro,202301,1021455,"Optum Medical Care, P.C.",,,,,20083699,90377463,Invoice,700,46.8,1,700,653.2
7/18/2024,Incontinence UPC Lead Sets,Uro,202301,1021591,Northwell Health,,,,,20084750,90377468,Invoice,0,455.6,0,0,-455.6
7/18/2024,InjeTAK,Uro,202301,1021253,MedStar Health,,,,,20067146,90377448,Invoice,815,190,10,8150,7960
7/18/2024,InjeTAK,Uro,202301,1021253,MedStar Health,,,,,20083660,90377449,Invoice,489,131.1,6,2934,2802.9
7/18/2024,Optilume Strictures,Uro,202301,1021190,Mayo Clinic,,,,,20084767,90377443,Invoice,2095,0,1,2095,2095
7/18/2024,Optilume Strictures,Uro,202301,1021378,Munson Healthcare DBA Northern Michigan Supply Alliance,,,,,20084524,90377457,Invoice,2095,0,1,2095,2095
7/18/2024,Optilume Strictures,Uro,202301,1021378,Munson Healthcare DBA Northern Michigan Supply Alliance,,,,,20084524,90377457,Invoice,0,201,0,0,-201
7/18/2024,Optilume Strictures,Uro,202301,1021378,Munson Healthcare DBA Northern Michigan Supply Alliance,,,,,20084524,90377457,Invoice,2095,0,1,2095,2095
7/18/2024,Optilume Strictures,Uro,202301,1021378,Munson Healthcare DBA Northern Michigan Supply Alliance,,,,,20084524,90377457,Invoice,0,35.84,0,0,-35.84
7/18/2024,RenovaRP Consumables,GI,202301,1021287,Dignity Health - CA,,,,,20079821,90377451,Invoice,440,230,40,17600,17370
7/18/2024,RenovaRP Consumables,GI,202301,1021591,Northwell Health,,,,,20066871,90377466,Invoice,2500,1005.5,25,62500,61494.5
7/18/2024,RenovaRP Consumables,GI,202301,1021591,Northwell Health,,,,,20066871,90377467,Invoice,3000,1206.6,30,90000,88793.4
7/18/2024,Spot Ex,GI,202301,1021287,Dignity Health - CA,,,,,20084237,90377452,Invoice,380,33.6,10,3800,3766.4
7/18/2024,T-Doc Catheters,Uro,202301,1021279,The Methodist Health System,,,,,20070603,90377450,Invoice,832,74.4,20,16640,16565.6
7/18/2024,T-Doc Catheters,Uro,202301,1021334,Encore Urology,,,,,20079860,90377454,Invoice,4460,372,100,446000,445628
7/18/2024,Urocap IV,Uro,202301,1021407,Mount Sinai Medical Center,,,,,20076264,90377460,Invoice,210,0,0,0,0
7/19/2024,Electrodes,Uro,202301,1021699,Ohio Health,,,,,20083090,90377482,Invoice,279,81.3,30,8370,8288.7
7/19/2024,Endoscopy Monitors,Uro,202301,1021717,Orlando Urology Associates,,,,,20073086,90377485,Invoice,250,0,1,250,250
7/19/2024,EverLift,GI,202301,1021591,Northwell Health,,,,,20167089,90377470,Invoice,2160,267,60,129600,129333
7/19/2024,Incontinence UPC Lead Sets,Uro,202301,1021737,OSF Healthcare System,,,,,20083644,90377487,Invoice,7000,468,10,70000,69532
7/19/2024,InjeTAK,Uro,202301,1021600,Northwestern Medicine,,,,,20083695,90377473,Invoice,163,38,2,326,288
7/19/2024,InjeTAK,Uro,202301,1021686,Ochsner Health,,,,,20082899,90377480,Invoice,90,23.68,2,180,156.32
7/19/2024,InjeTAK,Uro,202301,1021686,Ochsner Health,,,,,20196941,90377481,Invoice,112,43.7,2,224,180.3
7/19/2024,InjeTAK,Uro,202301,1021753,Atlantic Health System,,,,,20167687,90377489,Invoice,264,47.36,4,1056,1008.64
7/19/2024,Optilume Strictures,Uro,202301,1021596,Northside Hospital,,,,,20084415,90377472,Invoice,2095,0,1,2095,2095
7/19/2024,Optilume Strictures,Uro,202301,1021596,Northside Hospital,,,,,20084415,90377472,Invoice,0,201,0,0,-201
7/19/2024,Optilume Strictures,Uro,202301,1021596,Northside Hospital,,,,,20084415,90377472,Invoice,0,201,0,0,-201
7/19/2024,Optilume Strictures,Uro,202301,1021596,Northside Hospital,,,,,20084415,90377472,Invoice,0,35.84,0,0,-35.84
7/19/2024,Other GI Supply Disposables,GI,202301,1021632,AMSURG,,,,,20195543,90377476,Invoice,100,0,4,400,400
7/19/2024,Spot Ex,GI,202301,1021600,Northwestern Medicine,,,,,20083695,90377474,Invoice,380,33.6,10,3800,3766.4
7/19/2024,T-Doc Catheters,Uro,202301,1021595,Northwest Ohio Ctr.for Urogynecology,,,,,20074918,90377471,Invoice,1782,111.6,30,53460,53348.4
7/19/2024,T-Doc Catheters,Uro,202301,1021699,Ohio Health,,,,,20083090,90377482,Invoice,9990,462,100,999000,998538
7/19/2024,T-Doc Catheters,Uro,202301,1021699,Ohio Health,,,,,20083090,90377482,Invoice,6700,289,100,670000,669711
7/19/2024,Tubing,Uro,202301,1021699,Ohio Health,,,,,20083090,90377482,Invoice,577,42,25,14425,14383
7/20/2024,Electrodes,Uro,202301,1021776,Physicians Ambulatory Surgery Center,,,,,20076996,90377490,Invoice,340,75.1,10,3400,3324.9
7/20/2024,Incontinence MPQ,Uro,202301,1021810,Womens Pelvic Health Institute,,,,,20081306,90377495,Invoice,707,42.06,1,707,664.94
7/20/2024,Incontinence MPQ,Uro,202301,1021810,Womens Pelvic Health Institute,,,,,20081306,90377495,Invoice,78,26.76,2,156,129.24
7/20/2024,Incontinence MPQ,Uro,202301,1021925,Intermountain Healthcare,,,,,20073939,90377503,Invoice,707,42.06,1,707,664.94
7/20/2024,Incontinence UPC Lead Sets,Uro,202301,1021787,Palo Alto Medical Foundation Health Care Division V# 33010,,,,,20070379,90377494,Invoice,5604,280.8,6,33624,33343.2
7/20/2024,Incontinence UPC Lead Sets,Uro,202301,1021928,Providence Health & Services,,,,,20083773,90377506,Invoice,819,41.88,1,819,777.12
7/20/2024,Incontinence UPC Lead Sets,Uro,202301,1021928,Providence Health & Services,,,,,20083773,90377506,Invoice,819,41.88,1,819,777.12
7/20/2024,InjeTAK,Uro,202301,1021753,Atlantic Health System,,,,,20167687,90377489,Invoice,396,71.04,6,2376,2304.96
7/20/2024,InjeTAK,Uro,202301,1021928,Providence Health & Services,,,,,20074194,90377504,Invoice,120,38,2,240,202
7/20/2024,Other GI Supply Disposables,GI,202301,1021928,Providence Health & Services,,,,,20067030,90377508,Invoice,198.88,50,100,19888,19838
7/20/2024,T-Doc Catheters,Uro,202301,1021776,Physicians Ambulatory Surgery Center,,,,,20076996,90377490,Invoice,2358,111.6,30,70740,70628.4
7/20/2024,T-Doc Catheters,Uro,202301,1021776,Physicians Ambulatory Surgery Center,,,,,20076996,90377490,Invoice,999,71.6,10,9990,9918.4
7/20/2024,T-Doc Catheters,Uro,202301,1021783,Parkland Health & Hospital,,,,,20074351,90377493,Invoice,670,28.9,10,6700,6671.1
7/20/2024,T-Doc Catheters,Uro,202301,1021925,Intermountain Healthcare,,,,,20080199,90377499,Invoice,2376,148.8,40,95040,94891.2
7/20/2024,T-Doc Catheters,Uro,202301,1021925,Intermountain Healthcare,,,,,20068026,90377500,Invoice,1188,74.4,20,23760,23685.6
7/20/2024,T-Doc Catheters,Uro,202301,1021928,Providence Health & Services,,,,,20083796,90377507,Invoice,1840,144.5,50,92000,91855.5
7/20/2024,T-Doc Catheters,Uro,202301,1021928,Providence Health & Services,,,,,20083796,90377507,Invoice,2725,231,50,136250,136019
7/21/2024,Electrodes,Uro,202301,1021956,Pediatric Urology of San Antonio,,,,,20070527,90377510,Invoice,279,81.3,30,8370,8288.7
7/21/2024,Other GI Supply Disposables,GI,202301,1022188,Sentara Healthcare,,,,,20083247,90377521,Invoice,125,50,100,12500,12450
7/21/2024,Other GI Supply Disposables,GI,202301,1022188,Sentara Healthcare,,,,,20168469,90377522,Invoice,110,34.5,50,5500,5465.5
7/21/2024,Spot Ex,GI,202301,1022138,Santa Clara Valley Health & Hosp,,,,,20195930,90377516,Invoice,380,33.6,10,3800,3766.4
7/21/2024,T-Doc Catheters,Uro,202301,1022057,Mercy Health System **CONSOLIDATED use 1021304*,1021304,,,,20076765,90377514,Invoice,1998,92.4,20,39960,39867.6
7/21/2024,Tubing,Uro,202301,1021956,Pediatric Urology of San Antonio,,,,,20070527,90377510,Invoice,577,42,25,14425,14383
7/21/2024,Tubing,Uro,202301,1021956,Pediatric Urology of San Antonio,,,,,20070527,90377510,Invoice,518,87.5,50,25900,25812.5
7/21/2024,Tubing,Uro,202301,1022236,Scripps Health,,,,,20081346,90377523,Invoice,577,42,25,14425,14383
7/21/2024,Water Catheters,Uro,202301,1021956,Pediatric Urology of San Antonio,,,,,20070527,90377510,Invoice,382,71.8,20,7640,7568.2
7/21/2024,Water Catheters,Uro,202301,1021956,Pediatric Urology of San Antonio,,,,,20070527,90377510,Invoice,573,99.3,30,17190,17090.7
7/22/2024,EverLift,GI,202301,1022350,Spartanburg Regional Healthcare System,,,,,20075357,90377536,Invoice,700,89,20,14000,13911
7/22/2024,InjeTAK,Uro,202301,1022306,South Shore Hospital Inc.,,,,,20074224,90377533,Invoice,489,131.1,6,2934,2802.9
7/22/2024,Other GI Supply Disposables,GI,202301,1022307,South County Hospital,,,,,20071072,90377534,Invoice,220,63,100,22000,21937
7/22/2024,Spot Ex,GI,202301,1022237,Sharp Healthcare,,,,,20195673,90377527,Invoice,380,33.6,10,3800,3766.4
7/22/2024,T-Doc Catheters,Uro,202301,1022237,Sharp Healthcare,,,,,20072560,90377524,Invoice,594,37.2,10,5940,5902.8
7/22/2024,T-Doc Catheters,Uro,202301,1022237,Sharp Healthcare,,,,,20072560,90377526,Invoice,594,37.2,10,5940,5902.8
7/22/2024,T-Doc Catheters,Uro,202301,1022250,Siouxland Urology,,,,,20069961,90377528,Invoice,1572,74.4,20,31440,31365.6
7/22/2024,T-Doc Catheters,Uro,202301,1022280,Village Practice Management Company,,,,,20166705,90377530,Invoice,1058,92.4,20,21160,21067.6
7/22/2024,T-Doc Catheters,Uro,202301,1022280,Village Practice Management Company,,,,,20166705,90377530,Invoice,708,57.8,20,14160,14102.2
7/22/2024,T-Doc Catheters,Uro,202301,1022394,Mount Sinai: St Lukes Roosevelt,,,,,20083697,90377539,Invoice,2010,86.7,30,60300,60213.3
7/22/2024,Tubing,Uro,202301,1022394,Mount Sinai: St Lukes Roosevelt,,,,,20083697,90377539,Invoice,1154,84,50,57700,57616
7/23/2024,Electrodes,Uro,202301,1022439,Urology of St Louis,,,,,20069257,90377546,Invoice,840,271,100,84000,83729
7/23/2024,Electrodes,Uro,202301,1022487,Sutter Health System Office,,,,,20085049,90377552,Invoice,318,80.4,30,9540,9459.6
7/23/2024,Endoscopy Scopes,Uro,202301,1022605,TriMedx LLC,,,,,20068795,90377548,Invoice,750,0,1,750,750
7/23/2024,Endoscopy Sheaths,Uro,202301,1022400,Trinity Health,,,,,20167923,90377541,Invoice,619,4.5,10,6190,6185.5
7/23/2024,Incontinence UPC Lead Sets,Uro,202301,1022456,St Lukes Health System,,,,,20167680,90377549,Invoice,2802,140.4,3,8406,8265.6
7/23/2024,Optilume Strictures,Uro,202301,1022521,Tampa General Hospital,,,,,20068496,90377556,Invoice,0,603,0,0,-603
7/23/2024,Optilume Strictures,Uro,202301,1022521,Tampa General Hospital,,,,,20068496,90377556,Invoice,0,107.52,0,0,-107.52
7/23/2024,Other Uro Dx Equipment,Uro,202301,1022444,Mercy Health,,,,,20080949,90377547,Invoice,0,7,0,0,-7
7/23/2024,Other Uro Dx Equipment,Uro,202301,1022444,Mercy Health,,,,,20080949,90377547,Invoice,0,84.22,0,0,-84.22
7/23/2024,Probes -Urostym,Uro,202301,1022487,Sutter Health System Office,,,,,20085049,90377552,Invoice,1992,254.64,24,47808,47553.36
7/23/2024,Spot Ex,GI,202301,1022643,Tuality Community Hospital,,,,,20075179,90377563,Invoice,760,67.2,20,15200,15132.8
7/23/2024,T-Doc Catheters,Uro,202301,1022394,Mount Sinai: St Lukes Roosevelt,,,,,20083697,90377539,Invoice,2358,111.6,30,70740,70628.4
7/23/2024,T-Doc Catheters,Uro,202301,1022487,Sutter Health System Office,,,,,20073938,90377553,Invoice,1998,92.4,20,39960,39867.6
7/23/2024,T-Doc Catheters,Uro,202301,1022680,Urology Associates LLC **CONSOLIDATED USE 1022625**,1022625,,,,20076629,90377564,Invoice,786,37.2,10,7860,7822.8
7/23/2024,Tubing,Uro,202301,1022439,Urology of St Louis,,,,,20069257,90377546,Invoice,1916,168,100,191600,191432
7/23/2024,Tubing,Uro,202301,1022512,Swedish Covenant Hospital **CONSOLIDATED use 1020365*,1020365,,,,20167944,90377555,Invoice,1154,84,50,57700,57616
7/23/2024,UDS Other Service & Repairs,Uro,202301,1022444,Mercy Health,,,,,20080949,90377547,Invoice,0,193.02,0,0,-193.02
7/23/2024,UDS Other Service & Repairs,Uro,202301,1022487,Sutter Health System Office,,,,,20071298,90377551,Invoice,380,0,2,760,760
7/23/2024,UDS Other Service & Repairs,Uro,202301,1022499,CHI - Common Spirit Health,,,,,20167278,90377554,Invoice,168,80,1,168,88
7/24/2024,Optilume Strictures,Uro,202301,1022803,University of Mississippi Medical Center,,,,,20083086,90377578,Invoice,4190,0,2,8380,8380
7/24/2024,Optilume Strictures,Uro,202301,1022803,University of Mississippi Medical Center,,,,,20083086,90377578,Invoice,0,71.68,0,0,-71.68
7/24/2024,Optilume Strictures,Uro,202301,1022803,University of Mississippi Medical Center,,,,,20083086,90377578,Invoice,4190,0,2,8380,8380
7/24/2024,T-Doc Catheters,Uro,202301,1022713,Ascension Health Ministry Service C,,,,,20170607,90377569,Invoice,1572,74.4,20,31440,31365.6
7/24/2024,T-Doc Catheters,Uro,202301,1022713,Ascension Health Ministry Service C,,,,,20083141,90377570,Invoice,3144,148.8,40,125760,125611.2
7/24/2024,T-Doc Catheters,Uro,202301,1022713,Ascension Health Ministry Service C,,,,,20082698,90377571,Invoice,1572,74.4,20,31440,31365.6
7/24/2024,T-Doc Catheters,Uro,202301,1022755,University of Kentucky Healthcare,,,,,20071793,90377574,Invoice,460,28.9,10,4600,4571.1
7/24/2024,T-Doc Catheters,Uro,202301,1022755,University of Kentucky Healthcare,,,,,20071793,90377574,Invoice,686,46.2,10,6860,6813.8
7/24/2024,Tubing,Uro,202301,1022686,University of Connecticut Health Center,,,,,20070369,90377566,Invoice,1154,84,50,57700,57616
7/24/2024,Water Catheters,Uro,202301,1022686,University of Connecticut Health Center,,,,,20070369,90377566,Invoice,1146,222,60,68760,68538
7/24/2024,Water Catheters,Uro,202301,1022686,University of Connecticut Health Center,,,,,20070369,90377566,Invoice,1698,213.6,60,101880,101666.4
7/25/2024,Endoscopy Sheaths,Uro,202301,1022813,UF Health - Jacksonville Physicians,,,,,20074751,90377580,Invoice,760,225.2,20,15200,14974.8
7/25/2024,EverLift,GI,202301,1022815,University of Miami Health,,,,,20166311,90377581,Invoice,2100,267,60,126000,125733
7/25/2024,EverLift,GI,202301,1022829,UPMC Health System,,,,,20078842,90377586,Invoice,290,44.5,10,2900,2855.5
7/25/2024,Incontinence UPC Lead Sets,Uro,202301,1022821,UMass Memorial Health,,,,,20082017,90377582,Invoice,1868,93.6,2,3736,3642.4
7/25/2024,Incontinence UPC Lead Sets,Uro,202301,1022851,University of Utah Health,,,,,20082059,90377592,Invoice,1638,93.6,2,3276,3182.4
7/25/2024,Optilume Strictures,Uro,202301,1022803,University of Mississippi Medical Center,,,,,20083086,90377578,Invoice,0,402,0,0,-402
7/25/2024,Optilume Strictures,Uro,202301,1022803,University of Mississippi Medical Center,,,,,20083086,90377578,Invoice,0,71.68,0,0,-71.68
7/25/2024,RenovaRP Consumables,GI,202301,1022846,University Health System,,,,,20078660,90377591,Invoice,2925,1725,300,877500,875775
7/25/2024,Spot Ex,GI,202301,1022829,UPMC Health System,,,,,20071904,90377585,Invoice,345,33.6,10,3450,3416.4
7/25/2024,Spot Ex,GI,202301,1022837,University of Chicago Medicine,,,,,20168428,90377588,Invoice,380,33.6,10,3800,3766.4
7/25/2024,Spot Ex,GI,202301,1022897,Beth Israel Lahey Health,,,,,20197016,90377595,Invoice,760,67.2,20,15200,15132.8
7/25/2024,T-Doc Catheters,Uro,202301,1022954,GenesisCare,,,,,20163684,90377597,Invoice,1248,111.6,30,37440,37328.4
7/25/2024,T-Doc Catheters,Uro,202301,1022954,GenesisCare,,,,,20069635,90377598,Invoice,416,37.2,10,4160,4122.8
7/25/2024,T-Doc Catheters,Uro,202301,1022966,The Urology Group P.C.,,,,,20073456,90377600,Invoice,3340,372,100,334000,333628
7/26/2024,Electrodes,Uro,202301,1023003,The Urology Clinic,,,,,20078633,90377602,Invoice,186,54.2,20,3720,3665.8
7/26/2024,Incontinence UPC Lead Sets,Uro,202301,1023072,USC University Hospital,,,,,20080153,90377604,Invoice,1868,93.6,2,3736,3642.4
7/26/2024,Incontinence UPC Lead Sets,Uro,202301,1023180,VA Houston Health Care,,,,,20076467,90377619,Invoice,2802,140.4,3,8406,8265.6
7/26/2024,InjeTAK,Uro,202301,1023174,VA New Jersey Health Care,,,,,20070845,90377617,Invoice,264,47.36,4,1056,1008.64
7/26/2024,Optilume Strictures,Uro,202301,1023161,VA Milwaukee Health Care,,,,,20067368,90377614,Invoice,0,71.68,0,0,-71.68
7/26/2024,Optilume Strictures,Uro,202301,1023161,VA Milwaukee Health Care,,,,,20067368,90377614,Invoice,0,402,0,0,-402
7/26/2024,Other Uro Dx Disposables,Uro,202301,1023112,VA Bronx Health Care,,,,,20079409,90377608,Invoice,30,3.6,10,300,296.4
7/26/2024,T-Doc Catheters,Uro,202301,1022986,Urology Specialists of Lake County,,,,,20080852,90377601,Invoice,1572,74.4,20,31440,31365.6
7/26/2024,T-Doc Catheters,Uro,202301,1023098,UC Irvine Medical Center,,,,,20083781,90377607,Invoice,2680,115.6,40,107200,107084.4
7/26/2024,T-Doc Catheters,Uro,202301,1023112,VA Bronx Health Care,,,,,20079409,90377608,Invoice,1572,74.4,20,31440,31365.6
7/26/2024,T-Doc Catheters,Uro,202301,1023112,VA Bronx Health Care,,,,,20079409,90377608,Invoice,670,28.9,10,6700,6671.1
7/26/2024,T-Doc Catheters,Uro,202301,1023123,VA Maryland Health Care,,,,,20073048,90377609,Invoice,1340,57.8,20,26800,26742.2
7/27/2024,Electrodes,Uro,202301,1023270,Jasper Urology Associates,,,,,20083181,90377626,Invoice,111,35.4,30,3330,3294.6
7/27/2024,InjeTAK,Uro,202301,1079591,Gibson Area Hospital & Health Services,,,,,20163530,90377637,Invoice,652,174.8,8,5216,5041.2
7/27/2024,Other Uro Dx Equipment,Uro,202301,1023491,WellSpan Health,,,,,20084149,90377631,Invoice,90,20.7,2,180,159.3
7/27/2024,Other Uro Dx Equipment,Uro,202301,1023491,WellSpan Health,,,,,20170559,90377632,Invoice,90,20.7,2,180,159.3
7/27/2024,RenovaRP Consumables,GI,202301,1023208,VA Northern California Health Care,,,,,20076142,90377625,Invoice,520,121.9,10,5200,5078.1
7/27/2024,RenovaRP Consumables,GI,202301,1023491,WellSpan Health,,,,,20077780,90377630,Invoice,1075,575,100,107500,106925
7/27/2024,RenovaRP pump,GI,202301,1079721,PeaceHealth **CONSOLIDATED use 1021829*,1021829,,,,20163570,90377638,Invoice,2895,2375.12,1,2895,519.88
7/27/2024,T-Doc Catheters,Uro,202301,1023270,Jasper Urology Associates,,,,,20083181,90377626,Invoice,2010,86.7,30,60300,60213.3
7/27/2024,T-Doc Catheters,Uro,202301,1023270,Jasper Urology Associates,,,,,20083181,90377626,Invoice,3168,265.8,30,95040,94774.2
7/27/2024,T-Doc Catheters,Uro,202301,1023308,Westchester County Health Care Corp,,,,,20077530,90377627,Invoice,786,37.2,10,7860,7822.8
7/27/2024,T-Doc Catheters,Uro,202301,1023397,Wellspire Medical - Urology,,,,,20070423,90377628,Invoice,786,37.2,10,7860,7822.8
7/27/2024,Tubing,Uro,202301,1023203,VA San Diego Health Care,,,,,20071760,90377622,Invoice,577,42,25,14425,14383
7/27/2024,Tubing,Uro,202301,1023270,Jasper Urology Associates,,,,,20083181,90377626,Invoice,577,42,25,14425,14383
7/28/2024,Electrodes,Uro,202301,1083626,BHS Physicians Network,,,,,20168357,90377644,Invoice,465,135.5,50,23250,23114.5
7/28/2024,EverLift,GI,202301,1089544,Inova Loudoun Ambulatory Surgery Ctr,,,,,20170449,90377646,Invoice,1200,133.5,30,36000,35866.5
7/28/2024,InjeTAK,Uro,202301,1089686,"Culpeper Surgery Center, LLC",,,,,20170615,90377647,Invoice,132,23.68,2,264,240.32
7/28/2024,Optilume Strictures,Uro,202301,1079837,Good Samaritan Medical Center,,,,,20163973,90377639,Invoice,0,201,0,0,-201
7/28/2024,Other GI Supply Disposables,GI,202301,1105352,AUSTIN ENDOSCOPY CENTER II ACCOUNTS PAYABLE,,,,,20192500,90377649,Invoice,25,0,1,25,25
7/28/2024,Other GI Supply Disposables,GI,202301,1105352,AUSTIN ENDOSCOPY CENTER II ACCOUNTS PAYABLE,,,,,20192500,90377649,Invoice,25,0,1,25,25
7/28/2024,Other GI Supply Disposables,GI,202301,1105352,AUSTIN ENDOSCOPY CENTER II ACCOUNTS PAYABLE,,,,,20192500,90377649,Invoice,25,0,1,25,25
7/28/2024,Other Uro Dx Disposables,Uro,202301,1082787,"Millennium Physician Group, LLC",,,,,20171012,90377642,Invoice,116,60.6,20,2320,2259.4
7/28/2024,Other Uro Dx Disposables,Uro,202301,1083626,BHS Physicians Network,,,,,20168357,90377644,Invoice,232,121.2,40,9280,9158.8
7/28/2024,RenovaRP Consumables,GI,202301,1079721,PeaceHealth **CONSOLIDATED use 1021829*,1021829,,,,20163570,90377638,Invoice,195,115,20,3900,3785
7/28/2024,RenovaRP Consumables,GI,202301,1087546,Decatur Hospital Authority *CONSOLIDATED use 1115087*,1115087,,,,20168478,90377645,Invoice,195,115,20,3900,3785
7/28/2024,Spot Ex,GI,202301,1105317,88 MDSS/SGSLA-WRIGHT PATTERSON AFB ACCOUNTS PAYABLE,,,,,20192447,90377648,Invoice,380,33.6,10,3800,3766.4
7/28/2024,T-Doc Catheters,Uro,202301,1083626,BHS Physicians Network,,,,,20168357,90377644,Invoice,670,28.9,10,6700,6671.1
7/29/2024,EverLift,GI,202301,1105866,CENTER FOR SAME DAY SURGERY ACCOUNTS PAYABLE,,,,,20193228,90377657,Invoice,370,44.5,10,3700,3655.5
7/29/2024,H. pylori Tests ,GI,202301,1106087,ESSEX GASTRO ASSOCIATES ACCOUNTS PAYABLE,,,,,20193553,90377661,Invoice,560,225.52,100,56000,55774.48
7/29/2024,H. pylori Tests ,GI,202301,1106313,GARDEN GROVE SURGICAL CENTER ACCOUNTS PAYABLE,,,,,20193849,90377663,Invoice,560,225.52,100,56000,55774.48
7/29/2024,InjeTAK,Uro,202301,1105864,Connecticut Surgery Center,,,,,20193226,90377656,Invoice,132,23.68,2,264,240.32
7/29/2024,Other GI Supply Disposables,GI,202301,1105352,AUSTIN ENDOSCOPY CENTER II ACCOUNTS PAYABLE,,,,,20192500,90377649,Invoice,200,0,8,1600,1600
7/29/2024,Other GI Supply Disposables,GI,202301,1105352,AUSTIN ENDOSCOPY CENTER II ACCOUNTS PAYABLE,,,,,20192500,90377649,Invoice,200,0,8,1600,1600
7/29/2024,Other GI Supply Disposables,GI,202301,1105955,DIGESTIVE HEALTH CLINIC ACCOUNTS PAYABLE,,,,,20193354,90377659,Invoice,75,0,3,225,225
7/29/2024,Other GI Supply Disposables,GI,202301,1105955,DIGESTIVE HEALTH CLINIC ACCOUNTS PAYABLE,,,,,20193354,90377659,Invoice,100,0,4,400,400
7/29/2024,Other GI Supply Disposables,GI,202301,1105955,DIGESTIVE HEALTH CLINIC ACCOUNTS PAYABLE,,,,,20193354,90377659,Invoice,50,0,2,100,100
7/29/2024,Other GI Supply Disposables,GI,202301,1106574,KEVIN JENKINS DO ACCOUNTS PAYABLE,,,,,20194270,90377664,Invoice,75,0,3,225,225
7/29/2024,Spot Ex,GI,202301,1105532,BERGEN GASTROENTEROLOGY PC ACCOUNTS PAYABLE,,,,,20192758,90377652,Invoice,380,33.6,10,3800,3766.4
7/29/2024,Spot Ex,GI,202301,1105627,CENTRAL ARIZONA ENDOSCOPY ACCOUNTS PAYABLE,,,,,20192901,90377653,Invoice,380,33.6,10,3800,3766.4
7/29/2024,Spot Ex,GI,202301,1105797,Crestwood Medical Center (CHS),,,,,20193135,90377655,Invoice,345,33.6,10,3450,3416.4
7/29/2024,Spot Ex,GI,202301,1106233,GASTROENTEROLOGY & BARKLEY SURGERY A/P MID POINT PROFESSIONAL BLD,,,,,20193752,90377662,Invoice,2760,268.8,80,220800,220531.2
7/30/2024,Electrodes,Uro,202301,1108233,Womens Health Ctr of Southern Oregon,,,,,20196816,90377682,Invoice,93,27.1,10,930,902.9
7/30/2024,EverLift,GI,202301,1106613,KALAMAZOO ENDO CENTER ACCOUNTS PAYABLE,,,,,20194336,90377665,Invoice,400,44.5,10,4000,3955.5
7/30/2024,EverLift,GI,202301,1108014,WICHITA FALLS ENDOSCOPY CENTER ACCOUNTS PAYABLE,,,,,20196548,90377680,Invoice,360,44.5,10,3600,3555.5
7/30/2024,Other GI Supply Disposables,GI,202301,1107016,HCA Houston Healthcare North Cypress,,,,,20194978,90377672,Invoice,291,103.5,150,43650,43546.5
7/30/2024,RenovaRP Consumables,GI,202301,1108353,Vanderbilt Imaging Services LLC,,,,,20196996,90377683,Invoice,585,345,60,35100,34755
7/30/2024,Spot Ex,GI,202301,1106691,Lutheran Health Network (CHS),,,,,20194453,90377666,Invoice,690,67.2,20,13800,13732.8
7/30/2024,Spot Ex,GI,202301,1106798,OWENSBORO HEALTH MUHLENBERG HOSP ACCOUNTS PAYABLE,,,,,20194599,90377667,Invoice,760,67.2,20,15200,15132.8
7/30/2024,Spot Ex,GI,202301,1106897,BETH ISRAEL DEACONESS HOSP/MILTON *Consolidated* Use BP# 1022897,,,,,20194762,90377669,Invoice,690,67.2,20,13800,13732.8
7/30/2024,Spot Ex,GI,202301,1107039,NORTHWEST GASTROENTEROLOGY CLINIC ACCOUNTS PAYABLE,,,,,20195006,90377673,Invoice,345,33.6,10,3450,3416.4
7/30/2024,Spot Ex,GI,202301,1107552,SOUTHWEST FORT WORTH ENDOSCOPY CTR ACCOUNTS PAYABLE,,,,,20195805,90377675,Invoice,1035,100.8,30,31050,30949.2
7/30/2024,Spot Ex,GI,202301,1107731,Saint Vincent Hospital,,,,,20196114,90377677,Invoice,690,67.2,20,13800,13732.8
7/30/2024,Spot Ex,GI,202301,1108083,WORCESTER SURGICAL CENTER ACCOUNTS PAYABLE,,,,,20196650,90377681,Invoice,1380,134.4,40,55200,55065.6
7/30/2024,T-Doc Catheters,Uro,202301,1108233,Womens Health Ctr of Southern Oregon,,,,,20196816,90377682,Invoice,999,46.2,10,9990,9943.8
7/30/2024,T-Doc Catheters,Uro,202301,1108517,Nashville Urology PC,,,,,20170524,90377685,Invoice,1500,144.5,50,75000,74855.5
7/30/2024,Tubing,Uro,202301,1108233,Womens Health Ctr of Southern Oregon,,,,,20196816,90377682,Invoice,577,42,25,14425,14383
7/31/2024,Clearview,CI,202301,1084109,NHS National Services Scotland Financial services,,,,,20170854,90377700,Invoice,248.69,74.58,5,1243.45,1168.87
7/31/2024,DSD,CI,202301,1061863,NHS Supply Chain NHS Suppply Chain Accounts Payable,,,,,20152822,90377692,Invoice,121.15,43.45,50,6057.5,6014.05
7/31/2024,DSD,CI,202301,1061863,NHS Supply Chain NHS Suppply Chain Accounts Payable,,,,,20151487,90377695,Invoice,121.15,43.45,50,6057.5,6014.05
7/31/2024,Other GI Supply Disposables,GI,202301,1108722,HCA - Austin GI Surgicenter IV,,,,,20197512,90377687,Invoice,25,0,1,25,25
7/31/2024,Other GI Supply Disposables,GI,202301,1108722,HCA - Austin GI Surgicenter IV,,,,,20197512,90377687,Invoice,25,0,1,25,25
7/31/2024,Other GI Supply Disposables,GI,202301,1108722,HCA - Austin GI Surgicenter IV,,,,,20197512,90377687,Invoice,25,0,1,25,25
7/31/2024,Other GI Supply Disposables,GI,202301,1108722,HCA - Austin GI Surgicenter IV,,,,,20197512,90377687,Invoice,25,0,1,25,25
7/31/2024,Other GI Supply Disposables,GI,202301,1108722,HCA - Austin GI Surgicenter IV,,,,,20197512,90377687,Invoice,25,0,1,25,25
7/31/2024,Other GI Supply Disposables,GI,202301,1108722,HCA - Austin GI Surgicenter IV,,,,,20197512,90377687,Invoice,25,0,1,25,25
7/31/2024,Other GI Supply Disposables,GI,202301,1108722,HCA - Austin GI Surgicenter IV,,,,,20197512,90377687,Invoice,25,0,1,25,25
7/31/2024,Other GI Supply Disposables,GI,202301,1108722,HCA - Austin GI Surgicenter IV,,,,,20197512,90377687,Invoice,25,0,1,25,25
7/31/2024,T-Doc Catheters,Uro,202301,1108517,Nashville Urology PC,,,,,20170524,90377685,Invoice,1750,186,50,87500,87314
7/31/2024,UDS Other Service & Repairs,Uro,202301,1020034,Ann & Robert H.Lurie Childrens Hospital,,,,,20078689,90378359,Invoice Cancellation,-350.01,0,-3,1050.03,1050.03
7/31/2024,UDS Other Service & Repairs,Uro,202301,1020034,Ann & Robert H.Lurie Childrens Hospital,,,,,20078689,90378359,Invoice Cancellation,-233.34,0,-2,466.68,466.68
7/31/2024,UDS Other Service & Repairs,Uro,202301,1020034,Ann & Robert H.Lurie Childrens Hospital,,,,,20078689,90378359,Invoice Cancellation,-777.78,0,-1,777.78,777.78
7/31/2024,UDS Other Service & Repairs,Uro,202301,1020034,Ann & Robert H.Lurie Childrens Hospital,,,,,20078689,90378359,Invoice Cancellation,-622.23,0,-1,622.23,622.23
7/31/2024,Unisensor SS,GI,202301,1020034,Ann & Robert H.Lurie Childrens Hospital,,,,,20078689,90378359,Invoice Cancellation,0,0,0,0,0
8/1/2024,Endoscopy Sheaths,Uro,202301,1060968,CH Jacques Cœur,,,,,20153399,90377082,Credit Memo,-1364.59,-430.26,-40,54583.6,55013.86
8/1/2024,Kiwi,CI,202301,1060972,CH Ajaccio,,,,,20156113,90377093,Credit Memo,-1731.63,-155.68,-30,51948.9,52104.58
8/1/2024,Kiwi,CI,202301,1060785,SMS medipool GmbH,,,,,1059403,90377109,Invoice,300.2,31.23,5,1501,1469.77
8/1/2024,Kiwi,CI,202301,1089201,Hospital LogiServe GmbH,,,,,20170152,90377147,Invoice,9606.53,999.5,160,1537044.8,1536045.3
8/1/2024,Koala,CI,202301,1060972,CH Ajaccio,,,,,20156113,90377099,Credit Memo,-508.81,-42.94,-10,5088.1,5131.04
8/1/2024,Other Uro Dx Disposables,Uro,202301,1069867,Universitatsklinikum Münster AöR GB Finanzen - Hauptabtlg. Rechn.wesen,,,,,20154633,90377127,Invoice,1019.56,424.01,100,101956,101531.99
8/1/2024,Ph/Impedance Catheters,GI,202301,1060253,Helios Beschaffungsmanagement GmbH,,,,,20152477,90377117,Invoice,523.27,145.87,10,5232.7,5086.83
8/1/2024,Ph/Impedance Catheters,GI,202301,1060375,Mühlenkreiskliniken (AöR) Johannes Wesling Klinikum Minden,,,,,20153869,90377122,Invoice,1495.36,1316.48,10,14953.6,13637.12
8/1/2024,T-Doc Catheters,Uro,202301,1061029,CH Mont de Marsan,,,,,20155750,90377076,Debit Memo,431.56,86.31,20,8631.2,8544.89
8/1/2024,T-Doc Catheters,Uro,202301,1060968,CH Jacques Cœur,,,,,20153399,90377084,Credit Memo,-400.06,-52.87,-20,8001.2,8054.07
8/1/2024,T-Doc Catheters,Uro,202301,1070268,CH Ajaccio Service Pharmacie - Site Stiletto,,,,,1060972,90377095,Credit Memo,-1060.65,-172.63,-40,42426,42598.63
8/1/2024,Water Catheters,Uro,202301,1060253,Helios Beschaffungsmanagement GmbH,,,,,20152414,90377114,Invoice,407.82,161.83,50,20391,20229.17
8/2/2024,Anorectal Manometry Catheters,GI,202301,1058915,Breslauer Ltd.,,,,,20153352,90377207,Invoice,982.3,534.17,20,19646,19111.83
8/2/2024,Endoscopy Parts & Accessories,Uro,202301,1089461,Gestlab - Clinique Les Fontaines,,,,,20151069,90377168,Invoice,1635.61,486.94,1,1635.61,1148.67
8/2/2024,Endoscopy Sheaths,Uro,202301,1061469,Clinique de la Sauvegarde,,,,,20152816,90377182,Invoice,1780.18,473.09,50,89009,88535.91
8/2/2024,Endoscopy Sheaths,Uro,202301,1059691,Moss S.p.A.,,,,,1059691,90377221,Invoice,14276.3,4796.79,450,6424335,6419538.21
8/2/2024,Kiwi,CI,202301,1061314,Polyclinique Franche-Comte,,,,,1061314,90377179,Invoice,1537.43,187.4,30,46122.9,45935.5
8/2/2024,Kiwi,CI,202301,1078679,Cardinal Health,,,,,20162522,90377240,Invoice,525,78.45,15,7875,7796.55
8/2/2024,Kiwi,CI,202301,1078679,Cardinal Health,,,,,20162522,90377240,Invoice,525,96.15,15,7875,7778.85
8/2/2024,Koala,CI,202301,1078745,"Medline Industries, Inc",,,,,20167030,90377247,Invoice,3366,543.6,120,403920,403376.4
8/2/2024,Other GI Equipment,GI,202301,1061863,NHS Supply Chain NHS Suppply Chain Accounts Payable,,,,,20197508,90377162,Invoice,2202.66,1497.07,4,8810.64,7313.57
8/2/2024,Other Uro Dx Equipment,Uro,202301,1061108,CH Orthez,,,,,20155609,90377178,Invoice,194.2,35.32,1,194.2,158.88
8/2/2024,Other Uro Dx Equipment,Uro,202301,1061108,CH Orthez,,,,,20155609,90377178,Invoice,388.4,70.64,2,776.8,706.16
8/2/2024,Portascan 3D,Uro,202301,1061090,CH Roubaix,,,,,20153403,90377176,Invoice,0,26.5,1,0,-26.5
8/2/2024,ROM,CI,202301,1078745,"Medline Industries, Inc",,,,,20163055,90377246,Invoice,925,135.25,25,23125,22989.75
8/2/2024,Spot Ex,GI,202301,1022115,Hospital Sisters Health System,,,,,20078769,90377228,Invoice,0,0,1,0,0
8/2/2024,T-Doc Catheters,Uro,202301,1082653,Dr Al Rahiss Cabinet d’exploration urodynamique,,,,,1061682,90377184,Invoice,243.56,43.15,10,2435.6,2392.45
8/2/2024,Tubing,Uro,202301,1059954,Insel Gruppe AG Kreditorenbuchhaltung,,,,,20153822,90377193,Invoice,905.45,97.66,50,45272.5,45174.84
8/3/2024,babyLance,CI,202301,1078745,"Medline Industries, Inc",,,,,20163026,90377249,Invoice,380,156,400,152000,151844
8/3/2024,babyLance,CI,202301,1078784,OM Owens & Minor,,,,,20163161,90377255,Invoice,570,234,600,342000,341766
8/3/2024,Kiwi,CI,202301,1078784,OM Owens & Minor,,,,,20163172,90377257,Invoice,1050,156.9,30,31500,31343.1
8/3/2024,Koala,CI,202301,1078745,"Medline Industries, Inc",,,,,20163063,90377248,Invoice,6171,996.6,220,1357620,1356623.4
8/3/2024,ROM,CI,202301,1078784,OM Owens & Minor,,,,,20163195,90377259,Invoice,925,135.25,25,23125,22989.75
8/4/2024,babyLance,CI,202301,1078784,OM Owens & Minor,,,,,20163160,90377267,Invoice,1187.5,487.5,1250,1484375,1483887.5
8/4/2024,Kiwi,CI,202301,1078784,OM Owens & Minor,,,,,20163180,90377261,Invoice,175,32.05,5,875,842.95
8/4/2024,Kiwi,CI,202301,1078784,OM Owens & Minor,,,,,20163173,90377263,Invoice,800,168,20,16000,15832
8/4/2024,Kiwi,CI,202301,1078784,OM Owens & Minor,,,,,20163160,90377267,Invoice,200,35.95,5,1000,964.05
8/4/2024,Kiwi,CI,202301,1079784,The Bermuda Hospitals Board King Edward Mem Hosp,,,,,20163829,90377275,Invoice,577.5,78.45,15,8662.5,8584.05
8/4/2024,Kiwi,CI,202301,1078795,Mohawk Medbuy Corporation *12.30.24 CONSOLIDATED*,,,,,20166327,90377280,Invoice,1990.11,290.13,40,79604.4,79314.27
8/4/2024,Optilume Strictures,Uro,202301,1019221,Saint Peters University Hospital,,,,,20072214,90377296,Invoice,0,107.52,0,0,-107.52
8/4/2024,Optilume Strictures,Uro,202301,1019742,William Beaumont Health *Consolidated* Use BP# 1022361,,,,,20071244,90377329,Invoice,0,71.68,0,0,-71.68
8/4/2024,Portascan 3D,Uro,202301,1019576,Adventist Health,,,,,20067681,90377307,Invoice,0,1500,0,0,-1500
8/4/2024,RenovaRP Consumables,GI,202301,1019008,Edward Hines Jr Hospital *CONSOLIDATED use 1023167*,1023167,,,,20073757,90377294,Invoice,4500,1809.9,45,202500,200690.1
8/4/2024,ROM,CI,202301,1078784,OM Owens & Minor,,,,,20163169,90377265,Invoice,42.5,30.75,5,212.5,181.75
8/4/2024,Spot Ex,GI,202301,1019543,Altru Health System,,,,,20078882,90377306,Invoice,380,33.6,10,3800,3766.4
8/4/2024,Spot Ex,GI,202301,1019812,Bon Secours Mercy Health,,,,,20167785,90377339,Invoice,760,67.2,20,15200,15132.8
8/4/2024,T-Doc Catheters,Uro,202301,1078661,Alberta Health Service,,,,,20165913,90377277,Invoice,3195.19,291.54,100,319519,319227.46
8/4/2024,T-Doc Catheters,Uro,202301,1019691,Baylor College of Medicine,,,,,20070441,90377322,Invoice,3144,148.8,40,125760,125611.2
8/4/2024,T-Doc Catheters,Uro,202301,1019835,Mass General Brigham,,,,,20074604,90377340,Invoice,1572,74.4,20,31440,31365.6
8/5/2024,Optilume Strictures,Uro,202301,1020069,Indiana University Health,,,,,20194243,90377364,Invoice,0,402,0,0,-402
8/5/2024,Optilume Strictures,Uro,202301,1020325,Northern Light Health,,,,,20166625,90377378,Invoice,2095,0,1,2095,2095
8/5/2024,Other GI Supply Disposables,GI,202301,1020468,AdventHealth,,,,,20194104,90377387,Invoice,75,0,3,225,225
8/5/2024,Spot Ex,GI,202301,1020338,Ephraim McDowell Reg. Med. Center,,,,,20078952,90377379,Invoice,760,67.2,20,15200,15132.8
8/5/2024,T-Doc Catheters,Uro,202301,1019894,Carle Foundation Hospital,,,,,20083654,90377343,Invoice,1572,74.4,20,31440,31365.6
8/5/2024,T-Doc Catheters,Uro,202301,1020056,Childrens Hospital of Orange County,,,,,20074419,90377359,Invoice,1572,74.4,20,31440,31365.6
8/5/2024,T-Doc Catheters,Uro,202301,1020106,Columbia Memorial Hospital *Consolidated* Use BP# 1019535,,,,,20079328,90377365,Invoice,505,37.2,10,5050,5012.8
8/5/2024,T-Doc Catheters,Uro,202301,1020151,Cambridge Health Alliance,,,,,20083943,90377367,Invoice,3930,186,50,196500,196314
8/5/2024,T-Doc Catheters,Uro,202301,1020268,Donald E. Wenner III M.D. P.C.,,,,,20166589,90377375,Invoice,670,28.9,10,6700,6671.1
8/5/2024,Tubing,Uro,202301,1020050,Atrium Health,,,,,20168815,90377356,Invoice,868,84,50,43400,43316
8/5/2024,UDS Other Service & Repairs,Uro,202301,1020038,Childrens Hospital of Omaha,,,,,20076192,90377355,Invoice,980,0,1,980,980
8/5/2024,Water Catheters,Uro,202301,1020241,Urology Testing Company,,,,,20079087,90377374,Invoice,1415,178,50,70750,70572
8/6/2024,Endoscopy Sheaths,Uro,202301,1020573,Geisinger System Services,,,,,20164107,90377396,Invoice,1857,13.5,30,55710,55696.5
8/6/2024,Optilume Strictures,Uro,202301,1020832,Huntsville Hospital Health System,,,,,20078500,90377412,Invoice,0,71.68,0,0,-71.68
8/6/2024,Optilume Strictures,Uro,202301,1020832,Huntsville Hospital Health System,,,,,20078500,90377412,Invoice,0,402,0,0,-402
8/6/2024,Optilume Strictures,Uro,202301,1020832,Huntsville Hospital Health System,,,,,20078500,90377412,Invoice,0,71.68,0,0,-71.68
8/6/2024,Optilume Strictures,Uro,202301,1021118,Lee Memorial Health System,,,,,20194492,90377433,Invoice,0,402,0,0,-402
8/6/2024,RenovaRP Consumables,GI,202301,1020468,AdventHealth,,,,,20074481,90377392,Invoice,585,182.85,15,8775,8592.15
8/6/2024,Spot Ex,GI,202301,1020487,Covenant Health,,,,,20070004,90377394,Invoice,380,33.6,10,3800,3766.4
8/6/2024,Spot Ex,GI,202301,1020621,CHI - Common Spirit Health,,,,,20195865,90377397,Invoice,345,33.6,10,3450,3416.4
8/6/2024,T-Doc Catheters,Uro,202301,1020621,CHI - Common Spirit Health,,,,,20083263,90377398,Invoice,2732,148.8,40,109280,109131.2
8/6/2024,T-Doc Catheters,Uro,202301,1020672,Gulfstream Urology,,,,,20068780,90377404,Invoice,1212,86.7,30,36360,36273.3
8/6/2024,T-Doc Catheters,Uro,202301,1020672,Gulfstream Urology,,,,,20068780,90377404,Invoice,1425,111.6,30,42750,42638.4
8/6/2024,T-Doc Catheters,Uro,202301,1020752,Memorial Hermann Health System,,,,,20074788,90377410,Invoice,780,74.4,20,15600,15525.6
8/6/2024,T-Doc Catheters,Uro,202301,1020937,Johns Hopkins Enterprise JH A/P Shared Service C.,,,,,20080464,90377418,Invoice,375,37.2,10,3750,3712.8
8/6/2024,T-Doc Catheters,Uro,202301,1020971,Kaiser Health Plan Asset Mgmt,,,,,20075052,90377420,Invoice,401,37.2,10,4010,3972.8
8/6/2024,T-Doc Catheters,Uro,202301,1021177,Maimonides Medical Center,,,,,20197055,90377440,Invoice,2150,144.5,50,107500,107355.5
8/7/2024,Electrodes,Uro,202301,1022419,UCSF Medical Center,,,,,20071221,90377543,Invoice,588,189.7,70,41160,40970.3
8/7/2024,Incontinence MPQ,Uro,202301,1022411,St. Mary's Medical Center,,,,,20077231,90377542,Invoice,4242,252.36,6,25452,25199.64
8/7/2024,Incontinence UPC Lead Sets,Uro,202301,1021190,Mayo Clinic,,,,,20074851,90377441,Invoice,1868,83.76,2,3736,3652.24
8/7/2024,Incontinence UPC Lead Sets,Uro,202301,1021925,Intermountain Healthcare,,,,,20083214,90377501,Invoice,3418,911.2,2,6836,5924.8
8/7/2024,Incontinence UPC Lead Sets,Uro,202301,1022280,Village Practice Management Company,,,,,20166705,90377531,Invoice,660,46.8,1,660,613.2
8/7/2024,InjeTAK,Uro,202301,1021984,Monument Health,,,,,20167677,90377511,Invoice,132,20.6,2,264,243.4
8/7/2024,InjeTAK,Uro,202301,1022292,SSM Health Care St Louis,,,,,20164112,90377532,Invoice,326,87.4,4,1304,1216.6
8/7/2024,Optilume Strictures,Uro,202301,1021596,Northside Hospital,,,,,20084415,90377472,Invoice,0,35.84,0,0,-35.84
8/7/2024,T-Doc Catheters,Uro,202301,1021334,Encore Urology,,,,,20079860,90377454,Invoice,3800,289,100,380000,379711
8/7/2024,T-Doc Catheters,Uro,202301,1021454,Memorial Sloan-Kettering,,,,,20070409,90377461,Invoice,3415,186,50,170750,170564
8/7/2024,T-Doc Catheters,Uro,202301,1021683,Orange Coast Urology,,,,,20076141,90377479,Invoice,786,37.2,10,7860,7822.8
8/7/2024,T-Doc Catheters,Uro,202301,1021776,Physicians Ambulatory Surgery Center,,,,,20076996,90377490,Invoice,2010,86.7,30,60300,60213.3
8/7/2024,T-Doc Catheters,Uro,202301,1022419,UCSF Medical Center,,,,,20071221,90377543,Invoice,4500,277.2,60,270000,269722.8
8/7/2024,Tubing,Uro,202301,1021177,Maimonides Medical Center,,,,,20197055,90377440,Invoice,882,84,50,44100,44016
8/7/2024,Tubing,Uro,202301,1021334,Encore Urology,,,,,20079860,90377454,Invoice,441,42,25,11025,10983
8/8/2024,Incontinence MPQ,Uro,202301,1023081,UT Health Science Center San Antonio,,,,,20067234,90377606,Invoice,234,80.28,6,1404,1323.72
8/8/2024,InjeTAK,Uro,202301,1022710,UC San Diego Healthcare,,,,,20074979,90377567,Invoice,815,190,10,8150,7960
8/8/2024,InjeTAK,Uro,202301,1022827,U-M University of Michigan Hospital,,,,,20068322,90377583,Invoice,1630,380,20,32600,32220
8/8/2024,InjeTAK,Uro,202301,1022962,"Urology Associates, PC",,,,,20081868,90377599,Invoice,652,174.8,8,5216,5041.2
8/8/2024,Optilume Strictures,Uro,202301,1023161,VA Milwaukee Health Care,,,,,20067368,90377614,Invoice,0,402,0,0,-402
8/8/2024,Optilume Strictures,Uro,202301,1023161,VA Milwaukee Health Care,,,,,20067368,90377614,Invoice,0,71.68,0,0,-71.68
8/8/2024,Optilume Strictures,Uro,202301,1079837,Good Samaritan Medical Center,,,,,20163973,90377639,Invoice,0,35.84,0,0,-35.84
8/8/2024,Other Uro Dx Disposables,Uro,202301,1022439,Urology of St Louis,,,,,20069257,90377546,Invoice,580,303,100,58000,57697
8/8/2024,RenovaRP Consumables,GI,202301,1022830,The University of Iowa,,,,,20072587,90377587,Invoice,850,575,100,85000,84425
8/8/2024,RenovaRP Consumables,GI,202301,1022846,University Health System,,,,,20078660,90377591,Invoice,2250,609.5,50,112500,111890.5
8/8/2024,RenovaRP Consumables,GI,202301,1023126,VA Richmond Health Care,,,,,20079627,90377610,Invoice,860,460,80,68800,68340
8/8/2024,RenovaRP Consumables,GI,202301,1023491,WellSpan Health,,,,,20077780,90377630,Invoice,2500,1005.5,25,62500,61494.5
8/8/2024,Spot Ex,GI,202301,1022584,Texas Health Resources,,,,,20084475,90377560,Invoice,760,67.2,20,15200,15132.8
8/8/2024,Spot Ex,GI,202301,1023207,VA Palo Alto Health Care,,,,,20074660,90377624,Invoice,380,33.6,10,3800,3766.4
8/8/2024,T-Doc Catheters,Uro,202301,1022439,Urology of St Louis,,,,,20069257,90377546,Invoice,3980,372,100,398000,397628
8/8/2024,T-Doc Catheters,Uro,202301,1023174,VA New Jersey Health Care,,,,,20070845,90377616,Invoice,786,37.2,10,7860,7822.8
8/9/2024,Clearview,CI,202301,1084109,NHS National Services Scotland Financial services,,,,,20170854,90377699,Invoice,248.69,74.58,5,1243.45,1168.87
8/9/2024,DSD,CI,202301,1061863,NHS Supply Chain NHS Suppply Chain Accounts Payable,,,,,20151487,90377696,Invoice,121.15,43.45,50,6057.5,6014.05
8/9/2024,EverLift,GI,202301,1105515,BIRMINGHAM SURGERY CENTER ACCOUNTS PAYABLE,,,,,20192739,90377651,Invoice,400,44.5,10,4000,3955.5
8/9/2024,H. pylori Tests ,GI,202301,1105460,"ANDERSON SURGERY CENTER, LLC ACCOUNTS PAYABLE",,,,,1105460,90377650,Invoice,280,112.76,50,14000,13887.24
8/9/2024,Spot Ex,GI,202301,1083578,Kootenai Hospital District DBA Kootenai Health,,,,,20167322,90377643,Invoice,380,33.6,10,3800,3766.4
8/9/2024,Spot Ex,GI,202301,1107445,OUTPATIENT SURG CTR @ CORAL SPRINGS ACCOUNTS PAYABLE,,,,,20195641,90377674,Invoice,345,33.6,10,3450,3416.4
8/9/2024,Spot Ex,GI,202301,1107566,SPECTRUM HEALTH HEALTH POINTE *CONSOLIDATED use 1022361*,1022361,,,,20195824,90377676,Invoice,760,67.2,20,15200,15132.8
8/9/2024,Spot Ex,GI,202301,1107976,Valley View Medical Center,,,,,20196496,90377679,Invoice,345,33.6,10,3450,3416.4
8/9/2024,T-Doc Catheters,Uro,202301,1061029,CH Mont de Marsan,,,,,20155750,90377064,Credit Memo,-431.56,-135.29,-20,8631.2,8766.49
8/9/2024,Tubing,Uro,202301,1061029,CH Mont de Marsan,,,,,20155750,90377068,Credit Memo,-253.54,-98.72,-50,12677,12775.72
8/10/2024,3rd party,CI,202301,1060552,ProServ Rhein - Erft GmbH Einkauf,,,,,20154723,90377129,Invoice,248.15,132.92,10,2481.5,2348.58
8/10/2024,Endoscopy Sheaths,Uro,202301,1060968,CH Jacques Cœur,,,,,20153399,90377083,Debit Memo,1364.59,430.26,40,54583.6,54153.34
8/10/2024,Endoscopy Sheaths,Uro,202301,1060968,CH Jacques Cœur,,,,,20153399,90377089,Credit Memo,-1364.59,-430.26,-40,54583.6,55013.86
8/10/2024,InjeTAK,Uro,202301,1058929,Edaptechnomed Co. Ltd.,,,,,20152805,90377103,Invoice,2116.43,515,50,105821.5,105306.5
8/10/2024,Kiwi,CI,202301,1069256,Städt. Klinikum Karlsruhe gGmbH GB1/Rechnungsprüfung,,,,,20155846,90377137,Invoice,478.61,80.05,10,4786.1,4706.05
8/10/2024,Other GI Disposables,GI,202301,1060253,Helios Beschaffungsmanagement GmbH,,,,,20154863,90377116,Invoice,22.66,12.35,1,22.66,10.31
8/10/2024,Other Uro Dx Disposables,Uro,202301,1070327,Martha-Maria Krankenhaus gGmbH,,,,,20152336,90377110,Invoice,478.6,212,50,23930,23718
8/10/2024,Other Uro Dx Disposables,Uro,202301,1060423,Lichtenau E.V. Orthopädische Klinik Hessisch-Lichtenau,,,,,1060423,90377124,Invoice,539.45,212,50,26972.5,26760.5
8/10/2024,T-Doc Catheters,Uro,202301,1061029,CH Mont de Marsan,,,,,20155750,90377074,Debit Memo,625.76,105.73,40,25030.4,24924.67
8/10/2024,T-Doc Catheters,Uro,202301,1060968,CH Jacques Cœur,,,,,20153399,90377085,Debit Memo,455.62,86.31,20,9112.4,9026.09
8/10/2024,Tubing,Uro,202301,1060972,CH Ajaccio,,,,,20156113,90377098,Debit Memo,630.77,82.86,60,37846.2,37763.34
8/10/2024,Water Catheters,Uro,202301,1069601,Universitätsklinikum Hamburg Eppendorf Rechnungssachbearbeitung,,,,,20152355,90377119,Invoice,324.53,92.57,20,6490.6,6398.03
8/10/2024,Water Catheters,Uro,202301,1069256,Städt. Klinikum Karlsruhe gGmbH GB1/Rechnungsprüfung,,,,,20155846,90377136,Invoice,302.09,100.55,20,6041.8,5941.25
8/11/2024,babyLance,CI,202301,1087514,RI.MOS. s.r.l.,,,,,1087514,90377224,Invoice,790,415.82,1000,790000,789584.18
8/11/2024,babyLance,CI,202301,1078745,"Medline Industries, Inc",,,,,20163018,90377250,Invoice,1330,546,1400,1862000,1861454
8/11/2024,babyLance,CI,202301,1078784,OM Owens & Minor,,,,,20163190,90377258,Invoice,142.5,58.5,150,21375,21316.5
8/11/2024,babyLance,CI,202301,1078784,OM Owens & Minor,,,,,20163160,90377267,Invoice,332.5,136.5,350,116375,116238.5
8/11/2024,BoogieBaby,CI,202301,1078745,"Medline Industries, Inc",,,,,20163026,90377249,Invoice,217.35,51,100,21735,21684
8/11/2024,BoogieBaby,CI,202301,1078784,OM Owens & Minor,,,,,20163160,90377267,Invoice,200,52,100,20000,19948
8/11/2024,Clearview,CI,202301,1078784,OM Owens & Minor,,,,,20163178,90377266,Invoice,414.55,80.1,5,2072.75,1992.65
8/11/2024,EverLift,GI,202301,1022400,Trinity Health,,,,,20084235,90377229,Invoice,0,0,1,0,0
8/11/2024,EverLift,GI,202301,1106239,GASTROENTEROLOGY ASSOCIATES ACCOUNTS PAYABLE,,,,,20193758,90377230,Invoice,0,0,1,0,0
8/11/2024,Kiwi,CI,202301,1078745,"Medline Industries, Inc",,,,,20163055,90377246,Invoice,1400,209.2,40,56000,55790.8
8/11/2024,Kiwi,CI,202301,1078745,"Medline Industries, Inc",,,,,20163063,90377248,Invoice,2200,395.45,55,121000,120604.55
8/11/2024,Other GI Equipment,GI,202301,1061863,NHS Supply Chain NHS Suppply Chain Accounts Payable,,,,,20197508,90377163,Invoice,2202.66,1497.07,4,8810.64,7313.57
8/11/2024,Other Uro Dx Disposables,Uro,202301,1061808,SHL Spire Healthcare Ltd Accounts Payable,,,,,20151520,90377160,Invoice,14.4,4.76,5,72,67.24
8/11/2024,Other Uro Dx Disposables,Uro,202301,1061863,NHS Supply Chain NHS Suppply Chain Accounts Payable,,,,,20151546,90377164,Invoice,187.23,416.72,50,9361.5,8944.78
8/11/2024,Other Uro Tx Disposables,Uro,202301,1059691,Moss S.p.A.,,,,,1059691,90377222,Invoice,1037.6,115.52,3,3112.8,2997.28
8/11/2024,ROM,CI,202301,1078745,"Medline Industries, Inc",,,,,20163063,90377248,Invoice,4625,676.25,125,578125,577448.75
8/11/2024,ROM,CI,202301,1078784,OM Owens & Minor,,,,,20168091,90377268,Invoice,925,135.25,25,23125,22989.75
8/11/2024,Water Catheters,Uro,202301,9980001180,Bernd Bader,,,,,9980001180,90377149,Invoice,0,92.57,20,0,-92.57
8/12/2024,EverLift,GI,202301,1019652,BJC Healthcare,,,,,20078904,90377314,Invoice,400,44.5,10,4000,3955.5
8/12/2024,Incontinence MPQ,Uro,202301,1019313,Parkridge Surgery Center,,,,,20073834,90377298,Invoice,34,13.38,1,34,20.62
8/12/2024,Kiwi,CI,202301,1080937,PHSA- Langley Inventory,,,,,20163256,90377288,Invoice,1385.33,193.99,30,41559.9,41365.91
8/12/2024,Koala,CI,202301,1078784,OM Owens & Minor,,,,,20168091,90377269,Invoice,280.5,45.3,10,2805,2759.7
8/12/2024,Optilume Strictures,Uro,202301,1019221,Saint Peters University Hospital,,,,,20072214,90377296,Invoice,0,453,0,0,-453
8/12/2024,Portascan 3D,Uro,202301,1019576,Adventist Health,,,,,20067681,90377307,Invoice,7760,0,1,7760,7760
8/12/2024,Portascan 3D,Uro,202301,1019576,Adventist Health,,,,,20067681,90377307,Invoice,0,0.81,0,0,-0.81
8/12/2024,Portascan 3D,Uro,202301,1019576,Adventist Health,,,,,20067681,90377307,Invoice,0,1320,0,0,-1320
8/12/2024,RenovaRP Consumables,GI,202301,1019008,Edward Hines Jr Hospital *CONSOLIDATED use 1023167*,1023167,,,,20073757,90377294,Invoice,880,460,80,70400,69940
8/12/2024,T-Doc Catheters,Uro,202301,1079442,Bluewater Health,,,,,20163714,90377285,Invoice,478.16,37.53,10,4781.6,4744.07
8/12/2024,T-Doc Catheters,Uro,202301,1079725,Horizon Health Network,,,,,20166108,90377286,Invoice,1787.52,150.11,40,71500.8,71350.69
8/12/2024,T-Doc Catheters,Uro,202301,1019668,Aurora Health *Consolidated* Use BP# 1020857,,,,,20080786,90377318,Invoice,786,37.2,10,7860,7822.8
8/13/2024,InjeTAK,Uro,202301,1021169,Mainehealth,,,,,20083708,90377439,Invoice,264,47.36,4,1056,1008.64
8/13/2024,Optilume Strictures,Uro,202301,1020069,Indiana University Health,,,,,20194243,90377364,Invoice,0,1206,0,0,-1206
8/13/2024,Optilume Strictures,Uro,202301,1020325,Northern Light Health,,,,,20166625,90377378,Invoice,0,201,0,0,-201
8/13/2024,Optilume Strictures,Uro,202301,1020832,Huntsville Hospital Health System,,,,,20078500,90377412,Invoice,4190,0,2,8380,8380
8/13/2024,Optilume Strictures,Uro,202301,1021118,Lee Memorial Health System,,,,,20194492,90377433,Invoice,4190,0,2,8380,8380
8/13/2024,RenovaRP Consumables,GI,202301,1020468,AdventHealth,,,,,20074481,90377392,Invoice,570,345,60,34200,33855
8/13/2024,Spot Ex,GI,202301,1020450,Forrest General Hosp.,,,,,20077812,90377385,Invoice,380,33.6,10,3800,3766.4
8/13/2024,Spot Ex,GI,202301,1020716,Hackensack Meridian Health,,,,,20163938,90377408,Invoice,690,67.2,20,13800,13732.8
8/13/2024,Spot Ex,GI,202301,1020872,Inova Health Care Services,,,,,20167011,90377413,Invoice,380,33.6,10,3800,3766.4
8/13/2024,Spot Ex,GI,202301,1020992,Kettering Health,,,,,20072984,90377428,Invoice,345,33.6,10,3450,3416.4
8/13/2024,T-Doc Catheters,Uro,202301,1019835,Mass General Brigham,,,,,20082799,90377341,Invoice,2010,86.7,30,60300,60213.3
8/13/2024,T-Doc Catheters,Uro,202301,1020020,Childrens Hospital of Alabama,,,,,20084021,90377350,Invoice,3930,186,50,196500,196314
8/13/2024,Tubing,Uro,202301,1020268,Donald E. Wenner III M.D. P.C.,,,,,20166589,90377375,Invoice,577,42,25,14425,14383
8/14/2024,Incontinence UPC Lead Sets,Uro,202301,1021470,Murfreesboro Clinic & Surgery Center,,,,,20081045,90377464,Invoice,1868,93.6,2,3736,3642.4
8/14/2024,Incontinence UPC Lead Sets,Uro,202301,1021591,Northwell Health,,,,,20084750,90377468,Invoice,0,234,0,0,-234
8/14/2024,InjeTAK,Uro,202301,1021590,Novant Health Inc.,,,,,20195335,90377465,Invoice,705,190,10,7050,6860
8/14/2024,InjeTAK,Uro,202301,1021591,Northwell Health,,,,,20066871,90377469,Invoice,158,47.36,4,632,584.64
8/14/2024,Optilume Strictures,Uro,202301,1021190,Mayo Clinic,,,,,20084767,90377443,Invoice,0,201,0,0,-201
8/14/2024,Optilume Strictures,Uro,202301,1021378,Munson Healthcare DBA Northern Michigan Supply Alliance,,,,,20084524,90377457,Invoice,2095,0,1,2095,2095
8/14/2024,Other GI Supply Disposables,GI,202301,1021632,AMSURG,,,,,20195543,90377476,Invoice,50,0,2,100,100
8/14/2024,Other Uro Dx Equipment,Uro,202301,1021918,Presbyterian Healthcare Services,,,,,20077244,90377497,Invoice,0,0,1,0,0
8/14/2024,RenovaRP Consumables,GI,202301,1021327,Penn State Health,,,,,20080307,90377453,Invoice,215,115,20,4300,4185
8/14/2024,Spot Ex,GI,202301,1021700,Overlake Hospital,,,,,20074985,90377484,Invoice,380,33.6,10,3800,3766.4
8/14/2024,Spot Ex,GI,202301,1021928,Providence Health & Services,,,,,20082897,90377505,Invoice,360,33.6,10,3600,3566.4
8/14/2024,T-Doc Catheters,Uro,202301,1021177,Maimonides Medical Center,,,,,20197055,90377440,Invoice,4995,231,50,249750,249519
8/14/2024,T-Doc Catheters,Uro,202301,1021753,Atlantic Health System,,,,,20083786,90377488,Invoice,1572,74.4,20,31440,31365.6
8/14/2024,Tubing,Uro,202301,1021778,ProMedica Health System Inc,,,,,20166697,90377491,Invoice,577,42,25,14425,14383
8/15/2024,Aquarius CT/CTS,Uro,202301,1022444,Mercy Health,,,,,20080949,90377547,Invoice,102995,1300.28,1,102995,101694.72
8/15/2024,EverLift,GI,202301,1022399,Stony Brook Med: State Univ of NY,,,,,20080592,90377540,Invoice,1200,133.5,30,36000,35866.5
8/15/2024,InjeTAK,Uro,202301,1021984,Monument Health,,,,,20167677,90377511,Invoice,132,20.6,2,264,243.4
8/15/2024,Other GI Supply Disposables,GI,202301,1021928,Providence Health & Services,,,,,20067030,90377509,Invoice,198.88,50,100,19888,19838
8/15/2024,Other Uro Dx Disposables,Uro,202301,1022444,Mercy Health,,,,,20080949,90377547,Invoice,0,42.14,0,0,-42.14
8/15/2024,Spot Ex,GI,202301,1022419,UCSF Medical Center,,,,,20196287,90377544,Invoice,380,33.6,10,3800,3766.4
8/15/2024,T-Doc Catheters,Uro,202301,1022029,Riverside Health,,,,,20081844,90377512,Invoice,2358,111.6,30,70740,70628.4
8/15/2024,T-Doc Catheters,Uro,202301,1022237,Sharp Healthcare,,,,,20072560,90377526,Invoice,506,28.9,10,5060,5031.1
8/15/2024,T-Doc Catheters,Uro,202301,1022394,Mount Sinai: St Lukes Roosevelt,,,,,20083697,90377537,Invoice,1366,74.4,20,27320,27245.6
8/15/2024,T-Doc Catheters,Uro,202301,1022419,UCSF Medical Center,,,,,20071221,90377543,Invoice,3036,173.4,60,182160,181986.6
8/15/2024,T-Doc Catheters,Uro,202301,1022439,Urology of St Louis,,,,,20069257,90377546,Invoice,3450,289,100,345000,344711
8/15/2024,UDS Other Service & Repairs,Uro,202301,1022444,Mercy Health,,,,,20080949,90377547,Invoice,0,227.22,0,0,-227.22
8/15/2024,UDS Other Service & Repairs,Uro,202301,1022444,Mercy Health,,,,,20080949,90377547,Invoice,0,17.53,0,0,-17.53
8/15/2024,UDS Other Service & Repairs,Uro,202301,1022444,Mercy Health,,,,,20080949,90377547,Invoice,0,6.06,1,0,-6.06
8/16/2024,Incontinence UPC Lead Sets,Uro,202301,1023199,VA Sierra Nevada Health Care,,,,,20073013,90377620,Invoice,3736,187.2,4,14944,14756.8
8/16/2024,InjeTAK,Uro,202301,1022572,Cleveland Clinic Health,,,,,20166704,90377558,Invoice,218,87.4,4,872,784.6
8/16/2024,Optilume Strictures,Uro,202301,1022521,Tampa General Hospital,,,,,20068496,90377556,Invoice,6285,0,3,18855,18855
8/16/2024,Optilume Strictures,Uro,202301,1022521,Tampa General Hospital,,,,,20068496,90377556,Invoice,6285,0,3,18855,18855
8/16/2024,Optilume Strictures,Uro,202301,1022521,Tampa General Hospital,,,,,20068496,90377556,Invoice,0,107.52,0,0,-107.52
8/16/2024,Other GI Supply Disposables,GI,202301,1022846,University Health System,,,,,20078660,90377591,Invoice,260,184,10,2600,2416
8/16/2024,Other GI Supply Disposables,GI,202301,1022897,Beth Israel Lahey Health,,,,,20197228,90377593,Invoice,248,120,200,49600,49480
8/16/2024,RenovaRP Consumables,GI,202301,1022755,University of Kentucky Healthcare,,,,,20071793,90377575,Invoice,1980,1035,180,356400,355365
8/16/2024,Spot Ex,GI,202301,1022681,Union Hospital Inc,,,,,20084250,90377565,Invoice,380,33.6,10,3800,3766.4
8/16/2024,Spot Ex,GI,202301,1022760,St Claire  Regional Medical Center,,,,,20074195,90377576,Invoice,1140,100.8,30,34200,34099.2
8/16/2024,T-Doc Catheters,Uro,202301,1023098,UC Irvine Medical Center,,,,,20083781,90377607,Invoice,3996,184.8,40,159840,159655.2
8/16/2024,T-Doc Catheters,Uro,202301,1023163,Wisconsin Institute of Urology SC,,,,,20071753,90377615,Invoice,832,74.4,20,16640,16565.6
8/16/2024,Water Catheters,Uro,202301,1022572,Cleveland Clinic Health,,,,,20071728,90377559,Invoice,151,35.6,10,1510,1474.4
8/16/2024,Water Catheters,Uro,202301,1022686,University of Connecticut Health Center,,,,,20070369,90377566,Invoice,486,75.8,20,9720,9644.2
8/17/2024,DSD,CI,202301,1061863,NHS Supply Chain NHS Suppply Chain Accounts Payable,,,,,20151485,90377691,Invoice,121.15,43.45,50,6057.5,6014.05
8/17/2024,Electrodes,Uro,202301,1025594,Midlantic Urology,,,,,20078528,90377633,Invoice,372,108.4,40,14880,14771.6
8/17/2024,Incontinence UPC Lead Sets,Uro,202301,1027002,Women's Health Center of Reno *Account Closed*,,,,,20084859,90377635,Invoice,934,46.8,1,934,887.2
8/17/2024,Other GI Supply Disposables,GI,202301,1105352,AUSTIN ENDOSCOPY CENTER II ACCOUNTS PAYABLE,,,,,20192500,90377649,Invoice,75,0,3,225,225
8/17/2024,Other GI Supply Disposables,GI,202301,1105352,AUSTIN ENDOSCOPY CENTER II ACCOUNTS PAYABLE,,,,,20192500,90377649,Invoice,200,0,8,1600,1600
8/17/2024,Other GI Supply Disposables,GI,202301,1105955,DIGESTIVE HEALTH CLINIC ACCOUNTS PAYABLE,,,,,20193354,90377659,Invoice,50,0,2,100,100
8/17/2024,Other GI Supply Disposables,GI,202301,1105955,DIGESTIVE HEALTH CLINIC ACCOUNTS PAYABLE,,,,,20193354,90377659,Invoice,25,0,1,25,25
8/17/2024,Other GI Supply Disposables,GI,202301,1105955,DIGESTIVE HEALTH CLINIC ACCOUNTS PAYABLE,,,,,20193354,90377659,Invoice,100,0,4,400,400
8/17/2024,Other GI Supply Disposables,GI,202301,1106029,ENDOSCOPY CENTER OF BERGEN COUNTY ACCOUNTS PAYABLE,,,,,20193464,90377660,Invoice,520,368,20,10400,10032
8/17/2024,Other GI Supply Disposables,GI,202301,1108722,HCA - Austin GI Surgicenter IV,,,,,20197512,90377687,Invoice,25,0,1,25,25
8/17/2024,Other Uro Dx Equipment,Uro,202301,1026307,"Rebecca James, MD",,,,,20168627,90377634,Invoice,2754.15,100.79,1,2754.15,2653.36
8/17/2024,Spot Ex,GI,202301,1105869,CENTER FOR SURGICAL EXCELLANCE ACCOUNTS PAYABLE,,,,,20193231,90377658,Invoice,380,33.6,10,3800,3766.4
8/17/2024,T-Doc Catheters,Uro,202301,1108517,Nashville Urology PC,,,,,20170524,90377685,Invoice,435,71.6,10,4350,4278.4
8/17/2024,Tubing,Uro,202301,1108517,Nashville Urology PC,,,,,20170524,90377685,Invoice,646,84,50,32300,32216
8/18/2024,babyLance,CI,202301,1069898,Marienhaus Dienstleistungen GmbH BUK0952,,,,,1060699,90377134,Invoice,86.31,21.04,50,4315.5,4294.46
8/18/2024,Breath Test consumables,GI,202301,1059908,VZW GZA,,,,,20171093,90377203,Invoice,182.33,36.43,1,182.33,145.9
8/18/2024,Clearview,CI,202301,1061863,NHS Supply Chain NHS Suppply Chain Accounts Payable,,,,,20152822,90377694,Invoice,1222.48,298.34,20,24449.6,24151.26
8/18/2024,Endoscopy Monitors,Uro,202301,1059725,Medicor Medical Supplies NV,,,,,20155360,90377198,Invoice,4782.76,2551.22,1,4782.76,2231.54
8/18/2024,Endoscopy Parts & Accessories,Uro,202301,1089461,Gestlab - Clinique Les Fontaines,,,,,20151069,90377168,Invoice,149.48,48.67,1,149.48,100.81
8/18/2024,Endoscopy Sheaths,Uro,202301,1082756,HP Claude Galien,,,,,20167131,90377188,Invoice,712.07,215.13,20,14241.4,14026.27
8/18/2024,Incontinence UPC Lead Sets,Uro,202301,1061800,Surrey & Sussex Healthcare NHS Trust RTP PAYABLES Z955,,,,,20152559,90377157,Invoice,4391.74,238.48,6,26350.44,26111.96
8/18/2024,Optilume Strictures,Uro,202301,1061743,NHS Greater Glasgow & Clyde Finance Department,,,,,20151700,90377151,Invoice,0,242.89,0,0,-242.89
8/18/2024,Optilume Strictures,Uro,202301,1061743,NHS Greater Glasgow & Clyde Finance Department,,,,,20151700,90377152,Invoice,1652,0,1,1652,1652
8/18/2024,Other Uro Dx Disposables,Uro,202301,1060857,Krankenhaus Barmherzige Brüder,,,,,20154775,90377143,Invoice,1078.9,424.01,100,107890,107465.99
8/18/2024,Other Uro Dx Disposables,Uro,202301,1061850,Rehazenter Luxembourg Rehazenter CNRFR,,,,,20151536,90377206,Invoice,1137.16,830.75,100,113716,112885.25
8/18/2024,Ph/Impedance Catheters,GI,202301,1060957,CHU Caen,,,,,20154765,90377170,Invoice,364.34,94.24,5,1821.7,1727.46
8/18/2024,Ph/Impedance Catheters,GI,202301,1059804,Ziekenhuis Oost-Limburg Campus Sint-Jan,,,,,20153615,90377200,Invoice,661.96,94.24,5,3309.8,3215.56
8/18/2024,Tubing,Uro,202301,1060822,Kliniken Ostallgäu-Kaufbeuren,,,,,20154435,90377140,Invoice,534.06,145.12,50,26703,26557.88
8/18/2024,Tubing,Uro,202301,1061330,Clinique de l'Union,,,,,20154647,90377180,Invoice,93.93,13.81,10,939.3,925.49
8/18/2024,Tubing,Uro,202301,1061850,Rehazenter Luxembourg Rehazenter CNRFR,,,,,20151536,90377206,Invoice,269.72,27.61,20,5394.4,5366.79
8/18/2024,UDS Other Service & Repairs,Uro,202301,1061101,CH Boulogne s/mer,,,,,1061101,90377177,Invoice,0,96.36,1,0,-96.36
8/19/2024,BoogieBaby,CI,202301,1023349,Wellstar Health System,,,,,20197510,90377239,Invoice,366,123,300,109800,109677
8/19/2024,Endoscopy Sheaths,Uro,202301,1059691,Moss S.p.A.,,,,,1059691,90377221,Invoice,53932.67,18286.28,1700,91685539,91667252.72
8/19/2024,Flowstar,Uro,202301,1058929,Edaptechnomed Co. Ltd.,,,,,20152805,90377209,Invoice,10670.24,5258.67,4,42680.96,37422.29
8/19/2024,Incontinence UPC Lead Sets,Uro,202301,1059195,Stichting Zuyderland Medisch Centrum Crediteurenadministratie,,,,,20153906,90377219,Invoice,564.77,118.85,3,1694.31,1575.46
8/19/2024,Kiwi,CI,202301,1087512,Sonotrade,,,,,1087512,90377223,Invoice,5292,1424.02,180,952560,951135.98
8/19/2024,Kiwi,CI,202301,1087514,RI.MOS. s.r.l.,,,,,1087514,90377224,Invoice,30027.6,9018.77,1140,34231464,34222445.23
8/19/2024,Koala,CI,202301,1070204,Medisch Spectrum Twente Crediteurenadministratie,,,,,20153732,90377215,Invoice,1404.38,218.37,40,56175.2,55956.83
8/19/2024,Other Uro Dx Equipment,Uro,202301,1058929,Edaptechnomed Co. Ltd.,,,,,20152805,90377209,Invoice,1618.4,623.34,4,6473.6,5850.26
8/19/2024,Ph/Impedance Catheters,GI,202301,1058951,Medicina y Mercado S.L,,,,,20155367,90377210,Invoice,941.16,188.49,10,9411.6,9223.11
8/19/2024,ROM,CI,202301,1022897,Beth Israel Lahey Health,,,,,20197016,90377238,Invoice,7000,1082,200,1400000,1398918
8/19/2024,Spot Ex,GI,202301,1023164,VA Minneapolis Health Care,,,,,20076635,90377227,Invoice,0,0,1,0,0
8/20/2024,babyLance,CI,202301,1078784,OM Owens & Minor,,,,,20163195,90377259,Invoice,475,195,500,237500,237305
8/20/2024,babyLance,CI,202301,1078784,OM Owens & Minor,,,,,20163173,90377263,Invoice,47.5,19.5,50,2375,2355.5
8/20/2024,BoogieBaby,CI,202301,1078745,"Medline Industries, Inc",,,,,20163018,90377250,Invoice,5460,1071,2100,11466000,11464929
8/20/2024,BoogieBaby,CI,202301,1078784,OM Owens & Minor,,,,,20163169,90377265,Invoice,200,52,100,20000,19948
8/20/2024,Kiwi,CI,202301,1078784,OM Owens & Minor,,,,,20163177,90377251,Invoice,200,35.95,5,1000,964.05
8/20/2024,Kiwi,CI,202301,1078784,OM Owens & Minor,,,,,20163179,90377252,Invoice,1050,156.9,30,31500,31343.1
8/20/2024,Kiwi,CI,202301,1078784,OM Owens & Minor,,,,,20163178,90377266,Invoice,600,107.85,15,9000,8892.15
8/20/2024,Koala,CI,202301,1078745,"Medline Industries, Inc",,,,,20163055,90377246,Invoice,4207.5,679.5,150,631125,630445.5
8/20/2024,Koala,CI,202301,1078784,OM Owens & Minor,,,,,20163180,90377261,Invoice,45,18.71,1,45,26.29
8/20/2024,Traxi,CI,202301,1078679,Cardinal Health,,,,,20162522,90377240,Invoice,700,89.1,10,7000,6910.9
8/20/2024,Traxi,CI,202301,1078745,"Medline Industries, Inc",,,,,20163032,90377245,Invoice,2100,267.3,30,63000,62732.7
8/20/2024,Traxi,CI,202301,1078784,OM Owens & Minor,,,,,20163179,90377252,Invoice,700,89.1,10,7000,6910.9
8/20/2024,Traxi,CI,202301,1078784,OM Owens & Minor,,,,,20163160,90377267,Invoice,700,89.1,10,7000,6910.9
8/21/2024,Kiwi,CI,202301,1078834,Saskatchewan Health Authority,,,,,20170649,90377283,Invoice,1243.82,181.33,25,31095.5,30914.17
8/21/2024,Koala,CI,202301,1078784,OM Owens & Minor,,,,,20168091,90377270,Invoice,561,90.6,20,11220,11129.4
8/21/2024,Koala,CI,202301,1078784,OM Owens & Minor,,,,,20168091,90377273,Invoice,1683,271.8,60,100980,100708.2
8/21/2024,Koala,CI,202301,1078784,OM Owens & Minor,,,,,20168091,90377274,Invoice,1122,181.2,40,44880,44698.8
8/21/2024,Koala,CI,202301,1080834,CISSS de la Monteregie-Ouest,,,,,20165882,90377287,Invoice,375.38,45.7,10,3753.8,3708.1
8/21/2024,Other Uro Dx Disposables,Uro,202301,1078805,Queen Elizabeth Hospital,,,,,20163597,90377281,Invoice,167.58,24.51,45,7541.1,7516.59
8/21/2024,Portascan 3D,Uro,202301,1019576,Adventist Health,,,,,20067681,90377307,Invoice,0,0.01,0,0,-0.01
8/21/2024,Probes -Urostym,Uro,202301,1019432,Asbery & Associates Ob-Gyn LLC,,,,,20073645,90377302,Invoice,500,89.3,10,5000,4910.7
8/21/2024,T-Doc Catheters,Uro,202301,1019241,Northern Montana Hospital,,,,,20166226,90377297,Invoice,1998,774.8,20,39960,39185.2
8/22/2024,Electrodes,Uro,202301,1020056,Childrens Hospital of Orange County,,,,,20074419,90377360,Invoice,185,59,50,9250,9191
8/22/2024,Endoscopy Sheaths,Uro,202301,1019668,Aurora Health *Consolidated* Use BP# 1020857,,,,,20083810,90377319,Invoice,619,3.7,10,6190,6186.3
8/22/2024,Goby EQ/IV/SC/TP,Uro,202301,1020904,Bioengineering Group  (Puerto Rico) Joel Castrodad,,,,,20069462,90377415,Invoice,13731.63,408.11,1,13731.63,13323.52
8/22/2024,Incontinence MPQ,Uro,202301,1019698,Bel Air Ambulatory Surgical Ctr. LLC,,,,,20068282,90377324,Invoice,1414,84.12,2,2828,2743.88
8/22/2024,Incontinence UPC Lead Sets,Uro,202301,1020716,Hackensack Meridian Health,,,,,20069251,90377409,Invoice,6600,468,10,66000,65532
8/22/2024,InjeTAK,Uro,202301,1020373,Emory Healthcare,,,,,20166272,90377380,Invoice,264,47.36,4,1056,1008.64
8/22/2024,Optilume Strictures,Uro,202301,1020069,Indiana University Health,,,,,20194243,90377364,Invoice,12570,0,6,75420,75420
8/22/2024,Optilume Strictures,Uro,202301,1020325,Northern Light Health,,,,,20166625,90377378,Invoice,0,35.84,0,0,-35.84
8/22/2024,Optilume Strictures,Uro,202301,1020832,Huntsville Hospital Health System,,,,,20078500,90377412,Invoice,4190,0,2,8380,8380
8/22/2024,Other Uro Dx Equipment,Uro,202301,1020468,AdventHealth,,,,,20197523,90377389,Invoice,0,74.34,1,0,-74.34
8/22/2024,RenovaRP Consumables,GI,202301,1019812,Bon Secours Mercy Health,,,,,20194788,90377338,Invoice,1710,365.7,30,51300,50934.3
8/22/2024,RenovaRP Consumables,GI,202301,1019812,Bon Secours Mercy Health,,,,,20194788,90377338,Invoice,1290,690,120,154800,154110
8/22/2024,RenovaRP Consumables,GI,202301,1020971,Kaiser Health Plan Asset Mgmt,,,,,20083397,90377421,Invoice,1110,690,120,133200,132510
8/22/2024,RenovaRP pump,GI,202301,1020378,Legacy Health System,,,,,20073674,90377382,Invoice,1995,868.56,1,1995,1126.44
8/22/2024,Spot Ex,GI,202301,1019647,New Hanover Regional Medical Ctr *CONSOLIDATED use 1021590*,1021590,,,,20195020,90377313,Invoice,760,67.2,20,15200,15132.8
8/22/2024,Spot Ex,GI,202301,1020069,Indiana University Health,,,,,20168818,90377362,Invoice,380,33.6,10,3800,3766.4
8/22/2024,Spot Ex,GI,202301,1020468,AdventHealth,,,,,20074481,90377393,Invoice,380,33.6,10,3800,3766.4
8/22/2024,T-Doc Catheters,Uro,202301,1019794,Berkshire Health Systems,,,,,20081426,90377334,Invoice,2010,86.7,30,60300,60213.3
8/22/2024,T-Doc Catheters,Uro,202301,1020139,Corpus Christi Urology Group,,,,,20075601,90377366,Invoice,3930,186,50,196500,196314
8/22/2024,T-Doc Catheters,Uro,202301,1020159,United Urology Group,,,,,20166573,90377369,Invoice,1292,148.8,40,51680,51531.2
8/22/2024,T-Doc Catheters,Uro,202301,1020665,County of Los Angeles,,,,,20079371,90377403,Invoice,670,28.9,10,6700,6671.1
8/22/2024,T-Doc Catheters,Uro,202301,1020902,Jackson Urological Associates PC,,,,,20081347,90377414,Invoice,2358,111.6,30,70740,70628.4
8/23/2024,Incontinence UPC Lead Sets,Uro,202301,1020971,Kaiser Health Plan Asset Mgmt,,,,,20166765,90377424,Invoice,1104,93.6,2,2208,2114.4
8/23/2024,Optilume Strictures,Uro,202301,1020971,Kaiser Health Plan Asset Mgmt,,,,,20074882,90377425,Invoice,0,1407,0,0,-1407
8/23/2024,Optilume Strictures,Uro,202301,1020971,Kaiser Health Plan Asset Mgmt,,,,,20074882,90377425,Invoice,0,1057,0,0,-1057
8/23/2024,Optilume Strictures,Uro,202301,1021118,Lee Memorial Health System,,,,,20194492,90377433,Invoice,0,402,0,0,-402
8/23/2024,Optilume Strictures,Uro,202301,1021378,Munson Healthcare DBA Northern Michigan Supply Alliance,,,,,20084524,90377457,Invoice,0,35.84,0,0,-35.84
8/23/2024,Optilume Strictures,Uro,202301,1021378,Munson Healthcare DBA Northern Michigan Supply Alliance,,,,,20084524,90377457,Invoice,0,35.84,0,0,-35.84
8/23/2024,Portascan 3D,Uro,202301,1021252,Mercy Health Services,,,,,20075798,90377447,Invoice,2800,1724.84,1,2800,1075.16
8/23/2024,RenovaRP Consumables,GI,202301,1021591,Northwell Health,,,,,20066871,90377467,Invoice,1075,575,100,107500,106925
8/23/2024,Spot Ex,GI,202301,1020977,Welia Health,,,,,20080369,90377426,Invoice,380,33.6,10,3800,3766.4
8/23/2024,Spot Ex,GI,202301,1021197,South Texas Health System,,,,,20196094,90377444,Invoice,380,33.6,10,3800,3766.4
8/23/2024,T-Doc Catheters,Uro,202301,1021340,Michigan Institute of Urology,,,,,1021340,90377456,Invoice,4716,223.2,60,282960,282736.8
8/23/2024,Tubing,Uro,202301,1021338,MS Urology Clinic,,,,,20082938,90377455,Invoice,1775,222.5,250,443750,443527.5
8/24/2024,Endoscopy Scopes,Uro,202301,1021717,Orlando Urology Associates,,,,,20073086,90377485,Invoice,750,0,1,750,750
8/24/2024,Incontinence UPC Lead Sets,Uro,202301,1021728,The Oregon Clinic PC,,,,,20071586,90377486,Invoice,3556,187.2,4,14224,14036.8
8/24/2024,Optilume Strictures,Uro,202301,1021596,Northside Hospital,,,,,20084415,90377472,Invoice,2095,0,1,2095,2095
8/24/2024,Optilume Strictures,Uro,202301,1021596,Northside Hospital,,,,,20084415,90377472,Invoice,0,201,0,0,-201
8/24/2024,Optilume Strictures,Uro,202301,1021596,Northside Hospital,,,,,20084415,90377472,Invoice,0,35.84,0,0,-35.84
8/24/2024,Other GI Supply Disposables,GI,202301,1021632,AMSURG,,,,,20195543,90377476,Invoice,100,0,4,400,400
8/24/2024,Other Uro Dx Disposables,Uro,202301,1021699,Ohio Health,,,,,20083090,90377482,Invoice,580,303,100,58000,57697
8/24/2024,Other Uro Dx Equipment,Uro,202301,1021923,Premier Family Care,,,,,20168627,90377498,Credit Memo,-2754.15,-1108.65,-1,2754.15,3862.8
8/24/2024,Spot Ex,GI,202301,1022033,Ridgeview Medical Center,,,,,20079336,90377513,Invoice,380,33.6,10,3800,3766.4
8/24/2024,T-Doc Catheters,Uro,202301,1021783,Parkland Health & Hospital,,,,,20074351,90377493,Invoice,1572,74.4,20,31440,31365.6
8/24/2024,T-Doc Catheters,Uro,202301,1022160,Baylor Scott & White Health,,,,,20168331,90377517,Invoice,416,37.2,10,4160,4122.8
8/24/2024,Tubing,Uro,202301,1021700,Overlake Hospital,,,,,20074985,90377483,Invoice,577,42,25,14425,14383
8/25/2024,Endoscopy Sheaths,Uro,202301,1060968,CH Jacques Cœur,,,,,20153399,90377080,Credit Memo,-1364.59,-430.26,-40,54583.6,55013.86
8/25/2024,InjeTAK,Uro,202301,1022394,Mount Sinai: St Lukes Roosevelt,,,,,20083697,90377538,Invoice,465,131.1,6,2790,2658.9
8/25/2024,InjeTAK,Uro,202301,1022459,Franciscan Alliance Inc,,,,,20073603,90377550,Invoice,652,152,8,5216,5064
8/25/2024,InjeTAK,Uro,202301,1022572,Cleveland Clinic Health,,,,,20081390,90377557,Invoice,1090,437,20,21800,21363
8/25/2024,InjeTAK,Uro,202301,1022584,Texas Health Resources,,,,,20081152,90377561,Invoice,132,23.68,2,264,240.32
8/25/2024,InjeTAK,Uro,202301,1022710,UC San Diego Healthcare,,,,,20167148,90377568,Invoice,326,87.4,4,1304,1216.6
8/25/2024,RenovaRP Consumables,GI,202301,1022160,Baylor Scott & White Health,,,,,20170184,90377518,Invoice,170,115,20,3400,3285
8/25/2024,T-Doc Catheters,Uro,202301,1022280,Village Practice Management Company,,,,,20170534,90377529,Invoice,1248,111.6,30,37440,37328.4
8/25/2024,T-Doc Catheters,Uro,202301,1022325,Orange County Urology Associates Inc,,,,,20163958,90377535,Invoice,2164,148.8,40,86560,86411.2
8/25/2024,T-Doc Catheters,Uro,202301,1022713,Ascension Health Ministry Service C,,,,,20167751,90377572,Invoice,1572,74.4,20,31440,31365.6
8/26/2024,Endoscopy Sheaths,Uro,202301,1060968,CH Jacques Cœur,,,,,20153399,90377087,Debit Memo,1364.59,430.26,40,54583.6,54153.34
8/26/2024,Endoscopy Sheaths,Uro,202301,1060968,CH Jacques Cœur,,,,,20153399,90377090,Debit Memo,1364.59,430.26,40,54583.6,54153.34
8/26/2024,Incontinence UPC Lead Sets,Uro,202301,1022837,University of Chicago Medicine,,,,,20079953,90377589,Invoice,1868,93.6,2,3736,3642.4
8/26/2024,InjeTAK,Uro,202301,1022803,University of Mississippi Medical Center,,,,,20075008,90377577,Invoice,815,218.5,10,8150,7931.5
8/26/2024,InjeTAK,Uro,202301,1022829,UPMC Health System,,,,,20168724,90377584,Invoice,327,131.1,6,1962,1830.9
8/26/2024,Other Uro Dx Disposables,Uro,202301,1060528,Herz-Jesu-Krankenhs. Hiltrup GmbH,,,,,1060528,90377128,Invoice,478.6,212,50,23930,23718
8/26/2024,RenovaRP pump,GI,202301,1022746,UHS of Delaware Inc. *Consolidated* USe BP# 1022361,,,,,20197496,90377573,Invoice,2295,868.56,1,2295,1426.44
8/26/2024,Spot Ex,GI,202301,1022809,UNC Health Care System,,,,,20067669,90377579,Invoice,380,33.6,10,3800,3766.4
8/26/2024,T-Doc Catheters,Uro,202301,1060968,CH Jacques Cœur,,,,,20153399,90377085,Debit Memo,400.06,52.87,20,8001.2,7948.33
8/26/2024,UDS Other Service & Repairs,Uro,202301,1022089,RUSH University Medical Center,,,,,20083977,90377108,Invoice,2000,0,1,2000,2000
8/26/2024,UDS Other Service & Repairs,Uro,202301,1022089,RUSH University Medical Center,,,,,20083977,90377108,Invoice,0,0,1,0,0
8/27/2024,Electrodes,Uro,202301,1023135,VA Charleston Health Care,,,,,20069617,90377611,Invoice,279,81.3,30,8370,8288.7
8/27/2024,EverLift,GI,202301,1105869,CENTER FOR SURGICAL EXCELLANCE ACCOUNTS PAYABLE,,,,,20193231,90377658,Invoice,400,44.5,10,4000,3955.5
8/27/2024,InjeTAK,Uro,202301,1023112,VA Bronx Health Care,,,,,20079409,90377608,Invoice,326,87.4,4,1304,1216.6
8/27/2024,Optilume Strictures,Uro,202301,1023161,VA Milwaukee Health Care,,,,,20067368,90377614,Invoice,4190,0,2,8380,8380
8/27/2024,Optilume Strictures,Uro,202301,1079837,Good Samaritan Medical Center,,,,,20163973,90377639,Invoice,2095,0,1,2095,2095
8/27/2024,Other GI Supply Disposables,GI,202301,1082558,AHMC Whittier Hospital Medical Center,,,,,20167194,90377641,Invoice,194,69,100,19400,19331
8/27/2024,Other GI Supply Disposables,GI,202301,1105352,AUSTIN ENDOSCOPY CENTER II ACCOUNTS PAYABLE,,,,,20192500,90377649,Invoice,250,0,10,2500,2500
8/27/2024,Other GI Supply Disposables,GI,202301,1105955,DIGESTIVE HEALTH CLINIC ACCOUNTS PAYABLE,,,,,20193354,90377659,Invoice,150,0,6,900,900
8/27/2024,RenovaRP Consumables,GI,202301,1023141,VA Tampa Health Care,,,,,20075205,90377612,Invoice,3150,609.5,50,157500,156890.5
8/27/2024,T-Doc Catheters,Uro,202301,1022844,University of Texas Medical Branch,,,,,20085032,90377590,Invoice,3930,186,50,196500,196314
8/27/2024,T-Doc Catheters,Uro,202301,1023148,Vanderbilt University Medical Center,,,,,20083113,90377613,Invoice,3930,186,50,196500,196314
8/27/2024,T-Doc Catheters,Uro,202301,1023201,VA Long Beach Health Care,,,,,20069415,90377621,Invoice,1572,74.4,20,31440,31365.6
8/27/2024,T-Doc Catheters,Uro,202301,1023477,Yale New Haven Health,,,,,20084209,90377629,Invoice,786,37.2,10,7860,7822.8
8/27/2024,Water Catheters,Uro,202301,1023007,Urologic Specialists of Oklahoma,,,,,20082534,90377603,Invoice,2830,356,100,283000,282644
8/28/2024,Electrodes,Uro,202301,1108517,Nashville Urology PC,,,,,20170524,90377685,Invoice,198,81.3,30,5940,5858.7
8/28/2024,InjeTAK,Uro,202301,1107015,Northcrest Medical Center,,,,,20194977,90377671,Invoice,310,76,4,1240,1164
8/28/2024,Other GI Supply Disposables,GI,202301,1105955,DIGESTIVE HEALTH CLINIC ACCOUNTS PAYABLE,,,,,20193354,90377659,Invoice,100,0,4,400,400
8/28/2024,Other GI Supply Disposables,GI,202301,1106925,HCA Metropolitan Methodist Hospital,,,,,20194828,90377670,Invoice,520,368,20,10400,10032
8/28/2024,Other GI Supply Disposables,GI,202301,1108722,HCA - Austin GI Surgicenter IV,,,,,20197512,90377687,Invoice,25,0,1,25,25
8/28/2024,Other GI Supply Disposables,GI,202301,1108722,HCA - Austin GI Surgicenter IV,,,,,20197512,90377687,Invoice,125,0,5,625,625
8/29/2024,DSD,CI,202301,1061863,NHS Supply Chain NHS Suppply Chain Accounts Payable,,,,,20151546,90377690,Invoice,121.15,43.45,50,6057.5,6014.05
8/29/2024,DSD,CI,202301,1061863,NHS Supply Chain NHS Suppply Chain Accounts Payable,,,,,20151485,90377693,Invoice,121.15,43.45,50,6057.5,6014.05
8/29/2024,DSD,CI,202301,1061863,NHS Supply Chain NHS Suppply Chain Accounts Payable,,,,,20151478,90377697,Invoice,121.15,43.45,50,6057.5,6014.05
8/29/2024,DSD,CI,202301,1061863,NHS Supply Chain NHS Suppply Chain Accounts Payable,,,,,20151486,90377698,Invoice,121.15,43.45,50,6057.5,6014.05
8/29/2024,EverLift,GI,202301,1021245,New York Presbyterian Methodist,,,,,20074401,90377446,Invoice,1600,178,40,64000,63822
8/29/2024,InjeTAK,Uro,202301,1021403,Vandalia Monongalia General Hospital,,,,,20075716,90377459,Invoice,163,43.7,2,326,282.3
8/29/2024,Optilume Strictures,Uro,202301,1021190,Mayo Clinic,,,,,20084767,90377443,Invoice,0,35.84,0,0,-35.84
8/29/2024,Optilume Strictures,Uro,202301,1021378,Munson Healthcare DBA Northern Michigan Supply Alliance,,,,,20084524,90377457,Invoice,0,201,0,0,-201
8/29/2024,Optilume Strictures,Uro,202301,1021378,Munson Healthcare DBA Northern Michigan Supply Alliance,,,,,20084524,90377457,Invoice,0,201,0,0,-201
8/30/2024,EverLift,GI,202301,1022181,HCA Sarasota Doctors Hospital,,,,,20079580,90377520,Invoice,2100,267,60,126000,125733
8/30/2024,Incontinence UPC Lead Sets,Uro,202301,1021591,Northwell Health,,,,,20084750,90377468,Invoice,3300,689.6,1,3300,2610.4
8/30/2024,Incontinence UPC Lead Sets,Uro,202301,1022130,Kristin Santangelo MD,,,,,1022130,90377515,Invoice,2667,140.4,3,8001,7860.6
8/30/2024,Incontinence UPC Lead Sets,Uro,202301,1022236,Scripps Health,,,,,20081346,90377523,Invoice,1868,93.6,2,3736,3642.4
8/30/2024,InjeTAK,Uro,202301,1022166,Honor Health,,,,,20071701,90377519,Invoice,163,38,2,326,288
8/30/2024,Optilume Strictures,Uro,202301,1021596,Northside Hospital,,,,,20084415,90377472,Invoice,2095,0,1,2095,2095
8/30/2024,Other GI Supply Disposables,GI,202301,1021779,Park Nicollet Health Services **CONSOLIDATED use 1020816*,1020816,,,,20077839,90377492,Invoice,880,252,400,352000,351748
8/30/2024,Other Uro Dx Disposables,Uro,202301,1022280,Village Practice Management Company,,,,,20166705,90377530,Invoice,116,60.6,20,2320,2259.4
8/30/2024,Spot Ex,GI,202301,1021632,AMSURG,,,,,20193816,90377477,Invoice,345,33.6,10,3450,3416.4
8/30/2024,Spot Ex,GI,202301,1021632,AMSURG,,,,,20193497,90377478,Invoice,690,67.2,20,13800,13732.8
8/30/2024,Spot Ex,GI,202301,1022237,Sharp Healthcare,,,,,20072560,90377525,Invoice,760,67.2,20,15200,15132.8
8/30/2024,T-Doc Catheters,Uro,202301,1021623,Northwest Gynecology Associates,,,,,20164305,90377475,Invoice,786,37.2,10,7860,7822.8
8/30/2024,T-Doc Catheters,Uro,202301,1022057,Mercy Health System **CONSOLIDATED use 1021304*,1021304,,,,20076765,90377514,Invoice,1340,57.8,20,26800,26742.2
8/30/2024,T-Doc Catheters,Uro,202301,1022237,Sharp Healthcare,,,,,20072560,90377524,Invoice,506,28.9,10,5060,5031.1
8/30/2024,T-Doc Catheters,Uro,202301,1022439,Urology of St Louis,,,,,20080767,90377545,Invoice,3980,372,100,398000,397628
8/30/2024,Tubing,Uro,202301,1021925,Intermountain Healthcare,,,,,20068026,90377502,Invoice,479,42,25,11975,11933
8/30/2024,Water Catheters,Uro,202301,1021956,Pediatric Urology of San Antonio,,,,,20070527,90377510,Invoice,849,131.7,30,25470,25338.3
8/31/2024,Incontinence MPQ,Uro,202301,1023081,UT Health Science Center San Antonio,,,,,20067234,90377606,Invoice,4242,252.36,6,25452,25199.64
8/31/2024,Incontinence UPC Lead Sets,Uro,202301,1022939,Urology of Greater Atlanta LLC,,,,,20074878,90377596,Invoice,1320,93.6,2,2640,2546.4
8/31/2024,Optilume Strictures,Uro,202301,1022521,Tampa General Hospital,,,,,20068496,90377556,Invoice,0,603,0,0,-603
8/31/2024,Optilume Strictures,Uro,202301,1022803,University of Mississippi Medical Center,,,,,20083086,90377578,Invoice,0,402,0,0,-402
8/31/2024,Other Uro Dx Disposables,Uro,202301,1022456,St Lukes Health System,,,,,20167680,90377549,Invoice,232,121.2,40,9280,9158.8
8/31/2024,Other Uro Dx Equipment,Uro,202301,1022444,Mercy Health,,,,,20080949,90377547,Invoice,850,571.13,1,850,278.87
8/31/2024,Spot Ex,GI,202301,1022584,Texas Health Resources,,,,,20170396,90377562,Invoice,380,33.6,10,3800,3766.4
8/31/2024,Spot Ex,GI,202301,1022897,Beth Israel Lahey Health,,,,,20197016,90377594,Invoice,760,67.2,20,15200,15132.8
8/31/2024,T-Doc Catheters,Uro,202301,1022439,Urology of St Louis,,,,,20069257,90377546,Invoice,498,71.6,10,4980,4908.4
8/31/2024,T-Doc Catheters,Uro,202301,1023098,UC Irvine Medical Center,,,,,20083781,90377607,Invoice,3608,246,40,144320,144074
8/31/2024,Tubing,Uro,202301,1022686,University of Connecticut Health Center,,,,,20070369,90377566,Invoice,518,87.5,50,25900,25812.5
8/31/2024,Water Catheters,Uro,202301,1023080,UT Physicians,,,,,20069002,90377605,Invoice,566,71.2,20,11320,11248.8
9/1/2024,EverLift,GI,202301,1105460,"ANDERSON SURGERY CENTER, LLC ACCOUNTS PAYABLE",,,,,1105460,90377650,Invoice,400,44.5,10,4000,3955.5
9/1/2024,Incontinence UPC Lead Sets,Uro,202301,1079985,"Khawaja MD, Inc.",,,,,20164215,90377640,Invoice,934,46.8,1,934,887.2
9/1/2024,Optilume Strictures,Uro,202301,1023161,VA Milwaukee Health Care,,,,,20067368,90377614,Invoice,4190,0,2,8380,8380
9/1/2024,Other GI Supply Disposables,GI,202301,1105352,AUSTIN ENDOSCOPY CENTER II ACCOUNTS PAYABLE,,,,,20192500,90377649,Invoice,300,0,12,3600,3600
9/1/2024,Other GI Supply Disposables,GI,202301,1105352,AUSTIN ENDOSCOPY CENTER II ACCOUNTS PAYABLE,,,,,20192500,90377649,Invoice,75,0,3,225,225
9/1/2024,Other GI Supply Disposables,GI,202301,1105955,DIGESTIVE HEALTH CLINIC ACCOUNTS PAYABLE,,,,,20193354,90377659,Invoice,25,0,1,25,25
9/1/2024,Other GI Supply Disposables,GI,202301,1106837,Michigan Endoscopy Center,,,,,20194651,90377668,Invoice,250,0,10,2500,2500
9/1/2024,RenovaRP Consumables,GI,202301,1023141,VA Tampa Health Care,,,,,20075205,90377612,Invoice,880,460,80,70400,69940
9/1/2024,RenovaRP Consumables,GI,202301,1079721,PeaceHealth **CONSOLIDATED use 1021829*,1021829,,,,20163570,90377638,Invoice,300,60.95,5,1500,1439.05
9/1/2024,Spot Ex,GI,202301,1105694,Center for Digestive Medicine,,,,,20192994,90377654,Invoice,345,33.6,10,3450,3416.4
9/1/2024,Spot Ex,GI,202301,1107552,SOUTHWEST FORT WORTH ENDOSCOPY CTR ACCOUNTS PAYABLE,,,,,20195805,90377675,Invoice,0,0,10,0,0
9/1/2024,T-Doc Catheters,Uro,202301,1023176,VA Oklahoma City Health Care,,,,,20075385,90377618,Invoice,786,37.2,10,7860,7822.8
9/1/2024,T-Doc Catheters,Uro,202301,1023204,VA Loma Linda Health Care,,,,,20068249,90377623,Invoice,2358,111.6,30,70740,70628.4
9/1/2024,T-Doc Catheters,Uro,202301,1083626,BHS Physicians Network,,,,,20168357,90377644,Invoice,999,71.6,10,9990,9918.4
9/1/2024,Tubing,Uro,202301,1023135,VA Charleston Health Care,,,,,20069617,90377611,Invoice,462,77.8,20,9240,9162.2
9/1/2024,UDS Other Service & Repairs,Uro,202301,1079126,"Alta Los Angeles Hospitals, Inc.",,,,,20163343,90377636,Invoice,0,89.31,1,0,-89.31
9/2/2024,3rd party,CI,202301,1060253,Helios Beschaffungsmanagement GmbH,,,,,20152418,90377115,Invoice,215.24,132.92,10,2152.4,2019.48
9/2/2024,EverLift,GI,202301,1107862,University Surgery Center,,,,,20196347,90377678,Invoice,360,44.5,10,3600,3555.5
9/2/2024,EverLift,GI,202301,1108363,Memorial Endoscopy Center,,,,,20197013,90377684,Invoice,300,44.5,10,3000,2955.5
9/2/2024,Kiwi,CI,202301,1060972,CH Ajaccio,,,,,20156113,90377101,Credit Memo,-1731.63,-155.68,-30,51948.9,52104.58
9/2/2024,Other GI Supply Disposables,GI,202301,1108722,HCA - Austin GI Surgicenter IV,,,,,20197512,90377687,Invoice,25,0,1,25,25
9/2/2024,Other Uro Dx Disposables,Uro,202301,1108607,Summit Urologic Associates,,,,,20197345,90377686,Invoice,63,36.96,1,63,26.04
9/2/2024,T-Doc Catheters,Uro,202301,1108233,Womens Health Ctr of Southern Oregon,,,,,20196816,90377682,Invoice,670,28.9,10,6700,6671.1
9/2/2024,T-Doc Catheters,Uro,202301,1061029,CH Mont de Marsan,,,,,20155750,90377064,Credit Memo,-625.76,-105.73,-40,25030.4,25136.13
9/2/2024,T-Doc Catheters,Uro,202301,1060968,CH Jacques Cœur,,,,,20153399,90377084,Credit Memo,-455.62,-86.31,-20,9112.4,9198.71
9/2/2024,T-Doc Catheters,Uro,202301,1060968,CH Jacques Cœur,,,,,20153399,90377092,Debit Memo,227.81,43.16,10,2278.1,2234.94
9/3/2024,Kiwi,CI,202301,1060685,Kliniken Frankfurt-Höchst GmbH,,,,,20152015,90377132,Invoice,2701.84,312.35,50,135092,134779.65
9/3/2024,Kiwi,CI,202301,1082642,GCS PUI Cité Hospitalière Fondation Hopital St Joseph,,,,,20167115,90377189,Invoice,1922.6,187.41,30,57678,57490.59
9/3/2024,Optilume Strictures,Uro,202301,1061743,NHS Greater Glasgow & Clyde Finance Department,,,,,20151700,90377150,Invoice,0,30.49,0,0,-30.49
9/3/2024,Optilume Strictures,Uro,202301,1061743,NHS Greater Glasgow & Clyde Finance Department,,,,,20151700,90377151,Invoice,0,30.49,0,0,-30.49
9/3/2024,Other GI Disposables,GI,202301,1061013,CHU Rennes,,,,,20151110,90377172,Invoice,1438.65,625.55,10,14386.5,13760.95
9/3/2024,Other Uro Dx Disposables,Uro,202301,1061808,SHL Spire Healthcare Ltd Accounts Payable,,,,,20197096,90377158,Invoice,69.57,23.82,25,1739.25,1715.43
9/3/2024,Portascan 3D,Uro,202301,1059094,Bovenij Ziekenhuis,,,,,1059094,90377214,Invoice,1330.07,439.09,1,1330.07,890.98
9/3/2024,UDS Other Service & Repairs,Uro,202301,1061046,CH Cahors,,,,,20154156,90377173,Invoice,0,96.36,1,0,-96.36
9/3/2024,Water Catheters,Uro,202301,9980001180,Bernd Bader,,,,,9980001180,90377149,Invoice,0,50.28,10,0,-50.28
9/3/2024,Water Catheters,Uro,202301,1060998,CHRU Nîmes,,,,,20153435,90377171,Invoice,74.77,18.13,10,747.7,729.57
9/3/2024,Water Catheters,Uro,202301,1058951,Medicina y Mercado S.L,,,,,1058951,90377211,Invoice,753.69,417.54,60,45221.4,44803.86
9/4/2024,babyLance,CI,202301,1078784,OM Owens & Minor,,,,,20163195,90377259,Invoice,570,234,600,342000,341766
9/4/2024,BoogieBaby,CI,202301,1078679,Cardinal Health,,,,,20162510,90377234,Credit Memo,-200,-52,-100,20000,20052
9/4/2024,BoogieBaby,CI,202301,1078784,OM Owens & Minor,,,,,20163178,90377266,Invoice,210,41,100,21000,20959
9/4/2024,DSD,CI,202301,1078679,Cardinal Health,,,,,20166710,90377241,Invoice,332,46.5,50,16600,16553.5
9/4/2024,Kiwi,CI,202301,1070212,St. Jansdal Crediteurenadministratie,,,,,20156335,90377218,Invoice,513.41,62.47,10,5134.1,5071.63
9/4/2024,Kiwi,CI,202301,1087514,RI.MOS. s.r.l.,,,,,1087514,90377224,Invoice,34050,9259.95,1500,51075000,51065740.05
9/4/2024,Kiwi,CI,202301,1078745,"Medline Industries, Inc",,,,,20163063,90377248,Invoice,2450,366.1,70,171500,171133.9
9/4/2024,Kiwi,CI,202301,1078784,OM Owens & Minor,,,,,20163171,90377253,Invoice,175,26.15,5,875,848.85
9/4/2024,Kiwi,CI,202301,1078784,OM Owens & Minor,,,,,20163193,90377256,Invoice,175,26.15,5,875,848.85
9/4/2024,Kiwi,CI,202301,1078784,OM Owens & Minor,,,,,20163193,90377256,Invoice,1050,192.3,30,31500,31307.7
9/4/2024,Kiwi,CI,202301,1078784,OM Owens & Minor,,,,,20163158,90377262,Invoice,525,96.15,15,7875,7778.85
9/4/2024,Koala,CI,202301,1078745,"Medline Industries, Inc",,,,,20167294,90377243,Invoice,1122,181.2,40,44880,44698.8
9/4/2024,Koala,CI,202301,1078745,"Medline Industries, Inc",,,,,20163068,90377244,Invoice,3927,634.2,140,549780,549145.8
9/5/2024,BoogieBaby,CI,202301,1078784,OM Owens & Minor,,,,,20163178,90377266,Invoice,600,156,300,180000,179844
9/5/2024,Endoscopy Sheaths,Uro,202301,1019668,Aurora Health *Consolidated* Use BP# 1020857,,,,,20083810,90377320,Invoice,619,4.5,10,6190,6185.5
9/5/2024,Incontinence MPQ,Uro,202301,1019313,Parkridge Surgery Center,,,,,20073834,90377298,Invoice,1122,84.12,2,2244,2159.88
9/5/2024,InjeTAK,Uro,202301,1019590,Associated Urologists of NC PA,,,,,20076147,90377310,Invoice,1160,349.6,16,18560,18210.4
9/5/2024,InjeTAK,Uro,202301,1019801,Brookwood Medical Center,,,,,20077943,90377335,Invoice,489,131.1,6,2934,2802.9
9/5/2024,Kiwi,CI,202301,1078784,OM Owens & Minor,,,,,20163160,90377267,Invoice,525,96.15,15,7875,7778.85
9/5/2024,NXT Pro,Uro,202301,1019969,Sanford Health,,,,,20069783,90377346,Invoice,92995,16521.16,1,92995,76473.84
9/5/2024,Portascan 3D,Uro,202301,1019576,Adventist Health,,,,,20067681,90377307,Invoice,0,32.47,1,0,-32.47
9/5/2024,Probes -Urostym,Uro,202301,1019432,Asbery & Associates Ob-Gyn LLC,,,,,20073645,90377302,Invoice,64,53.72,2,128,74.28
9/5/2024,T-Doc Catheters,Uro,202301,1078839,Winnipeg Regional Health Authority,,,,,20163305,90377284,Invoice,878.86,58.31,20,17577.2,17518.89
9/5/2024,T-Doc Catheters,Uro,202301,1019408,BHS Physician Network - Valley,,,,,20171025,90377301,Invoice,786,37.2,10,7860,7822.8
9/5/2024,T-Doc Catheters,Uro,202301,1019703,Florida Urology Partners LLP,,,,,20070775,90377326,Invoice,367,37.2,10,3670,3632.8
9/6/2024,Endoscopy Sheaths,Uro,202301,1021031,Kulb Chalian and Leak Urology,,,,,20083023,90377430,Invoice,12380,74,200,2476000,2475926
9/6/2024,Optilume Strictures,Uro,202301,1020069,Indiana University Health,,,,,20194243,90377364,Invoice,0,71.68,0,0,-71.68
9/6/2024,Optilume Strictures,Uro,202301,1020832,Huntsville Hospital Health System,,,,,20078500,90377412,Invoice,0,402,0,0,-402
9/6/2024,Optilume Strictures,Uro,202301,1020971,Kaiser Health Plan Asset Mgmt,,,,,20074882,90377425,Invoice,16765,0,7,117355,117355
9/6/2024,Other GI Supply Disposables,GI,202301,1020468,AdventHealth,,,,,20194104,90377387,Invoice,50,0,2,100,100
9/6/2024,Other GI Supply Disposables,GI,202301,1020468,AdventHealth,,,,,20194104,90377387,Invoice,50,0,2,100,100
9/6/2024,Spot Ex,GI,202301,1020454,Freeman Health System,,,,,20070124,90377386,Invoice,380,33.6,10,3800,3766.4
9/6/2024,Spot Ex,GI,202301,1020468,AdventHealth,,,,,20074481,90377390,Invoice,380,33.6,10,3800,3766.4
9/6/2024,T-Doc Catheters,Uro,202301,1020159,United Urology Group,,,,,20084692,90377368,Invoice,1615,186,50,80750,80564
9/6/2024,UDS Other Service & Repairs,Uro,202301,1019969,Sanford Health,,,,,20069783,90377346,Invoice,0,70.47,1,0,-70.47
9/7/2024,Portascan 3D,Uro,202301,1021118,Lee Memorial Health System,,,,,20074551,90377435,Invoice,0,61.26,1,0,-61.26
9/7/2024,Portascan 3D,Uro,202301,1021763,PartsSource,,,,,20073588,90377442,Invoice,29,23,1,29,6
9/7/2024,UDS Other Service & Repairs,Uro,202301,1020034,Ann & Robert H.Lurie Childrens Hospital,,,,,20078689,90378359,Invoice Cancellation,-980,0,-1,980,980
10/15/2024,GI Service Contracts,GI,202301,1070385,"University Hospitals Sussex NHS FT Creditors Payments Level A4, Bright",,,,,20154505,90377704,Invoice,1696.05,0,1,1696.05,1696.05
10/15/2024,Kiwi,CI,202301,1061014,CH Fougères,,,,,1061014,90377702,Debit Memo,1003.38,103.79,20,20067.6,19963.81
10/15/2024,Kiwi,CI,202301,1060975,Hospices Civils Beaune,,,,,20154641,90377711,Credit Memo,-1558.47,-155.68,-30,46754.1,46909.78
10/15/2024,Kiwi,CI,202301,1060977,CH St Brieuc,,,,,20155490,90377717,Credit Memo,-1529.34,-155.68,-30,45880.2,46035.88
10/15/2024,Koala,CI,202301,1060975,Hospices Civils Beaune,,,,,20154641,90377709,Credit Memo,-508.81,-42.94,-10,5088.1,5131.04
10/15/2024,Koala,CI,202301,1060975,Hospices Civils Beaune,,,,,20154641,90377710,Debit Memo,508.81,42.94,10,5088.1,5045.16
10/15/2024,Other Uro Dx Disposables,Uro,202301,1061013,CHU Rennes,,,,,20155595,90377715,Credit Memo,-34.31,-2.37,-5,171.55,173.92
10/15/2024,Other Uro Dx Disposables,Uro,202301,1061013,CHU Rennes,,,,,20155595,90377716,Debit Memo,34.31,2.37,5,171.55,169.18
10/15/2024,T-Doc Catheters,Uro,202301,1060967,CH Vierzon,,,,,20151082,90377707,Credit Memo,-200.03,-26.43,-10,2000.3,2026.73
10/15/2024,T-Doc Catheters,Uro,202301,1060967,CH Vierzon,,,,,20151082,90377708,Debit Memo,200.03,26.43,10,2000.3,1973.87
10/15/2024,Tubing,Uro,202301,1060677,St. Josefs-Hospital Wiesbaden GmbH,,,,,1060677,90377688,Credit Memo,-368.98,-27.62,-20,7379.6,7407.22
10/15/2024,Tubing,Uro,202301,1060960,CH H. Mondor,,,,,1060960,90377705,Credit Memo,-207.15,-104.01,-20,4143,4247.01
10/15/2024,Tubing,Uro,202301,1060960,CH H. Mondor,,,,,1060960,90377706,Debit Memo,207.15,104.01,20,4143,4038.99
10/16/2024,3rd party,CI,202301,1060977,CH St Brieuc,,,,,20155490,90377717,Credit Memo,-431.56,-249.66,-10,4315.6,4565.26
10/16/2024,3rd party,CI,202301,1060253,Helios Beschaffungsmanagement GmbH,,,,,20155025,90377734,Invoice,215.24,132.92,10,2152.4,2019.48
10/16/2024,Kiwi,CI,202301,1060980,CH Sarlat - Jean Leclaire,,,,,20154914,90377723,Credit Memo,-291.3,-25.94,-5,1456.5,1482.44
10/16/2024,Kiwi,CI,202301,1060980,CH Sarlat - Jean Leclaire,,,,,20154914,90377724,Debit Memo,291.3,25.94,5,1456.5,1430.56
10/16/2024,Kiwi,CI,202301,1059366,Medical Krankenhaus Winsen Abteilung Apotheke,,,,,20153913,90377727,Invoice,957.22,124.93,20,19144.4,19019.47
10/16/2024,Kiwi,CI,202301,1069233,Univeristätsklinikum Dresden Zentrale Eingangsrechnungsprüfung,,,,,20152352,90377732,Invoice,1350.91,156.17,25,33772.75,33616.58
10/16/2024,Kiwi,CI,202301,1060261,Klinikum Ernst von Bergmann gGmbH Abteilung Finanz-und Rechnungswesen,,,,,1060261,90377736,Invoice,270.18,31.24,5,1350.9,1319.66
10/16/2024,Other Uro Dx Disposables,Uro,202301,1059401,Kliniken Ostalb gkAöR St- Anna- Virngrund- Klink Ellwangen,,,,,1059401,90377729,Invoice,539.45,212,50,26972.5,26760.5
10/16/2024,Other Uro Dx Disposables,Uro,202301,1069236,BDH-Klinik Greifswald gGmbH Referat Witschaft,,,,,20155329,90377738,Invoice,1078.9,424.01,100,107890,107465.99
10/16/2024,Tubing,Uro,202301,1059335,Medolz Medizintechnik e.K.,,,,,1059335,90377726,Invoice,0,153.2,0,0,-153.2
10/16/2024,Tubing,Uro,202301,1083710,Universitätsmedizin Greifswald KdöR Zentraler Rechnungseingang,,,,,20151992,90377737,Invoice,563.73,145.12,50,28186.5,28041.38
10/17/2024,Kiwi,CI,202301,1070269,Elbe Kliniken Stade - Buxtehude GmbH Buchhaltung / ZB,,,,,20156202,90377741,Invoice,1435.83,187.4,30,43074.9,42887.5
10/17/2024,Kiwi,CI,202301,1060469,SLG St. Paulus GmbH,,,,,20170961,90377749,Invoice,1489.21,187.41,30,44676.3,44488.89
10/17/2024,Kiwi,CI,202301,1069250,Evang. Klinikum Niederrhein gGmbH Einkauf,,,,,20151968,90377753,Invoice,270.18,31.24,5,1350.9,1319.66
10/17/2024,Other Uro Dx Disposables,Uro,202301,1069242,Mühlenkreiskliniken (AöR) Zentraleinkauf,,,,,20153869,90377743,Invoice,1019.56,424.01,100,101956,101531.99
10/17/2024,Other Uro Dx Disposables,Uro,202301,1089891,"Universitätsklinikum Gießen und Marburg GmbH, Standort Marburg",,,,,20156257,90377747,Invoice,411.71,212.01,50,20585.5,20373.49
10/17/2024,Other Uro Dx Disposables,Uro,202301,1060480,Augusta-Kranken-Anstalt gGmbH,,,,,20153981,90377750,Invoice,566.42,212,50,28321,28109
10/17/2024,Other Uro Dx Disposables,Uro,202301,1069492,Universitätsklinikum Essen AöR Rechnungsbüro,,,,,20156227,90377751,Invoice,478.6,212,50,23930,23718
10/17/2024,Other Uro Dx Disposables,Uro,202301,1060518,Evang. Klinikum Niederrhein gGmbH,,,,,20151968,90377754,Invoice,1529.34,636.01,150,229401,228764.99
10/17/2024,Other Uro Dx Disposables,Uro,202301,1060592,GFO Kliniken Troisdorf St. Josef Hospital - Einkauf,,,,,20154845,90377756,Invoice,566.42,212,50,28321,28109
10/17/2024,Ph/Impedance Catheters,GI,202301,1069277,Hospital zum Heiligen Geist gGmbH Einkauf,,,,,20155489,90377746,Invoice,640.87,145.87,10,6408.7,6262.83
10/17/2024,Water Catheters,Uro,202301,1060319,AKK Altonaer Kinderkrankenhaus gGmbH,,,,,20151964,90377742,Invoice,204.99,54.16,10,2049.9,1995.74
10/17/2024,Water Catheters,Uro,202301,1077854,Klinikum Gütersloh gGmbH Apotheke,,,,,20152485,90377744,Invoice,172.62,46.28,10,1726.2,1679.92
10/18/2024,Endoscopy Sheaths,Uro,202301,1058851,GCS Médipôle Lyon Villeurbanne,,,,,20154864,90377786,Invoice,712.07,215.13,20,14241.4,14026.27
10/18/2024,InjeTAK,Uro,202301,1061863,NHS Supply Chain NHS Suppply Chain Accounts Payable,,,,,20151485,90377780,Invoice,158.1,47.1,4,632.4,585.3
10/18/2024,Kiwi,CI,202301,1060774,Klinikum Dritter Orden gGmbH München-Nymphenburg - Abt. Einkauf,,,,,20152469,90377760,Invoice,2482.01,312.34,50,124100.5,123788.16
10/18/2024,Kiwi,CI,202301,1089013,Klinik Dr. Hartog Verwaltung,,,,,1089013,90377768,Invoice,570.38,62.47,10,5703.8,5641.33
10/18/2024,Kiwi,CI,202301,1089091,EVK Einkaufs- und Dienstleistungsgenossenschaft eG,,,,,1089091,90377770,Invoice,1329.47,156.17,25,33236.75,33080.58
10/18/2024,Kiwi,CI,202301,1089276,Krankenhaus Ludmillenstift Meppen Einkauf,,,,,20170143,90377771,Invoice,540.37,101.2,10,5403.7,5302.5
10/18/2024,Other Uro Dx Disposables,Uro,202301,1069620,Klinikum St. Elisabeth Straubing Gm Finanzbuchhaltung,,,,,20154530,90377765,Invoice,1078.9,424.01,100,107890,107465.99
10/18/2024,Other Uro Dx Disposables,Uro,202301,1089506,Alexianer Krefeld GmbH,,,,,20170381,90377772,Invoice,1019.56,424.01,100,101956,101531.99
10/18/2024,Other Uro Dx Disposables,Uro,202301,9980000982,Wolfgang Bischoff,,,,,9980000982,90377773,Invoice,0,848.02,200,0,-848.02
10/18/2024,Other Uro Dx Disposables,Uro,202301,1059264,East Suffolk And North Essex NHS FT,,,,,20151799,90377775,Invoice,3909.72,2433.74,150,586458,584024.26
10/18/2024,Ph/Impedance Catheters,GI,202301,1069259,Universitätsklinikum Augsburg Einkauf,,,,,20153469,90377763,Invoice,626.3,94.24,5,3131.5,3037.26
10/18/2024,Ph/Impedance Catheters,GI,202301,1089063,Pleißental-Klinik GmbH Materialwirtschaft,,,,,1089063,90377769,Invoice,1391.78,188.48,10,13917.8,13729.32
10/19/2024,Anorectal Manometry Catheters,GI,202301,1061109,CH Oloron,,,,,20156193,90377814,Invoice,1459.49,1144.49,30,43784.7,42640.21
10/19/2024,Breath Test consumables,GI,202301,1061070,CHR Metz-Thionville,,,,,20156008,90377806,Invoice,282.67,130.09,2,565.34,435.25
10/19/2024,Endoscopy Sheaths,Uro,202301,1060968,CH Jacques Cœur,,,,,20153399,90377793,Invoice,2729.19,860.54,80,218335.2,217474.66
10/19/2024,Endoscopy Sheaths,Uro,202301,1060971,CH Ussel,,,,,20154791,90377794,Invoice,776.81,215.13,20,15536.2,15321.07
10/19/2024,Endoscopy Sheaths,Uro,202301,1061188,HIA Sainte Anne,,,,,20153021,90377822,Invoice,1728.4,283.86,30,51852,51568.14
10/19/2024,Endoscopy Sheaths,Uro,202301,1083712,HP du Grand Narbonne DA NAR,,,,,20167509,90377828,Invoice,1780.18,537.83,50,89009,88471.17
10/19/2024,Kiwi,CI,202301,1060972,CH Ajaccio,,,,,20156113,90377795,Invoice,1523.84,240.16,30,45715.2,45475.04
10/19/2024,Kiwi,CI,202301,1061069,CH Bretagne Atlantique,,,,,20154126,90377805,Invoice,1529.34,187.4,30,45880.2,45692.8
10/19/2024,Kiwi,CI,202301,1058761,Service Facturier AP/HP SIRET 26750045201928,,,,,20152963,90377818,Invoice,1543.91,187.41,30,46317.3,46129.89
10/19/2024,Kiwi,CI,202301,1061170,CH M. Jacquet Melun,,,,,20155461,90377820,Invoice,3398.53,374.8,60,203911.8,203537
10/19/2024,Kiwi,CI,202301,1061202,CH Emile Durkheim,,,,,20152713,90377823,Invoice,1731.63,187.4,30,51948.9,51761.5
10/19/2024,Kiwi,CI,202301,1058761,Service Facturier AP/HP SIRET 26750045201928,,,,,20154135,90377825,Invoice,1543.91,187.41,30,46317.3,46129.89
10/19/2024,Koala,CI,202301,1061223,CH Robert Ballanger,,,,,20154378,90377824,Invoice,466.41,54.59,10,4664.1,4609.51
10/19/2024,Tubing,Uro,202301,1060962,CH Angoulême,,,,,20152827,90377792,Invoice,204.01,41.43,30,6120.3,6078.87
10/19/2024,Tubing,Uro,202301,1061046,CH Cahors,,,,,20155206,90377802,Invoice,338.77,55.24,40,13550.8,13495.56
10/19/2024,Tubing,Uro,202301,1061071,HP de Metz,,,,,20166378,90377807,Invoice,84.13,13.81,10,841.3,827.49
10/19/2024,Tubing,Uro,202301,1061123,Hôpitaux Civils de Lyon Sud - HCL,,,,,20151796,90377817,Invoice,261.09,98.72,50,13054.5,12955.78
10/19/2024,Tubing,Uro,202301,1089969,Polyclinique du Parc Caen DA PAR,,,,,20151287,90377829,Invoice,88.79,13.81,10,887.9,874.09
10/19/2024,Tubing,Uro,202301,1061304,Clinique les Cèdres,,,,,20155390,90377830,Invoice,177.59,27.62,20,3551.8,3524.18
10/19/2024,Tubing,Uro,202301,1061338,CMPR Tour de Gassies,,,,,20154235,90377831,Invoice,168.27,27.62,20,3365.4,3337.78
10/19/2024,UDS Other Service & Repairs,Uro,202301,1060924,CH de Manosque,,,,,20151156,90377789,Invoice,165.07,48.18,2,330.14,281.96
10/20/2024,Endoscopy Sheaths,Uro,202301,1061356,Polyclinique Sainte Thérèse,,,,,20156276,90377832,Invoice,712.07,213.19,20,14241.4,14028.21
10/20/2024,Endoscopy Sheaths,Uro,202301,1061394,Clinique Esquirol - St Hilaire,,,,,20151292,90377833,Invoice,7120.74,2151.33,200,1424148,1421996.67
10/20/2024,Endoscopy Sheaths,Uro,202301,1061414,Clinique Océane,,,,,20154446,90377835,Invoice,3560.37,946.2,100,356037,355090.8
10/20/2024,Endoscopy Sheaths,Uro,202301,1070260,Nelle Clinique Villette DA DUN,,,,,20154438,90377836,Invoice,1424.15,430.27,40,56966,56535.73
10/20/2024,Endoscopy Sheaths,Uro,202301,1079747,Clinique de l'Atlantique,,,,,1079747,90377851,Invoice,2848.3,860.53,80,227864,227003.47
10/20/2024,Endoscopy Sheaths,Uro,202301,1089373,Clinique Mont Louis Service Pharmacie,,,,,20170230,90377856,Invoice,356.04,107.57,10,3560.4,3452.83
10/20/2024,Kiwi,CI,202301,1079831,CH de Bigorre,,,,,1079831,90377852,Invoice,1731.63,303.6,30,51948.9,51645.3
10/20/2024,Kiwi,CI,202301,1083920,CH de Sarrebourg,,,,,20197368,90377854,Invoice,1165.21,124.93,20,23304.2,23179.27
10/20/2024,Kiwi,CI,202301,1083980,CH Fontenay-Le-Comte,,,,,1083980,90377855,Invoice,1514.78,186.76,30,45443.4,45256.64
10/20/2024,Nexam,Uro,202301,1058940,"Giant Boat Co., Ltd",,,,,1058940,90377867,Invoice,0,163.85,1,0,-163.85
10/20/2024,Nexam,Uro,202301,1058940,"Giant Boat Co., Ltd",,,,,1058940,90377868,Invoice,0,163.85,1,0,-163.85
10/20/2024,Nexam,Uro,202301,1058940,"Giant Boat Co., Ltd",,,,,1058940,90377869,Invoice,141.7,27.85,1,141.7,113.85
10/20/2024,Other Uro Dx Disposables,Uro,202301,1059873,"Dr Vanhauwaert, Vif Associatie Mariaziekenhuis",,,,,1059873,90377863,Invoice,86.31,7.57,1,86.31,78.74
10/20/2024,T-Doc Catheters,Uro,202301,1058940,"Giant Boat Co., Ltd",,,,,1058940,90377869,Invoice,2968.7,426.48,100,296870,296443.52
10/20/2024,Tubing,Uro,202301,1070128,Centre Mutualiste Kerpape Service Pharmacie,,,,,1061413,90377834,Invoice,130.16,148.89,50,6508,6359.11
10/20/2024,Tubing,Uro,202301,1061449,Polyclinique la Chataigneraie,,,,,20154473,90377838,Invoice,177.59,27.62,20,3551.8,3524.18
10/20/2024,Tubing,Uro,202301,1089974,Clinique Rhône Durance DA RHO,,,,,20152542,90377845,Invoice,177.59,27.62,20,3551.8,3524.18
10/20/2024,Uromed,Uro,202301,1061706,Cerp Bretagne Atlantique,,,,,20156024,90377848,Invoice,261.74,90.3,10,2617.4,2527.1
10/20/2024,Uromed,Uro,202301,1061710,Cerp Rouen Sas,,,,,20170326,90377849,Invoice,43.87,9.64,1,43.87,34.23
10/20/2024,Uromed,Uro,202301,1061716,OCP Répartition,,,,,20151112,90377850,Invoice,261.74,90.3,10,2617.4,2527.1
10/20/2024,Water Catheters,Uro,202301,1061597,Dr Lapouge Olivier,,,,,1061597,90377846,Invoice,193.77,78.54,20,3875.4,3796.86
10/21/2024,Kiwi,CI,202301,1059188,Maasstad Ziekenhuis,,,,,20150927,90377875,Invoice,235.2,50.6,5,1176,1125.4
10/21/2024,Kiwi,CI,202301,1069515,Zorgservice XL,,,,,20150925,90377876,Invoice,1495.36,187.41,30,44860.8,44673.39
10/21/2024,Ohmega,GI,202301,1070382,MEQnordic A/S Accouning Dept.,,,,,20151617,90377873,Invoice,0,0,0,0,0
10/21/2024,Ph/Impedance Catheters,GI,202301,1058940,"Giant Boat Co., Ltd",,,,,1058940,90377870,Invoice,2121.38,613.07,20,42427.6,41814.53
10/21/2024,T-Doc Catheters,Uro,202301,1058940,"Giant Boat Co., Ltd",,,,,1058940,90377870,Invoice,2966.91,426.48,100,296691,296264.52
10/21/2024,Tubing,Uro,202301,1058940,"Giant Boat Co., Ltd",,,,,1058940,90377870,Invoice,1218,769.8,200,243600,242830.2
10/21/2024,UDS Other Service & Repairs,Uro,202301,1070382,MEQnordic A/S Accouning Dept.,,,,,20151617,90377872,Invoice,647.34,0,4,2589.36,2589.36
10/21/2024,UDS Other Service & Repairs,Uro,202301,1070382,MEQnordic A/S Accouning Dept.,,,,,20151617,90377872,Invoice,64.62,0,1,64.62,64.62
10/21/2024,UDS Other Service & Repairs,Uro,202301,1070382,MEQnordic A/S Accouning Dept.,,,,,20151617,90377872,Invoice,44.63,0,1,44.63,44.63
10/21/2024,UDS Other Service & Repairs,Uro,202301,1070382,MEQnordic A/S Accouning Dept.,,,,,20151617,90377873,Invoice,647.34,0,4,2589.36,2589.36
10/21/2024,UDS Other Service & Repairs,Uro,202301,1070382,MEQnordic A/S Accouning Dept.,,,,,20151617,90377873,Invoice,64.62,0,1,64.62,64.62
10/21/2024,UDS Other Service & Repairs,Uro,202301,1070382,MEQnordic A/S Accouning Dept.,,,,,20151617,90377873,Invoice,44.63,0,1,44.63,44.63
10/21/2024,Water Catheters,Uro,202301,1058940,"Giant Boat Co., Ltd",,,,,1058940,90377870,Invoice,5697.83,1543.86,400,2279132,2277588.14
10/22/2024,BoogieBaby,CI,202301,1078679,Cardinal Health,,,,,20166710,90377893,Invoice,520,102,200,104000,103898
10/22/2024,BoogieBaby,CI,202301,1078703,"Distribution Cooperative, Inc.",,,,,20162912,90377898,Invoice,596,204,400,238400,238196
10/22/2024,Clearview,CI,202301,1078679,Cardinal Health,,,,,20166710,90377888,Invoice,829.1,160.2,10,8291,8130.8
10/22/2024,Kiwi,CI,202301,1022575,ThedaCare Inc,,,,,20067850,90377887,Invoice,135,26.15,5,675,648.85
10/22/2024,Koala,CI,202301,1078784,OM Owens & Minor,,,,,20168091,90377902,Invoice,841.5,135.9,30,25245,25109.1
10/22/2024,Koala,CI,202301,1078784,OM Owens & Minor,,,,,20168091,90377903,Invoice,2244,362.4,80,179520,179157.6
10/22/2024,Optilume Strictures,Uro,202301,1089720,Vivamed Ltd,,,,,1089720,90377878,Invoice,0,957.04,0,0,-957.04
10/22/2024,ROM,CI,202301,1020974,Hawaii Pacific: Kapiolani & Pali Momi,,,,,20067539,90377886,Invoice,2197.5,270.5,50,109875,109604.5
10/22/2024,ROM,CI,202301,1078679,Cardinal Health,,,,,20166710,90377890,Invoice,42.5,30.75,5,212.5,181.75
10/22/2024,ROM,CI,202301,1078768,"Eastern Carolina Womens Center, PA",,,,,20163094,90377899,Invoice,1098.75,150.5,25,27468.75,27318.25
10/22/2024,Spot Ex,GI,202301,1021700,Overlake Hospital,,,,,20073674,90377882,Credit Memo,-380,-33.6,-10,3800,3833.6
10/22/2024,Tubing,Uro,202301,1079253,Wiener Gesundheitsverbund KFN - BA 25,,,,,20153209,90377879,Invoice,183.14,134.86,50,9157,9022.14
10/22/2024,UDS Other Service & Repairs,Uro,202301,1059274,Kebomed A/S,,,,,1059274,90377877,Invoice,3523.37,0,0,0,0
10/22/2024,UDS Other Service & Repairs,Uro,202301,1059274,Kebomed A/S,,,,,1059274,90377877,Invoice,906.28,0,0,0,0
10/22/2024,UDS Service Contracts,Uro,202301,1023230,Virtua Health Inc.,,,,,20071515,90377883,Invoice,6900,0,1,6900,6900
10/22/2024,UDS Service Contracts,Uro,202301,1022545,Tennessee Valley Urology CenterP.C.,,,,,20077730,90377884,Invoice,2395.8,0,1,2395.8,2395.8
10/23/2024,ABBy,CI,202301,9980001123,Austin Sirovina,,,,,9980001123,90377910,Invoice,0,124.5,5,0,-124.5
10/23/2024,InjeTAK,Uro,202301,1078694,Eastern Health,,,,,20162898,90377914,Invoice,558.6,220.42,10,5586,5365.58
10/23/2024,Kiwi,CI,202301,1078795,Mohawk Medbuy Corporation *12.30.24 CONSOLIDATED*,,,,,20163249,90377918,Invoice,400.7,52.76,10,4007,3954.24
10/23/2024,Kiwi,CI,202301,1078804,Queensway Carleton Hospital,,,,,20163624,90377919,Invoice,400.7,52.76,10,4007,3954.24
10/23/2024,Koala,CI,202301,1078784,OM Owens & Minor,,,,,20168091,90377908,Invoice,4207.5,679.5,150,631125,630445.5
10/23/2024,Koala,CI,202301,1078734,IWK HEALTH CENTRE,,,,,20164104,90377916,Invoice,357.5,45.7,10,3575,3529.3
10/23/2024,Koala,CI,202301,1078762,HOPITAL MONTFORT,,,,,20163087,90377917,Invoice,357.5,45.7,10,3575,3529.3
10/24/2024,Incontinence MPQ,Uro,202301,1018972,Maple Grove Hospital,,,,,20084005,90377932,Invoice,39,13.38,1,39,25.62
10/24/2024,Incontinence MPQ,Uro,202301,1019313,Parkridge Surgery Center,,,,,20073834,90377942,Credit Memo,-34,-8.83,-1,34,42.83
10/24/2024,Incontinence UPC Lead Sets,Uro,202301,1019217,MJW Medical Solutions Inc,,,,,20084106,90377940,Invoice,3900,234,5,19500,19266
10/24/2024,InjeTAK,Uro,202301,1019142,Community Health Network,,,,,20167008,90377939,Invoice,652,174.8,8,5216,5041.2
10/24/2024,Kiwi,CI,202301,1080878,Fraser Health Authority (PHSA),,,,,20170292,90377925,Credit Memo,-1385.33,-195.56,-30,41559.9,41755.46
10/24/2024,Kiwi,CI,202301,1080986,Western Regional Health Authority,,,,,20166175,90377929,Invoice,400.7,52.76,10,4007,3954.24
10/24/2024,Koala,CI,202301,1078839,Winnipeg Regional Health Authority,,,,,20163306,90377920,Invoice,750.76,91.4,20,15015.2,14923.8
10/24/2024,Optilume Strictures,Uro,202301,1080879,CIUSSS Centre O-CLSC De Benny Farm,,,,,20165985,90377926,Invoice,1646.01,154.35,1,1646.01,1491.66
10/24/2024,Optilume Strictures,Uro,202301,1080925,VHN - Hospital Regional Chaleur,,,,,20166050,90377928,Invoice,2681.28,308.7,2,5362.56,5053.86
10/24/2024,Optilume Strictures,Uro,202301,1019101,Caromont Regional Medical Center dba Gaston Memorial Hospital,,,,,20074753,90377937,Invoice,2095,0,1,2095,2095
10/24/2024,Optilume Strictures,Uro,202301,1019101,Caromont Regional Medical Center dba Gaston Memorial Hospital,,,,,20074753,90377937,Invoice,0,35.84,0,0,-35.84
10/24/2024,RenovaRP Consumables,GI,202301,1019137,Doylestown Health Hospital,,,,,20071962,90377938,Invoice,875,575,100,87500,86925
10/24/2024,RenovaRP Consumables,GI,202301,1019137,Doylestown Health Hospital,,,,,20071962,90377938,Invoice,1250,304.75,25,31250,30945.25
10/24/2024,Spot Ex,GI,202301,1018977,Aiken Regional Medical Centers Inc.,,,,,20072151,90377933,Invoice,760,64.2,20,15200,15135.8
10/24/2024,T-Doc Catheters,Uro,202301,9980000179,SARA POORSAADATI,,,,,9980000179,90377931,Invoice,0,29.15,10,0,-29.15
10/24/2024,Tubing,Uro,202301,1079678,Northern Health Authority,,,,,20166066,90377921,Invoice,409.64,42.37,25,10241,10198.63
10/24/2024,Tubing,Uro,202301,9980000179,SARA POORSAADATI,,,,,9980000179,90377931,Invoice,0,42.37,25,0,-42.37
10/25/2024,Endoscopy Scopes,Uro,202301,1019576,Adventist Health,,,,,20166873,90377952,Invoice,750,0,1,750,750
10/25/2024,Endoscopy Sheaths,Uro,202301,1019668,Aurora Health *Consolidated* Use BP# 1020857,,,,,20084294,90377957,Invoice,1857,13.5,30,55710,55696.5
10/25/2024,Incontinence MPQ,Uro,202301,1019313,Parkridge Surgery Center,,,,,20073834,90377942,Credit Memo,-1122,-53.02,-2,2244,2297.02
10/25/2024,Incontinence MPQ,Uro,202301,1019313,Parkridge Surgery Center,,,,,20073834,90377944,Credit Memo,-34,-8.83,-1,34,42.83
10/25/2024,Incontinence MPQ,Uro,202301,1019313,Parkridge Surgery Center,,,,,20073834,90377945,Credit Memo,-34,-8.83,-1,34,42.83
10/25/2024,InjeTAK,Uro,202301,1019541,Allina Health System,,,,,20072662,90377951,Invoice,132,23.68,2,264,240.32
10/25/2024,InjeTAK,Uro,202301,1019582,Luminis Health,,,,,20073381,90377953,Invoice,489,131.1,6,2934,2802.9
10/25/2024,Optilume Strictures,Uro,202301,1019541,Allina Health System,,,,,20084640,90377950,Invoice,2095,0,1,2095,2095
10/25/2024,Optilume Strictures,Uro,202301,1019541,Allina Health System,,,,,20084640,90377950,Invoice,0,35.84,0,0,-35.84
10/25/2024,Spot Ex,GI,202301,1019535,Albany Med Health System,,,,,20083559,90377948,Invoice,690,67.2,20,13800,13732.8
10/26/2024,Incontinence MPQ,Uro,202301,1019709,Bronson Healthcare,,,,,20078135,90377968,Invoice,39,13.38,1,39,25.62
10/26/2024,InjeTAK,Uro,202301,1019812,Bon Secours Mercy Health,,,,,20166355,90377975,Invoice,163,43.7,2,326,282.3
10/26/2024,Other GI Supply Disposables,GI,202301,1019690,Baton Rouge General Medical Center,,,,,20075270,90377961,Invoice,194,69,100,19400,19331
10/26/2024,Other GI Supply Disposables,GI,202301,1019772,Beacon Health System,,,,,20193564,90377973,Invoice,220,63,100,22000,21937
10/26/2024,Portascan 3D,Uro,202301,1019701,Baptist Health South Florida,,,,,20080699,90377964,Credit Memo,-518,-412,-1,518,930
10/26/2024,Spot Ex,GI,202301,1019668,Aurora Health *Consolidated* Use BP# 1020857,,,,,20084294,90377958,Invoice,380,32.1,10,3800,3767.9
10/26/2024,Spot Ex,GI,202301,1019707,Baptist Healthcare System Inc,,,,,20168228,90377966,Invoice,1140,100.8,30,34200,34099.2
10/26/2024,T-Doc Catheters,Uro,202301,1019707,Baptist Healthcare System Inc,,,,,20071439,90377967,Invoice,999,45.8,10,9990,9944.2
10/26/2024,Tubing,Uro,202301,1019697,Bayhealth Inc,,,,,20079955,90377962,Invoice,77,45.25,25,1925,1879.75
10/26/2024,UDS Other Service & Repairs,Uro,202301,1019668,Aurora Health *Consolidated* Use BP# 1020857,,,,,20163951,90377960,Invoice,4680.56,0,0,0,0
10/26/2024,UDS Other Service & Repairs,Uro,202301,1019668,Aurora Health *Consolidated* Use BP# 1020857,,,,,20163951,90377960,Invoice,1200,0,0,0,0
10/27/2024,Endoscopy Sheaths,Uro,202301,1020064,City Of Hope,,,,,20196837,90377999,Invoice,868,9,20,17360,17351
10/27/2024,EverLift,GI,202301,1020032,CentraCare Health,,,,,20071114,90377987,Invoice,640,89.8,20,12800,12710.2
10/27/2024,EverLift,GI,202301,1020051,Capital Health,,,,,20080428,90377997,Invoice,790,89,20,15800,15711
10/27/2024,Incontinence UPC Lead Sets,Uro,202301,1019832,UNC Health Blue Ridge,,,,,20076952,90377977,Invoice,934,46.8,1,934,887.2
10/27/2024,Incontinence UPC Lead Sets,Uro,202301,1019898,Campbell County Memorial Hospital,,,,,20070046,90377981,Invoice,1868,93.6,2,3736,3642.4
10/27/2024,InjeTAK,Uro,202301,1019943,Central Maine Medical Center,,,,,20070592,90377983,Invoice,815,218.5,10,8150,7931.5
10/27/2024,Optilume Strictures,Uro,202301,1020050,Atrium Health,,,,,20069771,90377994,Invoice,4190,0,2,8380,8380
10/27/2024,Optilume Strictures,Uro,202301,1020050,Atrium Health,,,,,20069771,90377994,Invoice,0,71.68,0,0,-71.68
10/27/2024,Other GI Supply Disposables,GI,202301,1019986,Boston Children's Hospital,,,,,20167614,90377985,Invoice,124,60,100,12400,12340
10/27/2024,Other Uro Dx Disposables,Uro,202301,1019835,Mass General Brigham,,,,,20080538,90377978,Invoice,27,3.6,10,270,266.4
10/27/2024,Other Uro Dx Disposables,Uro,202301,1019835,Mass General Brigham,,,,,20080538,90377979,Credit Memo,-27,-2.6,-10,270,272.6
10/27/2024,Spot Ex,GI,202301,1019969,Sanford Health,,,,,20068696,90377984,Invoice,380,32.1,10,3800,3767.9
10/27/2024,T-Doc Catheters,Uro,202301,1020049,Children's Hospital of Wisconsin,,,,,20080823,90377991,Invoice,3608,246,40,144320,144074
10/27/2024,T-Doc Catheters,Uro,202301,1020050,Atrium Health,,,,,20168815,90377992,Invoice,2680,115.6,40,107200,107084.4
10/28/2024,Electrodes,Uro,202301,1020123,Lexington Clinic,,,,,20167482,90378004,Invoice,34,7.51,1,34,26.49
10/28/2024,Endoscopy Sheaths,Uro,202301,1020190,The Surgical Ctr of Morehead City,,,,,20073946,90378010,Invoice,422,3.7,10,4220,4216.3
10/28/2024,Incontinence UPC Lead Sets,Uro,202301,1020159,United Urology Group,,,,,20170208,90378008,Invoice,3000,234,5,15000,14766
10/28/2024,Incontinence UPC Lead Sets,Uro,202301,1020210,Columbia University,,,,,20073958,90378011,Invoice,1980,140.4,3,5940,5799.6
10/28/2024,InjeTAK,Uro,202301,1020146,Cedars-Sinai Medical Care Foundation,,,,,20168020,90378005,Invoice,660,118.4,10,6600,6481.6
10/28/2024,Other Uro Dx Disposables,Uro,202301,1020159,United Urology Group,,,,,20168777,90378006,Invoice,232,121.2,40,9280,9158.8
10/28/2024,RenovaRP Consumables,GI,202301,1020069,Indiana University Health,,,,,20168818,90378000,Invoice,1260,243.8,20,25200,24956.2
10/28/2024,T-Doc Catheters,Uro,202301,1020159,United Urology Group,,,,,20084784,90378009,Invoice,1615,186,50,80750,80564
10/28/2024,Tubing,Uro,202301,1020146,Cedars-Sinai Medical Care Foundation,,,,,20168020,90378005,Invoice,2308,168,100,230800,230632
10/28/2024,Tubing,Uro,202301,1020285,Dino A. DeLaurentis,,,,,20074189,90378012,Credit Memo,-253.5,-44.5,-50,12675,12719.5
10/28/2024,Tubing,Uro,202301,1020285,Dino A. DeLaurentis,,,,,20074189,90378013,Credit Memo,-253.5,-44.5,-50,12675,12719.5
10/29/2024,Electrodes,Uro,202301,1020383,Enid Urology,,,,,20083082,90378023,Credit Memo,-105,-35.4,-30,3150,3185.4
10/29/2024,Incontinence MPQ,Uro,202301,1020314,DuPage Medical Group,,,,,20074999,90378016,Invoice,78,26.76,2,156,129.24
10/29/2024,Spot Ex,GI,202301,1020356,El Camino Hospital M/S OAK210-Accounts Payable-V#0003032558,,,,,20081178,90378018,Credit Memo,-35,-33.6,-10,350,383.6
10/29/2024,T-Doc Catheters,Uro,202301,1020365,Edward-Elmhurst Health/ NorthShore,,,,,20075032,90378019,Invoice,786,37.2,10,7860,7822.8
10/29/2024,T-Doc Catheters,Uro,202301,1020365,Edward-Elmhurst Health/ NorthShore,,,,,20075032,90378019,Invoice,999,71.6,10,9990,9918.4
10/29/2024,T-Doc Catheters,Uro,202301,1020373,Emory Healthcare,,,,,20069590,90378022,Invoice,3350,144.5,50,167500,167355.5
10/29/2024,T-Doc Catheters,Uro,202301,1020373,Emory Healthcare,,,,,20069590,90378022,Invoice,4995,231,50,249750,249519
10/29/2024,Tubing,Uro,202301,1020365,Edward-Elmhurst Health/ NorthShore,,,,,20075032,90378020,Invoice,577,42,25,14425,14383
10/29/2024,Tubing,Uro,202301,1020365,Edward-Elmhurst Health/ NorthShore,,,,,20075032,90378021,Invoice,577,46.75,25,14425,14378.25
10/29/2024,Tubing,Uro,202301,1020373,Emory Healthcare,,,,,20069590,90378022,Invoice,577,42,25,14425,14383
10/29/2024,UDS Other Service & Repairs,Uro,202301,1020390,St. Elizabeth Healthcare,,,,,20081952,90378024,Invoice,336,178.62,2,672,493.38
10/30/2024,Endoscopy Sheaths,Uro,202301,1020403,MEAC dba: ETSU Health,,,,,20074022,90378027,Invoice,1520,18.4,40,60800,60781.6
10/30/2024,InjeTAK,Uro,202301,1020473,University of Vermont Medical Center,,,,,20079522,90378035,Invoice,528,94.72,8,4224,4129.28
10/30/2024,Other Uro Dx Disposables,Uro,202301,1020440,Cox Health,,,,,20166757,90378032,Invoice,1029,451.5,75,77175,76723.5
10/30/2024,Portascan 3D,Uro,202301,1020427,Fairview Health System,,,,,20069927,90378029,Invoice,29,23,1,29,6
10/30/2024,T-Doc Catheters,Uro,202301,1020417,Especially for Women,,,,,20076698,90378028,Invoice,1587,138.6,30,47610,47471.4
10/30/2024,Tubing,Uro,202301,1020440,Cox Health,,,,,20166757,90378032,Invoice,353,30.5,50,17650,17619.5
10/30/2024,UDS Other Service & Repairs,Uro,202301,1020390,St. Elizabeth Healthcare,,,,,20072785,90378026,Invoice,672,357.24,4,2688,2330.76
10/30/2024,UDS Other Service & Repairs,Uro,202301,1020467,HCA Florida Minimally Invasive Urogyn,,,,,20196780,90378033,Invoice,53,18.16,1,53,34.84
10/31/2024,Electrodes,Uro,202301,1020523,Fisher Titus Health,,,,,20082164,90378043,Invoice,93,27.1,10,930,902.9
10/31/2024,Electrodes,Uro,202301,1020647,Grande Ronde Hospital,,,,,20079467,90378054,Invoice,34,7.51,1,34,26.49
10/31/2024,Endoscopy Scopes,Uro,202301,1020573,Geisinger System Services,,,,,20084929,90378047,Invoice,750,0,1,750,750
10/31/2024,Endoscopy Sheaths,Uro,202301,1020620,Comprehensive Urologic Care S.C.,,,,,20076424,90378050,Invoice,3200,37,100,320000,319963
10/31/2024,Incontinence MPQ,Uro,202301,1020473,University of Vermont Medical Center,,,,,20077517,90378037,Invoice,2121,126.18,3,6363,6236.82
10/31/2024,Incontinence MPQ,Uro,202301,1020542,Gainesville Urology,,,,,20170995,90378044,Invoice,234,80.28,6,1404,1323.72
10/31/2024,Incontinence UPC Lead Sets,Uro,202301,1020509,Froedtert Health,,,,,20074272,90378040,Invoice,1868,93.6,2,3736,3642.4
10/31/2024,RenovaRP Consumables,GI,202301,1020473,University of Vermont Medical Center,,,,,20077517,90378036,Invoice,900,402.2,10,9000,8597.8
10/31/2024,RenovaRP Consumables,GI,202301,1020473,University of Vermont Medical Center,,,,,20077517,90378036,Invoice,430,230,40,17200,16970
10/31/2024,RenovaRP Consumables,GI,202301,1020473,University of Vermont Medical Center,,,,,20077517,90378038,Invoice,450,229.25,5,2250,2020.75
10/31/2024,Spot Ex,GI,202301,1020576,George Washington University Hospital,,,,,20084481,90378048,Invoice,380,33.6,10,3800,3766.4
10/31/2024,T-Doc Catheters,Uro,202301,1020640,Gynecologic & Reconstructive Surgery Ltd,,,,,20079827,90378053,Invoice,0,46.2,10,0,-46.2
10/31/2024,T-Doc Catheters,Uro,202301,1020647,Grande Ronde Hospital,,,,,20079467,90378054,Invoice,1340,57.8,20,26800,26742.2
10/31/2024,T-Doc Catheters,Uro,202301,1020647,Grande Ronde Hospital,,,,,20079467,90378054,Invoice,1998,143.2,20,39960,39816.8
10/31/2024,Tubing,Uro,202301,1020523,Fisher Titus Health,,,,,20082164,90378043,Invoice,1154,84,50,57700,57616
11/1/2024,Anorectal Manometry Catheters,GI,202301,1020707,Hartford Health Care Corporation,,,,,20073690,90378058,Invoice,1110,672.6,30,33300,32627.4
11/1/2024,Electrodes,Uro,202301,1020728,HCA Physician Services,,,,,20167846,90378060,Invoice,186,54.2,20,3720,3665.8
11/1/2024,EverLift,GI,202301,1020752,Memorial Hermann Health System,,,,,20075899,90378061,Invoice,350,44.5,10,3500,3455.5
11/1/2024,InjeTAK,Uro,202301,1020673,Gundersen Health Systems,,,,,20163661,90378056,Invoice,489,131.1,6,2934,2802.9
11/1/2024,InjeTAK,Uro,202301,1020791,Houston Metro Urology SC,,,,,20069407,90378063,Credit Memo,-775,-218.5,-10,7750,7968.5
11/1/2024,InjeTAK,Uro,202301,1020857,Advocate Health,,,,,20192574,90378064,Invoice,326,87.4,4,1304,1216.6
11/1/2024,Optilume Strictures,Uro,202301,1020857,Advocate Health,,,,,20196920,90378065,Invoice,0,603,0,0,-603
11/1/2024,Spot Ex,GI,202301,1020767,Dartmouth Health,,,,,20078307,90378062,Invoice,760,64.2,20,15200,15135.8
11/1/2024,T-Doc Catheters,Uro,202301,1020728,HCA Physician Services,,,,,20196848,90378059,Invoice,1340,57.8,20,26800,26742.2
11/1/2024,Tubing,Uro,202301,1020728,HCA Physician Services,,,,,20196848,90378059,Invoice,577,42,25,14425,14383
11/2/2024,EverLift,GI,202301,1020971,Kaiser Health Plan Asset Mgmt,,,,,20071414,90378074,Invoice,1600,178,40,64000,63822
11/2/2024,EverLift,GI,202301,1020987,Kelsey-Seybold Clinic,,,,,20194376,90378078,Invoice,1400,179.6,40,56000,55820.4
11/2/2024,Incontinence UPC Lead Sets,Uro,202301,1020921,1000-St. Joseph Health System *Consolidated* Use BP# 1021928,,,,,20069899,90378068,Invoice,1638,93.6,2,3276,3182.4
11/2/2024,InjeTAK,Uro,202301,1020971,Kaiser Health Plan Asset Mgmt,,,,,20083879,90378075,Invoice,1740,473.6,40,69600,69126.4
11/2/2024,InjeTAK,Uro,202301,1020987,Kelsey-Seybold Clinic,,,,,20168370,90378077,Invoice,163,43.7,2,326,282.3
11/2/2024,Optilume Strictures,Uro,202301,1020857,Advocate Health,,,,,20196920,90378066,Invoice,0,201,0,0,-201
11/2/2024,Optilume Strictures,Uro,202301,1020857,Advocate Health,,,,,20196920,90378066,Invoice,0,35.84,0,0,-35.84
11/2/2024,Optilume Strictures,Uro,202301,1020971,Kaiser Health Plan Asset Mgmt,,,,,20074697,90378076,Invoice,14370,0,6,86220,86220
11/2/2024,Optilume Strictures,Uro,202301,1020971,Kaiser Health Plan Asset Mgmt,,,,,20074697,90378076,Invoice,0,1206,0,0,-1206
11/2/2024,Optilume Strictures,Uro,202301,1020971,Kaiser Health Plan Asset Mgmt,,,,,20074697,90378076,Invoice,0,215.04,0,0,-215.04
11/2/2024,Optilume Strictures,Uro,202301,1021137,Frye Regional Medical Ctr,,,,,20193717,90378082,Invoice,0,402,0,0,-402
11/2/2024,Optilume Strictures,Uro,202301,1021137,Frye Regional Medical Ctr,,,,,20193717,90378082,Invoice,0,71.68,0,0,-71.68
11/2/2024,T-Doc Catheters,Uro,202301,1020933,San Juan Health Partners,,,,,20078910,90378069,Invoice,1572,74.4,20,31440,31365.6
11/2/2024,Tubing,Uro,202301,1020999,King's Daughters Medical Center,,,,,20069143,90378079,Invoice,577,42,25,14425,14383
11/2/2024,Tubing,Uro,202301,1021019,Prema Kothandaraman MD,,,,,20197234,90378080,Invoice,1154,93.5,50,57700,57606.5
11/3/2024,Electrodes,Uro,202301,1021273,Paris Community Hospital,,,,,20079783,90378092,Invoice,93,27.1,10,930,902.9
11/3/2024,Electrodes,Uro,202301,1021287,Dignity Health - CA,,,,,20069616,90378094,Invoice,279,81.3,30,8370,8288.7
11/3/2024,Optilume Strictures,Uro,202301,1021137,Frye Regional Medical Ctr,,,,,20193717,90378082,Invoice,4190,0,2,8380,8380
11/3/2024,Optilume Strictures,Uro,202301,1021137,Frye Regional Medical Ctr,,,,,20193717,90378082,Invoice,0,71.68,0,0,-71.68
11/3/2024,Optilume Strictures,Uro,202301,1021186,Maury Regional Health,,,,,20079000,90378085,Invoice,8380,0,4,33520,33520
11/3/2024,Optilume Strictures,Uro,202301,1021186,Maury Regional Health,,,,,20079000,90378085,Invoice,0,143.36,0,0,-143.36
11/3/2024,Portascan 3D,Uro,202301,1021763,PartsSource,,,,,20170386,90378086,Invoice,58,46,2,116,70
11/3/2024,T-Doc Catheters,Uro,202301,1021287,Dignity Health - CA,,,,,20167383,90378093,Invoice,2010,86.7,30,60300,60213.3
11/3/2024,T-Doc Catheters,Uro,202301,1021287,Dignity Health - CA,,,,,20069616,90378094,Invoice,1572,74.4,20,31440,31365.6
11/3/2024,Tubing,Uro,202301,1021287,Dignity Health - CA,,,,,20167383,90378093,Invoice,1154,84,50,57700,57616
11/3/2024,UDS Other Service & Repairs,Uro,202301,1021261,Memorial Health System,,,,,20083657,90378091,Invoice,0,89.31,1,0,-89.31
11/4/2024,Electrodes,Uro,202301,1021334,Encore Urology,,,,,20196973,90378099,Invoice,790,271,100,79000,78729
11/4/2024,Electrodes,Uro,202301,1021334,Encore Urology,,,,,20196973,90378099,Invoice,370,118,100,37000,36882
11/4/2024,Optilume Strictures,Uro,202301,1021318,HCA St Marks Hospital,,,,,20077680,90378098,Invoice,6285,0,3,18855,18855
11/4/2024,Optilume Strictures,Uro,202301,1021318,HCA St Marks Hospital,,,,,20077680,90378098,Invoice,0,107.52,0,0,-107.52
11/4/2024,Optilume Strictures,Uro,202301,1021378,Munson Healthcare DBA Northern Michigan Supply Alliance,,,,,20084524,90378101,Invoice,2095,0,1,2095,2095
11/4/2024,RenovaRP Consumables,GI,202301,1021288,Sky Lakes Medical Center,,,,,20074092,90378097,Invoice,630,121.9,10,6300,6178.1
11/4/2024,Spot Ex,GI,202301,1021287,Dignity Health - CA,,,,,20084237,90378096,Invoice,380,32.1,10,3800,3767.9
11/4/2024,T-Doc Catheters,Uro,202301,1021334,Encore Urology,,,,,20196973,90378099,Invoice,3800,289,100,380000,379711
11/4/2024,T-Doc Catheters,Uro,202301,1021334,Encore Urology,,,,,20196973,90378099,Invoice,1132,143.2,20,22640,22496.8
11/4/2024,T-Doc Catheters,Uro,202301,1021393,Garden State Urology(Morris Urology,,,,,20080001,90378102,Invoice,3350,144.5,50,167500,167355.5
11/4/2024,T-Doc Catheters,Uro,202301,1021393,Garden State Urology(Morris Urology,,,,,20080001,90378102,Invoice,1572,74.4,20,31440,31365.6
11/4/2024,Tubing,Uro,202301,1021287,Dignity Health - CA,,,,,20069616,90378094,Invoice,1154,84,50,57700,57616
11/5/2024,Electrodes,Uro,202301,1021393,Garden State Urology(Morris Urology,,,,,20080001,90378102,Invoice,465,135.5,50,23250,23114.5
11/5/2024,Endoscopy Sheaths,Uro,202301,1021478,MultiCare Health System,,,,,20084191,90378108,Invoice,2476,18,40,99040,99022
11/5/2024,EverLift,GI,202301,1021503,Northwest Arkansas Hospital,,,,,20192705,90378110,Invoice,400,44.5,10,4000,3955.5
11/5/2024,EverLift,GI,202301,1021600,Northwestern Medicine,,,,,20083695,90378117,Invoice,1280,178,40,51200,51022
11/5/2024,InjeTAK,Uro,202301,1021590,Novant Health Inc.,,,,,20073786,90378111,Invoice,585,118.4,10,5850,5731.6
11/5/2024,InjeTAK,Uro,202301,1021591,Northwell Health,,,,,20068065,90378113,Invoice,395,118.4,10,3950,3831.6
11/5/2024,Other Uro Dx Disposables,Uro,202301,1021395,RWJBarnabas Health Med Grp,,,,,20197519,90378104,Invoice,29,3.6,10,290,286.4
11/5/2024,Portascan 3D,Uro,202301,1021398,Montefiore Health System,,,,,20077552,90378106,Invoice,3150,1724.84,1,3150,1425.16
11/5/2024,T-Doc Catheters,Uro,202301,1021393,Garden State Urology(Morris Urology,,,,,20080001,90378102,Invoice,2997,214.8,30,89910,89695.2
11/5/2024,T-Doc Catheters,Uro,202301,1021590,Novant Health Inc.,,,,,20073786,90378111,Invoice,1254,86.7,30,37620,37533.3
11/5/2024,T-Doc Catheters,Uro,202301,1021590,Novant Health Inc.,,,,,20073786,90378111,Invoice,1872,138.6,30,56160,56021.4
11/6/2024,Electrodes,Uro,202301,1021700,Overlake Hospital,,,,,20074985,90378122,Invoice,279,81.3,30,8370,8288.7
11/6/2024,InjeTAK,Uro,202301,1021686,Ochsner Health,,,,,20197529,90378121,Invoice,900,236.8,20,18000,17763.2
11/6/2024,Optilume Strictures,Uro,202301,1021716,Orlando Health,,,,,20071047,90378124,Invoice,0,71.68,0,0,-71.68
11/6/2024,Spot Ex,GI,202301,1021632,AMSURG,,,,,20195235,90378118,Invoice,345,33.6,10,3450,3416.4
11/6/2024,Spot Ex,GI,202301,1021716,Orlando Health,,,,,20082577,90378123,Invoice,690,67.2,20,13800,13732.8
11/6/2024,T-Doc Catheters,Uro,202301,1021720,Ottumwa Regional Health Center,,,,,20071468,90378125,Invoice,670,28.9,10,6700,6671.1
11/6/2024,T-Doc Catheters,Uro,202301,1021720,Ottumwa Regional Health Center,,,,,20071468,90378125,Invoice,999,71.6,10,9990,9918.4
11/6/2024,T-Doc Catheters,Uro,202301,1021728,The Oregon Clinic PC,,,,,20071586,90378127,Invoice,1164,57.8,20,23280,23222.2
11/6/2024,T-Doc Catheters,Uro,202301,1021728,The Oregon Clinic PC,,,,,20071586,90378127,Invoice,1736,92.4,20,34720,34627.6
11/6/2024,Tubing,Uro,202301,1021722,Oregon Health & Science Univ.,,,,,20083740,90378126,Invoice,1036,175,100,103600,103425
11/7/2024,Endoscopy Sheaths,Uro,202301,1021865,Prairie Lakes Healthcare System,,,,,20079215,90378138,Invoice,3095,22.5,50,154750,154727.5
11/7/2024,Endoscopy Sheaths,Uro,202301,1021870,Pikeville Medical Center,,,,,20074196,90378139,Invoice,2849,32.2,70,199430,199397.8
11/7/2024,Spot Ex,GI,202301,1021796,Poplar Bluff Regional Medical Ctr (CHS),,,,,20071129,90378135,Invoice,690,67.2,20,13800,13732.8
11/7/2024,T-Doc Catheters,Uro,202301,1021797,Prospect CharterCare LLC,,,,,20081125,90378136,Invoice,786,37.2,10,7860,7822.8
11/7/2024,T-Doc Catheters,Uro,202301,1021797,Prospect CharterCare LLC,,,,,20081125,90378136,Invoice,670,28.9,10,6700,6671.1
11/7/2024,T-Doc Catheters,Uro,202301,1021925,Intermountain Healthcare,,,,,20073939,90378140,Invoice,594,37.2,10,5940,5902.8
11/7/2024,Tubing,Uro,202301,1021779,Park Nicollet Health Services **CONSOLIDATED use 1020816*,1020816,,,,20077839,90378132,Invoice,1154,84,50,57700,57616
11/8/2024,Electrodes,Uro,202301,1022280,Village Practice Management Company,,,,,20074785,90378154,Invoice,93,271.3,10,930,658.7
11/8/2024,Incontinence UPC Lead Sets,Uro,202301,1022236,Scripps Health,,,,,20168579,90378152,Invoice,3736,187.2,4,14944,14756.8
11/8/2024,InjeTAK,Uro,202301,1022400,Trinity Health,,,,,20072672,90378162,Invoice,132,23.68,2,264,240.32
11/8/2024,Other Uro Dx Disposables,Uro,202301,1022396,Willis Knighton: Ark-La-Tex Urology **CONSOLIDATED USE 1023379**,1023379,,,,20070956,90378160,Invoice,60,7.2,20,1200,1192.8
11/8/2024,Other Uro Dx Equipment,Uro,202301,1022253,SIU School of Medicine,,,,,20070191,90378153,Invoice,0,0,1,0,0
11/8/2024,RenovaRP Consumables,GI,202301,1022013,Reading Hospital (Tower Health),,,,,20195502,90378142,Invoice,1075,575,100,107500,106925
11/8/2024,RenovaRP Consumables,GI,202301,1022013,Reading Hospital (Tower Health),,,,,20195502,90378143,Invoice,1500,603.3,15,22500,21896.7
11/8/2024,RenovaRP Consumables,GI,202301,1022160,Baylor Scott & White Health,,,,,20084139,90378149,Invoice,375,229.25,5,1875,1645.75
11/8/2024,RenovaRP Consumables,GI,202301,1022305,VA Southern Nevada Healthcare System,,,,,20071175,90378158,Invoice,1025,575,100,102500,101925
11/8/2024,Spot Ex,GI,202301,1022066,Rutland Regional Medical Center,,,,,20073096,90378145,Invoice,760,67.2,20,15200,15132.8
11/8/2024,T-Doc Catheters,Uro,202301,1021942,Proliance Surgeons Inc PS dba Puyallup Ambulatory Surgery Ctr,,,,,20072896,90378141,Invoice,670,81.6,10,6700,6618.4
11/8/2024,T-Doc Catheters,Uro,202301,1022160,Baylor Scott & White Health,,,,,20083982,90378147,Invoice,1416,115.6,40,56640,56524.4
11/8/2024,T-Doc Catheters,Uro,202301,1022160,Baylor Scott & White Health,,,,,20069896,90378148,Invoice,3495,231,50,174750,174519
11/8/2024,T-Doc Catheters,Uro,202301,1022160,Baylor Scott & White Health,,,,,20069896,90378148,Invoice,1770,144.5,50,88500,88355.5
11/8/2024,T-Doc Catheters,Uro,202301,1022280,Village Practice Management Company,,,,,20067648,90378155,Invoice,832,74.4,20,16640,16565.6
11/8/2024,Tubing,Uro,202301,1021925,Intermountain Healthcare,,,,,20073939,90378140,Invoice,479,42,25,11975,11933
11/8/2024,Tubing,Uro,202301,1021942,Proliance Surgeons Inc PS dba Puyallup Ambulatory Surgery Ctr,,,,,20072896,90378141,Invoice,577,46.75,25,14425,14378.25
11/9/2024,Endoscopy Sheaths,Uro,202301,1022461,Hawaii Pacific: Straub Clinic & Hospital,,,,,20070860,90378177,Invoice,1238,9,20,24760,24751
11/9/2024,Other GI Supply Disposables,GI,202301,1022444,Mercy Health,,,,,20074808,90378171,Invoice,220,63,100,22000,21937
11/9/2024,RenovaRP Consumables,GI,202301,1022415,Baycare Health System,,,,,20074769,90378166,Invoice,380,230,40,15200,14970
11/9/2024,Spot Ex,GI,202301,1022405,St. Clair Hospital,,,,,20077268,90378164,Invoice,760,67.2,20,15200,15132.8
11/9/2024,Spot Ex,GI,202301,1022444,Mercy Health,,,,,20078405,90378173,Invoice,345,32.1,10,3450,3417.9
11/9/2024,T-Doc Catheters,Uro,202301,1022444,Mercy Health,,,,,20074288,90378172,Invoice,670,28.9,10,6700,6671.1
11/9/2024,T-Doc Catheters,Uro,202301,1022482,Summa Health System,,,,,20076289,90378179,Invoice,670,28.9,10,6700,6671.1
11/10/2024,Endoscopy Sheaths,Uro,202301,1022482,Summa Health System,,,,,20076289,90378180,Invoice,7410,67.5,150,1111500,1111432.5
11/10/2024,Other Uro Tx Disposables,Uro,202301,1022482,Summa Health System,,,,,20076289,90378180,Invoice,596,100.8,24,14304,14203.2
11/10/2024,Portascan 3D,Uro,202301,1022487,Sutter Health System Office,,,,,20068887,90378184,Invoice,0,17.79,0,0,-17.79
11/10/2024,Portascan 3D,Uro,202301,1022487,Sutter Health System Office,,,,,20068887,90378184,Invoice,0,69,0,0,-69
11/10/2024,Portascan 3D,Uro,202301,1022487,Sutter Health System Office,,,,,20068887,90378184,Invoice,0,0.03,0,0,-0.03
11/10/2024,Portascan 3D,Uro,202301,1022487,Sutter Health System Office,,,,,20068887,90378184,Invoice,1554,1379.88,3,4662,3282.12
11/10/2024,Portascan 3D,Uro,202301,1022487,Sutter Health System Office,,,,,20068887,90378184,Invoice,0,112.02,3,0,-112.02
11/10/2024,Portascan 3D,Uro,202301,1022487,Sutter Health System Office,,,,,20068887,90378185,Invoice,14110,0,2,28220,28220
11/10/2024,Portascan 3D,Uro,202301,1022487,Sutter Health System Office,,,,,20068887,90378185,Invoice,0,46,0,0,-46
11/10/2024,Portascan 3D,Uro,202301,1022487,Sutter Health System Office,,,,,20068887,90378185,Invoice,0,3449.68,0,0,-3449.68
11/10/2024,Portascan 3D,Uro,202301,1022487,Sutter Health System Office,,,,,20068887,90378185,Invoice,0,2947.3,0,0,-2947.3
11/10/2024,UDS Other Service & Repairs,Uro,202301,1022487,Sutter Health System Office,,,,,20068887,90378184,Invoice,0,535.86,0,0,-535.86
11/11/2024,Aquarius CT/CTS,Uro,202301,1022572,Cleveland Clinic Health,,,,,20197144,90378191,Invoice,107995,16516.21,1,107995,91478.79
11/11/2024,InjeTAK,Uro,202301,1022506,Skagit Regional Health,,,,,20079502,90378187,Invoice,396,71.04,6,2376,2304.96
11/11/2024,Other GI Supply Disposables,GI,202301,1022567,Jefferson Health,,,,,20084070,90378190,Invoice,440,86,200,88000,87914
11/11/2024,Other Uro Dx Equipment,Uro,202301,1022572,Cleveland Clinic Health,,,,,20197144,90378191,Invoice,0,7,0,0,-7
11/11/2024,Other Uro Dx Equipment,Uro,202301,1022572,Cleveland Clinic Health,,,,,20197144,90378191,Invoice,0,138.25,0,0,-138.25
11/11/2024,RenovaRP Consumables,GI,202301,1022572,Cleveland Clinic Health,,,,,20192935,90378192,Invoice,720,460,80,57600,57140
11/11/2024,RenovaRP Consumables,GI,202301,1022572,Cleveland Clinic Health,,,,,20192935,90378192,Invoice,350,121.9,10,3500,3378.1
11/11/2024,RenovaRP Consumables,GI,202301,1022572,Cleveland Clinic Health,,,,,20192935,90378192,Invoice,350,121.9,10,3500,3378.1
11/11/2024,Spot Ex,GI,202301,1022572,Cleveland Clinic Health,,,,,20082814,90378193,Invoice,380,32.1,10,3800,3767.9
11/11/2024,Tubing,Uro,202301,1022561,Texas Children's Hospital,,,,,20066949,90378188,Invoice,1554,262.5,150,233100,232837.5
11/11/2024,UDS Other Service & Repairs,Uro,202301,1022487,Sutter Health System Office,,,,,20068887,90378185,Invoice,0,7.82,0,0,-7.82
11/11/2024,Water Catheters,Uro,202301,1022561,Texas Children's Hospital,,,,,20066949,90378188,Invoice,1981,249.2,70,138670,138420.8
11/11/2024,Water Catheters,Uro,202301,1022561,Texas Children's Hospital,,,,,20066949,90378188,Invoice,243,37.9,10,2430,2392.1
11/11/2024,Water Catheters,Uro,202301,1022561,Texas Children's Hospital,,,,,20066949,90378188,Invoice,955,185,50,47750,47565
11/12/2024,Electrodes,Uro,202301,1022755,University of Kentucky Healthcare,,,,,20071793,90378202,Invoice,186,54.2,20,3720,3665.8
11/12/2024,Incontinence UPC Lead Sets,Uro,202301,1022828,University of Virginia Health System,,,,,20081526,90378214,Invoice,819,46.8,1,819,772.2
11/12/2024,Other Uro Dx Disposables,Uro,202301,1022755,University of Kentucky Healthcare,,,,,20071793,90378203,Invoice,30,3.6,10,300,296.4
11/12/2024,Other Uro Dx Equipment,Uro,202301,1022713,Ascension Health Ministry Service C,,,,,20166655,90378200,Invoice,0,0,1,0,0
11/12/2024,Probes -Urostym,Uro,202301,1022713,Ascension Health Ministry Service C,,,,,20167673,90378198,Invoice,2500,446.5,50,125000,124553.5
11/12/2024,RenovaRP Consumables,GI,202301,1022795,United Health Services Hospitals,,,,,20196306,90378205,Invoice,630,121.9,10,6300,6178.1
11/12/2024,RenovaRP Consumables,GI,202301,1022822,University Hospitals Health System,,,,,20073521,90378210,Invoice,190,115,20,3800,3685
11/12/2024,Spot Ex,GI,202301,1022584,Texas Health Resources,,,,,20084475,90378194,Invoice,380,33.6,10,3800,3766.4
11/12/2024,Spot Ex,GI,202301,1022584,Texas Health Resources,,,,,20084475,90378195,Invoice,760,64.2,20,15200,15135.8
11/12/2024,Spot Ex,GI,202301,1022686,University of Connecticut Health Center,,,,,20070369,90378197,Invoice,380,32.1,10,3800,3767.9
11/12/2024,Spot Ex,GI,202301,1022795,United Health Services Hospitals,,,,,20196306,90378205,Invoice,380,32.1,10,3800,3767.9
11/12/2024,Spot Ex,GI,202301,1022815,University of Miami Health,,,,,20166311,90378208,Invoice,380,32.1,10,3800,3767.9
11/12/2024,T-Doc Catheters,Uro,202301,1022591,Center for Mens & Womens Urology LLC,,,,,20075731,90378196,Credit Memo,-68.7,-7.16,-1,68.7,75.86
11/12/2024,Tubing,Uro,202301,1022821,UMass Memorial Health,,,,,20082017,90378209,Invoice,577,46.75,25,14425,14378.25
11/12/2024,UDS Other Service & Repairs,Uro,202301,1022827,U-M University of Michigan Hospital,,,,,20068322,90378213,Invoice,0,27.43,1,0,-27.43
11/13/2024,Endoscopy Sheaths,Uro,202301,1022954,GenesisCare,,,,,20072485,90378228,Invoice,3800,45,100,380000,379955
11/13/2024,Optilume Strictures,Uro,202301,1022838,University of Kansas Health System,,,,,20083693,90378222,Invoice,4190,0,2,8380,8380
11/13/2024,Optilume Strictures,Uro,202301,1022838,University of Kansas Health System,,,,,20083693,90378222,Invoice,0,402,0,0,-402
11/13/2024,Optilume Strictures,Uro,202301,1022838,University of Kansas Health System,,,,,20083693,90378223,Invoice,2095,0,1,2095,2095
11/13/2024,Optilume Strictures,Uro,202301,1022838,University of Kansas Health System,,,,,20083693,90378223,Invoice,0,201,0,0,-201
11/13/2024,Optilume Strictures,Uro,202301,1022838,University of Kansas Health System,,,,,20083693,90378223,Invoice,0,35.84,0,0,-35.84
11/13/2024,Optilume Strictures,Uro,202301,1022848,University of Colorado Health,,,,,20167864,90378225,Invoice,0,201,0,0,-201
11/13/2024,Other Uro Dx Disposables,Uro,202301,1022835,Associated Urological Specialists,,,,,20076434,90378217,Invoice,348,181.8,60,20880,20698.2
11/13/2024,Other Uro Dx Equipment,Uro,202301,1022835,Associated Urological Specialists,,,,,20076045,90378218,Credit Memo,-571.5,-117.42,-6,3429,3546.42
11/13/2024,T-Doc Catheters,Uro,202301,1022848,University of Colorado Health,,,,,20072973,90378224,Invoice,687,46.2,10,6870,6823.8
11/13/2024,T-Doc Catheters,Uro,202301,1022848,University of Colorado Health,,,,,20072973,90378224,Invoice,541,37.2,10,5410,5372.8
11/13/2024,T-Doc Catheters,Uro,202301,1022895,Urology Associates of Cape Cod,,,,,20079129,90378226,Invoice,1340,57.8,20,26800,26742.2
11/13/2024,T-Doc Catheters,Uro,202301,1022895,Urology Associates of Cape Cod,,,,,20079129,90378226,Invoice,1998,92.4,20,39960,39867.6
11/13/2024,Water Catheters,Uro,202301,1022830,The University of Iowa,,,,,20082990,90378216,Invoice,173,37,10,1730,1693
11/14/2024,Electrodes,Uro,202301,1023010,USMD Health System,,,,,20073271,90378231,Invoice,176,54.2,20,3520,3465.8
11/14/2024,Electrodes,Uro,202301,1023012,Contemporary Women’s Health,,,,,20083341,90378232,Invoice,74,23.6,20,1480,1456.4
11/14/2024,Endoscopy Sheaths,Uro,202301,1022954,GenesisCare,,,,,20083636,90378229,Invoice,3800,45,100,380000,379955
11/14/2024,Incontinence MPQ,Uro,202301,1023018,Med Atlantic,,,,,20078687,90378235,Invoice,140,53.52,4,560,506.48
11/14/2024,Incontinence UPC Lead Sets,Uro,202301,1022981,Minnesota Urology,,,,,20083628,90378230,Invoice,1320,93.6,2,2640,2546.4
11/14/2024,Other Uro Dx Disposables,Uro,202301,1023081,UT Health Science Center San Antonio,,,,,20067234,90378239,Invoice,348,181.8,60,20880,20698.2
11/14/2024,Other Uro Dx Equipment,Uro,202301,1023045,Urogynecology Consultants,,,,,20069828,90378237,Invoice,0,0,2,0,0
11/14/2024,T-Doc Catheters,Uro,202301,1023010,USMD Health System,,,,,20073271,90378231,Invoice,868,71.6,10,8680,8608.4
11/14/2024,T-Doc Catheters,Uro,202301,1023010,USMD Health System,,,,,20073271,90378231,Invoice,683,37.2,10,6830,6792.8
11/14/2024,T-Doc Catheters,Uro,202301,1023016,Urology America fka Urology Austin,,,,,20067449,90378233,Invoice,2478,202.3,70,173460,173257.7
11/14/2024,T-Doc Catheters,Uro,202301,1023016,Urology America fka Urology Austin,,,,,20067449,90378233,Invoice,2080,186,50,104000,103814
11/14/2024,Tubing,Uro,202301,1023016,Urology America fka Urology Austin,,,,,20067449,90378233,Invoice,1736,168,100,173600,173432
11/15/2024,Endoscopy Parts & Accessories,Uro,202301,1023124,Virginia Hospital Center,,,,,20076575,90378242,Invoice,0,1862.4,8,0,-1862.4
11/15/2024,Optilume Strictures,Uro,202301,1023135,VA Charleston Health Care,,,,,20069617,90378246,Invoice,2095,0,1,2095,2095
11/15/2024,Optilume Strictures,Uro,202301,1023135,VA Charleston Health Care,,,,,20069617,90378246,Invoice,0,35.84,0,0,-35.84
11/15/2024,T-Doc Catheters,Uro,202301,1023117,VA Lebanon Health Care,,,,,20167548,90378241,Invoice,2358,692.4,30,70740,70047.6
11/15/2024,T-Doc Catheters,Uro,202301,1023135,VA Charleston Health Care,,,,,20069617,90378245,Invoice,1340,394,20,26800,26406
11/15/2024,Tubing,Uro,202301,1023093,Upstate Urology Inc,,,,,20084426,90378240,Invoice,1100,194.5,50,55000,54805.5
11/15/2024,Tubing,Uro,202301,1023134,VA Salisbury Health Care,,,,,20071599,90378244,Invoice,577,42,25,14425,14383
11/16/2024,Endoscopy Sheaths,Uro,202301,1023195,Valley Urologic Associates,,,,,20067413,90378253,Invoice,4340,37,100,434000,433963
11/16/2024,InjeTAK,Uro,202301,1023248,Valley Medical Center (UW Medicine),,,,,20075909,90378256,Invoice,132,23.68,2,264,240.32
11/16/2024,Optilume Strictures,Uro,202301,1023139,VA Hospital(Lake CityFL) **CONSOLIDATED USE 1023131**,1023131,,,,20079635,90378247,Invoice,0,35.84,0,0,-35.84
11/16/2024,Optilume Strictures,Uro,202301,1023191,VA Salt Lake City Health Care,,,,,20080697,90378252,Invoice,4190,0,2,8380,8380
11/16/2024,Optilume Strictures,Uro,202301,1023191,VA Salt Lake City Health Care,,,,,20080697,90378252,Invoice,0,402,0,0,-402
11/16/2024,Optilume Strictures,Uro,202301,1023191,VA Salt Lake City Health Care,,,,,20080697,90378252,Invoice,4190,0,2,8380,8380
11/16/2024,Spot Ex,GI,202301,1023230,Virtua Health Inc.,,,,,20194747,90378255,Invoice,345,33.6,10,3450,3416.4
11/16/2024,T-Doc Catheters,Uro,202301,1023148,Vanderbilt University Medical Center,,,,,20078978,90378248,Invoice,670,197,10,6700,6503
11/16/2024,T-Doc Catheters,Uro,202301,1023266,Warren Urology,,,,,20083751,90378257,Invoice,786,36.8,10,7860,7823.2
11/16/2024,T-Doc Catheters,Uro,202301,1023283,Washington Urology,,,,,20072473,90378259,Invoice,1340,57.8,20,26800,26742.2
11/16/2024,T-Doc Catheters,Uro,202301,1023283,Washington Urology,,,,,20072473,90378259,Invoice,786,37.2,10,7860,7822.8
11/16/2024,Tubing,Uro,202301,1023283,Washington Urology,,,,,20072473,90378259,Invoice,577,42,25,14425,14383
11/17/2024,Electrodes,Uro,202301,1023283,Washington Urology,,,,,20072473,90378259,Invoice,111,35.4,30,3330,3294.6
11/17/2024,Electrodes,Uro,202301,1025594,Midlantic Urology,,,,,20069625,90378269,Invoice,93,27.1,10,930,902.9
11/17/2024,Endoscopy Sheaths,Uro,202301,1027344,HCA - Pearland MultiSpecialty Group,,,,,20084819,90378270,Invoice,3095,22.5,50,154750,154727.5
11/17/2024,Incontinence MPQ,Uro,202301,1023349,Wellstar Health System,,,,,20083663,90378263,Invoice,2828,168.24,4,11312,11143.76
11/17/2024,Incontinence MPQ,Uro,202301,1024495,Urology Surgical Partners,,,,,20083972,90378267,Invoice,156,53.52,4,624,570.48
11/17/2024,Optilume Strictures,Uro,202301,1023307,WakeMed Health and Hospitals,,,,,20075045,90378260,Invoice,0,201,0,0,-201
11/17/2024,Optilume Strictures,Uro,202301,1023307,WakeMed Health and Hospitals,,,,,20075045,90378260,Invoice,0,35.84,0,0,-35.84
11/17/2024,Optilume Strictures,Uro,202301,1079837,Good Samaritan Medical Center,,,,,20163973,90378272,Invoice,0,402,0,0,-402
11/17/2024,Other GI Supply Disposables,GI,202301,1023491,WellSpan Health,,,,,20068582,90378266,Invoice,220,43,100,22000,21957
11/17/2024,Spot Ex,GI,202301,1023311,Allegheny Health Network,,,,,20084658,90378262,Invoice,760,64.2,20,15200,15135.8
11/17/2024,Spot Ex,GI,202301,1078687,CISSS Des Laurentidess,,,,,20162370,90378271,Invoice,760,67.2,20,15200,15132.8
11/17/2024,Tubing,Uro,202301,1025594,Midlantic Urology,,,,,20069625,90378269,Invoice,577,42,25,14425,14383
11/17/2024,UDS Other Service & Repairs,Uro,202301,1024889,Grand View Hospital,,,,,20084118,90378268,Credit Memo,-240,-178.62,-2,480,658.62
11/17/2024,UDS Other Service & Repairs,Uro,202301,1079867,Urogynecology Center of Northern VA,,,,,20164040,90378273,Invoice,0,27.89,1,0,-27.89
11/17/2024,Urocap IV,Uro,202301,1023310,Great Lakes Physicians PC dba Western NY Urology Associates,,,,,20067640,90378261,Invoice,68,30.32,1,68,37.68
11/18/2024,Electrodes,Uro,202301,1090949,Advanced Urogynecologic Care,,,,,20196702,90378288,Credit Memo,-26.25,-11.8,-10,262.5,274.3
11/18/2024,EverLift,GI,202301,1105875,COUNTRYSIDE SURGI-CENTER ACCOUNTS PAYABLE,,,,,20193246,90378297,Invoice,700,89,20,14000,13911
11/18/2024,H. pylori Tests ,GI,202301,1105434,Blair Gastro Gastroenterology Assoc,,,,,20192640,90378291,Invoice,1120,451.04,200,224000,223548.96
11/18/2024,Incontinence MPQ,Uro,202301,1083809,"Advanced Surgery Center of Oxford, LLC",,,,,20167691,90378277,Invoice,1414,84.12,2,2828,2743.88
11/18/2024,InjeTAK,Uro,202301,1083910,"Prime Healthcare Services, Inc **CONSOLIDATED use 1107642*",1107642,,,,20168171,90378278,Invoice,163,43.7,2,326,282.3
11/18/2024,InjeTAK,Uro,202301,1087563,DMC Huron Valley Sinai Hospital,,,,,20168515,90378285,Invoice,326,87.4,4,1304,1216.6
11/18/2024,RenovaRP Consumables,GI,202301,1086526,Culpeper Memorial Hospital Inc d/b/a Novant Health UVA Health System,,,,,20168124,90378282,Invoice,945,182.85,15,14175,13992.15
11/18/2024,RenovaRP Consumables,GI,202301,1086526,Culpeper Memorial Hospital Inc d/b/a Novant Health UVA Health System,,,,,20168124,90378283,Invoice,630,121.9,10,6300,6178.1
11/18/2024,RenovaRP Consumables,GI,202301,1105620,VA Medical Center Orlando **CONSOLIDATED USE 1021718**,1021718,,,,20192892,90378293,Invoice,1170,365.7,30,35100,34734.3
11/18/2024,RenovaRP Consumables,GI,202301,1105663,Med Center Health - Bowling Green,,,,,20196965,90378294,Invoice,3600,731.4,60,216000,215268.6
11/18/2024,Spot Ex,GI,202301,1105340,ALVES & COMPANY ACCOUNTS PAYABLE,,,,,20192485,90378289,Invoice,7200,2328,600,4320000,4317672
11/18/2024,Spot Ex,GI,202301,1105790,CASS REGIONAL MEDICAL CENTER ACCOUNTS PAYABLE,,,,,20193126,90378296,Invoice,345,32.1,10,3450,3417.9
11/18/2024,Spot Ex,GI,202301,1105884,GASTROENTEROLOGY ASSOCS/CENTRAL VA ACCOUNTS PAYABLE,,,,,20193258,90378298,Invoice,760,67.2,20,15200,15132.8
11/18/2024,T-Doc Catheters,Uro,202301,1082683,SSM Health Medical Group,,,,,20166976,90378275,Invoice,1340,57.8,20,26800,26742.2
11/18/2024,T-Doc Catheters,Uro,202301,1083981,"Barbara Plucknett, MD **CONSOLIDATED use 1108058*",1108058,,,,20167867,90378279,Invoice,999,46.2,10,9990,9943.8
11/18/2024,T-Doc Catheters,Uro,202301,1087360,HCA: The Austin Diagnostic Clinic,,,,,20171129,90378284,Invoice,670,28.9,10,6700,6671.1
11/19/2024,EverLift,GI,202301,1105886,CASCADE VALLEY HOSPITAL *12.18.24 CONSOLIDATED 1022506*,1022506,,,,20193260,90378299,Invoice,400,44.9,10,4000,3955.1
11/19/2024,EverLift,GI,202301,1105890,Syla Healthcare Authority,,,,,20193268,90378300,Invoice,790,89,20,15800,15711
11/19/2024,RenovaRP Consumables,GI,202301,1105995,PENN HIGHLANDS HEALTHCARE *CONSOLIDATED use 1020310*,1020310,,,,20193416,90378303,Invoice,640,121.9,10,6400,6278.1
11/19/2024,RenovaRP Consumables,GI,202301,1105995,PENN HIGHLANDS HEALTHCARE *CONSOLIDATED use 1020310*,1020310,,,,20193416,90378303,Invoice,440,230,40,17600,17370
11/19/2024,Spot Ex,GI,202301,1105895,CENTRAL WYOMING OUTPATIENT SURG CTR ACCOUNTS PAYABLE,,,,,20193274,90378301,Credit Memo,-380,-33.6,-10,3800,3833.6
11/19/2024,Spot Ex,GI,202301,1105995,PENN HIGHLANDS HEALTHCARE *CONSOLIDATED use 1020310*,1020310,,,,20193416,90378304,Invoice,760,67.2,20,15200,15132.8
11/19/2024,Spot Ex,GI,202301,1106292,GREENWOOD ENDOSCOPY CENTER ACCOUNTS PAYABLE,,,,,20193824,90378308,Invoice,1035,100.8,30,31050,30949.2
11/20/2024,Optilume Strictures,Uro,202301,1106940,Margaret R. Pardee Mem. Hosp,,,,,20194861,90378315,Invoice,0,201,0,0,-201
11/20/2024,Other GI Supply Disposables,GI,202301,1107153,ORAMA MEDICAL S.A. ACCOUNTS PAYABLE,,,,,20195191,90378317,Invoice,1530,1008,1800,2754000,2752992
11/20/2024,Spot Ex,GI,202301,1106312,GASTROENTEROLOGY GROUP OF ROCHESTER ACCOUNTS PAYABLE,,,,,20193848,90378309,Invoice,1140,100.8,30,34200,34099.2
11/20/2024,Spot Ex,GI,202301,1106458,HAZEL HAWKINS MEMORIAL HOSPITAL ACCOUNTS PAYABLE,,,,,20194076,90378310,Invoice,760,64.2,20,15200,15135.8
11/20/2024,Spot Ex,GI,202301,1106871,MEMORIAL HOSPITAL OF CARBON COUNTY ACCOUNTS PAYABLE,,,,,20194710,90378314,Invoice,380,33.6,10,3800,3766.4
11/20/2024,Spot Ex,GI,202301,1107153,ORAMA MEDICAL S.A. ACCOUNTS PAYABLE,,,,,20195191,90378318,Invoice,1550,388,100,155000,154612
11/20/2024,Spot Ex,GI,202301,1107250,PLATEAU MEDICAL CENTER *12.20.24 CONSOLIDATED 1023264*,1023264,,,,20195351,90378319,Invoice,345,32.1,10,3450,3417.9
11/20/2024,Spot Ex,GI,202301,1107599,Lutheran Downtown Hospital (CHS),,,,,20194421,90378320,Invoice,760,64.2,20,15200,15135.8
11/20/2024,Spot Ex,GI,202301,1107908,VA MEDICAL CENTER/CHILLICOTHE ACCOUNTS PAYABLE,,,,,20196415,90378323,Invoice,380,32.1,10,3800,3767.9
11/20/2024,Spot Ex,GI,202301,1107914,VA PGH HEALTHCARE SYSTEM PURCHASING/AP,,,,,20196423,90378324,Invoice,380,32.1,10,3800,3767.9
11/21/2024,Clearview,CI,202301,1080014,Practice Plus Group Hospitals Limited,,,,,20151407,90378330,Invoice,1529.63,372.93,25,38240.75,37867.82
11/21/2024,Clearview,CI,202301,1059559,KCH Interventional Facilities Management,,,,,20155740,90378332,Invoice,305.93,74.59,5,1529.65,1455.06
11/21/2024,Clearview,CI,202301,1061863,NHS Supply Chain NHS Suppply Chain Accounts Payable,,,,,20151486,90378334,Invoice,305.62,74.59,5,1528.1,1453.51
11/21/2024,DSD,CI,202301,1061863,NHS Supply Chain NHS Suppply Chain Accounts Payable,,,,,20151546,90378335,Invoice,121.15,43.45,50,6057.5,6014.05
11/21/2024,DSD,CI,202301,1061863,NHS Supply Chain NHS Suppply Chain Accounts Payable,,,,,20151487,90378337,Invoice,121.15,43.45,50,6057.5,6014.05
11/21/2024,RenovaRP Consumables,GI,202301,1108519,"Austin Radiological Assoc. MSO, LLC Attn Accounts Payable",,,,,20197201,90378326,Invoice,1950,1150,200,390000,388850
11/21/2024,ROM,CI,202301,1061778,Chelsea & Westminster Hospital NHS FT Finance Department,,,,,20166991,90378331,Invoice,1615.28,346,75,121146,120800
11/22/2024,Anorectal Manometry Catheters,GI,202301,1020543,Gastroenterology Assoc. of Central Ga.,,,,,20076949,90378045,Invoice,574,115.75,5,2870,2754.25
11/22/2024,Electrodes,Uro,202301,1020728,HCA Physician Services,,,,,20196848,90378059,Invoice,186,54.2,20,3720,3665.8
11/22/2024,EverLift,GI,202301,1020440,Cox Health,,,,,20166757,90378031,Invoice,1140,133.5,30,34200,34066.5
11/22/2024,Incontinence MPQ,Uro,202301,1020417,Especially for Women,,,,,20076698,90378028,Invoice,234,80.28,6,1404,1323.72
11/22/2024,InjeTAK,Uro,202301,1019812,Bon Secours Mercy Health,,,,,20167042,90377976,Invoice,264,47.36,4,1056,1008.64
11/22/2024,InjeTAK,Uro,202301,1020588,Griffin Health,,,,,20077416,90378049,Invoice,1630,437,20,32600,32163
11/22/2024,Optilume Strictures,Uro,202301,1020857,Advocate Health,,,,,20196920,90378066,Invoice,2095,0,1,2095,2095
11/22/2024,Other GI Disposables,GI,202301,1020004,Children's National Medical Center,,,,,20078365,90377986,Invoice,840,368,20,16800,16432
11/22/2024,Other GI Supply Disposables,GI,202301,1019747,Beloit Health System,,,,,20075301,90377972,Invoice,59,11.25,25,1475,1463.75
11/22/2024,Portascan 3D,Uro,202301,1020337,El Camino Urology Medical Group *CONSOLIDATED use 1020356*,1020356,,,,20070568,90378017,Credit Memo,-2800,-1724.84,-1,2800,4524.84
11/22/2024,Portascan 3D,Uro,202301,1020707,Hartford Health Care Corporation,,,,,20083742,90378057,Invoice,0,1724.84,1,0,-1724.84
11/22/2024,RenovaRP Consumables,GI,202301,1020051,Capital Health,,,,,20194053,90377995,Invoice,380,230,40,15200,14970
11/22/2024,T-Doc Catheters,Uro,202301,1020049,Children's Hospital of Wisconsin,,,,,20080823,90377991,Invoice,2680,115.6,40,107200,107084.4
11/22/2024,T-Doc Catheters,Uro,202301,1020159,United Urology Group,,,,,20168777,90378006,Invoice,1648,286.4,40,65920,65633.6
11/22/2024,T-Doc Catheters,Uro,202301,1020365,Edward-Elmhurst Health/ NorthShore,,,,,20075032,90378019,Invoice,670,28.9,10,6700,6671.1
11/22/2024,Tubing,Uro,202301,1020440,Cox Health,,,,,20166757,90378032,Invoice,706,61,100,70600,70539
11/23/2024,EverLift,GI,202301,1021398,Montefiore Health System,,,,,20084437,90378107,Credit Memo,-140,-181.8,-20,2800,2981.8
11/23/2024,EverLift,GI,202301,1021632,AMSURG,,,,,20195235,90378118,Invoice,350,44.5,10,3500,3455.5
11/23/2024,Optilume Strictures,Uro,202301,1021137,Frye Regional Medical Ctr,,,,,20193717,90378082,Invoice,4190,0,2,8380,8380
11/23/2024,Optilume Strictures,Uro,202301,1021137,Frye Regional Medical Ctr,,,,,20193717,90378082,Invoice,0,402,0,0,-402
11/23/2024,Optilume Strictures,Uro,202301,1021596,Northside Hospital,,,,,20084415,90378114,Invoice,2095,0,1,2095,2095
11/23/2024,Optilume Strictures,Uro,202301,1021716,Orlando Health,,,,,20071047,90378124,Invoice,0,402,0,0,-402
11/23/2024,Other Uro Tx Disposables,Uro,202301,1021590,Novant Health Inc.,,,,,20067726,90378112,Invoice,291,390.76,4,1164,773.24
11/23/2024,Spot Ex,GI,202301,1021632,AMSURG,,,,,20192494,90378119,Invoice,345,32.1,10,3450,3417.9
11/23/2024,Tubing,Uro,202301,1020971,Kaiser Health Plan Asset Mgmt,,,,,20069368,90378071,Invoice,341,42,25,8525,8483
11/23/2024,Tubing,Uro,202301,1021334,Encore Urology,,,,,20196973,90378099,Invoice,882,84,50,44100,44016
11/23/2024,UDS Other Service & Repairs,Uro,202301,1021398,Montefiore Health System,,,,,20080302,90378105,Invoice,0,0,1,0,0
11/24/2024,Electrodes,Uro,202301,1022482,Summa Health System,,,,,20076289,90378179,Invoice,93,27.1,10,930,902.9
11/24/2024,Electrodes,Uro,202301,1022713,Ascension Health Ministry Service C,,,,,20167673,90378198,Invoice,465,135.5,50,23250,23114.5
11/24/2024,EverLift,GI,202301,1021733,Ohio State University Health,,,,,20073772,90378128,Credit Memo,-400,-222.5,-50,20000,20222.5
11/24/2024,InjeTAK,Uro,202301,1022233,UHS - Valley Health System,,,,,20195058,90378151,Invoice,465,131.1,6,2790,2658.9
11/24/2024,InjeTAK,Uro,202301,1022416,HCA FL St. Petersburg Gen Hospital,,,,,20072574,90378167,Invoice,163,43.7,2,326,282.3
11/24/2024,Other Uro Dx Disposables,Uro,202301,1021787,Palo Alto Medical Foundation Health Care Division V# 33010,,,,,20071032,90378133,Invoice,30,3.6,10,300,296.4
11/24/2024,Portascan 3D,Uro,202301,1022487,Sutter Health System Office,,,,,20068887,90378184,Invoice,0,4420.95,0,0,-4420.95
11/24/2024,Portascan 3D,Uro,202301,1022487,Sutter Health System Office,,,,,20068887,90378185,Invoice,0,0.02,0,0,-0.02
11/24/2024,Portascan 3D,Uro,202301,1022487,Sutter Health System Office,,,,,20068887,90378185,Invoice,1036,919.92,2,2072,1152.08
11/24/2024,Probes -Urostym,Uro,202301,1022487,Sutter Health System Office,,,,,20085049,90378181,Invoice,768,644.64,24,18432,17787.36
11/24/2024,RenovaRP Consumables,GI,202301,1022160,Baylor Scott & White Health,,,,,20072756,90378150,Invoice,350,121.9,10,3500,3378.1
11/24/2024,Spot Ex,GI,202301,1022713,Ascension Health Ministry Service C,,,,,20083366,90378199,Invoice,380,32.1,10,3800,3767.9
11/24/2024,T-Doc Catheters,Uro,202301,1022713,Ascension Health Ministry Service C,,,,,20167673,90378198,Invoice,786,36.8,10,7860,7823.2
11/24/2024,Tubing,Uro,202301,1021728,The Oregon Clinic PC,,,,,20071586,90378127,Invoice,1098,84,50,54900,54816
11/24/2024,UDS Other Service & Repairs,Uro,202301,1022572,Cleveland Clinic Health,,,,,20197144,90378191,Invoice,0,310.05,0,0,-310.05
11/25/2024,Endoscopy Parts & Accessories,Uro,202301,1023124,Virginia Hospital Center,,,,,20076575,90378242,Invoice,532,1204.64,8,4256,3051.36
11/25/2024,Endoscopy Sheaths,Uro,202301,1022770,University of Miami UHCORP,,,,,20168849,90378204,Invoice,1320,13.5,30,39600,39586.5
11/25/2024,Incontinence UPC Lead Sets,Uro,202301,1023042,Urology Associates of the Central Coast,,,,,20081461,90378236,Invoice,4445,234,5,22225,21991
11/25/2024,InjeTAK,Uro,202301,1022822,University Hospitals Health System,,,,,20084883,90378212,Invoice,326,87.4,4,1304,1216.6
11/25/2024,Optilume Strictures,Uro,202301,1022848,University of Colorado Health,,,,,20167864,90378225,Invoice,2095,0,1,2095,2095
11/25/2024,Optilume Strictures,Uro,202301,1023135,VA Charleston Health Care,,,,,20069617,90378246,Invoice,0,201,0,0,-201
11/25/2024,RenovaRP Consumables,GI,202301,1023126,VA Richmond Health Care,,,,,20079627,90378243,Invoice,860,460,80,68800,68340
11/25/2024,Tables/Chairs,Uro,202301,1022897,Beth Israel Lahey Health,,,,,20075709,90378227,Invoice,633.44,333.8,1,633.44,299.64
11/25/2024,T-Doc Catheters,Uro,202301,1022848,University of Colorado Health,,,,,20072973,90378224,Invoice,460,28.9,10,4600,4571.1
11/25/2024,Tubing,Uro,202301,1023148,Vanderbilt University Medical Center,,,,,20078978,90378248,Invoice,231,38.9,10,2310,2271.1
11/26/2024,EverLift,GI,202301,1106824,Mercer County Surgery Center,,,,,20194631,90378313,Invoice,720,89,20,14400,14311
11/26/2024,Incontinence MPQ,Uro,202301,1024495,Urology Surgical Partners,,,,,20083972,90378267,Invoice,5656,336.48,8,45248,44911.52
11/26/2024,InjeTAK,Uro,202301,1023267,Aspirus Health,,,,,20072434,90378258,Invoice,163,43.7,2,326,282.3
11/26/2024,Optilume Strictures,Uro,202301,1106940,Margaret R. Pardee Mem. Hosp,,,,,20194861,90378315,Invoice,2095,0,1,2095,2095
11/26/2024,RenovaRP Consumables,GI,202301,1105620,VA Medical Center Orlando **CONSOLIDATED USE 1021718**,1021718,,,,20192892,90378293,Invoice,1140,690,120,136800,136110
11/26/2024,Spot Ex,GI,202301,1023225,Valley Health,,,,,20166532,90378254,Invoice,345,33.6,10,3450,3416.4
11/26/2024,Spot Ex,GI,202301,1023477,Yale New Haven Health,,,,,20195761,90378265,Credit Memo,-690,-67.2,-20,13800,13867.2
11/26/2024,Spot Ex,GI,202301,1082468,WVU Garrett Regional Med Ctr **CONSOLIDATED USE 1022806**,1022806,,,,20166601,90378274,Invoice,380,32.1,10,3800,3767.9
11/26/2024,Spot Ex,GI,202301,1084142,HCA Houston Supply Chain,,,,,20168041,90378281,Invoice,2760,268.8,80,220800,220531.2
11/26/2024,Spot Ex,GI,202301,1106046,ENDOSCOPY CENTER OF LONG ISLAND ACCOUNTS PAYABLE,,,,,20193489,90378305,Invoice,1140,100.8,30,34200,34099.2
11/26/2024,Spot Ex,GI,202301,1106195,FIRELANDS REGIONAL MEDICAL CENTER ACCOUNTS PAYABLE,,,,,20193699,90378306,Invoice,380,33.6,10,3800,3766.4
11/26/2024,T-Doc Catheters,Uro,202301,1023153,VA North Texas Health Care,,,,,20071479,90378249,Invoice,999,71.6,10,9990,9918.4
11/26/2024,T-Doc Catheters,Uro,202301,1087360,HCA: The Austin Diagnostic Clinic,,,,,20171129,90378284,Invoice,786,37.2,10,7860,7822.8
11/27/2024,babyLance,CI,202301,1089833,Ev. Diakonissenanstalt SP-MA-DÜW K.d.ö.R Rechnungsprüfung (RP),,,,,20154842,90377730,Invoice,172.62,42.07,100,17262,17219.93
11/27/2024,Electrodes,Uro,202301,9980001180,Bernd Bader,,,,,9980001180,90377774,Invoice,0,5.83,60,0,-5.83
11/27/2024,EverLift,GI,202301,1108001,WILSON DIGESTIVE DISEASES ENDO CTR ACCOUNTS PAYABLE,,,,,20196549,90378325,Invoice,1580,178,40,63200,63022
11/27/2024,GI Service Contracts,GI,202301,1082746,North Cumbria Integrated Care NHS Foundation Trust,,,,,20151866,90377703,Invoice,5670.63,0,1,5670.63,5670.63
11/27/2024,Kiwi,CI,202301,1060975,Hospices Civils Beaune,,,,,20154641,90377712,Debit Memo,1558.47,155.68,30,46754.1,46598.42
11/27/2024,Kiwi,CI,202301,1060975,Hospices Civils Beaune,,,,,1060975,90377713,Credit Memo,-1558.47,-155.68,-30,46754.1,46909.78
11/27/2024,Kiwi,CI,202301,1060977,CH St Brieuc,,,,,20155490,90377718,Debit Memo,1529.34,155.68,30,45880.2,45724.52
11/27/2024,Optilume Strictures,Uro,202301,9980000519,NICOLE CARRASCO,,,,,9980000519,90378329,Invoice,0,35.84,1,0,-35.84
11/27/2024,Other Uro Dx Disposables,Uro,202301,1059335,Medolz Medizintechnik e.K.,,,,,1059335,90377726,Invoice,0,424.01,0,0,-424.01
11/27/2024,Other Uro Dx Disposables,Uro,202301,1069238,BG Klinikum Hamburg gGmbH Zentraler Einkauf,,,,,20152611,90377740,Invoice,509.78,212,50,25489,25277
11/27/2024,Other Uro Dx Disposables,Uro,202301,1089891,"Universitätsklinikum Gießen und Marburg GmbH, Standort Marburg",,,,,20152649,90377748,Invoice,411.71,212.01,50,20585.5,20373.49
11/27/2024,Other Uro Dx Disposables,Uro,202301,1069896,SRH Klinikum Karlsbad- Langensteinbach GmbH,,,,,20151981,90377759,Invoice,566.42,212,50,28321,28109
11/27/2024,Other Uro Dx Disposables,Uro,202301,1069308,Berufsgenossenschaftliche Unfallklinik Murnau - Einkaufsabteilung,,,,,20152025,90377761,Invoice,1914.4,848.02,200,382880,382031.98
11/27/2024,RenovaRP Consumables,GI,202301,1107151,ONSLOW MEMORIAL HOSPITAL ACCOUNTS PAYABLE,,,,,20195188,90378316,Invoice,1000,575,100,100000,99425
11/27/2024,Spot Ex,GI,202301,1108722,HCA - Austin GI Surgicenter IV,,,,,20197512,90378328,Invoice,1035,100.8,30,31050,30949.2
11/28/2024,Breath Analyzers,GI,202301,1059929,AZ Delta VZW,,,,,1059929,90377866,Invoice,304.66,0,0,0,0
11/28/2024,Endoscopy Sheaths,Uro,202301,1058862,Mcmed,,,,,1058862,90377788,Invoice,318.28,107.57,10,3182.8,3075.23
11/28/2024,Endoscopy Sheaths,Uro,202301,1061064,Alpha Santé - CH Hôtel Dieu,,,,,20151829,90377803,Invoice,1196.28,322.69,30,35888.4,35565.71
11/28/2024,Flowmaster,Uro,202301,1058940,"Giant Boat Co., Ltd",,,,,1058940,90377871,Invoice,2429.74,576.53,1,2429.74,1853.21
11/28/2024,InjeTAK,Uro,202301,1089768,Circle Health Group Park Square,,,,,20152951,90377785,Invoice,260.75,47.1,4,1043,995.9
11/28/2024,Kiwi,CI,202301,1061064,Alpha Santé - CH Hôtel Dieu,,,,,20151829,90377803,Invoice,1731.63,155.68,30,51948.9,51793.22
11/28/2024,Kiwi,CI,202301,1061187,CHI Toulon la Seyne/Mer,,,,,20151740,90377821,Invoice,1529.34,187.4,30,45880.2,45692.8
11/28/2024,Kiwi,CI,202301,1083888,Clinique Mutualiste du Médoc,,,,,1083888,90377853,Invoice,1922.6,187.41,30,57678,57490.59
11/28/2024,Kiwi,CI,202301,1069893,GZA vzw t.a.v. Leveranciersadministratie,,,,,20171093,90377864,Credit Memo,-2990.71,-311.37,-60,179442.6,179753.97
11/28/2024,Kiwi,CI,202301,1069893,GZA vzw t.a.v. Leveranciersadministratie,,,,,20171093,90377865,Debit Memo,2392.57,311.37,60,143554.2,143242.83
11/28/2024,Koala,CI,202301,1060986,CH Gisors,,,,,20152710,90377798,Invoice,94.94,21.16,1,94.94,73.78
11/28/2024,Ohmega,GI,202301,1070382,MEQnordic A/S Accouning Dept.,,,,,20151617,90377872,Invoice,0,0,0,0,0
11/28/2024,Tubing,Uro,202301,1060989,CHI Eure Seine - Evreux,,,,,20154319,90377799,Invoice,72.23,13.81,10,722.3,708.49
11/28/2024,Tubing,Uro,202301,1061269,Clinique du Parc Impérial,,,,,20151249,90377827,Invoice,81.68,13.81,10,816.8,802.99
11/28/2024,Tubing,Uro,202301,1069623,Hôpitaux Universitaires de Genève DF-Comptabilité Fournisseurs,,,,,1059987,90377857,Invoice,378.86,27.33,20,7577.2,7549.87
11/28/2024,UDS Other Service & Repairs,Uro,202301,1061077,CHU de Lille,,,,,20151728,90377809,Invoice,63.66,24.1,1,63.66,39.56
11/29/2024,babyLance,CI,202301,1078703,"Distribution Cooperative, Inc.",,,,,20162912,90377898,Invoice,1404,702,1800,2527200,2526498
11/29/2024,BoogieBaby,CI,202301,1081568,Wyoming Medical Center,,,,,20166533,90377909,Invoice,270,104,200,54000,53896
11/29/2024,Clearview,CI,202301,1078679,Cardinal Health,,,,,20166710,90377895,Invoice,414.55,80.1,5,2072.75,1992.65
11/29/2024,Electrodes,Uro,202301,1019738,Beebe Healthcare,,,,,20076299,90377970,Invoice,186,54.2,20,3720,3665.8
11/29/2024,Incontinence MPQ,Uro,202301,1019313,Parkridge Surgery Center,,,,,1019313,90377943,Credit Memo,-1122,-53.02,-2,2244,2297.02
11/29/2024,InjeTAK,Uro,202301,1019541,Allina Health System,,,,,20072662,90377949,Invoice,132,23.68,2,264,240.32
11/29/2024,InjeTAK,Uro,202301,1019541,Allina Health System,,,,,20072662,90377951,Invoice,163,43.7,2,326,282.3
11/29/2024,ROM,CI,202301,1019652,BJC Healthcare,,,,,20170368,90377885,Invoice,900,135.25,25,22500,22364.75
11/29/2024,ROM,CI,202301,9980001130,Ryan Vaughn *CLOSED* Last Day 3/01/24,,,,,9980001130,90377911,Invoice,0,61.5,10,0,-61.5
11/29/2024,ROM,CI,202301,9980001130,Ryan Vaughn *CLOSED* Last Day 3/01/24,,,,,9980001130,90377911,Invoice,0,270.5,50,0,-270.5
11/29/2024,T-Doc Catheters,Uro,202301,1079678,Northern Health Authority,,,,,20166066,90377921,Invoice,439.43,29.15,10,4394.3,4365.15
11/29/2024,Water Catheters,Uro,202301,1088946,Unternehmung Wiener Gesundheitsverbund Universitätsklinikum AKH Wien,,,,,1088946,90377881,Invoice,292.11,42.72,10,2921.1,2878.38
11/30/2024,Optilume Strictures,Uro,202301,1019742,William Beaumont Health *Consolidated* Use BP# 1022361,,,,,20071244,90377971,Invoice,0,71.68,0,0,-71.68
11/30/2024,Other Uro Tx Disposables,Uro,202301,1020112,Cone Health,,,,,20170609,90378002,Invoice,291,390.76,4,1164,773.24
11/30/2024,RenovaRP Consumables,GI,202301,1020069,Indiana University Health,,,,,20168818,90378000,Invoice,440,230,40,17600,17370
11/30/2024,Spot Ex,GI,202301,1020069,Indiana University Health,,,,,20194233,90378001,Invoice,380,32.1,10,3800,3767.9
11/30/2024,Spot Ex,GI,202301,1020468,AdventHealth,,,,,20074481,90378034,Invoice,760,64.2,20,15200,15135.8
11/30/2024,Spot Ex,GI,202301,1020621,CHI - Common Spirit Health,,,,,20083184,90378051,Invoice,345,33.6,10,3450,3416.4
11/30/2024,T-Doc Catheters,Uro,202301,1020159,United Urology Group,,,,,20170208,90378007,Invoice,1615,186,50,80750,80564
11/30/2024,T-Doc Catheters,Uro,202301,1020365,Edward-Elmhurst Health/ NorthShore,,,,,20075032,90378021,Invoice,670,81.6,10,6700,6618.4
11/30/2024,Tubing,Uro,202301,1020159,United Urology Group,,,,,20084784,90378009,Invoice,1508,168,100,150800,150632
12/1/2024,Electrodes,Uro,202301,1021019,Prema Kothandaraman MD,,,,,20197234,90378080,Invoice,930,271,100,93000,92729
12/1/2024,Optilume Strictures,Uro,202301,1020857,Advocate Health,,,,,20196920,90378065,Invoice,6285,0,3,18855,18855
12/1/2024,Optilume Strictures,Uro,202301,1020857,Advocate Health,,,,,20196920,90378065,Invoice,0,107.52,0,0,-107.52
12/1/2024,Optilume Strictures,Uro,202301,1021186,Maury Regional Health,,,,,20079000,90378085,Invoice,0,804,0,0,-804
12/1/2024,Ph/Impedance Catheters,GI,202301,1020707,Hartford Health Care Corporation,,,,,20073690,90378058,Invoice,1100,163.9,10,11000,10836.1
12/1/2024,Ph/Impedance Catheters,GI,202301,1021501,Nationwide Children's Hospital,,,,,20079820,90378109,Invoice,1100,163.9,10,11000,10836.1
12/1/2024,Portascan 3D,Uro,202301,1021763,PartsSource,,,,,20170386,90378086,Invoice,58,46,2,116,70
12/1/2024,Probes -Urostym,Uro,202301,1021334,Encore Urology,,,,,20196973,90378100,Invoice,0,53.72,2,0,-53.72
12/1/2024,Spot Ex,GI,202301,1020933,San Juan Health Partners,,,,,20078910,90378070,Invoice,380,33.6,10,3800,3766.4
12/1/2024,Spot Ex,GI,202301,1020971,Kaiser Health Plan Asset Mgmt,,,,,20069831,90378072,Invoice,760,67.2,20,15200,15132.8
12/1/2024,T-Doc Catheters,Uro,202301,1020728,HCA Physician Services,,,,,20167846,90378060,Invoice,999,46.2,10,9990,9943.8
12/1/2024,T-Doc Catheters,Uro,202301,1020933,San Juan Health Partners,,,,,20078910,90378069,Invoice,1340,57.8,20,26800,26742.2
12/2/2024,Electrodes,Uro,202301,1022160,Baylor Scott & White Health,,,,,20069896,90378148,Invoice,185,59,50,9250,9191
12/2/2024,Incontinence UPC Lead Sets,Uro,202301,1021787,Palo Alto Medical Foundation Health Care Division V# 33010,,,,,20071032,90378134,Invoice,4670,234,5,23350,23116
12/2/2024,InjeTAK,Uro,202301,1021600,Northwestern Medicine,,,,,20083872,90378115,Invoice,924,165.76,14,12936,12770.24
12/2/2024,Portascan 3D,Uro,202301,1021741,Oklahoma Universty Health,,,,,20166217,90378129,Invoice,87,69,3,261,192
12/2/2024,Portascan 3D,Uro,202301,1022021,Brown University Health,,,,,20071157,90378144,Invoice,0,1674.6,1,0,-1674.6
12/2/2024,RenovaRP Consumables,GI,202301,1022160,Baylor Scott & White Health,,,,,20072756,90378150,Invoice,350,121.9,10,3500,3378.1
12/2/2024,RenovaRP Consumables,GI,202301,1022160,Baylor Scott & White Health,,,,,20072756,90378150,Invoice,3000,1834,40,120000,118166
12/2/2024,Spot Ex,GI,202301,1022291,SSM Health Good Samaritan Hospital,,,,,20193965,90378157,Invoice,380,33.6,10,3800,3766.4
12/2/2024,T-Doc Catheters,Uro,202301,1022280,Village Practice Management Company,,,,,20067648,90378155,Invoice,708,57.8,20,14160,14102.2
12/3/2024,Other GI Supply Disposables,GI,202301,1022567,Jefferson Health,,,,,20084070,90378189,Invoice,440,86,200,88000,87914
12/3/2024,Portascan 3D,Uro,202301,1022487,Sutter Health System Office,,,,,20068887,90378185,Invoice,0,74.68,2,0,-74.68
12/3/2024,Probes -Urostym,Uro,202301,1022422,Bon Secours Mercy Health: Hybrent CHP 71-Accounts Payable SSO,,,,,20081762,90378169,Invoice,300,50.22,6,1800,1749.78
12/3/2024,Probes -Urostym,Uro,202301,1022473,Shenandoah Urogynecology,,,,,20082044,90378178,Credit Memo,-79,-10.61,-1,79,89.61
12/3/2024,T-Doc Catheters,Uro,202301,1022444,Mercy Health,,,,,20074288,90378172,Invoice,786,37.2,10,7860,7822.8
12/3/2024,T-Doc Catheters,Uro,202301,1022482,Summa Health System,,,,,20076289,90378179,Invoice,999,46.2,10,9990,9943.8
12/3/2024,Tubing,Uro,202301,1022561,Texas Children's Hospital,,,,,20066949,90378188,Invoice,2308,168,100,230800,230632
12/3/2024,UDS Other Service & Repairs,Uro,202301,1022487,Sutter Health System Office,,,,,20068887,90378185,Invoice,0,357.24,0,0,-357.24
12/3/2024,UDS Other Service & Repairs,Uro,202301,1022572,Cleveland Clinic Health,,,,,20197144,90378191,Invoice,0,354.99,0,0,-354.99
12/3/2024,Water Catheters,Uro,202301,1022561,Texas Children's Hospital,,,,,20066949,90378188,Invoice,1146,215.4,60,68760,68544.6
12/4/2024,Incontinence UPC Lead Sets,Uro,202301,1022800,University of Maryland Medical System,,,,,20070613,90378206,Invoice,2802,140.4,3,8406,8265.6
12/4/2024,InjeTAK,Uro,202301,1022838,University of Kansas Health System,,,,,20083693,90378221,Invoice,440,118.4,10,4400,4281.6
12/4/2024,Optilume Strictures,Uro,202301,1022838,University of Kansas Health System,,,,,20083693,90378222,Invoice,0,71.68,0,0,-71.68
12/4/2024,Optilume Strictures,Uro,202301,1022848,University of Colorado Health,,,,,20167864,90378225,Invoice,0,35.84,0,0,-35.84
12/4/2024,Optilume Strictures,Uro,202301,1022848,University of Colorado Health,,,,,20167864,90378225,Invoice,0,804,0,0,-804
12/4/2024,Optilume Strictures,Uro,202301,1022848,University of Colorado Health,,,,,20167864,90378225,Invoice,0,143.36,0,0,-143.36
12/4/2024,Optilume Strictures,Uro,202301,1023139,VA Hospital(Lake CityFL) **CONSOLIDATED USE 1023131**,1023131,,,,20079635,90378247,Invoice,0,201,0,0,-201
12/4/2024,RenovaRP Consumables,GI,202301,1022822,University Hospitals Health System,,,,,20073521,90378211,Invoice,900,243.8,20,18000,17756.2
12/4/2024,T-Doc Catheters,Uro,202301,1022713,Ascension Health Ministry Service C,,,,,20167673,90378198,Invoice,670,81.6,10,6700,6618.4
12/4/2024,T-Doc Catheters,Uro,202301,1023012,Contemporary Women’s Health,,,,,20083341,90378232,Invoice,1572,73.6,20,31440,31366.4
12/4/2024,T-Doc Catheters,Uro,202301,1023081,UT Health Science Center San Antonio,,,,,20067234,90378239,Invoice,3350,144.5,50,167500,167355.5
12/5/2024,Endoscopy Sheaths,Uro,202301,1087580,Florida Surgical Specialists,,,,,20168557,90378286,Invoice,619,4.5,10,6190,6185.5
12/5/2024,EverLift,GI,202301,1105886,CASCADE VALLEY HOSPITAL *12.18.24 CONSOLIDATED 1022506*,1022506,,,,20193260,90378299,Invoice,400,44.9,10,4000,3955.1
12/5/2024,EverLift,GI,202301,1107153,ORAMA MEDICAL S.A. ACCOUNTS PAYABLE,,,,,20195191,90378318,Invoice,180,44.5,10,1800,1755.5
12/5/2024,Incontinence MPQ,Uro,202301,1087712,Carondelet St Josephs Hospital,,,,,20170511,90378287,Invoice,707,42.06,1,707,664.94
12/5/2024,InjeTAK,Uro,202301,1084130,Saint Francis Hospital,,,,,20167991,90378280,Invoice,528,94.72,8,4224,4129.28
12/5/2024,Optilume Strictures,Uro,202301,1079837,Good Samaritan Medical Center,,,,,20163973,90378272,Invoice,4190,0,2,8380,8380
12/5/2024,Other GI Supply Disposables,GI,202301,1107153,ORAMA MEDICAL S.A. ACCOUNTS PAYABLE,,,,,20195191,90378317,Invoice,570,183,300,171000,170817
12/5/2024,Spot Ex,GI,202301,1105603,BRANDON SURGI-CENTER ACCOUNTS PAYABLE,,,,,20192870,90378292,Invoice,345,33.6,10,3450,3416.4
12/5/2024,Spot Ex,GI,202301,1106767,MURDOCK AMBULATORY SURGERY CENTER ACCOUNTS PAYABLE,,,,,20194557,90378312,Invoice,690,67.2,20,13800,13732.8
12/5/2024,Spot Ex,GI,202301,1107787,University Medical Center of El Paso,,,,,20196202,90378321,Invoice,380,33.6,10,3800,3766.4
12/5/2024,Spot Ex,GI,202301,1108650,Eastside Endoscopy Center LLC,,,,,20197410,90378327,Credit Memo,-37.56,-33.6,-10,375.6,409.2
12/5/2024,T-Doc Catheters,Uro,202301,1023266,Warren Urology,,,,,20083751,90378257,Invoice,670,81.6,10,6700,6618.4
12/5/2024,T-Doc Catheters,Uro,202301,1083981,"Barbara Plucknett, MD **CONSOLIDATED use 1108058*",1108058,,,,20167867,90378279,Invoice,670,28.9,10,6700,6671.1
12/5/2024,UDS Other Service & Repairs,Uro,202301,1079867,Urogynecology Center of Northern VA,,,,,20164040,90378273,Invoice,4520,1737.73,1,4520,2782.27
12/6/2024,DSD,CI,202301,1061863,NHS Supply Chain NHS Suppply Chain Accounts Payable,,,,,20151487,90378336,Invoice,121.15,43.45,50,6057.5,6014.05
12/6/2024,Kiwi,CI,202301,1060977,CH St Brieuc,,,,,20155490,90377719,Credit Memo,-1529.34,-155.68,-30,45880.2,46035.88
12/6/2024,Kiwi,CI,202301,1060977,CH St Brieuc,,,,,20155490,90377720,Debit Memo,1529.34,155.68,30,45880.2,45724.52
12/6/2024,Kiwi,CI,202301,1108557,Asklepios Großhandelsgesellschaft mbH AGK 8280,,,,,1060293,90377758,Invoice,486.04,62.46,10,4860.4,4797.94
12/6/2024,Other Uro Dx Disposables,Uro,202301,1059391,Ortenau Klinikum Offenburg Zentralapotheke - Medikalprodukte,,,,,20153206,90377728,Invoice,478.6,212,50,23930,23718
12/6/2024,Other Uro Dx Disposables,Uro,202301,1060253,Helios Beschaffungsmanagement GmbH,,,,,1088974,90377735,Invoice,447.74,212,50,22387,22175
12/6/2024,Other Uro Dx Disposables,Uro,202301,1069236,BDH-Klinik Greifswald gGmbH Referat Witschaft,,,,,1060274,90377739,Invoice,1132.85,424.01,100,113285,112860.99
12/6/2024,Other Uro Dx Disposables,Uro,202301,1077854,Klinikum Gütersloh gGmbH Apotheke,,,,,20152485,90377745,Invoice,566.42,212,50,28321,28109
12/6/2024,Other Uro Dx Disposables,Uro,202301,1069304,Universitätsklinikum Ulm B III 2 - Rechnungswesen u. Drittmittel,,,,,20155960,90377764,Invoice,509.78,212,50,25489,25277
12/6/2024,Ph/Impedance Catheters,GI,202301,1060252,MedLog Franken GmbH,,,,,1060252,90377733,Invoice,830.75,106.75,5,4153.75,4047
12/6/2024,Tubing,Uro,202301,1060677,St. Josefs-Hospital Wiesbaden GmbH,,,,,1060677,90377689,Debit Memo,368.98,27.62,20,7379.6,7351.98
12/6/2024,Tubing,Uro,202301,1060253,Helios Beschaffungsmanagement GmbH,,,,,1088974,90377735,Invoice,443.43,98.72,50,22171.5,22072.78
12/6/2024,UDS Other Service & Repairs,Uro,202301,1059774,WISAG Med. Techn. Service GmbH,,,,,1059774,90377731,Invoice,106.81,56.33,1,106.81,50.48
12/7/2024,Anorectal Manometry Catheters,GI,202301,1060945,AP-HM,,,,,20151167,90377791,Invoice,2643.3,3070.76,70,185031,181960.24
12/7/2024,Endoscopy Sheaths,Uro,202301,1058855,CH Samuel Pozzi,,,,,20151794,90377787,Invoice,388.4,94.62,10,3884,3789.38
12/7/2024,Endoscopy Sheaths,Uro,202301,1061079,CH Dunkerque,,,,,20151149,90377811,Invoice,1132.85,322.7,30,33985.5,33662.8
12/7/2024,Endoscopy Sheaths,Uro,202301,1061122,CH St Joseph St Luc service comptabilité,,,,,20154575,90377816,Invoice,3193.54,756.95,80,255483.2,254726.25
12/7/2024,Endoscopy Sheaths,Uro,202301,1061188,HIA Sainte Anne,,,,,20153021,90377822,Invoice,1152.27,215.14,20,23045.4,22830.26
12/7/2024,Endoscopy Sheaths,Uro,202301,1061414,Clinique Océane,,,,,20154446,90377835,Invoice,3560.37,1075.66,100,356037,354961.34
12/7/2024,Endoscopy Sheaths,Uro,202301,1061470,Centre Urologie Est Lyonnais,,,,,1061470,90377841,Invoice,3456.8,567.72,60,207408,206840.28
12/7/2024,InjeTAK,Uro,202301,1061863,NHS Supply Chain NHS Suppply Chain Accounts Payable,,,,,20151485,90377782,Invoice,185.76,91.83,4,743.04,651.21
12/7/2024,Kiwi,CI,202301,1087680,Barmherz. Brüder Krankenhaus St. Barbara,,,,,1087679,90377767,Invoice,496.4,62.47,10,4964,4901.53
12/7/2024,Kiwi,CI,202301,1060926,CH Cannes,,,,,20151772,90377790,Invoice,1715.45,187.4,30,51463.5,51276.1
12/7/2024,Kiwi,CI,202301,1061223,CH Robert Ballanger,,,,,20154378,90377824,Invoice,1699.27,187.41,30,50978.1,50790.69
12/7/2024,Kiwi,CI,202301,1061697,Medi-Services,,,,,1061697,90377847,Invoice,1585.98,187.4,30,47579.4,47392
12/7/2024,Kiwi,CI,202301,1059789,CU Saint-Luc,,,,,20150987,90377861,Invoice,513.56,80.06,10,5135.6,5055.54
12/7/2024,Other Uro Dx Disposables,Uro,202301,1061769,Liverpool University Hospital NHS FT,,,,,20151390,90377778,Invoice,1303.24,811.25,50,65162,64350.75
12/7/2024,Portascan 3D,Uro,202301,1061077,CHU de Lille,,,,,20152906,90377810,Invoice,0,26.5,1,0,-26.5
12/7/2024,Portascan 3D,Uro,202301,1059800,Algemeen Ziekenhuis Diest,,,,,1059800,90377862,Invoice,0,1806.73,1,0,-1806.73
12/7/2024,Tubing,Uro,202301,1061813,Nuffield Health The Account Department,,,,,20151431,90377779,Invoice,61.41,74.69,25,1535.25,1460.56
12/7/2024,Tubing,Uro,202301,1061501,CRRF de Coubert,,,,,20151298,90377842,Invoice,453.14,98.72,50,22657,22558.28
12/7/2024,Tubing,Uro,202301,1069809,CHUV Service Comptabilité,,,,,20156453,90377858,Invoice,568.28,40.98,30,17048.4,17007.42
12/7/2024,UDS Other Service & Repairs,Uro,202301,1061077,CHU de Lille,,,,,20151728,90377808,Invoice,0,96.36,1,0,-96.36
12/8/2024,Kiwi,CI,202301,1059532,Vinzenz Gruppe - KH d. Barmherzigen Schwestern Ried,,,,,1059532,90377880,Invoice,239.84,31.23,5,1199.2,1167.97
12/8/2024,Koala,CI,202301,1078703,"Distribution Cooperative, Inc.",,,,,20162912,90377898,Invoice,2275,453,100,227500,227047
12/8/2024,Koala,CI,202301,1078784,OM Owens & Minor,,,,,20168091,90377904,Invoice,561,90.6,20,11220,11129.4
12/8/2024,Koala,CI,202301,1078784,OM Owens & Minor,,,,,20168091,90377905,Invoice,561,90.6,20,11220,11129.4
12/8/2024,Koala,CI,202301,1078784,OM Owens & Minor,,,,,20168091,90377906,Invoice,2805,453,100,280500,280047
12/8/2024,Optilume Strictures,Uro,202301,1089720,Vivamed Ltd,,,,,1089720,90377878,Invoice,0,120.12,0,0,-120.12
12/8/2024,Other GI Disposables,GI,202301,1058940,"Giant Boat Co., Ltd",,,,,1058940,90377870,Invoice,302,64.61,20,6040,5975.39
12/8/2024,Traxi,CI,202301,1078679,Cardinal Health,,,,,20166710,90377894,Invoice,455,29.6,10,4550,4520.4
12/9/2024,Endoscopy Sheaths,Uro,202301,1019007,Baxter Regional Medical Center,,,,,20074636,90377935,Invoice,2280,27,60,136800,136773
12/9/2024,EverLift,GI,202301,1019701,Baptist Health South Florida,,,,,20164200,90377963,Invoice,1400,178,40,56000,55822
12/9/2024,Incontinence MPQ,Uro,202301,1019313,Parkridge Surgery Center,,,,,1019313,90377943,Credit Memo,-34,-8.83,-1,34,42.83
12/9/2024,Incontinence UPC Lead Sets,Uro,202301,1019910,Cary Medical Center,,,,,20071007,90377982,Invoice,5604,280.8,6,33624,33343.2
12/9/2024,InjeTAK,Uro,202301,1020042,Christus Health,,,,,20077916,90377990,Invoice,396,71.04,6,2376,2304.96
12/9/2024,Kiwi,CI,202301,1079824,Guelph General Hospital,,,,,20163931,90377924,Invoice,186.2,26.38,5,931,904.62
12/9/2024,Optilume Strictures,Uro,202301,1019101,Caromont Regional Medical Center dba Gaston Memorial Hospital,,,,,20074753,90377937,Invoice,0,201,0,0,-201
12/9/2024,Optilume Strictures,Uro,202301,1019742,William Beaumont Health *Consolidated* Use BP# 1022361,,,,,20071244,90377971,Invoice,4190,0,2,8380,8380
12/9/2024,Optilume Strictures,Uro,202301,1019742,William Beaumont Health *Consolidated* Use BP# 1022361,,,,,20071244,90377971,Invoice,0,402,0,0,-402
12/9/2024,Other GI Supply Disposables,GI,202301,1019986,Boston Children's Hospital,,,,,20167614,90377985,Invoice,220,75,100,22000,21925
12/9/2024,Other Uro Dx Equipment,Uro,202301,1079678,Northern Health Authority,,,,,20163642,90377922,Invoice,0,0,1,0,0
12/9/2024,Other Uro Dx Equipment,Uro,202301,1019879,CarolinaEast Health System,,,,,20162779,90377980,Invoice,0,37.14,1,0,-37.14
12/9/2024,T-Doc Catheters,Uro,202301,1079678,Northern Health Authority,,,,,20166066,90377921,Invoice,662.87,46.61,10,6628.7,6582.09
12/9/2024,T-Doc Catheters,Uro,202301,1080889,CISSS de Chaudiere-Appalaches,,,,,20165998,90377927,Invoice,513.91,72.23,10,5139.1,5066.87
12/9/2024,Tubing,Uro,202301,1019709,Bronson Healthcare,,,,,20078135,90377969,Invoice,450,89.75,25,11250,11160.25
12/10/2024,Incontinence UPC Lead Sets,Uro,202301,1023016,Urology America fka Urology Austin,,,,,20070166,90378234,Invoice,7776,561.6,12,93312,92750.4
12/10/2024,InjeTAK,Uro,202301,1022806,West Virgina University Medicine,,,,,20197525,90378207,Invoice,1056,189.44,16,16896,16706.56
12/10/2024,InjeTAK,Uro,202301,1022837,University of Chicago Medicine,,,,,20083420,90378219,Invoice,1630,437,20,32600,32163
12/10/2024,Optilume Strictures,Uro,202301,1022848,University of Colorado Health,,,,,20167864,90378225,Invoice,8380,0,4,33520,33520
12/10/2024,Other GI Supply Disposables,GI,202301,1022837,University of Chicago Medicine,,,,,20079953,90378220,Invoice,97,35,50,4850,4815
12/10/2024,RenovaRP Consumables,GI,202301,1020051,Capital Health,,,,,20194053,90377995,Invoice,1900,804.4,20,38000,37195.6
12/10/2024,RenovaRP Consumables,GI,202301,1020051,Capital Health,,,,,20080428,90377996,Invoice,4750,2011,50,237500,235489
12/10/2024,Spot Ex,GI,202301,1022829,UPMC Health System,,,,,20112453,90378215,Invoice,345,33.6,10,3450,3416.4
12/10/2024,T-Doc Catheters,Uro,202301,1020050,Atrium Health,,,,,20077688,90377993,Invoice,902,61.5,10,9020,8958.5
12/10/2024,T-Doc Catheters,Uro,202301,1023010,USMD Health System,,,,,20073271,90378231,Invoice,582,28.9,10,5820,5791.1
12/10/2024,UDS Other Service & Repairs,Uro,202301,1022487,Sutter Health System Office,,,,,20068887,90378184,Invoice,0,11.73,0,0,-11.73
12/10/2024,UDS Other Service & Repairs,Uro,202301,1022572,Cleveland Clinic Health,,,,,20197144,90378191,Invoice,0,6.06,1,0,-6.06
12/11/2024,Electrodes,Uro,202301,1023093,Upstate Urology Inc,,,,,20084426,90378240,Invoice,88,27.1,10,880,852.9
12/11/2024,Endoscopy Sheaths,Uro,202301,1023377,Wisconsin Institute of Surgical Excellen,,,,,20072941,90378264,Invoice,6190,37,100,619000,618963
12/11/2024,Optilume Strictures,Uro,202301,1023191,VA Salt Lake City Health Care,,,,,20080697,90378252,Invoice,0,71.68,0,0,-71.68
12/11/2024,Optilume Strictures,Uro,202301,1023191,VA Salt Lake City Health Care,,,,,20080697,90378252,Invoice,0,448.8,0,0,-448.8
12/11/2024,Optilume Strictures,Uro,202301,1023191,VA Salt Lake City Health Care,,,,,20080697,90378252,Invoice,0,71.68,0,0,-71.68
12/11/2024,Optilume Strictures,Uro,202301,1023307,WakeMed Health and Hospitals,,,,,20075045,90378260,Invoice,2095,0,1,2095,2095
12/11/2024,Optilume Strictures,Uro,202301,1079837,Good Samaritan Medical Center,,,,,20163973,90378272,Invoice,0,71.68,0,0,-71.68
12/11/2024,Other Uro Dx Equipment,Uro,202301,1079867,Urogynecology Center of Northern VA,,,,,20164040,90378273,Invoice,0,11.7,1,0,-11.7
12/11/2024,Other Uro Dx Equipment,Uro,202301,1079867,Urogynecology Center of Northern VA,,,,,20164040,90378273,Invoice,0,55.9,1,0,-55.9
12/11/2024,T-Doc Catheters,Uro,202301,1023081,UT Health Science Center San Antonio,,,,,20067234,90378239,Invoice,4995,231,50,249750,249519
12/11/2024,T-Doc Catheters,Uro,202301,1023135,VA Charleston Health Care,,,,,20069617,90378245,Invoice,1572,461.6,20,31440,30978.4
12/11/2024,T-Doc Catheters,Uro,202301,1023148,Vanderbilt University Medical Center,,,,,20078978,90378248,Invoice,786,230.8,10,7860,7629.2
12/11/2024,T-Doc Catheters,Uro,202301,1023283,Washington Urology,,,,,20072473,90378259,Invoice,1998,143.2,20,39960,39816.8
12/11/2024,UDS Other Service & Repairs,Uro,202301,1023310,Great Lakes Physicians PC dba Western NY Urology Associates,,,,,20067640,90378261,Invoice,380,0,2,760,760
12/12/2024,Kiwi,CI,202301,1061014,CH Fougères,,,,,1061014,90377701,Credit Memo,-1003.38,-103.79,-20,20067.6,20171.39
12/12/2024,Kiwi,CI,202301,1060975,Hospices Civils Beaune,,,,,1060975,90377714,Debit Memo,1558.47,155.68,30,46754.1,46598.42
12/12/2024,Kiwi,CI,202301,1060980,CH Sarlat - Jean Leclaire,,,,,20154914,90377722,Debit Memo,582.61,51.9,10,5826.1,5774.2
12/12/2024,Optilume Strictures,Uro,202301,1106940,Margaret R. Pardee Mem. Hosp,,,,,20194861,90378315,Invoice,0,35.84,0,0,-35.84
12/12/2024,Optilume Strictures,Uro,202301,9980000519,NICOLE CARRASCO,,,,,9980000519,90378329,Invoice,0,302,2,0,-302
12/12/2024,Other GI Supply Disposables,GI,202301,1105761,Community Hospital,,,,,20193086,90378295,Credit Memo,-47,0,-2,94,94
12/12/2024,RenovaRP Consumables,GI,202301,1107151,ONSLOW MEMORIAL HOSPITAL ACCOUNTS PAYABLE,,,,,20195188,90378316,Invoice,1250,304.75,25,31250,30945.25
12/12/2024,Spot Ex,GI,202301,1105890,Syla Healthcare Authority,,,,,20193268,90378300,Invoice,380,33.6,10,3800,3766.4
12/12/2024,Spot Ex,GI,202301,1105895,CENTRAL WYOMING OUTPATIENT SURG CTR ACCOUNTS PAYABLE,,,,,20193274,90378302,Credit Memo,-380,-33.6,-10,3800,3833.6
12/12/2024,Spot Ex,GI,202301,1106621,FROEDTERT KENOSHA HOSPITAL A/P FROEDTERT SOUTH,,,,,20195687,90378311,Invoice,345,33.6,10,3450,3416.4
12/12/2024,Spot Ex,GI,202301,1107804,AdventHealth Surgery Center Wellswood,,,,,20196227,90378322,Invoice,3450,336,100,345000,344664
12/12/2024,Spot Ex,GI,202301,1108001,WILSON DIGESTIVE DISEASES ENDO CTR ACCOUNTS PAYABLE,,,,,20196549,90378325,Invoice,760,67.2,20,15200,15132.8
12/13/2024,3rd party,CI,202301,1061164,GH du Havre,,,,,20155204,90377819,Invoice,431.56,317.84,10,4315.6,3997.76
12/13/2024,Endoscopy Sheaths,Uro,202301,1059616,"Somerset NHS Foundation Trust Block B, Level 2",,,,,20152603,90377777,Invoice,3883.14,855.51,80,310651.2,309795.69
12/13/2024,Endoscopy Sheaths,Uro,202301,1058862,Mcmed,,,,,1058862,90377788,Invoice,318.28,94.62,10,3182.8,3088.18
12/13/2024,Endoscopy Sheaths,Uro,202301,1083549,HP Arras les Bonnettes,,,,,20152811,90377837,Invoice,1780.18,537.83,50,89009,88471.17
12/13/2024,Endoscopy Sheaths,Uro,202301,1061466,Polyclinique du Beaujolais,,,,,20151297,90377839,Invoice,3560.37,946.2,100,356037,355090.8
12/13/2024,Endoscopy Sheaths,Uro,202301,1061467,Clinique Val d'Ouest Vendome,,,,,20154611,90377840,Invoice,2392.57,567.72,60,143554.2,142986.48
12/13/2024,Kiwi,CI,202301,1108557,Asklepios Großhandelsgesellschaft mbH AGK 8280,,,,,20152370,90377757,Invoice,486.04,62.46,10,4860.4,4797.94
12/13/2024,Kiwi,CI,202301,1060983,HP Drôme Nord,,,,,20151290,90377797,Invoice,1699.27,187.41,30,50978.1,50790.69
12/13/2024,Kiwi,CI,202301,1083550,HP Ouest Parisien,,,,,1061509,90377843,Invoice,3392.06,187.4,30,101761.8,101574.4
12/13/2024,Other Uro Dx Disposables,Uro,202301,1082702,Kliniken des Landkreises Lörrach GmbH Rechnungseingang,,,,,20155054,90377725,Invoice,566.42,212,50,28321,28109
12/13/2024,Other Uro Dx Disposables,Uro,202301,1059335,Medolz Medizintechnik e.K.,,,,,1059335,90377726,Invoice,883.62,577.21,2,1767.24,1190.03
12/13/2024,Other Uro Dx Disposables,Uro,202301,1060494,St. Vincenz- Krankenhaus Datteln Zentraleinkauf,,,,,20152287,90377752,Invoice,512.48,212.01,50,25624,25411.99
12/13/2024,Other Uro Dx Disposables,Uro,202301,1069208,Zentralklinik Bad Berka GmbH Eingangsrechnungen/Finanzabteilung,,,,,20152146,90377766,Invoice,411.71,212.01,50,20585.5,20373.49
12/13/2024,Other Uro Dx Disposables,Uro,202301,1061863,NHS Supply Chain NHS Suppply Chain Accounts Payable,,,,,20151478,90377781,Invoice,187.23,416.72,50,9361.5,8944.78
12/13/2024,Water Catheters,Uro,202301,1060253,Helios Beschaffungsmanagement GmbH,,,,,1088974,90377735,Invoice,128.39,46.29,10,1283.9,1237.61
12/14/2024,Flowmaster,Uro,202301,1059071,Tronda Electronics Ltd.,,,,,20154349,90377874,Invoice,6555,1729.58,3,19665,17935.42
12/14/2024,GI Other Service (Repairs),GI,202301,1058940,"Giant Boat Co., Ltd",,,,,1058940,90377869,Invoice,4000,1372.69,1,4000,2627.31
12/14/2024,Kiwi,CI,202301,1078679,Cardinal Health,,,,,20166710,90377892,Invoice,400,71.9,10,4000,3928.1
12/14/2024,Koala,CI,202301,1078784,OM Owens & Minor,,,,,20168091,90377901,Invoice,561,90.6,20,11220,11129.4
12/14/2024,Koala,CI,202301,1078784,OM Owens & Minor,,,,,20168091,90377907,Invoice,1402.5,226.5,50,70125,69898.5
12/14/2024,Optilume Strictures,Uro,202301,1089720,Vivamed Ltd,,,,,1089720,90377878,Invoice,6000,0,4,24000,24000
12/14/2024,ROM,CI,202301,1078768,"Eastern Carolina Womens Center, PA",,,,,20163094,90377899,Invoice,38.25,30.75,5,191.25,160.5
12/14/2024,Traxi,CI,202301,1078679,Cardinal Health,,,,,20166710,90377896,Invoice,700,89.1,10,7000,6910.9
12/14/2024,Tubing,Uro,202301,1061516,SCM Dr Sylvestre,,,,,20155910,90377844,Invoice,88.79,13.81,10,887.9,874.09
12/14/2024,Uromed,Uro,202301,1061716,OCP Répartition,,,,,20151112,90377850,Invoice,1345.39,638.71,100,134539,133900.29
12/15/2024,Incontinence MPQ,Uro,202301,1019313,Parkridge Surgery Center,,,,,20073834,90377941,Credit Memo,-1767,-126.18,-3,5301,5427.18
12/15/2024,Incontinence MPQ,Uro,202301,1019313,Parkridge Surgery Center,,,,,20073834,90377945,Credit Memo,-1122,-53.02,-2,2244,2297.02
12/15/2024,Incontinence UPC Lead Sets,Uro,202301,1019027,Dr Steven Sterzer,,,,,20197532,90377936,Invoice,934,46.8,1,934,887.2
12/15/2024,Optilume Strictures,Uro,202301,1019535,Albany Med Health System,,,,,20083559,90377947,Invoice,0,402,2,0,-402
12/15/2024,Optilume Strictures,Uro,202301,1019535,Albany Med Health System,,,,,20083559,90377947,Invoice,0,302,2,0,-302
12/15/2024,Optilume Strictures,Uro,202301,1019535,Albany Med Health System,,,,,20083559,90377947,Invoice,0,71.68,2,0,-71.68
12/15/2024,T-Doc Catheters,Uro,202301,9980000179,SARA POORSAADATI,,,,,9980000179,90377931,Invoice,0,37.53,10,0,-37.53
12/15/2024,Traxi,CI,202301,1078661,Alberta Health Service,,,,,20168753,90377912,Invoice,875.88,89.88,10,8758.8,8668.92
12/15/2024,UDS Service Contracts,Uro,202301,1078734,IWK HEALTH CENTRE,,,,,20164104,90377915,Invoice,0,0,1,0,0
12/16/2024,Endoscopy Sheaths,Uro,202301,1019709,Bronson Healthcare,,,,,20078135,90377969,Invoice,798,7.4,20,15960,15952.6
12/16/2024,Incontinence MPQ,Uro,202301,1019709,Bronson Healthcare,,,,,20078135,90377968,Invoice,2370,210.3,5,11850,11639.7
12/16/2024,Incontinence MPQ,Uro,202301,1020417,Especially for Women,,,,,20076698,90378028,Invoice,2240,210.3,5,11200,10989.7
12/16/2024,InjeTAK,Uro,202301,1020042,Christus Health,,,,,20070477,90377989,Invoice,792,142.08,12,9504,9361.92
12/16/2024,InjeTAK,Uro,202301,1020487,Covenant Health,,,,,20075160,90378039,Invoice,132,23.68,2,264,240.32
12/16/2024,Other GI Disposables,GI,202301,1020004,Children's National Medical Center,,,,,20078365,90377986,Invoice,420,184,10,4200,4016
12/16/2024,Other Uro Dx Disposables,Uro,202301,1019668,Aurora Health *Consolidated* Use BP# 1020857,,,,,20080786,90377959,Invoice,174,21.6,60,10440,10418.4
12/16/2024,Portascan 3D,Uro,202301,1020390,St. Elizabeth Healthcare,,,,,20072785,90378025,Invoice,116,92,4,464,372
12/16/2024,RenovaRP Consumables,GI,202301,1020473,University of Vermont Medical Center,,,,,20077517,90378038,Invoice,430,230,40,17200,16970
12/16/2024,Spot Ex,GI,202301,1020293,Alomere Health,,,,,20163321,90378015,Invoice,380,32.1,10,3800,3767.9
12/16/2024,T-Doc Catheters,Uro,202301,1020159,United Urology Group,,,,,20168777,90378006,Invoice,1390,144.5,50,69500,69355.5
12/16/2024,T-Doc Catheters,Uro,202301,1020159,United Urology Group,,,,,20168777,90378006,Invoice,1648,184.8,40,65920,65735.2
12/16/2024,Tubing,Uro,202301,1019703,Florida Urology Partners LLP,,,,,20070775,90377965,Invoice,1188,126,75,89100,88974
12/17/2024,EverLift,GI,202301,1021395,RWJBarnabas Health Med Grp,,,,,20067357,90378103,Invoice,800,89,20,16000,15911
12/17/2024,Incontinence MPQ,Uro,202301,1020542,Gainesville Urology,,,,,20170995,90378044,Invoice,3465,294.42,7,24255,23960.58
12/17/2024,Incontinence UPC Lead Sets,Uro,202301,1020517,Flagstaff Surgical Associates,,,,,20072344,90378041,Invoice,1868,93.6,2,3736,3642.4
12/17/2024,Optilume Strictures,Uro,202301,1020971,Kaiser Health Plan Asset Mgmt,,,,,20074697,90378076,Invoice,0,906,0,0,-906
12/17/2024,Optilume Strictures,Uro,202301,1021318,HCA St Marks Hospital,,,,,20077680,90378098,Invoice,0,603,0,0,-603
12/17/2024,Optilume Strictures,Uro,202301,1021378,Munson Healthcare DBA Northern Michigan Supply Alliance,,,,,20084524,90378101,Invoice,0,35.84,0,0,-35.84
12/17/2024,Other GI Supply Disposables,GI,202301,1020621,CHI - Common Spirit Health,,,,,20164153,90378052,Invoice,177,39,75,13275,13236
12/17/2024,Other Uro Dx Disposables,Uro,202301,1021190,Mayo Clinic,,,,,20084767,90378087,Invoice,348,181.8,60,20880,20698.2
12/17/2024,RenovaRP Consumables,GI,202301,1021288,Sky Lakes Medical Center,,,,,20074092,90378097,Invoice,440,230,40,17600,17370
12/17/2024,Spot Ex,GI,202301,1020647,Grande Ronde Hospital,,,,,20079467,90378055,Invoice,690,64.2,20,13800,13735.8
12/17/2024,Tables/Chairs,Uro,202301,1021287,Dignity Health - CA,,,,,20069616,90378095,Invoice,0,2657.03,1,0,-2657.03
12/17/2024,T-Doc Catheters,Uro,202301,1021198,Valleywise Health,,,,,20084130,90378088,Invoice,999,45.8,10,9990,9944.2
12/17/2024,T-Doc Catheters,Uro,202301,1021334,Encore Urology,,,,,20196973,90378099,Invoice,4460,372,100,446000,445628
12/17/2024,Tubing,Uro,202301,1021253,MedStar Health,,,,,20076665,90378089,Invoice,1154,84,50,57700,57616
12/18/2024,Incontinence MPQ,Uro,202301,1022400,Trinity Health,,,,,20071720,90378163,Credit Memo,-441.75,-42.06,-1,441.75,483.81
12/18/2024,Optilume Strictures,Uro,202301,1021596,Northside Hospital,,,,,20084415,90378114,Invoice,0,201,0,0,-201
12/18/2024,Other GI Supply Disposables,GI,202301,1022105,Sarasota Memorial Hospital,,,,,20077252,90378146,Invoice,250,184,10,2500,2316
12/18/2024,Other Uro Dx Disposables,Uro,202301,1022280,Village Practice Management Company,,,,,20067648,90378155,Invoice,116,60.6,20,2320,2259.4
12/18/2024,RenovaRP Consumables,GI,202301,1022160,Baylor Scott & White Health,,,,,20072756,90378150,Invoice,1360,920,160,217600,216680
12/18/2024,Spot Ex,GI,202301,1021745,Bon Secours Charity Health Sys Med Grp,,,,,20194626,90378130,Invoice,380,32.1,10,3800,3767.9
12/18/2024,Spot Ex,GI,202301,1021766,University of Pennsylvania Health,,,,,20163352,90378131,Invoice,760,64.2,20,15200,15135.8
12/18/2024,Spot Ex,GI,202301,1022329,South Baldwin Regional Medical Ctr (CHS),,,,,20075135,90378159,Invoice,345,33.6,10,3450,3416.4
12/18/2024,Tables/Chairs,Uro,202301,1022439,Urology of St Louis,,,,,20069257,90378170,Invoice,0,1314,1,0,-1314
12/19/2024,3rd party,CI,202301,1060977,CH St Brieuc,,,,,20155490,90377718,Debit Memo,431.56,249.66,10,4315.6,4065.94
12/19/2024,Endoscopy Sheaths,Uro,202301,1058851,GCS Médipôle Lyon Villeurbanne,,,,,20154864,90377786,Invoice,3560.37,946.2,100,356037,355090.8
12/19/2024,InjeTAK,Uro,202301,1061863,NHS Supply Chain NHS Suppply Chain Accounts Payable,,,,,20151487,90377783,Invoice,92.88,45.91,2,185.76,139.85
12/19/2024,InjeTAK,Uro,202301,1061863,NHS Supply Chain NHS Suppply Chain Accounts Payable,,,,,20151487,90377784,Invoice,464.39,229.57,10,4643.9,4414.33
12/19/2024,Kiwi,CI,202301,1060980,CH Sarlat - Jean Leclaire,,,,,20154914,90377721,Credit Memo,-582.61,-51.9,-10,5826.1,5878
12/19/2024,Kiwi,CI,202301,1060535,Stiftung Mathias-Spital Rheine Zentraleinkauf,,,,,20152171,90377755,Invoice,558.37,62.46,10,5583.7,5521.24
12/19/2024,Kiwi,CI,202301,1060794,Kliniken der Stadt und des Landkreises Rosenheim GmbH,,,,,20170380,90377762,Invoice,531.79,80.05,10,5317.9,5237.85
12/19/2024,Portascan 3D,Uro,202301,1021763,PartsSource,,,,,20163759,90378182,Invoice,29,23,1,29,6
12/19/2024,Portascan 3D,Uro,202301,1022487,Sutter Health System Office,,,,,20068887,90378184,Invoice,21165,0,3,63495,63495
12/19/2024,Spot Ex,GI,202301,1022454,CommonSpirit Mountain Region,,,,,20075217,90378174,Invoice,380,32.1,10,3800,3767.9
12/19/2024,T-Doc Catheters,Uro,202301,1022459,Franciscan Alliance Inc,,,,,20073603,90378175,Invoice,670,28.9,10,6700,6671.1
12/19/2024,Tubing,Uro,202301,1059264,East Suffolk And North Essex NHS FT,,,,,20151799,90377776,Invoice,103.38,27.71,20,2067.6,2039.89
12/19/2024,Water Catheters,Uro,202301,1077854,Klinikum Gütersloh gGmbH Apotheke,,,,,20152485,90377744,Invoice,296.7,80.92,25,7417.5,7336.58
12/19/2024,Water Catheters,Uro,202301,1069896,SRH Klinikum Karlsbad- Langensteinbach GmbH,,,,,20151981,90377759,Invoice,345.25,78.55,20,6905,6826.45
12/20/2024,babyLance,CI,202301,1078679,Cardinal Health,,,,,20166710,90377891,Invoice,570,234,600,342000,341766
12/20/2024,Clearview,CI,202301,1078679,Cardinal Health,,,,,20166710,90377889,Invoice,414.55,80.1,5,2072.75,1992.65
12/20/2024,Endoscopy Sheaths,Uro,202301,1060997,CH de Morlaix,,,,,20155277,90377800,Invoice,776.81,215.13,20,15536.2,15321.07
12/20/2024,Endoscopy Sheaths,Uro,202301,1061015,HP Sevigne,,,,,20151283,90377801,Invoice,3776.15,1075.66,100,377615,376539.34
12/20/2024,Endoscopy Sheaths,Uro,202301,1061260,Clinique St Christophe,,,,,20155136,90377826,Invoice,1618.35,537.83,50,80917.5,80379.67
12/20/2024,Endoscopy Sheaths,Uro,202301,1061470,Centre Urologie Est Lyonnais,,,,,1061470,90377841,Invoice,1152.27,215.14,20,23045.4,22830.26
12/20/2024,Endoscopy Sheaths,Uro,202301,1060111,Urologie Brugg Empfang,,,,,1060111,90377859,Invoice,2599.46,316.37,30,77983.8,77667.43
12/20/2024,Kiwi,CI,202301,1060980,CH Sarlat - Jean Leclaire,,,,,20154914,90377796,Invoice,320.43,31.23,5,1602.15,1570.92
12/20/2024,Kiwi,CI,202301,1059784,CHU Brugmann UVC Huderf,,,,,20150984,90377860,Invoice,1027.11,124.93,20,20542.2,20417.27
12/20/2024,Koala,CI,202301,1061090,CH Roubaix,,,,,20153562,90377812,Invoice,1243.76,109.19,20,24875.2,24766.01
12/20/2024,Other Uro Dx Disposables,Uro,202301,1061067,CH Bretagne Sud,,,,,20154137,90377804,Invoice,647.34,830.75,100,64734,63903.25
12/20/2024,ROM,CI,202301,1078703,"Distribution Cooperative, Inc.",,,,,20162912,90377898,Invoice,135,184.5,30,4050,3865.5
12/20/2024,SweetUms,CI,202301,1078679,Cardinal Health,,,,,20162535,90377897,Credit Memo,-119.52,-78.87,-239,28565.28,28644.15
12/20/2024,Tubing,Uro,202301,1061100,CH de Calais,,,,,20151073,90377813,Invoice,117.71,13.81,10,1177.1,1163.29
12/20/2024,Tubing,Uro,202301,1061117,GHRMSA GH Région Mulhouse et Sud Alsace,,,,,20152630,90377815,Invoice,308.57,27.62,20,6171.4,6143.78
12/20/2024,Uromed,Uro,202301,1061706,Cerp Bretagne Atlantique,,,,,20156024,90377848,Invoice,219.34,72.29,10,2193.4,2121.11
12/21/2024,Aquarius LT,Uro,202301,1079725,Horizon Health Network,,,,,20166107,90377923,Invoice,32547.76,1111.63,1,32547.76,31436.13
12/21/2024,Endoscopy Sheaths,Uro,202301,1019582,Luminis Health,,,,,20073381,90377954,Invoice,1857,13.5,30,55710,55696.5
12/21/2024,Incontinence MPQ,Uro,202301,1019313,Parkridge Surgery Center,,,,,20073834,90377944,Credit Memo,-1122,-53.02,-2,2244,2297.02
12/21/2024,Kiwi,CI,202301,1078784,OM Owens & Minor,,,,,20168091,90377900,Invoice,525,78.45,15,7875,7796.55
12/21/2024,Koala,CI,202301,1078784,OM Owens & Minor,,,,,20168091,90377900,Invoice,561,90.6,20,11220,11129.4
12/21/2024,Optilume Strictures,Uro,202301,1019541,Allina Health System,,,,,20084640,90377950,Invoice,0,201,0,0,-201
12/21/2024,Other Uro Dx Disposables,Uro,202301,1078681,Chatham-Kent Health Alliance,,,,,20166429,90377913,Invoice,55.86,10.64,5,279.3,268.66
12/21/2024,Other Uro Dx Disposables,Uro,202301,1019709,Bronson Healthcare,,,,,20078135,90377969,Invoice,166,26.3,10,1660,1633.7
12/21/2024,Other Uro Dx Equipment,Uro,202301,1019668,Aurora Health *Consolidated* Use BP# 1020857,,,,,20074002,90377956,Invoice,0,654.87,3,0,-654.87
12/21/2024,Portascan 3D,Uro,202301,1019701,Baptist Health South Florida,,,,,20080699,90377964,Credit Memo,-7055,0,-1,7055,7055
12/21/2024,Spot Ex,GI,202301,1019529,Aspirus Keweenaw Hospital *CONSOLIDATED use 1023267*,1023267,,,,20193985,90377946,Invoice,380,33.6,10,3800,3766.4
12/21/2024,Spot Ex,GI,202301,1019652,BJC Healthcare,,,,,20196929,90377955,Invoice,345,32.1,10,3450,3417.9
12/21/2024,Spot Ex,GI,202301,1019794,Berkshire Health Systems,,,,,20081426,90377974,Invoice,380,33.6,10,3800,3766.4
12/22/2024,Anorectal Manometry Catheters,GI,202301,1020119,Colon & Rectal Surgery Assoc.of Nashvill,,,,,20069259,90378003,Invoice,661,115.75,5,3305,3189.25
12/22/2024,InjeTAK,Uro,202301,1020146,Cedars-Sinai Medical Care Foundation,,,,,20168020,90378005,Invoice,1630,437,20,32600,32163
12/22/2024,Optilume Strictures,Uro,202301,1020050,Atrium Health,,,,,20069771,90377994,Invoice,0,402,0,0,-402
12/22/2024,Other Uro Dx Disposables,Uro,202301,1019835,Mass General Brigham,,,,,20080538,90377978,Invoice,54,10.55,5,270,259.45
12/22/2024,Other Uro Dx Disposables,Uro,202301,1019835,Mass General Brigham,,,,,20080538,90377979,Credit Memo,-54,-9.45,-5,270,279.45
12/22/2024,Ph/Impedance Catheters,GI,202301,1020062,Cincinnati Children's Hospital,,,,,20074649,90377998,Invoice,550,72.2,5,2750,2677.8
12/22/2024,Spot Ex,GI,202301,1020290,HCA St Davids North Austin Medical Ctr,,,,,20195735,90378014,Invoice,690,64.2,20,13800,13735.8
12/22/2024,T-Doc Catheters,Uro,202301,1020159,United Urology Group,,,,,20084784,90378009,Invoice,1390,144.5,50,69500,69355.5
12/22/2024,T-Doc Catheters,Uro,202301,1020365,Edward-Elmhurst Health/ NorthShore,,,,,20075032,90378021,Invoice,999,45.8,10,9990,9944.2
12/22/2024,Water Catheters,Uro,202301,1020034,Ann & Robert H.Lurie Childrens Hospital,,,,,20068135,90377988,Invoice,910,165.5,50,45500,45334.5
12/23/2024,Endoscopy Sheaths,Uro,202301,1020912,Washington University,,,,,20074567,90378067,Invoice,1900,22.5,50,95000,94977.5
12/23/2024,EverLift,GI,202301,1021158,NYU Langone Health System,,,,,20197528,90378083,Invoice,1095,133.5,30,32850,32716.5
12/23/2024,InjeTAK,Uro,202301,1020520,Fremont Surgery Center,,,,,20076197,90378042,Invoice,815,218.5,10,8150,7931.5
12/23/2024,InjeTAK,Uro,202301,1020921,1000-St. Joseph Health System *Consolidated* Use BP# 1021928,,,,,20069899,90378068,Invoice,100,23.68,2,200,176.32
12/23/2024,InjeTAK,Uro,202301,1021026,Logan Health Medical Center,,,,,20080204,90378081,Invoice,815,218.5,10,8150,7931.5
12/23/2024,Optilume Strictures,Uro,202301,1020427,Fairview Health System,,,,,20073510,90378030,Invoice,0,402,2,0,-402
12/23/2024,Other GI Supply Disposables,GI,202301,1020573,Geisinger System Services,,,,,20082429,90378046,Invoice,97,35,50,4850,4815
12/23/2024,Other Uro Dx Disposables,Uro,202301,1020373,Emory Healthcare,,,,,20069590,90378022,Invoice,150,18,50,7500,7482
12/23/2024,T-Doc Catheters,Uro,202301,1020417,Especially for Women,,,,,20076698,90378028,Invoice,1062,86.7,30,31860,31773.3
12/23/2024,T-Doc Catheters,Uro,202301,1020728,HCA Physician Services,,,,,20196848,90378059,Invoice,1998,92.4,20,39960,39867.6
12/23/2024,T-Doc Catheters,Uro,202301,1020971,Kaiser Health Plan Asset Mgmt,,,,,20069831,90378073,Invoice,342,28.9,10,3420,3391.1
12/23/2024,Tubing,Uro,202301,1020440,Cox Health,,,,,20166757,90378032,Invoice,890,84,50,44500,44416
12/23/2024,UDS Other Service & Repairs,Uro,202301,1020467,HCA Florida Minimally Invasive Urogyn,,,,,20196780,90378033,Invoice,380,0,2,760,760
12/24/2024,Electrodes,Uro,202301,1021287,Dignity Health - CA,,,,,20167383,90378093,Invoice,465,135.5,50,23250,23114.5
12/24/2024,Endoscopy Sheaths,Uro,202301,1021169,Mainehealth,,,,,20072858,90378084,Invoice,6190,37,100,619000,618963
12/24/2024,Endoscopy Sheaths,Uro,202301,1021661,New York Presbyterian Queens,,,,,20077426,90378120,Invoice,1857,13.5,30,55710,55696.5
12/24/2024,EverLift,GI,202301,1021600,Northwestern Medicine,,,,,20083695,90378116,Invoice,320,44.5,10,3200,3155.5
12/24/2024,Optilume Strictures,Uro,202301,1021378,Munson Healthcare DBA Northern Michigan Supply Alliance,,,,,20084524,90378101,Invoice,0,201,0,0,-201
12/24/2024,Optilume Strictures,Uro,202301,1021596,Northside Hospital,,,,,20084415,90378114,Invoice,0,35.84,0,0,-35.84
12/24/2024,Optilume Strictures,Uro,202301,1021716,Orlando Health,,,,,20071047,90378124,Invoice,4190,0,2,8380,8380
12/24/2024,Other Uro Dx Disposables,Uro,202301,1021395,RWJBarnabas Health Med Grp,,,,,20197519,90378104,Invoice,90,34.91,1,90,55.09
12/24/2024,Other Uro Dx Disposables,Uro,202301,1021787,Palo Alto Medical Foundation Health Care Division V# 33010,,,,,20071032,90378134,Invoice,87,10.8,30,2610,2599.2
12/24/2024,Other Uro Dx Disposables,Uro,202301,1022400,Trinity Health,,,,,20072758,90378161,Invoice,54,10.55,5,270,259.45
12/24/2024,Portascan 3D,Uro,202301,1021261,Memorial Health System,,,,,20083657,90378091,Invoice,0,23,1,0,-23
12/24/2024,Spot Ex,GI,202301,1021257,Memorial Healthcare System,,,,,20194775,90378090,Invoice,380,32.1,10,3800,3767.9
12/24/2024,Spot Ex,GI,202301,1022407,St. Luke's Hospital & Health Networ,,,,,20074111,90378165,Invoice,380,32.1,10,3800,3767.9
12/24/2024,T-Doc Catheters,Uro,202301,1021273,Paris Community Hospital,,,,,20079783,90378092,Invoice,999,46.2,10,9990,9943.8
12/24/2024,T-Doc Catheters,Uro,202301,1021287,Dignity Health - CA,,,,,20167383,90378093,Invoice,2997,138.6,30,89910,89771.4
12/24/2024,T-Doc Catheters,Uro,202301,1021287,Dignity Health - CA,,,,,20069616,90378094,Invoice,1340,57.8,20,26800,26742.2
12/24/2024,Tubing,Uro,202301,1022419,UCSF Medical Center,,,,,20071221,90378168,Invoice,890,84,50,44500,44416
12/24/2024,UDS Other Service & Repairs,Uro,202301,1022281,Shore Memorial Hospital,,,,,20069176,90378156,Invoice,0,32.42,1,0,-32.42
12/25/2024,Anorectal Manometry Catheters,GI,202301,1022724,Florida Clinical Practice Association,,,,,20075320,90378201,Invoice,1460,539.6,20,29200,28660.4
12/25/2024,Other Uro Dx Disposables,Uro,202301,1022482,Summa Health System,,,,,20076289,90378179,Invoice,116,60.6,20,2320,2259.4
12/25/2024,Other Uro Dx Disposables,Uro,202301,1022572,Cleveland Clinic Health,,,,,20197144,90378191,Invoice,0,42.14,1,0,-42.14
12/25/2024,Other Uro Dx Disposables,Uro,202301,1022895,Urology Associates of Cape Cod,,,,,20079129,90378226,Invoice,232,121.2,40,9280,9158.8
12/25/2024,Other Uro Dx Equipment,Uro,202301,1022572,Cleveland Clinic Health,,,,,20197144,90378191,Invoice,0,528.26,1,0,-528.26
12/25/2024,Other Uro Tx Disposables,Uro,202301,1022482,Summa Health System,,,,,20076289,90378180,Invoice,1455,1953.8,20,29100,27146.2
12/25/2024,Other Uro Tx Disposables,Uro,202301,1022487,Sutter Health System Office,,,,,20080315,90378186,Invoice,298,50.4,12,3576,3525.6
12/25/2024,Portascan 3D,Uro,202301,1022487,Sutter Health System Office,,,,,20068887,90378184,Invoice,0,5174.52,0,0,-5174.52
12/25/2024,Portascan 3D,Uro,202301,1022487,Sutter Health System Office,,,,,20068887,90378185,Invoice,0,11.86,0,0,-11.86
12/25/2024,Spot Ex,GI,202301,1022487,Sutter Health System Office,,,,,20164206,90378183,Invoice,760,64.2,20,15200,15135.8
12/25/2024,T-Doc Catheters,Uro,202301,1022459,Franciscan Alliance Inc,,,,,20073675,90378176,Invoice,670,28.9,10,6700,6671.1
12/25/2024,T-Doc Catheters,Uro,202301,1022822,University Hospitals Health System,,,,,20084883,90378212,Invoice,1340,57.8,20,26800,26742.2
12/25/2024,T-Doc Catheters,Uro,202301,1023012,Contemporary Women’s Health,,,,,20083341,90378232,Invoice,1340,163.2,20,26800,26636.8
12/25/2024,T-Doc Catheters,Uro,202301,1023016,Urology America fka Urology Austin,,,,,20067449,90378233,Invoice,2645,358,50,132250,131892
12/25/2024,Tubing,Uro,202301,1022713,Ascension Health Ministry Service C,,,,,20167673,90378198,Invoice,577,46.75,25,14425,14378.25
12/25/2024,UDS Other Service & Repairs,Uro,202301,1022572,Cleveland Clinic Health,,,,,20197144,90378191,Invoice,0,17.28,0,0,-17.28
12/26/2024,Electrodes,Uro,202301,1023266,Warren Urology,,,,,20083751,90378257,Invoice,93,27.1,10,930,902.9
12/26/2024,Incontinence MPQ,Uro,202301,1087712,Carondelet St Josephs Hospital,,,,,20170511,90378287,Invoice,39,13.38,1,39,25.62
12/26/2024,Incontinence UPC Lead Sets,Uro,202301,1023190,VA South Texas Health Care,,,,,20080995,90378251,Invoice,1868,93.6,2,3736,3642.4
12/26/2024,Optilume Strictures,Uro,202301,1023139,VA Hospital(Lake CityFL) **CONSOLIDATED USE 1023131**,1023131,,,,20079635,90378247,Invoice,2095,0,1,2095,2095
12/26/2024,Other GI Supply Disposables,GI,202301,1083398,INFINITY TESTING SOLUTIONS,,,,,20084372,90378276,Credit Memo,-90,-34.5,-50,4500,4534.5
12/26/2024,Other Uro Dx Disposables,Uro,202301,1023078,UT Southwestern Medical Center,,,,,20168500,90378238,Invoice,870,108,300,261000,260892
12/26/2024,RenovaRP Consumables,GI,202301,1105663,Med Center Health - Bowling Green,,,,,20196965,90378294,Invoice,3400,1955,340,1156000,1154045
12/26/2024,Spot Ex,GI,202301,1023156,VA Indiana Health Care,,,,,20196377,90378250,Invoice,380,32.1,10,3800,3767.9
12/26/2024,Spot Ex,GI,202301,1105351,AUSTIN ENDOSCOPY CENTER I ACCOUNTS PAYABLE,,,,,20192499,90378290,Invoice,1380,128.4,40,55200,55071.6
12/26/2024,T-Doc Catheters,Uro,202301,1023093,Upstate Urology Inc,,,,,20084426,90378240,Invoice,4340,1937,50,217000,215063
12/26/2024,T-Doc Catheters,Uro,202301,1023093,Upstate Urology Inc,,,,,20084426,90378240,Invoice,2910,985,50,145500,144515
12/26/2024,T-Doc Catheters,Uro,202301,1082683,SSM Health Medical Group,,,,,20166976,90378275,Invoice,1572,74.4,20,31440,31365.6
12/26/2024,UDS Other Service & Repairs,Uro,202301,1079867,Urogynecology Center of Northern VA,,,,,20164040,90378273,Invoice,0,4.99,1,0,-4.99
12/27/2024,Clearview,CI,202301,1059559,KCH Interventional Facilities Management,,,,,20155740,90378333,Invoice,305.93,74.59,5,1529.65,1455.06
12/27/2024,Spot Ex,GI,202301,1106223,GI ASSOCIATES & ENDOSCOPY CENTER ACCOUNTS PAYABLE,,,,,20193739,90378307,Invoice,690,67.2,20,13800,13732.8
2/4/2025,3rd party,CI,202301,1060253,Helios Beschaffungsmanagement GmbH,,,,,20155471,90378363,Credit Memo,-496.29,-215.78,-20,9925.8,10141.58
2/4/2025,Endoscopy Parts & Accessories,Uro,202301,1058766,Selarl Urologie Atlantis Lacoste - Rousseau - Potiron,,,,,1058766,90378340,Credit Memo,0,-102.31,-1,0,102.31
2/4/2025,Other Uro Dx Disposables,Uro,202301,1060957,CHU Caen,,,,,20154765,90378347,Debit Memo,409.44,7.18,30,12283.2,12276.02
2/4/2025,Other Uro Dx Equipment,Uro,202301,1020000,Crothall Services Group,,,,,20084928,90378361,Credit Memo,-2759.67,-1108.65,-1,2759.67,3868.32
2/4/2025,T-Doc Catheters,Uro,202301,1060957,CHU Caen,,,,,20154765,90378354,Credit Memo,-1200.6,-211.46,-80,96048,96259.46
2/4/2025,T-Doc Catheters,Uro,202301,1060957,CHU Caen,,,,,20154765,90378354,Credit Memo,-1596.77,0,-4,6387.08,6387.08
2/4/2025,T-Doc Catheters,Uro,202301,1060957,CHU Caen,,,,,20154765,90378355,Debit Memo,1441.41,345.25,80,115312.8,114967.55
2/4/2025,T-Doc Catheters,Uro,202301,1060957,CHU Caen,,,,,20154765,90378357,Debit Memo,600.3,105.73,40,24012,23906.27
2/4/2025,Tubing,Uro,202301,1060957,CHU Caen,,,,,20154765,90378348,Credit Memo,-465.28,-98.72,-50,23264,23362.72
2/4/2025,Tubing,Uro,202301,1060957,CHU Caen,,,,,20154765,90378351,Debit Memo,65.81,25.67,20,1316.2,1290.53
2/4/2025,Tubing,Uro,202301,1060957,CHU Caen,,,,,20154765,90378351,Debit Memo,166.69,83.34,25,4167.25,4083.91
2/4/2025,Tubing,Uro,202301,1060957,CHU Caen,,,,,20154765,90378355,Debit Memo,166.69,83.34,25,4167.25,4083.91
2/4/2025,Tubing,Uro,202301,1059384,St. Vinzenzkrankenhaus Hanau gGmbH Einkauf,,,,,1059384,90378367,Invoice,204.99,13.81,10,2049.9,2036.09
2/4/2025,UDS Other Service & Repairs,Uro,202301,1020034,Ann & Robert H.Lurie Childrens Hospital,,,,,20078689,90378360,Invoice,980,0,1,980,980
2/4/2025,UDS Other Service & Repairs,Uro,202301,1020034,Ann & Robert H.Lurie Childrens Hospital,,,,,20078689,90378360,Invoice,622.23,0,1,622.23,622.23
2/4/2025,Unisensor SS,GI,202301,1058940,"Giant Boat Co., Ltd",,,,,1058940,90378358,Invoice,14888,0,0,0,0
2/4/2025,Uromed,Uro,202301,1061707,Alliance Healthcare Répartition,,,,,20152859,90378343,Debit Memo,39.88,7.05,1,39.88,32.83
2/5/2025,3rd party,CI,202301,1060489,Roeser Medical GmbH,,,,,1060461,90378372,Invoice,215.24,132.92,10,2152.4,2019.48
2/5/2025,Endoscopy Sheaths,Uro,202301,1061749,Jersey General Hospital,,,,,20197530,90378385,Invoice,4853.93,1069.41,100,485393,484323.59
2/5/2025,InjeTAK,Uro,202301,1069695,NHS Greater Glasgow & Clyde Payments Department,,,,,20151700,90378384,Invoice,237.06,91.83,4,948.24,856.41
2/5/2025,Other GI Disposables,GI,202301,1060413,Kaiserin-Auguste-Victoria-Krankenhaus GmbH -Einkauf,,,,,1060413,90378371,Invoice,34.52,12.34,1,34.52,22.18
2/5/2025,Other GI Disposables,GI,202301,1060413,Kaiserin-Auguste-Victoria-Krankenhaus GmbH -Einkauf,,,,,1060413,90378371,Invoice,34.52,12.34,1,34.52,22.18
2/5/2025,Other Uro Dx Disposables,Uro,202301,1069523,Sankt Marien-Hospital Buer GmbH Zentraleinkauf,,,,,20153687,90378373,Invoice,557.92,212,50,27896,27684
2/5/2025,Ph/Impedance Catheters,GI,202301,1059463,Krankenhaus GmbH LK Weilheim-Schongau,,,,,20153660,90378368,Invoice,695.89,94.24,5,3479.45,3385.21
2/5/2025,Ph/Impedance Catheters,GI,202301,1060850,Diakoneo Klinik Schwabach Krankenhaus Schwabach gGmbH,,,,,1060850,90378380,Invoice,712.07,145.86,10,7120.7,6974.84
2/5/2025,Ph/Impedance Catheters,GI,202301,1061755,The Leeds Teaching Hospital NHS Trust Finance Department,,,,,20171157,90378386,Invoice,848.76,495.31,20,16975.2,16479.89
2/5/2025,Water Catheters,Uro,202301,1069742,Sana Einkauf & Logistik GmbH Krankenhausvollversorgung,,,,,20164286,90378379,Invoice,466.08,138.85,30,13982.4,13843.55
2/6/2025,Anorectal Manometry Catheters,GI,202301,1061786,Great Ormond Street Hospital NHS Trust Finance Department,,,,,20151684,90378395,Invoice,937.35,701.05,10,9373.5,8672.45
2/6/2025,InjeTAK,Uro,202301,1061860,"Mid Yorkshire Hospitals NHS FT Accounts Payable, Finance Dept.",,,,,20151474,90378397,Invoice,973.94,459.14,20,19478.8,19019.66
2/6/2025,InjeTAK,Uro,202301,1061863,NHS Supply Chain NHS Suppply Chain Accounts Payable,,,,,20151485,90378398,Invoice,92.88,45.91,2,185.76,139.85
2/6/2025,InjeTAK,Uro,202301,1061863,NHS Supply Chain NHS Suppply Chain Accounts Payable,,,,,20151487,90378399,Invoice,464.39,229.57,10,4643.9,4414.33
2/6/2025,InjeTAK,Uro,202301,1061863,NHS Supply Chain NHS Suppply Chain Accounts Payable,,,,,20151487,90378402,Invoice,2229.09,1101.95,48,106996.32,105894.37
2/6/2025,InjeTAK,Uro,202301,1061863,NHS Supply Chain NHS Suppply Chain Accounts Payable,,,,,20151486,90378405,Invoice,237.15,70.65,6,1422.9,1352.25
2/6/2025,InjeTAK,Uro,202301,1061863,NHS Supply Chain NHS Suppply Chain Accounts Payable,,,,,20151478,90378406,Invoice,92.88,45.91,2,185.76,139.85
2/6/2025,Other Uro Dx Disposables,Uro,202301,1061863,NHS Supply Chain NHS Suppply Chain Accounts Payable,,,,,20151487,90378400,Invoice,187.23,416.72,50,9361.5,8944.78
2/6/2025,Ph/Impedance Catheters,GI,202301,1061755,The Leeds Teaching Hospital NHS Trust Finance Department,,,,,20171157,90378386,Invoice,3015.2,472.73,25,75380,74907.27
2/6/2025,Ph/Impedance Catheters,GI,202301,1089817,St. George's Univ.Hosp. NHS FT RJ7 Payables F945,,,,,20153853,90378392,Invoice,1174.75,506.99,40,46990,46483.01
2/6/2025,Ph/Impedance Catheters,GI,202301,1069659,Imperial College Healthcare NHS Tru Accounts Payable Dept.,,,,,20155435,90378394,Invoice,1430.33,380.24,30,42909.9,42529.66
2/6/2025,UDS Other Service & Repairs,Uro,202301,1108477,Norfolk & Norwich Univ. Hospitals NHSFT RM1 PAYABLES G105,,,,,20153524,90378387,Invoice,0,0,0,0,0
2/6/2025,UDS Other Service & Repairs,Uro,202301,1108477,Norfolk & Norwich Univ. Hospitals NHSFT RM1 PAYABLES G105,,,,,20153524,90378387,Invoice,0,0,0,0,0
2/6/2025,Water Catheters,Uro,202301,1061863,NHS Supply Chain NHS Suppply Chain Accounts Payable,,,,,20163892,90378403,Invoice,225.16,224.06,100,22516,22291.94
2/7/2025,Endoscopy Sheaths,Uro,202301,9980001273,HAZEL Thomas,,,,,9980001273,90378408,Invoice,0,107.92,10,0,-107.92
2/7/2025,Endoscopy Sheaths,Uro,202301,1060981,CHU Besançon,,,,,20151624,90378410,Invoice,11969.75,3027.83,320,3830320,3827292.17
2/7/2025,Endoscopy Sheaths,Uro,202301,1060981,CHU Besançon,,,,,20151624,90378410,Invoice,2992.44,860.53,80,239395.2,238534.67
2/7/2025,Endoscopy Sheaths,Uro,202301,1079901,HP Privé Paul d'Egine,,,,,20156223,90378421,Invoice,1068.11,322.7,30,32043.3,31720.6
2/7/2025,Kiwi,CI,202301,1061135,Hôtel Dieu de Creusot - Groupe SOS Santé,,,,,20152972,90378419,Invoice,1537.43,187.4,30,46122.9,45935.5
2/7/2025,Tubing,Uro,202301,1061901,Stockport NHS Trust,,,,,20155359,90378407,Invoice,246.4,110.83,80,19712,19601.17
2/7/2025,Tubing,Uro,202301,1060981,CHU Besançon,,,,,20151624,90378410,Invoice,446.66,127.31,50,22333,22205.69
2/7/2025,Tubing,Uro,202301,1061052,CH Avranches Granville,,,,,20153031,90378415,Invoice,60.69,74.45,25,1517.25,1442.8
2/7/2025,Tubing,Uro,202301,1089969,Polyclinique du Parc Caen DA PAR,,,,,20151287,90378422,Invoice,266.38,41.43,30,7991.4,7949.97
2/7/2025,UDS Other Service & Repairs,Uro,202301,1061050,CHU Angers,,,,,1061050,90378414,Invoice,647.34,0,4,2589.36,2589.36
2/7/2025,UDS Other Service & Repairs,Uro,202301,1061050,CHU Angers,,,,,1061050,90378414,Invoice,160.22,0,1,160.22,160.22
2/8/2025,Endoscopy Sheaths,Uro,202301,1083552,Polyclinique Vauban DA VAU,,,,,20153705,90378425,Invoice,4628.48,1398.36,130,601702.4,600304.04
2/8/2025,Endoscopy Sheaths,Uro,202301,1082661,Clinique d'Argonay,,,,,20152774,90378427,Invoice,2136.22,567.72,60,128173.2,127605.48
2/8/2025,Endoscopy Sheaths,Uro,202301,1060064,Uroviva  AG Praxisstandort Bülach,,,,,1060064,90378434,Invoice,3465.91,421.84,40,138636.4,138214.56
2/8/2025,Kiwi,CI,202301,1083948,HP Natecia,,,,,1083948,90378428,Invoice,3463.27,374.81,60,207796.2,207421.39
2/8/2025,Kiwi,CI,202301,1083951,Clinique Générale Annecy,,,,,1083951,90378429,Invoice,1165.21,124.93,20,23304.2,23179.27
2/8/2025,Kiwi,CI,202301,1083956,Maternité Sainte Félicité,,,,,1083956,90378430,Invoice,512.48,62.47,10,5124.8,5062.33
2/8/2025,Other Uro Dx Disposables,Uro,202301,1079894,GIP Resah IDF SIRET 13000501000025,,,,,20155255,90378424,Invoice,26.96,7.57,1,26.96,19.39
2/8/2025,Other Uro Dx Disposables,Uro,202301,1079894,GIP Resah IDF SIRET 13000501000025,,,,,20155255,90378424,Invoice,17.7,3.81,1,17.7,13.89
2/8/2025,Other Uro Dx Disposables,Uro,202301,1059988,HOCH Health Ostschweiz Departement Finanzen,,,,,20152608,90378432,Invoice,920.66,209.75,50,46033,45823.25
2/8/2025,Other Uro Dx Equipment,Uro,202301,1079894,GIP Resah IDF SIRET 13000501000025,,,,,20155255,90378424,Invoice,81.68,31.63,1,81.68,50.05
2/8/2025,Solar Blue,Uro,202301,1079894,GIP Resah IDF SIRET 13000501000025,,,,,20155255,90378424,Invoice,16609.78,5139.16,1,16609.78,11470.62
2/8/2025,Solar Blue,Uro,202301,1059821,Asbl Clin.Notre-Dame De Grâce,,,,,1059821,90378438,Invoice,30128.01,7234.96,1,30128.01,22893.05
2/8/2025,T-Doc Catheters,Uro,202301,1108423,scm Saint Germain l'Auxerrois,,,,,1108423,90378431,Invoice,863.12,172.62,50,43156,42983.38
2/8/2025,T-Doc Catheters,Uro,202301,1059837,AZ Alma,,,,,20153664,90378440,Invoice,681.86,69.04,20,13637.2,13568.16
2/8/2025,Tubing,Uro,202301,1069900,Isppc Isppc,,,,,20153691,90378439,Invoice,381.93,41.43,30,11457.9,11416.47
2/8/2025,UDS Other Service & Repairs,Uro,202301,1079894,GIP Resah IDF SIRET 13000501000025,,,,,20155255,90378424,Invoice,567.78,416.73,1,567.78,151.05
2/8/2025,UDS Other Service & Repairs,Uro,202301,1059821,Asbl Clin.Notre-Dame De Grâce,,,,,1059821,90378438,Invoice,127.04,33.36,1,127.04,93.68
2/9/2025,Breath Analyzers,GI,202301,1058951,Medicina y Mercado S.L,,,,,1058951,90378451,Invoice,316.83,0,0,0,0
2/9/2025,Breath Test consumables,GI,202301,1069507,AZ Groeninge Dienst Crediteuren,,,,,20151535,90378441,Invoice,340.76,76.65,48,16356.48,16279.83
2/9/2025,Electrodes,Uro,202301,1059854,Somedi CVBA,,,,,20154385,90378442,Invoice,917.06,461.76,200,183412,182950.24
2/9/2025,Endoscopy Sheaths,Uro,202301,1058952,Meden-Inmed Sp. z o.o.,,,,,1058952,90378452,Invoice,44599.05,15059.29,1400,62438670,62423610.71
2/9/2025,Endoscopy Sheaths,Uro,202301,1058952,Meden-Inmed Sp. z o.o.,,,,,1058952,90378452,Invoice,15928.23,5329.76,500,7964115,7958785.24
2/9/2025,Flowmaster,Uro,202301,1058745,Al Zahrawi Medical Supplies L.L.C,,,,,20164001,90378447,Invoice,8929.53,1729.58,3,26788.59,25059.01
2/9/2025,Incontinence UPC Lead Sets,Uro,202301,1058745,Al Zahrawi Medical Supplies L.L.C,,,,,20165891,90378444,Invoice,1191.9,189.02,1,1191.9,1002.88
2/9/2025,Incontinence UPC Lead Sets,Uro,202301,1058745,Al Zahrawi Medical Supplies L.L.C,,,,,20165891,90378444,Invoice,445.1,39.15,1,445.1,405.95
2/9/2025,Kiwi,CI,202301,1069507,AZ Groeninge Dienst Crediteuren,,,,,20151535,90378441,Invoice,712.56,93.7,15,10688.4,10594.7
2/9/2025,Other Uro Dx Equipment,Uro,202301,1058745,Al Zahrawi Medical Supplies L.L.C,,,,,20164001,90378447,Invoice,930.58,311.67,2,1861.16,1549.49
2/9/2025,Ph/Impedance Catheters,GI,202301,1059931,A.Z. Jan Palfijn Gent,,,,,20151848,90378443,Invoice,513.56,246.86,10,5135.6,4888.74
2/9/2025,Tubing,Uro,202301,1058745,Al Zahrawi Medical Supplies L.L.C,,,,,20164001,90378445,Invoice,3441.9,409.42,300,1032570,1032160.58
2/9/2025,Tubing,Uro,202301,1058952,Meden-Inmed Sp. z o.o.,,,,,1058952,90378452,Invoice,397.26,183.41,100,39726,39542.59
2/9/2025,Water Catheters,Uro,202301,1058952,Meden-Inmed Sp. z o.o.,,,,,1058952,90378453,Invoice,217.05,78.97,20,4341,4262.03
2/9/2025,Water Catheters,Uro,202301,1058952,Meden-Inmed Sp. z o.o.,,,,,1058952,90378454,Invoice,1611.66,673.23,200,322332,321658.77
2/9/2025,Water Catheters,Uro,202301,1069667,EB Neuro  S.p.A.,,,,,20156439,90378458,Invoice,1347.71,785.44,200,269542,268756.56
2/10/2025,Esophageal Manometry catheters,GI,202301,1059073,Teprel Equipamento Medicos,,,,,20154543,90378466,Invoice,9905.42,7154.4,80,792433.6,785279.2
2/10/2025,Optilume Strictures,Uro,202301,1059003,Sisk Healthcare t/a M.E.D. Surgical Unit 3,,,,,20150917,90378460,Invoice,2395.16,1567.15,2,4790.32,3223.17
2/10/2025,Ph/Impedance Catheters,GI,202301,1059073,Teprel Equipamento Medicos,,,,,20154543,90378466,Invoice,2062.45,376.97,20,41249,40872.03
2/10/2025,Probes -Urostym,Uro,202301,1059023,Palex Medical SA,,,,,20154212,90378464,Invoice,748.53,206.98,8,5988.24,5781.26
2/10/2025,UDS Other Service & Repairs,Uro,202301,1059003,Sisk Healthcare t/a M.E.D. Surgical Unit 3,,,,,20150917,90378459,Invoice,0,44.71,1,0,-44.71
2/10/2025,UDS Other Service & Repairs,Uro,202301,1069376,Urovision F.H. Uro,,,,,1059021,90378463,Invoice,728.26,0,4.5,3277.17,3277.17
2/10/2025,UDS Other Service & Repairs,Uro,202301,1069376,Urovision F.H. Uro,,,,,1059021,90378463,Invoice,203.76,0,1,203.76,203.76
2/10/2025,UDS Other Service & Repairs,Uro,202301,1069376,Urovision F.H. Uro,,,,,1059021,90378463,Invoice,44.63,0,1,44.63,44.63
2/11/2025,Breath Test consumables,GI,202301,1059102,Atalmedial,,,,,20153587,90378471,Invoice,170.47,38.33,24,4091.28,4052.95
2/11/2025,Kiwi,CI,202301,1059109,UMC Utrecht,,,,,20150926,90378472,Invoice,1283.89,156.17,25,32097.25,31941.08
2/11/2025,Kiwi,CI,202301,1070204,Medisch Spectrum Twente Crediteurenadministratie,,,,,20153732,90378473,Invoice,242.26,50.6,5,1211.3,1160.7
2/11/2025,Other Uro Dx Disposables,Uro,202301,1070228,Radboud Umc 205 Crediteurenadministratie,,,,,20150936,90378468,Invoice,323.67,197.44,150,48550.5,48353.06
2/11/2025,Other Uro Dx Disposables,Uro,202301,1069309,Universitair Medisch Centrum Gronin Crediteurenadministratie,,,,,20156142,90378474,Invoice,471.58,212.01,50,23579,23366.99
2/11/2025,Water Catheters,Uro,202301,1059073,Teprel Equipamento Medicos,,,,,20154543,90378466,Invoice,469.49,216.64,40,18779.6,18562.96
2/12/2025,Breath Analyzers,GI,202301,1059159,Jeroen Bosch Ziekenhuis,,,,,1059159,90378476,Invoice,0,0,0,0,0
2/12/2025,Breath Test consumables,GI,202301,1069454,Canisius-Wilhelmina Ziekenhuis,,,,,20150906,90378478,Invoice,325.83,72.87,2,651.66,578.79
2/12/2025,Clearview,CI,202301,1069324,Academisch Medisch Centrum Crediteurenadministratie,,,,,20156344,90378477,Invoice,357.83,78.11,5,1789.15,1711.04
2/12/2025,Endoscopy Sheaths,Uro,202301,1069622,Elkerliek Ziekenhuis Crediteurenadministratie,,,,,20153550,90378475,Invoice,971.01,215.13,20,19420.2,19205.07
2/12/2025,Kiwi,CI,202301,1069515,Zorgservice XL,,,,,20150925,90378480,Invoice,2053.62,249.87,40,82144.8,81894.93
2/12/2025,Optilume Strictures,Uro,202301,1089720,Vivamed Ltd,,,,,1089720,90378487,Invoice,3000,0,2,6000,6000
2/12/2025,UDS Other Service & Repairs,Uro,202301,1059255,"Endotherapeutics Pty. Ltd, Australia",,,,,1059255,90378485,Invoice,0,0,0,0,0
2/12/2025,UDS Other Service & Repairs,Uro,202301,1059255,"Endotherapeutics Pty. Ltd, Australia",,,,,1059255,90378485,Invoice,0,0,0,0,0
2/12/2025,UDS Other Service & Repairs,Uro,202301,1059691,Moss S.p.A.,,,,,1059691,90378486,Invoice,2727.01,0,0,0,0
2/12/2025,UDS Other Service & Repairs,Uro,202301,1059691,Moss S.p.A.,,,,,1059691,90378486,Invoice,1472.7,0,0,0,0
2/13/2025,Anorectal Manometry Catheters,GI,202301,9980000913,Albert Meek Meek,,,,,9980000913,90378489,Invoice,0,105.46,5,0,-105.46
2/13/2025,Anorectal Manometry Catheters,GI,202301,9980000913,Albert Meek Meek,,,,,9980000913,90378489,Invoice,0,105.46,5,0,-105.46
2/13/2025,Endoscopy Monitors,Uro,202301,1108461,Dr. Matthias Kretz,,,,,9980000931,90378494,Invoice,10275.72,6205.33,1,10275.72,4070.39
2/13/2025,Endoscopy Parts & Accessories,Uro,202301,1108461,Dr. Matthias Kretz,,,,,9980000931,90378494,Invoice,0,102,1,0,-102
2/13/2025,Endoscopy Parts & Accessories,Uro,202301,1108461,Dr. Matthias Kretz,,,,,9980000931,90378494,Invoice,310.98,94.44,1,310.98,216.54
2/13/2025,Optilume Strictures,Uro,202301,1089720,Vivamed Ltd,,,,,1089720,90378487,Invoice,0,1454.42,0,0,-1454.42
2/13/2025,Optilume Strictures,Uro,202301,1089720,Vivamed Ltd,,,,,1089720,90378487,Invoice,0,56.42,0,0,-56.42
2/13/2025,Other Uro Dx Disposables,Uro,202301,1059512,"NÖ LGA, p.a. UK Wr. Neustadt FIBU",,,,,20153339,90378493,Invoice,1078.9,577.21,2,2157.8,1580.59
2/13/2025,Other Uro Dx Equipment,Uro,202301,9980000913,Albert Meek Meek,,,,,9980000913,90378489,Invoice,0,31.63,1,0,-31.63
2/13/2025,Tubing,Uro,202301,1079253,Wiener Gesundheitsverbund KFN - BA 25,,,,,20153209,90378491,Invoice,166.15,49.52,10,1661.5,1611.98
2/13/2025,Tubing,Uro,202301,1070408,Stmk. Krankenanstaltenges.m.b.H. LKH Südweststeiermark,,,,,1059483,90378492,Invoice,264.33,269.72,100,26433,26163.28
2/13/2025,Tubing,Uro,202301,1070408,Stmk. Krankenanstaltenges.m.b.H. LKH Südweststeiermark,,,,,1059483,90378492,Invoice,132.17,134.87,50,6608.5,6473.63
2/13/2025,UDS Other Service & Repairs,Uro,202301,1108461,Dr. Matthias Kretz,,,,,9980000931,90378494,Invoice,0,3.74,1,0,-3.74
2/14/2025,babyLance,CI,202301,1081262,"Home4Birth, LLC",,,,,20166273,90378513,Invoice,39,19.5,50,1950,1930.5
2/14/2025,BoogieBaby,CI,202301,1019717,Banner Health,,,,,20083771,90378497,Invoice,122,52,100,12200,12148
2/14/2025,DSD,CI,202301,1078679,Cardinal Health,,,,,20166710,90378504,Invoice,332,46.5,50,16600,16553.5
2/14/2025,Eclipse,Uro,202301,1020484,Fort Belvoir Community Hospital,,,,,20074416,90378500,Invoice,0,130.51,1,0,-130.51
2/14/2025,Eclipse,Uro,202301,1020484,Fort Belvoir Community Hospital,,,,,20074416,90378500,Invoice,0,261.02,2,0,-261.02
2/14/2025,Eclipse,Uro,202301,1020484,Fort Belvoir Community Hospital,,,,,20074416,90378500,Invoice,0,261.02,2,0,-261.02
2/14/2025,Eclipse,Uro,202301,1020484,Fort Belvoir Community Hospital,,,,,20074416,90378500,Invoice,0,261.02,2,0,-261.02
2/14/2025,Eclipse,Uro,202301,1020484,Fort Belvoir Community Hospital,,,,,20074416,90378500,Invoice,0,261.02,2,0,-261.02
2/14/2025,Eclipse,Uro,202301,1020484,Fort Belvoir Community Hospital,,,,,20074416,90378500,Invoice,0,130.51,1,0,-130.51
2/14/2025,Eclipse,Uro,202301,1020484,Fort Belvoir Community Hospital,,,,,20074416,90378500,Invoice,999,138.13,1,999,860.87
2/14/2025,Eclipse,Uro,202301,1020971,Kaiser Health Plan Asset Mgmt,,,,,20167461,90378501,Invoice,1750,138.13,1,1750,1611.87
2/14/2025,Koala,CI,202301,1078784,OM Owens & Minor,,,,,20168091,90378511,Invoice,280.5,45.3,10,2805,2759.7
2/14/2025,Koala,CI,202301,1078784,OM Owens & Minor,,,,,20168091,90378512,Invoice,280.5,45.3,10,2805,2759.7
2/14/2025,ROM,CI,202301,1020042,Christus Health,,,,,20168760,90378498,Invoice,875,135.25,25,21875,21739.75
2/14/2025,Water Catheters,Uro,202301,9980000931,Harald Gaunerstorfer,,,,,9980000931,90378495,Invoice,0,85.56,10,0,-85.56
2/15/2025,BoogieBaby,CI,202301,1081543,Medex Supply Medical Inc,,,,,20166508,90378514,Invoice,209.96,41,100,20996,20955
2/15/2025,Kiwi,CI,202301,1078709,Brightshores Health System,,,,,20165981,90378518,Invoice,200.35,26.38,5,1001.75,975.37
2/15/2025,Kiwi,CI,202301,1078779,Nova Scotia Health Authority,,,,,20163114,90378520,Invoice,601.05,79.14,15,9015.75,8936.61
2/15/2025,Kiwi,CI,202301,1079578,Thunder Bay Reg Health Science Ctr,,,,,20163523,90378524,Invoice,744.8,105.52,20,14896,14790.48
2/15/2025,Koala,CI,202301,1078820,Southern Health-Sante' Sud,,,,,20163285,90378522,Invoice,375.38,45.7,10,3753.8,3708.1
2/15/2025,Other Uro Dx Disposables,Uro,202301,1080959,St. Joseph's Healthcare Hamilton,,,,,20163577,90378529,Invoice,0,35.21,1,0,-35.21
2/15/2025,Other Uro Dx Disposables,Uro,202301,1087564,Cypress Reg Hospital Saskatchewan HA *CONSOLIDATED use 1078834*,1078834,,,,20168516,90378530,Invoice,55.86,10.64,5,279.3,268.66
2/15/2025,Other Uro Dx Equipment,Uro,202301,1080959,St. Joseph's Healthcare Hamilton,,,,,20163577,90378529,Invoice,0,51.35,1,0,-51.35
2/15/2025,Other Uro Dx Equipment,Uro,202301,9980000179,SARA POORSAADATI,,,,,9980000179,90378531,Invoice,0,295.45,1,0,-295.45
2/15/2025,Other Uro Dx Equipment,Uro,202301,9980000179,SARA POORSAADATI,,,,,9980000179,90378531,Invoice,0,90.54,1,0,-90.54
2/15/2025,Other Uro Dx Equipment,Uro,202301,9980000179,SARA POORSAADATI,,,,,9980000179,90378531,Invoice,0,90.54,1,0,-90.54
2/15/2025,Tubing,Uro,202301,1080925,VHN - Hospital Regional Chaleur,,,,,20166050,90378526,Invoice,819.28,94.32,50,40964,40869.68
2/15/2025,UDS Other Service & Repairs,Uro,202301,9980000179,SARA POORSAADATI,,,,,9980000179,90378531,Invoice,0,419.12,1,0,-419.12
2/15/2025,UDS Other Service & Repairs,Uro,202301,9980000179,SARA POORSAADATI,,,,,9980000179,90378531,Invoice,0,155.23,1,0,-155.23
2/16/2025,Electrodes,Uro,202301,1019566,AnMed Health,,,,,20077277,90378548,Invoice,93,27.1,10,930,902.9
2/16/2025,EverLift,GI,202301,1019652,BJC Healthcare,,,,,20085003,90378551,Invoice,1600,179.6,40,64000,63820.4
2/16/2025,Incontinence MPQ,Uro,202301,1019450,Abrazo Central Campus,,,,,20068075,90378538,Invoice,1414,84.12,2,2828,2743.88
2/16/2025,Incontinence UPC Lead Sets,Uro,202301,1019476,Advanced Urology Institute LLC,,,,,20083739,90378540,Invoice,1160,93.6,2,2320,2226.4
2/16/2025,Optilume Strictures,Uro,202301,1019007,Baxter Regional Medical Center,,,,,20074636,90378533,Invoice,4190,0,2,8380,8380
2/16/2025,Optilume Strictures,Uro,202301,1019007,Baxter Regional Medical Center,,,,,20074636,90378533,Invoice,0,71.68,0,0,-71.68
2/16/2025,Optilume Strictures,Uro,202301,1019652,BJC Healthcare,,,,,20078904,90378553,Invoice,2095,0,1,2095,2095
2/16/2025,Other GI Supply Disposables,GI,202301,1019150,Cape Cod Healthcare Inc,,,,,20072958,90378537,Invoice,220,43,100,22000,21957
2/16/2025,RenovaRP Consumables,GI,202301,1019540,UnityPoint Health,,,,,20074395,90378546,Invoice,1075,575,100,107500,106925
2/16/2025,T-Doc Catheters,Uro,202301,1019529,Aspirus Keweenaw Hospital *CONSOLIDATED use 1023267*,1023267,,,,20076810,90378542,Invoice,670,81.6,10,6700,6618.4
2/16/2025,UDS Other Service & Repairs,Uro,202301,1019566,AnMed Health,,,,,20077277,90378549,Invoice,3615.68,0,0,0,0
2/16/2025,UDS Other Service & Repairs,Uro,202301,1019566,AnMed Health,,,,,20077277,90378549,Invoice,1500.01,0,0,0,0
2/17/2025,Electrodes,Uro,202301,1019702,Nathalie M.Barnes MD,,,,,20078131,90378561,Invoice,588,189.7,70,41160,40970.3
2/17/2025,Electrodes,Uro,202301,1019711,Baptist Health Care Authority,,,,,20084888,90378565,Invoice,186,54.2,20,3720,3665.8
2/17/2025,Endoscopy Sheaths,Uro,202301,1019679,Avera St. Luke's,,,,,20079210,90378558,Invoice,1857,13.5,30,55710,55696.5
2/17/2025,InjeTAK,Uro,202301,1019709,Bronson Healthcare,,,,,20078135,90378563,Invoice,472,174.8,8,3776,3601.2
2/17/2025,InjeTAK,Uro,202301,1019711,Baptist Health Care Authority,,,,,20084888,90378565,Invoice,489,131.1,6,2934,2802.9
2/17/2025,Optilume Strictures,Uro,202301,1019652,BJC Healthcare,,,,,20078904,90378553,Invoice,0,201,0,0,-201
2/17/2025,Optilume Strictures,Uro,202301,1019652,BJC Healthcare,,,,,20078904,90378553,Invoice,0,35.84,0,0,-35.84
2/17/2025,Other GI Supply Disposables,GI,202301,1019707,Baptist Healthcare System Inc,,,,,20168228,90378562,Invoice,220,43,100,22000,21957
2/17/2025,Spot Ex,GI,202301,1019668,Aurora Health *Consolidated* Use BP# 1020857,,,,,20084294,90378556,Invoice,380,32.1,10,3800,3767.9
2/17/2025,T-Doc Catheters,Uro,202301,1019711,Baptist Health Care Authority,,,,,20084888,90378565,Invoice,670,81.6,10,6700,6618.4
2/17/2025,T-Doc Catheters,Uro,202301,1019711,Baptist Health Care Authority,,,,,20084888,90378565,Invoice,786,36.8,10,7860,7823.2
2/17/2025,Tubing,Uro,202301,1019668,Aurora Health *Consolidated* Use BP# 1020857,,,,,20084294,90378554,Invoice,77,45.25,25,1925,1879.75
2/18/2025,Electrodes,Uro,202301,1019756,Golden Gate Urology,,,,,20083232,90378569,Invoice,93,27.1,10,930,902.9
2/18/2025,Spot Ex,GI,202301,1019736,Mount Sinai: Beth Israel,,,,,20192789,90378568,Invoice,380,32.1,10,3800,3767.9
2/18/2025,Spot Ex,GI,202301,1019794,Berkshire Health Systems,,,,,20170424,90378570,Invoice,380,32.1,10,3800,3767.9
2/18/2025,T-Doc Catheters,Uro,202301,1019711,Baptist Health Care Authority,,,,,20084888,90378565,Invoice,670,81.6,10,6700,6618.4
2/18/2025,Tubing,Uro,202301,1019711,Baptist Health Care Authority,,,,,20084888,90378565,Invoice,577,46.75,25,14425,14378.25
2/18/2025,Tubing,Uro,202301,1019717,Banner Health,,,,,20082381,90378566,Invoice,577,46.75,25,14425,14378.25
2/18/2025,Tubing,Uro,202301,1019756,Golden Gate Urology,,,,,20083232,90378569,Invoice,259,43.75,25,6475,6431.25
2/18/2025,Water Catheters,Uro,202301,1019756,Golden Gate Urology,,,,,20083232,90378569,Invoice,382,82.2,20,7640,7557.8
2/19/2025,Electrodes,Uro,202301,1019986,Boston Children's Hospital,,,,,20067206,90378578,Invoice,93,27.1,10,930,902.9
2/19/2025,Endoscopy Parts & Accessories,Uro,202301,1019961,Central Ohio Urology Group,,,,,20073232,90378577,Invoice,2262,1017.96,2,4524,3506.04
2/19/2025,InjeTAK,Uro,202301,1019875,Carilion Clinic,,,,,20075461,90378574,Invoice,595,118.4,10,5950,5831.6
2/19/2025,InjeTAK,Uro,202301,1020036,Children's Mercy Hospital,,,,,20067463,90378580,Invoice,163,43.7,2,326,282.3
2/19/2025,Optilume Strictures,Uro,202301,1019832,UNC Health Blue Ridge,,,,,20076952,90378572,Invoice,4190,0,2,8380,8380
2/19/2025,Optilume Strictures,Uro,202301,1019832,UNC Health Blue Ridge,,,,,20076952,90378572,Invoice,0,402,0,0,-402
2/19/2025,Optilume Strictures,Uro,202301,1019832,UNC Health Blue Ridge,,,,,20076952,90378572,Invoice,0,71.68,0,0,-71.68
2/19/2025,Spot Ex,GI,202301,1019879,CarolinaEast Health System,,,,,20193198,90378575,Invoice,380,32.1,10,3800,3767.9
2/19/2025,Spot Ex,GI,202301,1020042,Christus Health,,,,,20084097,90378581,Invoice,345,32.1,10,3450,3417.9
2/19/2025,T-Doc Catheters,Uro,202301,1019835,Mass General Brigham,,,,,20080538,90378573,Invoice,3350,408,50,167500,167092
2/19/2025,Tubing,Uro,202301,1019835,Mass General Brigham,,,,,20080538,90378573,Invoice,577,46.75,25,14425,14378.25
2/19/2025,Water Catheters,Uro,202301,1020004,Children's National Medical Center,,,,,20078365,90378579,Invoice,566,90.6,20,11320,11229.4
2/19/2025,Water Catheters,Uro,202301,1020004,Children's National Medical Center,,,,,20078365,90378579,Invoice,382,82.2,20,7640,7557.8
2/20/2025,Endoscopy Sheaths,Uro,202301,1020064,City Of Hope,,,,,20197308,90378583,Invoice,2170,22.5,50,108500,108477.5
2/20/2025,Incontinence UPC Lead Sets,Uro,202301,1020159,United Urology Group,,,,,20168679,90378589,Invoice,2400,187.2,4,9600,9412.8
2/20/2025,Incontinence UPC Lead Sets,Uro,202301,1020210,Columbia University,,,,,20164275,90378593,Invoice,1980,140.4,3,5940,5799.6
2/20/2025,InjeTAK,Uro,202301,1020168,Prospect Crozer LLC,,,,,20081943,90378592,Invoice,1056,189.44,16,16896,16706.56
2/20/2025,Optilume Strictures,Uro,202301,1020112,Cone Health,,,,,20073346,90378586,Invoice,2095,0,1,2095,2095
2/20/2025,Optilume Strictures,Uro,202301,1020112,Cone Health,,,,,20073346,90378586,Invoice,0,35.84,0,0,-35.84
2/20/2025,Other GI Disposables,GI,202301,1020136,Cook Children's Medical Center,,,,,20078804,90378587,Invoice,756,101.88,18,13608,13506.12
2/20/2025,Spot Ex,GI,202301,1020112,Cone Health,,,,,20170609,90378585,Invoice,380,32.1,10,3800,3767.9
2/20/2025,T-Doc Catheters,Uro,202301,1020291,IMG Urology,,,,,20166304,90378596,Invoice,7860,368,100,786000,785632
2/20/2025,Tubing,Uro,202301,1020050,Atrium Health,,,,,20080007,90378582,Invoice,2170,233.75,125,271250,271016.25
2/20/2025,Tubing,Uro,202301,1020259,Billings Clinic,,,,,20079148,90378594,Invoice,577,46.75,25,14425,14378.25
2/20/2025,Tubing,Uro,202301,1020291,IMG Urology,,,,,20166304,90378596,Invoice,3462,280.5,150,519300,519019.5
2/20/2025,UDS Other Service & Repairs,Uro,202301,1020091,Community Memorial Hospital,,,,,20068877,90378584,Invoice,0,14.73,1,0,-14.73
2/21/2025,EverLift,GI,202301,1020313,Duke University,,,,,20167453,90378600,Invoice,800,89.8,20,16000,15910.2
2/21/2025,Incontinence UPC Lead Sets,Uro,202301,1020291,IMG Urology,,,,,20166304,90378596,Invoice,9340,468,10,93400,92932
2/21/2025,Optilume Strictures,Uro,202301,1020608,Steward Health Care System,,,,,20195931,90378618,Invoice,0,402,0,0,-402
2/21/2025,Other GI Supply Disposables,GI,202301,1020304,Desert Regional Medical Center,,,,,20193378,90378597,Invoice,194,70,100,19400,19330
2/21/2025,Other GI Supply Disposables,GI,202301,1020573,Geisinger System Services,,,,,20070864,90378614,Invoice,388,140,200,77600,77460
2/21/2025,RenovaRP Consumables,GI,202301,1020394,Erlanger Health System,,,,,20068082,90378604,Invoice,925,575,100,92500,91925
2/21/2025,RenovaRP Consumables,GI,202301,1020523,Fisher Titus Health,,,,,20082164,90378613,Invoice,215,115,20,4300,4185
2/21/2025,RenovaRP Consumables,GI,202301,1020621,CHI - Common Spirit Health,,,,,20077522,90378619,Invoice,570,345,60,34200,33855
2/21/2025,Spot Ex,GI,202301,1020394,Erlanger Health System,,,,,20068082,90378603,Invoice,380,32.1,10,3800,3767.9
2/21/2025,T-Doc Catheters,Uro,202301,1020313,Duke University,,,,,20070702,90378599,Invoice,3350,408,50,167500,167092
2/21/2025,T-Doc Catheters,Uro,202301,1020313,Duke University,,,,,20070702,90378599,Invoice,4995,229,50,249750,249521
2/21/2025,T-Doc Catheters,Uro,202301,1020597,Genesis Healthcare Partners,,,,,20073824,90378617,Invoice,1510,142.4,20,30200,30057.6
2/21/2025,Tubing,Uro,202301,1020310,Penn Highlands DuBois,,,,,20080467,90378598,Invoice,1154,93.5,50,57700,57606.5
2/21/2025,Tubing,Uro,202301,1020313,Duke University,,,,,20070702,90378599,Invoice,1731,140.25,75,129825,129684.75
2/22/2025,InjeTAK,Uro,202301,1020621,CHI - Common Spirit Health,,,,,20083170,90378622,Invoice,250,47.36,4,1000,952.64
2/22/2025,Optilume Strictures,Uro,202301,1020694,Harborview Medical Center **CONSOLIDATED use 1023277**,1023277,,,,20069053,90378627,Invoice,4190,0,2,8380,8380
2/22/2025,Optilume Strictures,Uro,202301,1020694,Harborview Medical Center **CONSOLIDATED use 1023277**,1023277,,,,20069053,90378627,Invoice,4190,0,2,8380,8380
2/22/2025,Optilume Strictures,Uro,202301,1020694,Harborview Medical Center **CONSOLIDATED use 1023277**,1023277,,,,20069053,90378627,Invoice,0,402,0,0,-402
2/22/2025,Optilume Strictures,Uro,202301,1020694,Harborview Medical Center **CONSOLIDATED use 1023277**,1023277,,,,20069053,90378627,Invoice,0,71.68,0,0,-71.68
2/22/2025,Optilume Strictures,Uro,202301,1020694,Harborview Medical Center **CONSOLIDATED use 1023277**,1023277,,,,20069053,90378627,Invoice,0,402,0,0,-402
2/22/2025,Other Uro Dx Equipment,Uro,202301,1020686,HHC Physicians Care Inc. **CONSOLIDATED USE 1020707**,1020707,,,,20075829,90378626,Invoice,2055,0,1,2055,2055
2/22/2025,RenovaRP Consumables,GI,202301,1020621,CHI - Common Spirit Health,,,,,20167127,90378621,Invoice,390,121.9,10,3900,3778.1
2/22/2025,RenovaRP Consumables,GI,202301,1020670,Guthrie Healthcare System,,,,,20084940,90378625,Invoice,850,267.8,10,8500,8232.2
2/22/2025,RenovaRP Consumables,GI,202301,1020670,Guthrie Healthcare System,,,,,20084940,90378625,Invoice,215,115,20,4300,4185
2/22/2025,T-Doc Catheters,Uro,202301,1020632,Prisma Health,,,,,20163873,90378623,Invoice,2625,1615.6,70,183750,182134.4
2/22/2025,T-Doc Catheters,Uro,202301,1020656,Genesis Healthcare System,,,,,20079036,90378624,Invoice,1736,91.6,20,34720,34628.4
2/22/2025,Tubing,Uro,202301,1020656,Genesis Healthcare System,,,,,20079036,90378624,Invoice,450,89.75,25,11250,11160.25
2/23/2025,Incontinence UPC Lead Sets,Uro,202301,1020971,Kaiser Health Plan Asset Mgmt,,,,,20084069,90378641,Invoice,1656,140.4,3,4968,4827.6
2/23/2025,Incontinence UPC Lead Sets,Uro,202301,1020971,Kaiser Health Plan Asset Mgmt,,,,,20069791,90378642,Invoice,552,46.8,1,552,505.2
2/23/2025,InjeTAK,Uro,202301,1020914,LCMC: West Jefferson Medical Center,,,,,20074894,90378634,Invoice,528,94.72,8,4224,4129.28
2/23/2025,InjeTAK,Uro,202301,1020921,1000-St. Joseph Health System *Consolidated* Use BP# 1021928,,,,,20069899,90378635,Invoice,100,23.68,2,200,176.32
2/23/2025,InjeTAK,Uro,202301,1020929,St. Joseph's Medical Center SJMC Fiscal Services,,,,,20068591,90378637,Invoice,118,43.7,2,236,192.3
2/23/2025,InjeTAK,Uro,202301,1020971,Kaiser Health Plan Asset Mgmt,,,,,20083533,90378640,Invoice,218,87.4,4,872,784.6
2/23/2025,Optilume Strictures,Uro,202301,1020694,Harborview Medical Center **CONSOLIDATED use 1023277**,1023277,,,,20069053,90378627,Invoice,0,71.68,0,0,-71.68
2/23/2025,Spot Ex,GI,202301,1020743,Henry Ford Health System,,,,,20166984,90378628,Invoice,380,32.1,10,3800,3767.9
2/23/2025,Spot Ex,GI,202301,1020816,HealthPartners,,,,,20076125,90378631,Invoice,380,32.1,10,3800,3767.9
2/23/2025,Spot Ex,GI,202301,1020921,1000-St. Joseph Health System *Consolidated* Use BP# 1021928,,,,,20194751,90378636,Invoice,360,32.1,10,3600,3567.9
2/23/2025,Spot Ex,GI,202301,1020971,Kaiser Health Plan Asset Mgmt,,,,,20079891,90378643,Invoice,380,32.1,10,3800,3767.9
2/23/2025,T-Doc Catheters,Uro,202301,1020767,Dartmouth Health,,,,,20072828,90378630,Invoice,786,36.8,10,7860,7823.2
2/23/2025,T-Doc Catheters,Uro,202301,1020971,Kaiser Health Plan Asset Mgmt,,,,,20069372,90378639,Invoice,684,163.2,20,13680,13516.8
2/23/2025,Tubing,Uro,202301,1020971,Kaiser Health Plan Asset Mgmt,,,,,20083692,90378638,Invoice,682,93.5,50,34100,34006.5
2/24/2025,EverLift,GI,202301,1021118,Lee Memorial Health System,,,,,20194492,90378658,Invoice,300,44.9,10,3000,2955.1
2/24/2025,InjeTAK,Uro,202301,1020971,Kaiser Health Plan Asset Mgmt,,,,,20073464,90378646,Invoice,109,43.7,2,218,174.3
2/24/2025,InjeTAK,Uro,202301,1021049,Comprehensive Urology,,,,,20078190,90378654,Invoice,5150,2185,100,515000,512815
2/24/2025,InjeTAK,Uro,202301,1021056,Lafayette Surgical Specialty Hospital,,,,,20075641,90378655,Invoice,163,43.7,2,326,282.3
2/24/2025,Other Uro Dx Disposables,Uro,202301,1021075,Lake Charles Memorial Health,,,,,20076799,90378656,Invoice,48,14,10,480,466
2/24/2025,Other Uro Dx Equipment,Uro,202301,1020971,Kaiser Health Plan Asset Mgmt,,,,,20072528,90378648,Invoice,3262,2964.94,1,3262,297.06
2/24/2025,Spot Ex,GI,202301,1021016,Knox Community Hospital,,,,,20194323,90378653,Invoice,345,32.1,10,3450,3417.9
2/24/2025,T-Doc Catheters,Uro,202301,1020971,Kaiser Health Plan Asset Mgmt,,,,,20074882,90378645,Invoice,1604,147.2,40,64160,64012.8
2/24/2025,T-Doc Catheters,Uro,202301,1020971,Kaiser Health Plan Asset Mgmt,,,,,20074882,90378645,Invoice,1368,326.4,40,54720,54393.6
2/24/2025,T-Doc Catheters,Uro,202301,1020971,Kaiser Health Plan Asset Mgmt,,,,,20083402,90378649,Invoice,401,36.8,10,4010,3973.2
2/24/2025,T-Doc Catheters,Uro,202301,1020971,Kaiser Health Plan Asset Mgmt,,,,,20083402,90378649,Invoice,342,81.6,10,3420,3338.4
2/24/2025,T-Doc Catheters,Uro,202301,1020974,Hawaii Pacific: Kapiolani & Pali Momi,,,,,20067539,90378651,Invoice,1340,163.2,20,26800,26636.8
2/24/2025,UDS Other Service & Repairs,Uro,202301,1021092,Penn Med - Lancaster General Health *CONSOLIDATED use 1021766*,1021766,,,,20079118,90378657,Invoice,380,0,2,760,760
2/24/2025,UDS Other Service & Repairs,Uro,202301,1021092,Penn Med - Lancaster General Health *CONSOLIDATED use 1021766*,1021766,,,,20079118,90378657,Invoice,413.45,143.26,1,413.45,270.19
2/24/2025,Urocap IV,Uro,202301,1021092,Penn Med - Lancaster General Health *CONSOLIDATED use 1021766*,1021766,,,,20079118,90378657,Invoice,68,30.32,1,68,37.68
2/25/2025,Incontinence MPQ,Uro,202301,1021137,Frye Regional Medical Ctr,,,,,20082478,90378660,Invoice,2828,168.24,4,11312,11143.76
2/25/2025,InjeTAK,Uro,202301,1021168,Manchester Urology Assoc.,,,,,20083541,90378664,Invoice,652,174.8,8,5216,5041.2
2/25/2025,Optilume Strictures,Uro,202301,1021158,NYU Langone Health System,,,,,20167602,90378663,Invoice,0,804,0,0,-804
2/25/2025,Optilume Strictures,Uro,202301,1021158,NYU Langone Health System,,,,,20167602,90378663,Invoice,0,604,0,0,-604
2/25/2025,Other Uro Dx Disposables,Uro,202301,1021148,LCMC: University Med Ctr New Orleans,,,,,20067575,90378662,Invoice,464,242.4,80,37120,36877.6
2/25/2025,T-Doc Catheters,Uro,202301,1021125,Integrated Medical Professionals PLLC,,,,,20068568,90378659,Invoice,1176,326.4,40,47040,46713.6
2/25/2025,T-Doc Catheters,Uro,202301,1021125,Integrated Medical Professionals PLLC,,,,,20068568,90378659,Invoice,1364,147.2,40,54560,54412.8
2/25/2025,T-Doc Catheters,Uro,202301,1021142,Logan Regional Medical Center,,,,,20084425,90378661,Invoice,1804,122.2,20,36080,35957.8
2/26/2025,Aquarius LT,Uro,202301,1021220,McLaren Health Care Corp.,,,,,20197527,90378668,Invoice,32000,1294.04,1,32000,30705.96
2/26/2025,Electrodes,Uro,202301,1021190,Mayo Clinic,,,,,20074851,90378666,Invoice,1302,379.4,140,182280,181900.6
2/26/2025,Electrodes,Uro,202301,1021455,"Optum Medical Care, P.C.",,,,,20083699,90378678,Invoice,160,54.2,20,3200,3145.8
2/26/2025,Endoscopy Sheaths,Uro,202301,1022981,Minnesota Urology,,,,,20084219,90378672,Invoice,3240,44.4,120,388800,388755.6
2/26/2025,Other Uro Dx Disposables,Uro,202301,1021253,MedStar Health,,,,,20076665,90378669,Invoice,58,7.2,20,1160,1152.8
2/26/2025,Portascan 3D,Uro,202301,1021478,MultiCare Health System,,,,,20075350,90378680,Invoice,145,115,5,725,610
2/26/2025,Spot Ex,GI,202301,1021190,Mayo Clinic,,,,,20170386,90378667,Invoice,760,64.2,20,15200,15135.8
2/26/2025,Spot Ex,GI,202301,1021261,Memorial Health System,,,,,20197105,90378671,Invoice,690,64.2,20,13800,13735.8
2/26/2025,Spot Ex,GI,202301,1021287,Dignity Health - CA,,,,,20078980,90378674,Invoice,380,32.1,10,3800,3767.9
2/26/2025,T-Doc Catheters,Uro,202301,1021455,"Optum Medical Care, P.C.",,,,,20083699,90378678,Invoice,750,73.6,20,15000,14926.4
2/26/2025,T-Doc Catheters,Uro,202301,1021591,Northwell Health,,,,,20069030,90378688,Invoice,1690,408,50,84500,84092
2/26/2025,Tubing,Uro,202301,1021190,Mayo Clinic,,,,,20074851,90378666,Invoice,693,116.7,30,20790,20673.3
2/26/2025,Tubing,Uro,202301,1021501,Nationwide Children's Hospital,,,,,20080403,90378682,Invoice,1154,93.5,50,57700,57606.5
2/26/2025,UDS Service Contracts,Uro,202301,1021220,McLaren Health Care Corp.,,,,,20197527,90378668,Invoice,3025,0,1,3025,3025
2/26/2025,UDS Service Contracts,Uro,202301,1021220,McLaren Health Care Corp.,,,,,20197527,90378668,Invoice,0,0,1,0,0
2/26/2025,UDS Service Contracts,Uro,202301,1021220,McLaren Health Care Corp.,,,,,20197527,90378668,Invoice,3659,0,1,3659,3659
2/27/2025,Electrodes,Uro,202301,1021614,Northwoods Urology,,,,,20075555,90378690,Invoice,74,23.6,20,1480,1456.4
2/27/2025,Endoscopy Service Contracts,Uro,202301,1021716,Orlando Health,,,,,20197428,90378700,Invoice,3950,0,1,3950,3950
2/27/2025,Endoscopy Sheaths,Uro,202301,1021716,Orlando Health,,,,,20197428,90378701,Invoice,1178,7.4,20,23560,23552.6
2/27/2025,Endoscopy Sheaths,Uro,202301,1021716,Orlando Health,,,,,20082577,90378702,Invoice,3714,22.2,60,222840,222817.8
2/27/2025,EverLift,GI,202301,1021632,AMSURG,,,,,20195235,90378694,Invoice,350,44.9,10,3500,3455.1
2/27/2025,Goby EQ/IV/SC/TP,Uro,202301,1021660,New York Presbytarian Med. Group- Hudson dba Westchester Medical Practice,,,,,20070609,90378696,Invoice,0,0,1,0,0
2/27/2025,Incontinence UPC Lead Sets,Uro,202301,1021614,Northwoods Urology,,,,,20075555,90378690,Invoice,934,46.8,1,934,887.2
2/27/2025,InjeTAK,Uro,202301,1021620,Northeast Georgia Health System Inc.,,,,,20076670,90378692,Invoice,264,47.36,4,1056,1008.64
2/27/2025,Optilume Strictures,Uro,202301,1021596,Northside Hospital,,,,,20083574,90378689,Invoice,0,201,0,0,-201
2/27/2025,Other Uro Tx Disposables,Uro,202301,1021716,Orlando Health,,,,,20082577,90378702,Invoice,291,390.76,4,1164,773.24
2/27/2025,RenovaRP Consumables,GI,202301,1021699,Ohio Health,,,,,20083575,90378698,Invoice,900,243.8,20,18000,17756.2
2/27/2025,Spot Ex,GI,202301,1021699,Ohio Health,,,,,20083090,90378697,Invoice,380,32.1,10,3800,3767.9
2/27/2025,T-Doc Catheters,Uro,202301,1021591,Northwell Health,,,,,20069030,90378688,Invoice,2500,356,50,125000,124644
2/27/2025,T-Doc Catheters,Uro,202301,1021614,Northwoods Urology,,,,,20075555,90378690,Invoice,3930,184,50,196500,196316
2/28/2025,Anorectal Manometry Catheters,GI,202301,1021716,Orlando Health,,,,,20082577,90378707,Invoice,3305,578.75,25,82625,82046.25
2/28/2025,InjeTAK,Uro,202301,1021716,Orlando Health,,,,,20082577,90378704,Invoice,155,43.7,2,310,266.3
2/28/2025,RenovaRP Consumables,GI,202301,1021722,Oregon Health & Science Univ.,,,,,20195165,90378711,Invoice,1750,805,140,245000,244195
2/28/2025,Spot Ex,GI,202301,1021716,Orlando Health,,,,,20082577,90378709,Invoice,690,64.2,20,13800,13735.8
2/28/2025,T-Doc Catheters,Uro,202301,1021716,Orlando Health,,,,,20082577,90378703,Invoice,2061,137.4,30,61830,61692.6
2/28/2025,T-Doc Catheters,Uro,202301,1021732,Ohio State University Physicians,,,,,20167908,90378713,Invoice,1572,461.6,20,31440,30978.4
2/28/2025,T-Doc Catheters,Uro,202301,1021732,Ohio State University Physicians,,,,,20166986,90378714,Invoice,2997,137.4,30,89910,89772.6
2/28/2025,T-Doc Catheters,Uro,202301,1021732,Ohio State University Physicians,,,,,20166986,90378714,Invoice,2010,244.8,30,60300,60055.2
3/1/2025,Electrodes,Uro,202301,1021778,ProMedica Health System Inc,,,,,20078526,90378718,Invoice,930,271,100,93000,92729
3/1/2025,Incontinence UPC Lead Sets,Uro,202301,1021753,Atlantic Health System,,,,,20077108,90378717,Invoice,2802,140.4,3,8406,8265.6
3/1/2025,Probes -Urostym,Uro,202301,1021820,"Physicians East, P.A.",,,,,20083963,90378721,Invoice,1000,167.4,20,20000,19832.6
3/1/2025,T-Doc Catheters,Uro,202301,1021732,Ohio State University Physicians,,,,,20080333,90378715,Invoice,2358,692.4,30,70740,70047.6
3/1/2025,T-Doc Catheters,Uro,202301,1021778,ProMedica Health System Inc,,,,,20078526,90378718,Invoice,2358,110.4,30,70740,70629.6
3/1/2025,Tubing,Uro,202301,1021732,Ohio State University Physicians,,,,,20166986,90378714,Invoice,1154,93.5,50,57700,57606.5
3/2/2025,Electrodes,Uro,202301,1021928,Providence Health & Services,,,,,20084370,90378728,Invoice,168,54.2,20,3360,3305.8
3/2/2025,Incontinence UPC Lead Sets,Uro,202301,1021820,"Physicians East, P.A.",,,,,20083963,90378721,Invoice,934,46.8,1,934,887.2
3/2/2025,InjeTAK,Uro,202301,1021848,Phoenix Childrens Hospital,,,,,20083669,90378722,Invoice,132,23.68,2,264,240.32
3/2/2025,InjeTAK,Uro,202301,1021935,Pacific Surgery Center,,,,,20076187,90378730,Invoice,2640,473.6,40,105600,105126.4
3/2/2025,InjeTAK,Uro,202301,1022089,RUSH University Medical Center,,,,,20067015,90378736,Invoice,740,218.5,10,7400,7181.5
3/2/2025,Optilume Strictures,Uro,202301,1022112,USA Health University Hospital,,,,,20072757,90378740,Invoice,0,448.8,0,0,-448.8
3/2/2025,Optilume Strictures,Uro,202301,1022112,USA Health University Hospital,,,,,20072757,90378740,Invoice,0,71.68,0,0,-71.68
3/2/2025,Optilume Strictures,Uro,202301,1022112,USA Health University Hospital,,,,,20072757,90378740,Invoice,0,224.4,0,0,-224.4
3/2/2025,Other Uro Dx Disposables,Uro,202301,1021928,Providence Health & Services,,,,,20084370,90378727,Invoice,172,121.2,40,6880,6758.8
3/2/2025,Spot Ex,GI,202301,1021925,Intermountain Healthcare,,,,,20068026,90378724,Invoice,380,32.1,10,3800,3767.9
3/2/2025,Spot Ex,GI,202301,1021928,Providence Health & Services,,,,,20168300,90378729,Invoice,360,32.1,10,3600,3567.9
3/2/2025,T-Doc Catheters,Uro,202301,1021928,Providence Health & Services,,,,,20084370,90378726,Invoice,736,163.2,20,14720,14556.8
3/2/2025,T-Doc Catheters,Uro,202301,1022044,Riverside Medical Center,,,,,20076259,90378734,Invoice,786,36.8,10,7860,7823.2
3/2/2025,T-Doc Catheters,Uro,202301,1022044,Riverside Medical Center,,,,,20076259,90378734,Invoice,786,36.8,10,7860,7823.2
3/3/2025,GI Service Contracts,GI,202301,1022160,Baylor Scott & White Health,,,,,20167074,90378746,Invoice,1495,0,1,1495,1495
3/3/2025,Incontinence MPQ,Uro,202301,1022125,UNM Sandoval Regional Medical Center,,,,,20076087,90378742,Invoice,390,133.8,10,3900,3766.2
3/3/2025,Incontinence MPQ,Uro,202301,1022160,Baylor Scott & White Health,,,,,20170184,90378747,Invoice,1683,126.18,3,5049,4922.82
3/3/2025,Optilume Strictures,Uro,202301,1022112,USA Health University Hospital,,,,,20072757,90378740,Invoice,0,35.84,0,0,-35.84
3/3/2025,Optilume Strictures,Uro,202301,1022112,USA Health University Hospital,,,,,20072757,90378740,Invoice,2095,0,1,2095,2095
3/3/2025,Optilume Strictures,Uro,202301,1022112,USA Health University Hospital,,,,,20072757,90378740,Invoice,0,35.84,0,0,-35.84
3/3/2025,RenovaRP pump,GI,202301,1022160,Baylor Scott & White Health,,,,,20167074,90378746,Invoice,1795,2704.83,1,1795,-909.83
3/3/2025,Spot Ex,GI,202301,1022160,Baylor Scott & White Health,,,,,20081782,90378749,Invoice,4140,385.2,120,496800,496414.8
3/3/2025,T-Doc Catheters,Uro,202301,1022160,Baylor Scott & White Health,,,,,20084297,90378745,Invoice,2832,652.8,80,226560,225907.2
3/3/2025,T-Doc Catheters,Uro,202301,1022160,Baylor Scott & White Health,,,,,20084297,90378745,Invoice,5592,366.4,80,447360,446993.6
3/3/2025,Tubing,Uro,202301,1022160,Baylor Scott & White Health,,,,,20084297,90378745,Invoice,479,46.75,25,11975,11928.25
3/4/2025,Electrodes,Uro,202301,1022545,Tennessee Valley Urology CenterP.C.,,,,,20077730,90378774,Invoice,93,27.1,10,930,902.9
3/4/2025,Endoscopy Sheaths,Uro,202301,1022445,Stormont Vail Healthcare,,,,,20068795,90378768,Invoice,1857,13.5,30,55710,55696.5
3/4/2025,EverLift,GI,202301,1022181,HCA Sarasota Doctors Hospital,,,,,20079580,90378752,Invoice,1400,179.6,40,56000,55820.4
3/4/2025,Incontinence UPC Lead Sets,Uro,202301,1022226,Shannon Medical Center,,,,,20084192,90378753,Invoice,5334,280.8,6,32004,31723.2
3/4/2025,InjeTAK,Uro,202301,1022280,Village Practice Management Company,,,,,20167305,90378757,Invoice,96,43.7,2,192,148.3
3/4/2025,InjeTAK,Uro,202301,1022400,Trinity Health,,,,,20167743,90378762,Invoice,792,142.08,12,9504,9361.92
3/4/2025,Optilume Strictures,Uro,202301,1022487,Sutter Health System Office,,,,,20196964,90378773,Invoice,0,201,0,0,-201
3/4/2025,Optilume Strictures,Uro,202301,1022487,Sutter Health System Office,,,,,20196964,90378773,Invoice,0,35.84,0,0,-35.84
3/4/2025,Other GI Supply Disposables,GI,202301,1022166,Honor Health,,,,,20083642,90378751,Invoice,220,57,100,22000,21943
3/4/2025,Other GI Supply Disposables,GI,202301,1022400,Trinity Health,,,,,20196994,90378764,Invoice,194,70,100,19400,19330
3/4/2025,Other Uro Dx Equipment,Uro,202301,1022422,Bon Secours Mercy Health: Hybrent CHP 71-Accounts Payable SSO,,,,,20168604,90378767,Invoice,441,37.32,1,441,403.68
3/4/2025,RenovaRP Consumables,GI,202301,1022392,Covenant: St Joseph Nashua,,,,,20195871,90378761,Invoice,2000,917,20,40000,39083
3/4/2025,Spot Ex,GI,202301,1022275,Sturdy Memorial Hospital Inc.,,,,,20081892,90378755,Invoice,1140,96.3,30,34200,34103.7
3/4/2025,Spot Ex,GI,202301,1022400,Trinity Health,,,,,20196994,90378763,Invoice,690,64.2,20,13800,13735.8
3/4/2025,Spot Ex,GI,202301,1022400,Trinity Health,,,,,20082167,90378765,Invoice,345,32.1,10,3450,3417.9
3/4/2025,Tubing,Uro,202301,1022545,Tennessee Valley Urology CenterP.C.,,,,,20077730,90378774,Invoice,577,46.75,25,14425,14378.25
3/4/2025,Tubing,Uro,202301,1022572,Cleveland Clinic Health,,,,,20069947,90378778,Invoice,335,46.75,25,8375,8328.25
3/5/2025,Anorectal Manometry Catheters,GI,202301,1022572,Cleveland Clinic Health,,,,,20078325,90378781,Invoice,710.5,231.5,10,7105,6873.5
3/5/2025,EverLift,GI,202301,1022629,Trinity Health,,,,,20084150,90378784,Invoice,1600,179.6,40,64000,63820.4
3/5/2025,NXT Pro,Uro,202301,1022713,Ascension Health Ministry Service C,,,,,20069246,90378785,Invoice,86995,16364.56,1,86995,70630.44
3/5/2025,Optilume Strictures,Uro,202301,1022713,Ascension Health Ministry Service C,,,,,20083366,90378787,Invoice,2095,0,1,2095,2095
3/5/2025,Optilume Strictures,Uro,202301,1022713,Ascension Health Ministry Service C,,,,,20083366,90378787,Invoice,0,201,0,0,-201
3/5/2025,Optilume Strictures,Uro,202301,1022713,Ascension Health Ministry Service C,,,,,20083366,90378787,Invoice,0,35.84,0,0,-35.84
3/5/2025,Optilume Strictures,Uro,202301,1022713,Ascension Health Ministry Service C,,,,,20084663,90378788,Invoice,4190,0,2,8380,8380
3/5/2025,Optilume Strictures,Uro,202301,1022713,Ascension Health Ministry Service C,,,,,20084663,90378788,Invoice,0,402,0,0,-402
3/5/2025,Optilume Strictures,Uro,202301,1022713,Ascension Health Ministry Service C,,,,,20084663,90378788,Invoice,0,143.36,0,0,-143.36
3/5/2025,Optilume Strictures,Uro,202301,1022713,Ascension Health Ministry Service C,,,,,20084663,90378788,Invoice,8380,0,4,33520,33520
3/5/2025,Other Uro Dx Equipment,Uro,202301,1022713,Ascension Health Ministry Service C,,,,,20069246,90378785,Invoice,350,50.9,1,350,299.1
3/5/2025,RenovaRP Consumables,GI,202301,1022572,Cleveland Clinic Health,,,,,20078043,90378779,Invoice,175,60.95,5,875,814.05
3/5/2025,T-Doc Catheters,Uro,202301,1022573,Three Rivers Medical Center,,,,,20167186,90378783,Invoice,670,197,10,6700,6503
3/5/2025,UDS Other Service & Repairs,Uro,202301,1022713,Ascension Health Ministry Service C,,,,,20069246,90378785,Invoice,0,24.87,1,0,-24.87
3/6/2025,Electrodes,Uro,202301,1022830,The University of Iowa,,,,,20071627,90378799,Invoice,176,54.2,20,3520,3465.8
3/6/2025,Incontinence UPC Lead Sets,Uro,202301,1022827,U-M University of Michigan Hospital,,,,,20074950,90378794,Invoice,1868,93.6,2,3736,3642.4
3/6/2025,InjeTAK,Uro,202301,1022788,Brown Urology,,,,,20070458,90378790,Invoice,978,262.2,12,11736,11473.8
3/6/2025,Optilume Strictures,Uro,202301,1022713,Ascension Health Ministry Service C,,,,,20084663,90378788,Invoice,0,804,0,0,-804
3/6/2025,Optilume Strictures,Uro,202301,1022713,Ascension Health Ministry Service C,,,,,20084663,90378788,Invoice,0,1206,0,0,-1206
3/6/2025,Optilume Strictures,Uro,202301,1022713,Ascension Health Ministry Service C,,,,,20084663,90378788,Invoice,0,804,0,0,-804
3/6/2025,Other GI Disposables,GI,202301,1022827,U-M University of Michigan Hospital,,,,,20082325,90378795,Invoice,848,344,20,16960,16616
3/6/2025,Other GI Supply Disposables,GI,202301,1022806,West Virgina University Medicine,,,,,20083308,90378792,Invoice,220,42,100,22000,21958
3/6/2025,Spot Ex,GI,202301,1022800,University of Maryland Medical System,,,,,20194758,90378791,Invoice,380,32.1,10,3800,3767.9
3/6/2025,Spot Ex,GI,202301,1022829,UPMC Health System,,,,,20078842,90378797,Invoice,345,32.1,10,3450,3417.9
3/6/2025,T-Doc Catheters,Uro,202301,1022835,Associated Urological Specialists,,,,,20076045,90378801,Invoice,999,71.2,10,9990,9918.8
3/6/2025,Water Catheters,Uro,202301,1022827,U-M University of Michigan Hospital,,,,,20082325,90378795,Invoice,177,77.6,10,1770,1692.4
3/7/2025,Endoscopy Sheaths,Uro,202301,1022891,Urology Group of WNE,,,,,20075191,90378809,Invoice,2470,18.5,50,123500,123481.5
3/7/2025,Endoscopy Sheaths,Uro,202301,1022954,GenesisCare,,,,,20081064,90378812,Invoice,1520,14.8,40,60800,60785.2
3/7/2025,Incontinence UPC Lead Sets,Uro,202301,1022897,Beth Israel Lahey Health,,,,,20166661,90378811,Invoice,1868,93.6,2,3736,3642.4
3/7/2025,Optilume Strictures,Uro,202301,1022838,University of Kansas Health System,,,,,20083693,90378804,Invoice,2095,0,1,2095,2095
3/7/2025,Optilume Strictures,Uro,202301,1022838,University of Kansas Health System,,,,,20083693,90378804,Invoice,0,201,0,0,-201
3/7/2025,Optilume Strictures,Uro,202301,1022838,University of Kansas Health System,,,,,20083693,90378804,Invoice,0,35.84,0,0,-35.84
3/7/2025,Other Uro Dx Disposables,Uro,202301,1022835,Associated Urological Specialists,,,,,20076045,90378801,Invoice,232,121.2,40,9280,9158.8
3/7/2025,Other Uro Dx Equipment,Uro,202301,1022840,University of Arkansas Medical Sciences,,,,,20083683,90378806,Invoice,882,74.28,2,1764,1689.72
3/7/2025,RenovaRP Consumables,GI,202301,1022851,University of Utah Health,,,,,20196364,90378808,Invoice,1890,365.7,30,56700,56334.3
3/7/2025,RenovaRP Consumables,GI,202301,1022851,University of Utah Health,,,,,20196364,90378808,Invoice,1025,575,100,102500,101925
3/7/2025,Spot Ex,GI,202301,1022838,University of Kansas Health System,,,,,20083693,90378803,Invoice,380,32.1,10,3800,3767.9
3/7/2025,T-Doc Catheters,Uro,202301,1022835,Associated Urological Specialists,,,,,20076045,90378801,Invoice,786,36.8,10,7860,7823.2
3/7/2025,T-Doc Catheters,Uro,202301,1022897,Beth Israel Lahey Health,,,,,20075709,90378810,Invoice,2680,326.4,40,107200,106873.6
3/8/2025,Endoscopy Parts & Accessories,Uro,202301,1023124,Virginia Hospital Center,,,,,20076575,90378821,Invoice,3166.8,3562.86,7,22167.6,18604.74
3/8/2025,Incontinence UPC Lead Sets,Uro,202301,1022972,Urology of Indiana,,,,,20163391,90378814,Invoice,2320,187.2,4,9280,9092.8
3/8/2025,Incontinence UPC Lead Sets,Uro,202301,1022972,Urology of Indiana,,,,,20163391,90378814,Invoice,0,455.6,1,0,-455.6
3/8/2025,InjeTAK,Uro,202301,1022972,Urology of Indiana,,,,,20163391,90378815,Invoice,1290,437,20,25800,25363
3/8/2025,InjeTAK,Uro,202301,1023158,VA Ann Arbor Health Care,,,,,20072754,90378823,Invoice,489,131.1,6,2934,2802.9
3/8/2025,Other Uro Tx Disposables,Uro,202301,1023188,VA Eastern Colorado Health Care,,,,,20074968,90378824,Invoice,1455,1953.8,20,29100,27146.2
3/8/2025,RenovaRP Consumables,GI,202301,1023126,VA Richmond Health Care,,,,,20079627,90378822,Invoice,2520,487.6,40,100800,100312.4
3/8/2025,Spot Ex,GI,202301,1023076,University Health Systems Inc,,,,,20073296,90378817,Invoice,380,32.1,10,3800,3767.9
3/8/2025,T-Doc Catheters,Uro,202301,1022962,"Urology Associates, PC",,,,,20081868,90378813,Invoice,2124,489.6,60,127440,126950.4
3/8/2025,T-Doc Catheters,Uro,202301,1022962,"Urology Associates, PC",,,,,20081868,90378813,Invoice,5994,427.2,60,359640,359212.8
3/8/2025,T-Doc Catheters,Uro,202301,1023189,VA Western Colorado Health Care,,,,,20076308,90378825,Invoice,1572,73.6,20,31440,31366.4
3/8/2025,T-Doc Catheters,Uro,202301,1023189,VA Western Colorado Health Care,,,,,20076308,90378825,Invoice,1340,163.2,20,26800,26636.8
3/8/2025,Tubing,Uro,202301,1022962,"Urology Associates, PC",,,,,20081868,90378813,Invoice,1386,233.4,60,83160,82926.6
3/8/2025,Tubing,Uro,202301,1022962,"Urology Associates, PC",,,,,20081868,90378813,Invoice,4616,374,200,923200,922826
3/9/2025,Electrodes,Uro,202301,1023244,ECU Health,,,,,20084625,90378830,Invoice,186,54.2,20,3720,3665.8
3/9/2025,Electrodes,Uro,202301,1024692,Tufts Medicine,,,,,20166972,90378840,Invoice,372,108.4,40,14880,14771.6
3/9/2025,EverLift,GI,202301,1023244,ECU Health,,,,,20076501,90378829,Invoice,1750,224.5,50,87500,87275.5
3/9/2025,Incontinence UPC Lead Sets,Uro,202301,1023300,Womans Ctr for Advanced Pelvic Surgery,,,,,20080679,90378833,Invoice,6240,374.4,8,49920,49545.6
3/9/2025,InjeTAK,Uro,202301,1024734,Citizens Memorial Hospital District,,,,,20084064,90378841,Invoice,489,131.1,6,2934,2802.9
3/9/2025,Other Uro Dx Disposables,Uro,202301,1023244,ECU Health,,,,,20084625,90378830,Invoice,116,60.6,20,2320,2259.4
3/9/2025,Spot Ex,GI,202301,1023251,Valley Baptist Medical Ctr: Brownsville,,,,,20163503,90378831,Invoice,345,32.1,10,3450,3417.9
3/9/2025,Spot Ex,GI,202301,1026345,"United Hospital District, Inc.",,,,,20084650,90378844,Invoice,380,32.1,10,3800,3767.9
3/9/2025,T-Doc Catheters,Uro,202301,1023244,ECU Health,,,,,20084625,90378830,Invoice,1572,73.6,20,31440,31366.4
3/9/2025,T-Doc Catheters,Uro,202301,1023941,North Atlanta Ob/Gyn LLC,,,,,20083785,90378839,Invoice,1340,163.2,20,26800,26636.8
3/9/2025,T-Doc Catheters,Uro,202301,1023941,North Atlanta Ob/Gyn LLC,,,,,20083785,90378839,Invoice,1998,91.6,20,39960,39868.4
3/9/2025,T-Doc Catheters,Uro,202301,1024862,Stillwater Medical Center,,,,,20165566,90378842,Invoice,1340,163.2,20,26800,26636.8
3/9/2025,T-Doc Catheters,Uro,202301,1024862,Stillwater Medical Center,,,,,20165566,90378842,Invoice,1572,73.6,20,31440,31366.4
3/9/2025,Tubing,Uro,202301,1023190,VA South Texas Health Care,,,,,20080995,90378826,Invoice,0,43.75,25,0,-43.75
3/9/2025,Tubing,Uro,202301,1023239,Virginia Mason Medical Center,,,,,20080457,90378828,Invoice,1154,93.5,50,57700,57606.5
3/9/2025,Tubing,Uro,202301,1023244,ECU Health,,,,,20084625,90378830,Invoice,577,46.75,25,14425,14378.25
3/9/2025,Tubing,Uro,202301,1023349,Wellstar Health System,,,,,20083663,90378836,Invoice,1731,140.25,75,129825,129684.75
3/9/2025,Tubing,Uro,202301,1023477,Yale New Haven Health,,,,,20083748,90378837,Invoice,693,116.7,30,20790,20673.3
3/10/2025,Electrodes,Uro,202301,1026735,Ascension Med Group Providence Urology,,,,,20084995,90378846,Invoice,372,108.4,40,14880,14771.6
3/10/2025,InjeTAK,Uro,202301,1026836,Loma Linda Mercantile,,,,,20167230,90378847,Invoice,163,43.7,2,326,282.3
3/10/2025,InjeTAK,Uro,202301,1038510,Foundation Health,,,,,20085055,90378848,Invoice,978,262.2,12,11736,11473.8
3/10/2025,Other Uro Dx Disposables,Uro,202301,1026735,Ascension Med Group Providence Urology,,,,,20084995,90378846,Invoice,31,10.6,5,155,144.4
3/10/2025,Other Uro Dx Equipment,Uro,202301,1059242,Beijing Y-Axis International Trading Co Ltd,,,,,20166179,90378849,Invoice,0,1654.79,1,0,-1654.79
3/10/2025,T-Doc Catheters,Uro,202301,1026735,Ascension Med Group Providence Urology,,,,,20084995,90378846,Invoice,1340,163.2,20,26800,26636.8
3/10/2025,T-Doc Catheters,Uro,202301,1026735,Ascension Med Group Providence Urology,,,,,20084995,90378846,Invoice,1572,73.6,20,31440,31366.4
3/11/2025,Incontinence MPQ,Uro,202301,1083501,Chesapeake Regional Surgery Ctr,,,,,20167214,90378852,Invoice,707,42.06,1,707,664.94
3/11/2025,Incontinence UPC Lead Sets,Uro,202301,1089606,Sovah Health Martinsville,,,,,20170541,90378857,Invoice,1868,93.6,2,3736,3642.4
3/11/2025,InjeTAK,Uro,202301,1083809,"Advanced Surgery Center of Oxford, LLC",,,,,20167691,90378853,Invoice,660,118.4,10,6600,6481.6
3/11/2025,Other GI Supply Disposables,GI,202301,1105352,AUSTIN ENDOSCOPY CENTER II ACCOUNTS PAYABLE,,,,,20192500,90378860,Invoice,125,0,5,625,625
3/11/2025,Other GI Supply Disposables,GI,202301,1105371,United Digestive,,,,,20192535,90378862,Invoice,25,0,1,25,25
3/11/2025,Other GI Supply Disposables,GI,202301,1105371,United Digestive,,,,,20192535,90378862,Invoice,25,0,1,25,25
3/11/2025,Other GI Supply Disposables,GI,202301,1105371,United Digestive,,,,,20192535,90378862,Invoice,25,0,1,25,25
3/11/2025,Other GI Supply Disposables,GI,202301,1105371,United Digestive,,,,,20192535,90378862,Invoice,100,0,4,400,400
3/11/2025,Other GI Supply Disposables,GI,202301,1105371,United Digestive,,,,,20192535,90378862,Invoice,50,0,2,100,100
3/11/2025,RenovaRP Consumables,GI,202301,1086526,Culpeper Memorial Hospital Inc d/b/a Novant Health UVA Health System,,,,,20168124,90378854,Invoice,645,345,60,38700,38355
3/11/2025,Spot Ex,GI,202301,1087627,Santa Rosa HMA Physician Mgmt LLC (CHS),,,,,20196046,90378855,Invoice,345,32.1,10,3450,3417.9
3/11/2025,Spot Ex,GI,202301,1105336,ABBEVILLE AREA MEDICAL CENTER ACCOUNTS PAYABLE,,,,,20192480,90378859,Invoice,345,32.1,10,3450,3417.9
3/11/2025,Spot Ex,GI,202301,1105362,HCA Austin Endoscopy Center - Bee Cave,,,,,20192511,90378861,Invoice,1380,128.4,40,55200,55071.6
3/11/2025,Spot Ex,GI,202301,1105371,United Digestive,,,,,20192522,90378863,Invoice,380,32.1,10,3800,3767.9
3/11/2025,Tubing,Uro,202301,1079817,Hartford Health Care Corporation *Consolidated* Use BP# 1020707,,,,,20075829,90378851,Invoice,1036,175,100,103600,103425
3/11/2025,UDS Other Service & Repairs,Uro,202301,1059254,Endotherapeutics NZ Ltd T/A Endoventure,,,,,20153402,90378850,Invoice,0,59.97,3,0,-59.97
3/12/2025,EverLift,GI,202301,1106855,FOLSOM SIERRA ENDOSCOPY CENTER ACCOUNTS PAYABLE,,,,,20194675,90378879,Invoice,360,44.9,10,3600,3555.1
3/12/2025,Other GI Supply Disposables,GI,202301,1105732,CHARLOTTESVILLE GASTRO ASSOCIATES A/P - SUSAN FOSTER,,,,,20193041,90378867,Invoice,250,0,10,2500,2500
3/12/2025,Other GI Supply Disposables,GI,202301,1105732,CHARLOTTESVILLE GASTRO ASSOCIATES A/P - SUSAN FOSTER,,,,,20193041,90378867,Invoice,250,0,10,2500,2500
3/12/2025,Other GI Supply Disposables,GI,202301,1105732,CHARLOTTESVILLE GASTRO ASSOCIATES A/P - SUSAN FOSTER,,,,,20193041,90378867,Invoice,250,0,10,2500,2500
3/12/2025,Other GI Supply Disposables,GI,202301,1105761,Community Hospital,,,,,20193086,90378868,Invoice,50,0,2,100,100
3/12/2025,RenovaRP Consumables,GI,202301,1108437,Radiology Associates PC,,,,,20197102,90378889,Invoice,2000,917,20,40000,39083
3/12/2025,Spot Ex,GI,202301,1105428,ATLANTA OUTPATIENT SURGERY CENTER ACCOUNTS PAYABLE,,,,,20192633,90378865,Invoice,345,32.1,10,3450,3417.9
3/12/2025,Spot Ex,GI,202301,1105450,ADVANCED SURGERY CENTER ACCOUNTS PAYABLE,,,,,20192658,90378866,Invoice,720,64.2,20,14400,14335.8
3/12/2025,Spot Ex,GI,202301,1105924,Washington Gastroenterology,,,,,20193549,90378870,Invoice,260,32.1,10,2600,2567.9
3/12/2025,Spot Ex,GI,202301,1105924,Washington Gastroenterology,,,,,20193308,90378871,Invoice,520,64.2,20,10400,10335.8
3/12/2025,Spot Ex,GI,202301,1105924,Washington Gastroenterology,,,,,20193310,90378872,Invoice,260,32.1,10,2600,2567.9
3/12/2025,Spot Ex,GI,202301,1105951,Digestive Health Center of Allen,,,,,20193347,90378873,Invoice,380,32.1,10,3800,3767.9
3/12/2025,Spot Ex,GI,202301,1106368,Grand River Endoscopy Center,,,,,20193938,90378875,Invoice,380,32.1,10,3800,3767.9
3/12/2025,Spot Ex,GI,202301,1106687,Lubbock Gastroenterology A/P Charkeitha Flowers,,,,,20194445,90378878,Invoice,380,32.1,10,3800,3767.9
3/12/2025,Spot Ex,GI,202301,1106871,MEMORIAL HOSPITAL OF CARBON COUNTY ACCOUNTS PAYABLE,,,,,20194710,90378880,Invoice,380,32.1,10,3800,3767.9
3/12/2025,Spot Ex,GI,202301,1107504,SURGERY CENTER OF VOLUSIA ACCOUNTS PAYABLE,,,,,20195723,90378883,Invoice,690,64.2,20,13800,13735.8
3/12/2025,Spot Ex,GI,202301,1107764,TALLAHASSEE ENDOSCOPY CENTER ACCOUNTS PAYABLE,,,,,20196170,90378885,Invoice,380,32.1,10,3800,3767.9
3/12/2025,Spot Ex,GI,202301,1108056,Wyandot Memorial Hospital,,,,,20196613,90378886,Invoice,380,32.1,10,3800,3767.9
3/13/2025,3rd party,CI,202301,1060253,Helios Beschaffungsmanagement GmbH,,,,,20155471,90378364,Debit Memo,430.48,265.84,20,8609.6,8343.76
3/13/2025,Clearview,CI,202301,1061863,NHS Supply Chain NHS Suppply Chain Accounts Payable,,,,,20152822,90379003,Invoice,611.24,149.17,10,6112.4,5963.23
3/13/2025,Endoscopy Sheaths,Uro,202301,9980001346,Devin McNamara,,,,,9980001346,90378895,Invoice,0,9,20,0,-9
3/13/2025,InjeTAK,Uro,202301,1108544,Urology Institute of Southern Illinois,,,,,20197238,90378890,Invoice,489,131.1,6,2934,2802.9
3/13/2025,Kiwi,CI,202301,1061863,NHS Supply Chain NHS Suppply Chain Accounts Payable,,,,,20151485,90378999,Invoice,3891.37,654.93,120,466964.4,466309.47
3/13/2025,Kiwi,CI,202301,1061863,NHS Supply Chain NHS Suppply Chain Accounts Payable,,,,,20151487,90379001,Invoice,3891.37,654.93,120,466964.4,466309.47
3/13/2025,Kiwi,CI,202301,1061863,NHS Supply Chain NHS Suppply Chain Accounts Payable,,,,,20151546,90379002,Invoice,3891.37,654.93,120,466964.4,466309.47
3/13/2025,RenovaRP Consumables,GI,202301,1108437,Radiology Associates PC,,,,,20197102,90378889,Invoice,440,230,40,17600,17370
3/13/2025,RenovaRP Consumables,GI,202301,9980001326, Jennifer Petty,,,,,9980001326,90378894,Invoice,0,0,40,0,0
3/13/2025,RenovaRP Consumables,GI,202301,9980001326, Jennifer Petty,,,,,9980001326,90378894,Invoice,0,0,10,0,0
3/13/2025,Spot Ex,GI,202301,1108722,HCA - Austin GI Surgicenter IV,,,,,20197512,90378892,Invoice,1035,96.3,30,31050,30953.7
3/13/2025,T-Doc Catheters,Uro,202301,1060957,CHU Caen,,,,,20154765,90378352,Credit Memo,-300.15,-52.87,-20,6003,6055.87
3/13/2025,T-Doc Catheters,Uro,202301,1060957,CHU Caen,,,,,20154765,90378353,Debit Memo,300.15,52.87,20,6003,5950.13
3/13/2025,Tubing,Uro,202301,1060957,CHU Caen,,,,,20154765,90378354,Credit Memo,-166.69,-37.49,-25,4167.25,4204.74
3/13/2025,UDS Other Service & Repairs,Uro,202301,1020034,Ann & Robert H.Lurie Childrens Hospital,,,,,20078689,90378360,Invoice,350.01,0,3,1050.03,1050.03
3/13/2025,Uromed,Uro,202301,1061707,Alliance Healthcare Répartition,,,,,20152859,90378344,Credit Memo,-239.26,-42.27,-6,1435.56,1477.83
3/13/2025,Uromed,Uro,202301,1061707,Alliance Healthcare Répartition,,,,,20152859,90378345,Debit Memo,199.38,35.23,5,996.9,961.67
3/14/2025,3rd party,CI,202301,1089736,Kliniken Südostbayern AG Buchhaltung M30BR,,,,,20155103,90378366,Invoice,1051.93,402.97,150,157789.5,157386.53
3/14/2025,3rd party,CI,202301,1061091,CH de Tourcoing,,,,,20152677,90378417,Invoice,431.56,310.18,10,4315.6,4005.42
3/14/2025,Breath Test consumables,GI,202301,1089817,St. George's Univ.Hosp. NHS FT RJ7 Payables F945,,,,,20152948,90378390,Invoice,99.12,23.81,50,4956,4932.19
3/14/2025,Endoscopy Sheaths,Uro,202301,9980001273,HAZEL Thomas,,,,,9980001273,90378408,Invoice,0,106.94,10,0,-106.94
3/14/2025,Endoscopy Sheaths,Uro,202301,1061188,HIA Sainte Anne,,,,,20153021,90378420,Invoice,1728.4,280.95,30,51852,51571.05
3/14/2025,Flowmaster,Uro,202301,1061050,CHU Angers,,,,,1061050,90378414,Invoice,0,0,0,0,0
3/14/2025,Other GI Disposables,GI,202301,1059673,University Of Leeds Accounts Payable,,,,,20151491,90378382,Invoice,39.53,18.07,1,39.53,21.46
3/14/2025,Other Uro Dx Disposables,Uro,202301,1060319,AKK Altonaer Kinderkrankenhaus gGmbH,,,,,20151964,90378369,Invoice,549.43,212,50,27471.5,27259.5
3/14/2025,Other Uro Dx Disposables,Uro,202301,1060332,Klinikum Itzehoe Einkauf,,,,,20153440,90378370,Invoice,509.78,212,50,25489,25277
3/14/2025,Other Uro Dx Equipment,Uro,202301,1079894,GIP Resah IDF SIRET 13000501000025,,,,,20155255,90378424,Invoice,81.68,31.61,1,81.68,50.07
3/14/2025,Tubing,Uro,202301,1061863,NHS Supply Chain NHS Suppply Chain Accounts Payable,,,,,20197533,90378404,Invoice,205.58,99.03,50,10279,10179.97
3/15/2025,Electrodes,Uro,202301,1060146,Uroviva AG Praxisstandort Stadelhofen,,,,,1060146,90378436,Invoice,129.95,32.02,60,7797,7764.98
3/15/2025,Endoscopy Sheaths,Uro,202301,1061446,Polyclinique de la Clarence,,,,,20153927,90378426,Invoice,2643.3,752.96,70,185031,184278.04
3/15/2025,Other Uro Dx Equipment,Uro,202301,1079894,GIP Resah IDF SIRET 13000501000025,,,,,20155255,90378424,Invoice,81.68,31.63,1,81.68,50.05
3/15/2025,Ph/Impedance Catheters,GI,202301,1069315,Kantonsspital Winterthur Rechnungsverarbeitung,,,,,1059997,90378433,Invoice,844.83,105.61,5,4224.15,4118.54
3/15/2025,Ph/Impedance Catheters,GI,202301,1059789,CU Saint-Luc,,,,,20150987,90378437,Invoice,816.73,658.24,5,4083.65,3425.41
3/15/2025,T-Doc Catheters,Uro,202301,1058745,Al Zahrawi Medical Supplies L.L.C,,,,,20164001,90378445,Invoice,9658.5,1023.55,300,2897550,2896526.45
3/15/2025,T-Doc Catheters,Uro,202301,1058745,Al Zahrawi Medical Supplies L.L.C,,,,,20164001,90378445,Invoice,8343,783.66,300,2502900,2502116.34
3/16/2025,babyLance,CI,202301,1078703,"Distribution Cooperative, Inc.",,,,,20162912,90378509,Invoice,1560,780,2000,3120000,3119220
3/16/2025,BoogieBaby,CI,202301,1020072,Claflin Company,,,,,20163261,90378499,Invoice,210,41,100,21000,20959
3/16/2025,Eclipse,Uro,202301,1020971,Kaiser Health Plan Asset Mgmt,,,,,20167461,90378501,Invoice,1750,138.13,1,1750,1611.87
3/16/2025,Flowmaster,Uro,202301,1069376,Urovision F.H. Uro,,,,,1059021,90378463,Invoice,0,0,0,0,0
3/16/2025,InjeTAK,Uro,202301,1078661,Alberta Health Service,,,,,20162376,90378516,Invoice,226.42,47.78,4,905.68,857.9
3/16/2025,Other GI Disposables,GI,202301,1058745,Al Zahrawi Medical Supplies L.L.C,,,,,20164001,90378446,Invoice,737.55,333.93,30,22126.5,21792.57
3/16/2025,Other GI Disposables,GI,202301,1070281,EB Neuro  S.p.A. Purchasing / Mgmt Asst,,,,,20156439,90378457,Invoice,1310.48,372.29,54,70765.92,70393.63
3/16/2025,Other Uro Dx Equipment,Uro,202301,9980000913,Albert Meek Meek,,,,,9980000913,90378489,Invoice,0,31.63,1,0,-31.63
3/16/2025,Other Uro Dx Equipment,Uro,202301,1108461,Dr. Matthias Kretz,,,,,9980000931,90378494,Invoice,465.87,138.77,1,465.87,327.1
3/16/2025,Other Uro Dx Equipment,Uro,202301,1078718,Healthcare Materials Management Services,,,,,20166113,90378519,Invoice,134.06,19.74,1,134.06,114.32
3/16/2025,Ph/Impedance Catheters,GI,202301,1069667,EB Neuro  S.p.A.,,,,,20156439,90378456,Invoice,661.15,188.48,10,6611.5,6423.02
3/16/2025,Ph/Impedance Catheters,GI,202301,1059073,Teprel Equipamento Medicos,,,,,20154543,90378467,Invoice,5156.12,942.42,50,257806,256863.58
3/16/2025,ROM,CI,202301,1078657,HCA Rio Grande Regional Hospital,,,,,20170409,90378502,Invoice,15250,2705,500,7625000,7622295
3/16/2025,T-Doc Catheters,Uro,202301,1058745,Al Zahrawi Medical Supplies L.L.C,,,,,20164001,90378445,Invoice,2048.75,213.24,50,102437.5,102224.26
3/16/2025,T-Doc Catheters,Uro,202301,1070228,Radboud Umc 205 Crediteurenadministratie,,,,,20150936,90378470,Invoice,1083.65,172.63,50,54182.5,54009.87
3/16/2025,Tubing,Uro,202301,1059512,"NÖ LGA, p.a. UK Wr. Neustadt FIBU",,,,,20153339,90378493,Invoice,0,153.2,0,0,-153.2
3/17/2025,InjeTAK,Uro,202301,1019540,UnityPoint Health,,,,,20084652,90378545,Invoice,148,43.7,2,296,252.3
3/17/2025,InjeTAK,Uro,202301,1019677,Avera Health,,,,,20084528,90378557,Invoice,1630,437,20,32600,32163
3/17/2025,Kiwi,CI,202301,1079705,Cambridge Memorial Hospital,,,,,20163688,90378525,Invoice,372.4,52.76,10,3724,3671.24
3/17/2025,Optilume Strictures,Uro,202301,1019007,Baxter Regional Medical Center,,,,,20074636,90378533,Invoice,0,402,0,0,-402
3/17/2025,Optilume Strictures,Uro,202301,1019036,Columbus Reg Healthcare System,,,,,20164176,90378534,Invoice,2095,0,1,2095,2095
3/17/2025,Optilume Strictures,Uro,202301,1019036,Columbus Reg Healthcare System,,,,,20164176,90378534,Invoice,0,201,0,0,-201
3/17/2025,Other Uro Dx Equipment,Uro,202301,9980000179,SARA POORSAADATI,,,,,9980000179,90378531,Invoice,0,295.45,1,0,-295.45
3/17/2025,RenovaRP Consumables,GI,202301,1019540,UnityPoint Health,,,,,20074395,90378544,Invoice,1575,304.75,25,39375,39070.25
3/17/2025,Spot Ex,GI,202301,1019701,Baptist Health South Florida,,,,,20083653,90378560,Invoice,690,64.2,20,13800,13735.8
3/17/2025,T-Doc Catheters,Uro,202301,1019681,Axia Women's Health,,,,,20084814,90378559,Invoice,460,81.6,10,4600,4518.4
3/17/2025,T-Doc Catheters,Uro,202301,1019736,Mount Sinai: Beth Israel,,,,,20078147,90378567,Invoice,1340,163.2,20,26800,26636.8
3/17/2025,Tubing,Uro,202301,1019677,Avera Health,,,,,20084528,90378557,Invoice,462,77.8,20,9240,9162.2
3/17/2025,Tubing,Uro,202301,1019711,Baptist Health Care Authority,,,,,20084888,90378565,Invoice,577,46.75,25,14425,14378.25
3/18/2025,Electrodes,Uro,202301,1021125,Integrated Medical Professionals PLLC,,,,,20068568,90378659,Invoice,340,75.1,10,3400,3324.9
3/18/2025,InjeTAK,Uro,202301,1020597,Genesis Healthcare Partners,,,,,20166291,90378616,Invoice,444,131.1,6,2664,2532.9
3/18/2025,InjeTAK,Uro,202301,1020621,CHI - Common Spirit Health,,,,,20068127,90378620,Invoice,250,47.36,4,1000,952.64
3/18/2025,Optilume Strictures,Uro,202301,1021253,MedStar Health,,,,,20076665,90378670,Invoice,0,201,1,0,-201
3/18/2025,Other GI Supply Disposables,GI,202301,1020425,Fairfield Medical Center,,,,,20082533,90378606,Invoice,118,22.5,50,5900,5877.5
3/18/2025,Other GI Supply Disposables,GI,202301,1020468,AdventHealth,,,,,20079716,90378609,Invoice,440,86,200,88000,87914
3/18/2025,Other Uro Dx Disposables,Uro,202301,1020971,Kaiser Health Plan Asset Mgmt,,,,,20083692,90378638,Invoice,145,18,50,7250,7232
3/18/2025,Other Uro Dx Disposables,Uro,202301,1021220,McLaren Health Care Corp.,,,,,20197527,90378668,Invoice,0,60.6,20,0,-60.6
3/18/2025,Other Uro Tx Disposables,Uro,202301,1020165,Crisp Regional Hospital Inc.,,,,,20071748,90378591,Invoice,291,390.76,4,1164,773.24
3/18/2025,RenovaRP Consumables,GI,202301,1020523,Fisher Titus Health,,,,,20082164,90378613,Invoice,435,229.25,5,2175,1945.75
3/18/2025,Spot Ex,GI,202301,1021169,Mainehealth,,,,,20168341,90378665,Invoice,380,32.1,10,3800,3767.9
3/18/2025,T-Doc Catheters,Uro,202301,1020974,Hawaii Pacific: Kapiolani & Pali Momi,,,,,20067539,90378651,Invoice,1572,73.6,20,31440,31366.4
3/18/2025,T-Doc Catheters,Uro,202301,1021125,Integrated Medical Professionals PLLC,,,,,20068568,90378659,Invoice,870,142.4,20,17400,17257.6
3/18/2025,Tubing,Uro,202301,1019756,Golden Gate Urology,,,,,20083232,90378569,Invoice,577,46.75,25,14425,14378.25
3/18/2025,Tubing,Uro,202301,1019756,Golden Gate Urology,,,,,20083232,90378569,Invoice,77,45.25,25,1925,1879.75
3/18/2025,Tubing,Uro,202301,1021125,Integrated Medical Professionals PLLC,,,,,20068568,90378659,Invoice,850,179.5,50,42500,42320.5
3/18/2025,Water Catheters,Uro,202301,1020440,Cox Health,,,,,20166757,90378608,Invoice,1910,464,100,191000,190536
3/19/2025,Electrodes,Uro,202301,1021448,Mercury Surgery Center,,,,,20075863,90378677,Invoice,465,135.5,50,23250,23114.5
3/19/2025,Other Uro Tx Disposables,Uro,202301,1021714,Olympic Medical Center,,,,,20077080,90378699,Invoice,873,1172.28,12,10476,9303.72
3/19/2025,Other Uro Tx Disposables,Uro,202301,1021716,Orlando Health,,,,,20082577,90378702,Invoice,298,50.4,12,3576,3525.6
3/19/2025,Probes -Urostym,Uro,202301,1021820,"Physicians East, P.A.",,,,,20083963,90378721,Invoice,830,106.1,10,8300,8193.9
3/19/2025,RenovaRP Consumables,GI,202301,1021753,Atlantic Health System,,,,,20167687,90378716,Invoice,500,229.25,5,2500,2270.75
3/19/2025,Spot Ex,GI,202301,1021591,Northwell Health,,,,,20075708,90378685,Invoice,380,32.1,10,3800,3767.9
3/19/2025,Spot Ex,GI,202301,1021716,Orlando Health,,,,,20166709,90378708,Invoice,1380,128.4,40,55200,55071.6
3/19/2025,T-Doc Catheters,Uro,202301,1021732,Ohio State University Physicians,,,,,20080333,90378715,Invoice,2010,591,30,60300,59709
3/19/2025,Tubing,Uro,202301,1021455,"Optum Medical Care, P.C.",,,,,20083699,90378678,Invoice,398,46.75,25,9950,9903.25
3/19/2025,Tubing,Uro,202301,1021716,Orlando Health,,,,,20071047,90378705,Invoice,890,93.5,50,44500,44406.5
3/20/2025,InjeTAK,Uro,202301,1021918,Presbyterian Healthcare Services,,,,,20170279,90378723,Invoice,489,131.1,6,2934,2802.9
3/20/2025,InjeTAK,Uro,202301,1022089,RUSH University Medical Center,,,,,20067015,90378736,Invoice,740,218.5,10,7400,7181.5
3/20/2025,InjeTAK,Uro,202301,1022089,RUSH University Medical Center,,,,,20067015,90378739,Invoice,148,43.7,2,296,252.3
3/20/2025,InjeTAK,Uro,202301,1022280,Village Practice Management Company,,,,,20168675,90378756,Invoice,288,131.1,6,1728,1596.9
3/20/2025,InjeTAK,Uro,202301,1022572,Cleveland Clinic Health,,,,,20082814,90378782,Invoice,109,23.68,2,218,194.32
3/20/2025,Optilume Strictures,Uro,202301,1022112,USA Health University Hospital,,,,,20072757,90378740,Invoice,4190,0,2,8380,8380
3/20/2025,Optilume Strictures,Uro,202301,1022112,USA Health University Hospital,,,,,20072757,90378740,Invoice,0,201,0,0,-201
3/20/2025,Optilume Strictures,Uro,202301,1022713,Ascension Health Ministry Service C,,,,,20084663,90378788,Invoice,4190,0,2,8380,8380
3/20/2025,Optilume Strictures,Uro,202301,1022713,Ascension Health Ministry Service C,,,,,20084663,90378788,Invoice,0,143.36,0,0,-143.36
3/20/2025,Optilume Strictures,Uro,202301,1022713,Ascension Health Ministry Service C,,,,,20084663,90378788,Invoice,0,215.04,0,0,-215.04
3/20/2025,Optilume Strictures,Uro,202301,1022713,Ascension Health Ministry Service C,,,,,20084663,90378788,Invoice,0,143.36,0,0,-143.36
3/20/2025,Other Uro Dx Disposables,Uro,202301,1022487,Sutter Health System Office,,,,,20067617,90378772,Invoice,290,36,100,29000,28964
3/20/2025,RenovaRP Consumables,GI,202301,1022089,RUSH University Medical Center,,,,,20074067,90378737,Invoice,830,458.5,10,8300,7841.5
3/20/2025,RenovaRP Consumables,GI,202301,1022089,RUSH University Medical Center,,,,,20074067,90378738,Invoice,415,229.25,5,2075,1845.75
3/20/2025,RenovaRP Consumables,GI,202301,1022392,Covenant: St Joseph Nashua,,,,,20195871,90378761,Invoice,860,460,80,68800,68340
3/20/2025,RenovaRP Consumables,GI,202301,1022572,Cleveland Clinic Health,,,,,20078043,90378779,Invoice,180,115,20,3600,3485
3/20/2025,RenovaRP Consumables,GI,202301,1022809,UNC Health Care System,,,,,20072507,90378793,Invoice,950,458.5,10,9500,9041.5
3/20/2025,Spot Ex,GI,202301,1022051,Rochester Regional Health,,,,,20082186,90378735,Invoice,380,32.1,10,3800,3767.9
3/20/2025,T-Doc Catheters,Uro,202301,1021928,Providence Health & Services,,,,,20084370,90378728,Invoice,736,163.2,20,14720,14556.8
3/20/2025,T-Doc Catheters,Uro,202301,1022573,Three Rivers Medical Center,,,,,20167186,90378783,Invoice,786,230.8,10,7860,7629.2
3/20/2025,T-Doc Catheters,Uro,202301,1022835,Associated Urological Specialists,,,,,20076045,90378801,Invoice,670,81.6,10,6700,6618.4
3/21/2025,Kiwi,CI,202301,1061863,NHS Supply Chain NHS Suppply Chain Accounts Payable,,,,,20151478,90379000,Invoice,7782.73,1309.85,240,1867855.2,1866545.35
3/21/2025,Other GI Supply Disposables,GI,202301,1105371,United Digestive,,,,,20192535,90378862,Invoice,25,0,1,25,25
3/21/2025,Other GI Supply Disposables,GI,202301,1105732,CHARLOTTESVILLE GASTRO ASSOCIATES A/P - SUSAN FOSTER,,,,,20193041,90378867,Invoice,250,0,10,2500,2500
3/21/2025,Other GI Supply Disposables,GI,202301,1108096,WEST SHORE ENDOSCOPY CENTER ACCOUNTS PAYABLE,,,,,20196665,90378887,Invoice,375,0,15,5625,5625
3/21/2025,Other Uro Dx Equipment,Uro,202301,1022840,University of Arkansas Medical Sciences,,,,,20083683,90378806,Invoice,441,37.78,1,441,403.22
3/21/2025,Spot Ex,GI,202301,1022837,University of Chicago Medicine,,,,,20079953,90378802,Invoice,760,64.2,20,15200,15135.8
3/21/2025,Spot Ex,GI,202301,1023311,Allegheny Health Network,,,,,20068579,90378835,Invoice,380,32.1,10,3800,3767.9
3/21/2025,Spot Ex,GI,202301,1105924,Washington Gastroenterology,,,,,20193312,90378869,Invoice,260,32.1,10,2600,2567.9
3/21/2025,Spot Ex,GI,202301,1107130,Outpatient Center of Delray,,,,,20195143,90378882,Invoice,345,32.1,10,3450,3417.9
3/21/2025,T-Doc Catheters,Uro,202301,1022897,Beth Israel Lahey Health,,,,,20075709,90378810,Invoice,3996,284.8,40,159840,159555.2
3/21/2025,T-Doc Catheters,Uro,202301,1060957,CHU Caen,,,,,20154765,90378355,Debit Memo,1596.77,0,4,6387.08,6387.08
3/21/2025,Tubing,Uro,202301,1022835,Associated Urological Specialists,,,,,20076045,90378801,Invoice,1154,93.5,50,57700,57606.5
3/21/2025,Tubing,Uro,202301,1060957,CHU Caen,,,,,20154765,90378350,Credit Memo,-75.67,-18.12,-20,1513.4,1531.52
3/21/2025,Tubing,Uro,202301,1060957,CHU Caen,,,,,20154765,90378350,Credit Memo,-191.7,-37.49,-25,4792.5,4829.99
3/21/2025,UDS Other Service & Repairs,Uro,202301,1059254,Endotherapeutics NZ Ltd T/A Endoventure,,,,,20153402,90378850,Invoice,0,9.41,1,0,-9.41
3/21/2025,UDS Service Contracts,Uro,202301,1108603,Baptist Health Centers,,,,,20070749,90378891,Invoice,2928,0,1,2928,2928
3/21/2025,Uromed,Uro,202301,1061707,Alliance Healthcare Répartition,,,,,20152859,90378342,Credit Memo,-39.88,-7.05,-1,39.88,46.93
3/22/2025,babyLance,CI,202301,1060698,Klinikum Worms gGmbH,,,,,20152126,90378375,Invoice,442.49,124.61,350,154871.5,154746.89
3/22/2025,Endoscopy Sheaths,Uro,202301,1061099,CH Arras,,,,,20152835,90378418,Invoice,3776.15,946.2,100,377615,376668.8
3/22/2025,Endoscopy Sheaths,Uro,202301,1082661,Clinique d'Argonay,,,,,20152774,90378427,Invoice,712.07,215.13,20,14241.4,14026.27
3/22/2025,Endoscopy Sheaths,Uro,202301,1069312,Andros Clinics t.a.v. financiële administratie,,,,,1059192,90378479,Invoice,2909.47,561.89,60,174568.2,174006.31
3/22/2025,Incontinence UPC Lead Sets,Uro,202301,1061774,East and North Hertfordshire NHS Trust RWH Payables 6435,,,,,20156283,90378389,Invoice,4391.74,238.48,6,26350.44,26111.96
3/22/2025,Kiwi,CI,202301,1060806,Klinikum Ingolstadt GmbH Fertigvorrat,,,,,20152027,90378378,Invoice,810.55,93.71,15,12158.25,12064.54
3/22/2025,Kiwi,CI,202301,1070398,Viecuri Medisch Centrum Financiële administratie,,,,,20156356,90378481,Invoice,470.4,80.05,10,4704,4623.95
3/22/2025,Other Uro Dx Disposables,Uro,202301,1061370,Clinique du Grésivaudan,,,,,20151150,90378423,Invoice,626.57,415.38,50,31328.5,30913.12
3/22/2025,Other Uro Dx Disposables,Uro,202301,1059003,Sisk Healthcare t/a M.E.D. Surgical Unit 3,,,,,20150917,90378461,Invoice,175.63,34.52,25,4390.75,4356.23
3/22/2025,Other Uro Dx Equipment,Uro,202301,1058745,Al Zahrawi Medical Supplies L.L.C,,,,,20164001,90378447,Invoice,549.56,67.51,2,1099.12,1031.61
3/22/2025,Ph/Impedance Catheters,GI,202301,1061755,The Leeds Teaching Hospital NHS Trust Finance Department,,,,,20171157,90378386,Invoice,1960.37,633.74,50,98018.5,97384.76
3/22/2025,Ph/Impedance Catheters,GI,202301,1089817,St. George's Univ.Hosp. NHS FT RJ7 Payables F945,,,,,20155005,90378391,Invoice,551.89,94.54,5,2759.45,2664.91
3/22/2025,Ph/Impedance Catheters,GI,202301,1089817,St. George's Univ.Hosp. NHS FT RJ7 Payables F945,,,,,20153853,90378392,Invoice,1103.78,189.1,10,11037.8,10848.7
3/22/2025,Ph/Impedance Catheters,GI,202301,1070281,EB Neuro  S.p.A. Purchasing / Mgmt Asst,,,,,20156439,90378457,Invoice,606.48,252.68,20,12129.6,11876.92
3/22/2025,Portascan 3D,Uro,202301,1061052,CH Avranches Granville,,,,,20155566,90378416,Invoice,1747.82,26.5,1,1747.82,1721.32
3/22/2025,Tubing,Uro,202301,1061808,SHL Spire Healthcare Ltd Accounts Payable,,,,,20151780,90378396,Invoice,46.53,13.86,10,465.3,451.44
3/22/2025,UDS Other Service & Repairs,Uro,202301,1059821,Asbl Clin.Notre-Dame De Grâce,,,,,1059821,90378438,Invoice,127.04,40.12,1,127.04,86.92
3/22/2025,UDS Other Service & Repairs,Uro,202301,1059003,Sisk Healthcare t/a M.E.D. Surgical Unit 3,,,,,20150917,90378462,Invoice,459.71,9.94,3,1379.13,1369.19
3/22/2025,Water Catheters,Uro,202301,1058952,Meden-Inmed Sp. z o.o.,,,,,1058952,90378452,Invoice,542.62,197.44,50,27131,26933.56
3/23/2025,Eclipse,Uro,202301,1020484,Fort Belvoir Community Hospital,,,,,20074416,90378500,Invoice,999,138.13,1,999,860.87
3/23/2025,EverLift,GI,202301,1019137,Doylestown Health Hospital,,,,,20071962,90378536,Invoice,1600,179.6,40,64000,63820.4
3/23/2025,Flowmaster,Uro,202301,1108461,Dr. Matthias Kretz,,,,,9980000931,90378494,Invoice,2691.59,446.3,1,2691.59,2245.29
3/23/2025,Kiwi,CI,202301,1059198,Zorgservice XL t.a.v. Crediteurenadministratie,,,,,20152872,90378484,Invoice,256.7,50.6,5,1283.5,1232.9
3/23/2025,Kiwi,CI,202301,1078697,FIVE HILLS HEALTH REGION *CONSOLIDATED use 1078834*,1078834,,,,20162899,90378517,Invoice,601.05,79.14,15,9015.75,8936.61
3/23/2025,Other Uro Dx Equipment,Uro,202301,9980000913,Albert Meek Meek,,,,,9980000913,90378489,Invoice,0,63.22,2,0,-63.22
3/23/2025,Other Uro Dx Equipment,Uro,202301,9980000179,SARA POORSAADATI,,,,,9980000179,90378531,Invoice,0,295.45,1,0,-295.45
3/23/2025,ROM,CI,202301,1020072,Claflin Company,,,,,20163261,90378499,Invoice,42.5,30.75,5,212.5,181.75
3/23/2025,Traxi,CI,202301,1020072,Claflin Company,,,,,20163261,90378499,Invoice,700,89.1,10,7000,6910.9
3/23/2025,Traxi,CI,202301,1078679,Cardinal Health,,,,,20166710,90378508,Invoice,455,29.6,10,4550,4520.4
3/23/2025,Tubing,Uro,202301,1059198,Zorgservice XL t.a.v. Crediteurenadministratie,,,,,20152872,90378482,Invoice,483.74,98.72,50,24187,24088.28
3/24/2025,InjeTAK,Uro,202301,1020264,Denver Health & Hosp Authority,,,,,20074681,90378595,Invoice,264,47.36,4,1056,1008.64
3/24/2025,InjeTAK,Uro,202301,1020394,Erlanger Health System,,,,,20067830,90378605,Invoice,618,142.08,12,7416,7273.92
3/24/2025,Optilume Strictures,Uro,202301,1020694,Harborview Medical Center **CONSOLIDATED use 1023277**,1023277,,,,20069053,90378627,Invoice,0,673.2,0,0,-673.2
3/24/2025,Optilume Strictures,Uro,202301,1020694,Harborview Medical Center **CONSOLIDATED use 1023277**,1023277,,,,20069053,90378627,Invoice,0,107.52,0,0,-107.52
3/24/2025,Other GI Supply Disposables,GI,202301,1020304,Desert Regional Medical Center,,,,,20193378,90378597,Invoice,295,57.5,125,36875,36817.5
3/24/2025,RenovaRP Consumables,GI,202301,1020621,CHI - Common Spirit Health,,,,,20077522,90378619,Invoice,975,304.75,25,24375,24070.25
3/24/2025,RenovaRP Consumables,GI,202301,1020621,CHI - Common Spirit Health,,,,,20167127,90378621,Invoice,190,115,20,3800,3685
3/24/2025,RenovaRP pump,GI,202301,1019541,Allina Health System,,,,,9980001324,90378547,Invoice,0,0,1,0,0
3/24/2025,Spot Ex,GI,202301,1019812,Bon Secours Mercy Health,,,,,20079196,90378571,Invoice,380,32.1,10,3800,3767.9
3/24/2025,Spot Ex,GI,202301,1020487,Covenant Health,,,,,20075160,90378610,Invoice,380,32.1,10,3800,3767.9
3/24/2025,T-Doc Catheters,Uro,202301,1019632,Associates in Women's Health,,,,,20077168,90378550,Invoice,1340,163.2,20,26800,26636.8
3/24/2025,T-Doc Catheters,Uro,202301,1020259,Billings Clinic,,,,,20079148,90378594,Invoice,1572,73.6,20,31440,31366.4
3/24/2025,T-Doc Catheters,Uro,202301,1020632,Prisma Health,,,,,20163873,90378623,Invoice,2261,1379,70,158270,156891
3/24/2025,T-Doc Catheters,Uro,202301,1020656,Genesis Healthcare System,,,,,20079036,90378624,Invoice,1164,163.2,20,23280,23116.8
3/24/2025,Tubing,Uro,202301,1020385,Enloe Medical Center,,,,,20083897,90378602,Invoice,1731,140.25,75,129825,129684.75
3/24/2025,UDS Other Service & Repairs,Uro,202301,1021763,PartsSource,,,,,20067499,90378607,Invoice,168,89.31,1,168,78.69
3/25/2025,EverLift,GI,202301,1021478,MultiCare Health System,,,,,20084564,90378681,Invoice,1170,134.7,30,35100,34965.3
3/25/2025,Other Uro Dx Equipment,Uro,202301,1020971,Kaiser Health Plan Asset Mgmt,,,,,20072528,90378648,Invoice,1733,932.86,1,1733,800.14
3/25/2025,Probes -Urostym,Uro,202301,1021334,Encore Urology,,,,,20196973,90378675,Invoice,0,45.32,2,0,-45.32
3/25/2025,RenovaRP Consumables,GI,202301,1020820,Haywood Regional Medical Center,,,,,20081229,90378632,Invoice,1500,687.75,15,22500,21812.25
3/25/2025,T-Doc Catheters,Uro,202301,1020767,Dartmouth Health,,,,,20072828,90378630,Invoice,999,71.2,10,9990,9918.8
3/25/2025,T-Doc Catheters,Uro,202301,1020974,Hawaii Pacific: Kapiolani & Pali Momi,,,,,20067539,90378651,Invoice,999,71.2,10,9990,9918.8
3/25/2025,T-Doc Catheters,Uro,202301,1021448,Mercury Surgery Center,,,,,20075863,90378677,Invoice,4224,555.2,40,168960,168404.8
3/25/2025,Water Catheters,Uro,202301,1021501,Nationwide Children's Hospital,,,,,20080403,90378682,Invoice,849,131.7,30,25470,25338.3
3/26/2025,EverLift,GI,202301,1021583,Tennova Healthcare (CHS),,,,,20077971,90378684,Invoice,800,89.8,20,16000,15910.2
3/26/2025,EverLift,GI,202301,1021591,Northwell Health,,,,,20168582,90378686,Invoice,0,0,20,0,0
3/26/2025,Incontinence UPC Lead Sets,Uro,202301,1021728,The Oregon Clinic PC,,,,,20074505,90378712,Invoice,6223,327.6,7,43561,43233.4
3/26/2025,InjeTAK,Uro,202301,1021716,Orlando Health,,,,,20082577,90378706,Invoice,396,71.04,6,2376,2304.96
3/26/2025,Other Uro Dx Equipment,Uro,202301,1021614,Northwoods Urology,,,,,20075555,90378691,Invoice,0,0,1,0,0
3/26/2025,RenovaRP Consumables,GI,202301,1022013,Reading Hospital (Tower Health),,,,,20195502,90378732,Invoice,430,230,40,17200,16970
3/26/2025,Spot Ex,GI,202301,1021779,Park Nicollet Health Services **CONSOLIDATED use 1020816*,1020816,,,,20171038,90378719,Invoice,760,64.2,20,15200,15135.8
3/26/2025,T-Doc Catheters,Uro,202301,1021591,Northwell Health,,,,,20069030,90378688,Invoice,1960,184,50,98000,97816
3/26/2025,T-Doc Catheters,Uro,202301,1022004,Reid Physicians Associates Inc.,,,,,20076557,90378731,Invoice,2358,692.4,30,70740,70047.6
3/27/2025,Electrodes,Uro,202301,1022573,Three Rivers Medical Center,,,,,20167186,90378783,Invoice,93,27.1,10,930,902.9
3/27/2025,Endoscopy Sheaths,Uro,202301,1022461,Hawaii Pacific: Straub Clinic & Hospital,,,,,20070860,90378771,Invoice,1238,9,20,24760,24751
3/27/2025,EverLift,GI,202301,1022567,Jefferson Health,,,,,20074380,90378777,Invoice,720,89.8,20,14400,14310.2
3/27/2025,Optilume Strictures,Uro,202301,1022112,USA Health University Hospital,,,,,20072757,90378740,Invoice,0,603,0,0,-603
3/27/2025,RenovaRP Consumables,GI,202301,1022160,Baylor Scott & White Health,,,,,20071446,90378750,Invoice,175,60.95,5,875,814.05
3/27/2025,Spot Ex,GI,202301,1022370,"Steward Health Care System, LLC *12.3.24 CONSOLIDATED 1020608*",1020608,,,,20075287,90378760,Invoice,1035,96.3,30,31050,30953.7
3/27/2025,Spot Ex,GI,202301,1022445,Stormont Vail Healthcare,,,,,20068795,90378769,Invoice,380,32.1,10,3800,3767.9
3/27/2025,UDS Other Service & Repairs,Uro,202301,1022713,Ascension Health Ministry Service C,,,,,20069246,90378785,Invoice,0,76.87,1,0,-76.87
3/27/2025,Water Catheters,Uro,202301,1022419,UCSF Medical Center,,,,,20078642,90378766,Invoice,1132,181.2,40,45280,45098.8
3/28/2025,Electrodes,Uro,202301,1023307,WakeMed Health and Hospitals,,,,,20077328,90378834,Invoice,279,81.3,30,8370,8288.7
3/28/2025,InjeTAK,Uro,202301,1022834,University Of Chicago,,,,,20083655,90378800,Invoice,815,218.5,10,8150,7931.5
3/28/2025,Optilume Strictures,Uro,202301,1022713,Ascension Health Ministry Service C,,,,,20084663,90378788,Invoice,0,448.8,0,0,-448.8
3/28/2025,Optilume Strictures,Uro,202301,1022713,Ascension Health Ministry Service C,,,,,20084663,90378788,Invoice,8380,0,4,33520,33520
3/28/2025,Other Uro Dx Disposables,Uro,202301,1026735,Ascension Med Group Providence Urology,,,,,20084995,90378846,Invoice,116,60.6,20,2320,2259.4
3/28/2025,Probes -Urostym,Uro,202301,1026735,Ascension Med Group Providence Urology,,,,,20084995,90378846,Invoice,250,41.85,5,1250,1208.15
3/28/2025,RenovaRP Consumables,GI,202301,1022809,UNC Health Care System,,,,,20072507,90378793,Invoice,210,115,20,4200,4085
3/28/2025,Spot Ex,GI,202301,1026530,Mason City Surgery Center,,,,,20084697,90378845,Invoice,345,32.1,10,3450,3417.9
3/28/2025,T-Doc Catheters,Uro,202301,1022962,"Urology Associates, PC",,,,,20081868,90378813,Invoice,2496,220.8,60,149760,149539.2
3/28/2025,T-Doc Catheters,Uro,202301,1022962,"Urology Associates, PC",,,,,20081868,90378813,Invoice,2832,1576,80,226560,224984
3/28/2025,Tubing,Uro,202301,1024862,Stillwater Medical Center,,,,,20165566,90378842,Invoice,577,46.75,25,14425,14378.25
3/28/2025,UDS Other Service & Repairs,Uro,202301,1022981,Minnesota Urology,,,,,20069146,90378816,Invoice,0,89.31,1,0,-89.31
3/29/2025,EverLift,GI,202301,1105450,ADVANCED SURGERY CENTER ACCOUNTS PAYABLE,,,,,20192658,90378866,Invoice,360,44.9,10,3600,3555.1
3/29/2025,EverLift,GI,202301,1105951,Digestive Health Center of Allen,,,,,20193347,90378873,Invoice,350,44.9,10,3500,3455.1
3/29/2025,Incontinence MPQ,Uro,202301,1083501,Chesapeake Regional Surgery Ctr,,,,,20167214,90378852,Invoice,78,26.76,2,156,129.24
3/29/2025,RenovaRP Consumables,GI,202301,1086526,Culpeper Memorial Hospital Inc d/b/a Novant Health UVA Health System,,,,,20168124,90378854,Invoice,945,182.85,15,14175,13992.15
3/29/2025,RenovaRP Consumables,GI,202301,1106520,HOWARD UNIVERSITY HOSPITAL ACCOUNTS PAYABLE,,,,,20194173,90378877,Invoice,860,460,80,68800,68340
3/29/2025,Spot Ex,GI,202301,1106079,ENDO-CENTER ACCOUNTS PAYABLE,,,,,20193536,90378874,Invoice,380,32.1,10,3800,3767.9
3/29/2025,Tubing,Uro,202301,1026735,Ascension Med Group Providence Urology,,,,,20084995,90378846,Invoice,355,44.5,50,17750,17705.5
3/29/2025,UDS Other Service & Repairs,Uro,202301,1089505,Community Medical Partners,,,,,20197453,90378856,Invoice,0,6.06,1,0,-6.06
3/30/2025,Electrodes,Uro,202301,1022160,Baylor Scott & White Health,,,,,20084297,90378745,Invoice,37,11.8,10,370,358.2
3/30/2025,Optilume Strictures,Uro,202301,1022112,USA Health University Hospital,,,,,20072757,90378740,Invoice,6285,0,3,18855,18855
3/30/2025,Optilume Strictures,Uro,202301,1022112,USA Health University Hospital,,,,,20072757,90378740,Invoice,0,107.52,0,0,-107.52
3/30/2025,Other GI Supply Disposables,GI,202301,1108096,WEST SHORE ENDOSCOPY CENTER ACCOUNTS PAYABLE,,,,,20196665,90378887,Invoice,375,0,15,5625,5625
3/30/2025,Other GI Supply Disposables,GI,202301,1022138,Santa Clara Valley Health & Hosp,,,,,20075407,90378743,Invoice,388,140,200,77600,77460
3/30/2025,Other Uro Dx Equipment,Uro,202301,1022160,Baylor Scott & White Health,,,,,1022160,90378748,Invoice,2110,0,1,2110,2110
3/30/2025,RenovaRP Consumables,GI,202301,1022138,Santa Clara Valley Health & Hosp,,,,,20195167,90378744,Invoice,2150,1150,200,430000,428850
3/30/2025,Spot Ex,GI,202301,1022115,Hospital Sisters Health System,,,,,20084178,90378741,Invoice,345,32.1,10,3450,3417.9
3/30/2025,UDS Service Contracts,Uro,202301,1108603,Baptist Health Centers,,,,,20070749,90378891,Invoice,2662,0,1,2662,2662
3/30/2025,UDS Service Contracts,Uro,202301,1108603,Baptist Health Centers,,,,,20070749,90378891,Invoice,3221,0,1,3221,3221
3/31/2025,EverLift,GI,202301,1022567,Jefferson Health,,,,,20167049,90378776,Invoice,720,89.8,20,14400,14310.2
3/31/2025,Incontinence UPC Lead Sets,Uro,202301,1022237,Sharp Healthcare,,,,,20072560,90378754,Invoice,2457,140.4,3,7371,7230.6
3/31/2025,Incontinence UPC Lead Sets,Uro,202301,1022545,Tennessee Valley Urology CenterP.C.,,,,,20077730,90378774,Invoice,2802,140.4,3,8406,8265.6
3/31/2025,InjeTAK,Uro,202301,1022457,Dignity Health - AZ/NV,,,,,20070516,90378770,Invoice,815,218.5,10,8150,7931.5
3/31/2025,InjeTAK,Uro,202301,1022713,Ascension Health Ministry Service C,,,,,20083366,90378786,Invoice,132,23.68,2,264,240.32
3/31/2025,Optilume Strictures,Uro,202301,1022713,Ascension Health Ministry Service C,,,,,20084663,90378788,Invoice,0,71.68,0,0,-71.68
3/31/2025,Optilume Strictures,Uro,202301,1022713,Ascension Health Ministry Service C,,,,,20084663,90378788,Invoice,0,804,0,0,-804
3/31/2025,Optilume Strictures,Uro,202301,1022713,Ascension Health Ministry Service C,,,,,20084663,90378788,Invoice,12570,0,6,75420,75420
3/31/2025,Optilume Strictures,Uro,202301,1022713,Ascension Health Ministry Service C,,,,,20084663,90378788,Invoice,8380,0,4,33520,33520
3/31/2025,Other Uro Tx Disposables,Uro,202301,1022567,Jefferson Health,,,,,20073151,90378775,Invoice,596,100.8,24,14304,14203.2
3/31/2025,RenovaRP Consumables,GI,202301,1022755,University of Kentucky Healthcare,,,,,20071793,90378789,Invoice,2600,487.6,40,104000,103512.4
3/31/2025,T-Doc Catheters,Uro,202301,1022545,Tennessee Valley Urology CenterP.C.,,,,,20077730,90378774,Invoice,670,81.6,10,6700,6618.4
