transactiondate,product,product_GBU,yearmth,customer_no,billto_customer_name,Extract_Number,customer_no_dupes,bill_to_custname_wo_dupes,st_customer_name,st_customer_no,invoice_no,invoice_type,revenue,cost,Quantity,sale_amount,Profit-Loss
1/1/2023,GI Service Contracts,GI,202301,1019810,Boston Medical Center Health System,,1019810,Boston Medical Center Health System,BMCHS Power Plant BuildingAttn: Receiving,20083715,90373935,Invoice,4767.3,0,1,4767.3,4767.3
1/2/2023,UDS Other Service & Repairs,Uro,202301,1024264,U.S. Bank Equipment Finance Division of U.S. Bank Nat'l Assoc.,,1024264,U.S. Bank Equipment Finance Division of U.S. Bank Nat'l Assoc.,Pelvic Health PartnersAttn: Receiving,20171252,90373940,Invoice,0,0,1,0,0
1/2/2023,GI Service Contracts,GI,202301,1059744,BWC Management Services Ltd CQ3 Payables F715,,1059744,BWC Management Services Ltd CQ3 Payables F715,BWC Management ServicesMedical Physics,20168508,90373937,Invoice,1041.37,0,1,1041.37,1041.37
1/3/2023,UDS Other Service & Repairs,Uro,202301,1061808,SHL Spire Healthcare Ltd Accounts Payable,,1061808,SHL Spire Healthcare Ltd Accounts Payable,SHL Spire Healthcare LtdAccounts Payable,1061808,90373941,Invoice,1308.44,0,1,1308.44,1308.44
1/3/2023,3rd party,CI,202301,1061010,CHU Montpellier Pharm Euromédicine - Plateforme Log Phar,,1061010,CHU Montpellier Pharm Euromédicine - Plateforme Log Phar,CHU MontpellierPlateforme Logistique Pharmacie,20152968,90373942,Credit Memo,-747.89,-356.03,-50,37394.5,37750.53
1/3/2023,3rd party,CI,202301,1061010,CHU Montpellier Pharm Euromédicine - Plateforme Log Phar,,1061010,CHU Montpellier Pharm Euromédicine - Plateforme Log Phar,CHU MontpellierPlateforme Logistique Pharmacie,20152968,90373943,Debit Memo,747.89,356.03,50,37394.5,37038.47
1/3/2023,Optilume Strictures,Uro,202301,1089747,Apsu Medical AB,,1089747,Apsu Medical AB,Medical Log PointAtt: Apsu Medical,20170910,90373944,Credit Memo,0,0,-1,0,0
1/3/2023,CGT Non-Core,Non-Core,202301,1089747,Apsu Medical AB,,1089747,Apsu Medical AB,Medical Log PointAtt: Apsu Medical,20170910,90373944,Credit Memo,-3156.16,0,-1,3156.16,3156.16
1/3/2023,Optilume Strictures,Uro,202301,1089747,Apsu Medical AB,,1089747,Apsu Medical AB,Medical Log PointAtt: Apsu Medical,20170910,90373945,Debit Memo,0,0,1,0,0
1/3/2023,Optilume Strictures,Uro,202301,1089747,Apsu Medical AB,,1089747,Apsu Medical AB,Medical Log PointAtt: Apsu Medical,20170910,90373946,Invoice Cancellation,-15000,0,-10,150000,150000
1/3/2023,CGT Non-Core,Non-Core,202301,1089747,Apsu Medical AB,,1089747,Apsu Medical AB,Medical Log PointAtt: Apsu Medical,20170910,90373948,Credit Memo,-3156.16,0,-1,3156.16,3156.16
1/3/2023,GI Service Contracts,GI,202301,1059775,Ashford & St Peters Hospital RTK Payables A185,,1059775,Ashford & St Peters Hospital RTK Payables A185,Ashford and St Peters HospitalSt Peters Hospital - Main Stores,20154912,90373956,Invoice,3587.23,0,1,3587.23,3587.23
1/3/2023,UDS Other Service & Repairs,Uro,202301,1058746,"Asras Medical CO., LTD.",,1058746,"Asras Medical CO., LTD.","Asras Medical CO., LTD.",1058746,90373958,Invoice,0,0,2,0,0
1/3/2023,Flowmaster,Uro,202301,1058746,"Asras Medical CO., LTD.",,1058746,"Asras Medical CO., LTD.","Asras Medical CO., LTD.",1058746,90373959,Invoice,0,0,0,0,0
1/3/2023,UDS Other Service & Repairs,Uro,202301,1058746,"Asras Medical CO., LTD.",,1058746,"Asras Medical CO., LTD.","Asras Medical CO., LTD.",1058746,90373959,Invoice,0,0,3.5,0,0
1/3/2023,UDS Other Service & Repairs,Uro,202301,1058746,"Asras Medical CO., LTD.",,1058746,"Asras Medical CO., LTD.","Asras Medical CO., LTD.",1058746,90373959,Invoice,0,0,1,0,0
1/3/2023,UDS Other Service & Repairs,Uro,202301,1019709,Bronson Healthcare,,1019709,Bronson Healthcare,Bronson OBGYN (20-8705)Attn: Biomedical - David Thomas,20171072,90373963,Invoice,3615.68,0,0,0,0
1/3/2023,UDS Other Service & Repairs,Uro,202301,1019709,Bronson Healthcare,,1019709,Bronson Healthcare,Bronson OBGYN (20-8705)Attn: Biomedical - David Thomas,20171072,90373963,Invoice,1500.01,0,0,0,0
1/3/2023,UDS Other Service & Repairs,Uro,202301,1019709,Bronson Healthcare,,1019709,Bronson Healthcare,Bronson OBGYN (20-8705)Attn: Biomedical - David Thomas,20171072,90373963,Invoice,-3615.68,0,0,0,0
1/3/2023,UDS Other Service & Repairs,Uro,202301,1019709,Bronson Healthcare,,1019709,Bronson Healthcare,Bronson OBGYN (20-8705)Attn: Biomedical - David Thomas,20171072,90373963,Invoice,-1500.01,0,0,0,0
1/3/2023,UDS Other Service & Repairs,Uro,202301,1019709,Bronson Healthcare,,1019709,Bronson Healthcare,Bronson OBGYN (20-8705)Attn: Biomedical - David Thomas,20171072,90373963,Invoice,350,0,1,350,350
1/3/2023,UDS Service Contracts,Uro,202301,1023121,VA Wilmington Health Care,,1023121,VA Wilmington Health Care,Wilmington VA Medical CenterAttn: Receiving,20068551,90373965,Invoice,2420,0,1,2420,2420
1/3/2023,Other GI Supply Disposables,GI,202301,1108704,HCA - Wesley Woodlawn Hospital Attn Accounts Payable 26330,,1108704,HCA - Wesley Woodlawn Hospital Attn Accounts Payable 26330,Wesley Woodlawn HospitalAttn: Receiving,20084372,90373966,Invoice,90,34.5,50,4500,4465.5
1/3/2023,babyLance,CI,202301,1061762,Aneurin Bevan Local Health Board 342049 Accounts Payable,,1061762,Aneurin Bevan Local Health Board 342049 Accounts Payable,324551 GUH R and D StoresGrange University Hospital,20166842,90373967,Invoice,171.32,70.98,200,34264,34193.02
1/3/2023,babyLance,CI,202301,1061762,Aneurin Bevan Local Health Board 342049 Accounts Payable,,1061762,Aneurin Bevan Local Health Board 342049 Accounts Payable,324551 GUH R and D StoresGrange University Hospital,20166842,90373967,Invoice,171.32,70.98,200,34264,34193.02
1/3/2023,Kiwi,CI,202301,1061854,Maidstone &Tunbridge Wells NHS Trust,,1061854,Maidstone &Tunbridge Wells NHS Trust,The Maidstone HospitalWomens Opd - Main Stores,20155238,90373968,Invoice,381.79,54.57,10,3817.9,3763.33
1/3/2023,ROM,CI,202301,1061863,NHS Supply Chain NHS Suppply Chain Accounts Payable,,1061863,NHS Supply Chain NHS Suppply Chain Accounts Payable,NORTHUMBRIA SPEC EMERGENCY SUPPLIES STORGLN: 905XN2426 (905XN2426)NORTHUMBRIA CARE HOSPITAL,20170862,90373969,Invoice,637.55,230.67,50,31877.5,31646.83
1/3/2023,Traxi,CI,202301,1061863,NHS Supply Chain NHS Suppply Chain Accounts Payable,,1061863,NHS Supply Chain NHS Suppply Chain Accounts Payable,"NHS Supply ChainRugby, Gynae Opd",20151486,90373970,Invoice,134.61,37.57,5,673.05,635.48
1/3/2023,Clearview,CI,202301,1061863,NHS Supply Chain NHS Suppply Chain Accounts Payable,,1061863,NHS Supply Chain NHS Suppply Chain Accounts Payable,NHS SUPPLY CHAIN NORMANTONTHE SUPPLY CENTRE,20170861,90373971,Invoice,1222.48,298.34,20,24449.6,24151.26
1/3/2023,Kiwi,CI,202301,1061863,NHS Supply Chain NHS Suppply Chain Accounts Payable,,1061863,NHS Supply Chain NHS Suppply Chain Accounts Payable,NHS SUPPLY CHAIN SUFFOLK PARKUNIT 9,20170835,90373973,Invoice,9728.42,1637.32,300,2918526,2916888.68
1/3/2023,Traxi,CI,202301,1061863,NHS Supply Chain NHS Suppply Chain Accounts Payable,,1061863,NHS Supply Chain NHS Suppply Chain Accounts Payable,"NHS Supply ChainRugby, Gynae Opd",20151486,90373974,Invoice,134.61,37.57,5,673.05,635.48
1/3/2023,Clearview,CI,202301,1061813,Nuffield Health The Account Department,,1061813,Nuffield Health The Account Department,NUFFIELD HEALTH NEWCASTLE HOSPITALSUPPLIES DEPARTMENT,20170855,90373976,Invoice,248.69,74.58,5,1243.45,1168.87
1/3/2023,Traxi,CI,202301,1061863,NHS Supply Chain NHS Suppply Chain Accounts Payable,,1061863,NHS Supply Chain NHS Suppply Chain Accounts Payable,NHS Supply ChainAlfreton,20151478,90373978,Invoice,269.21,75.13,10,2692.1,2616.97
1/3/2023,Optilume Strictures,Uro,202301,1089747,Apsu Medical AB,,1089747,Apsu Medical AB,Medical Log PointAtt: Apsu Medical,20170910,90373946,Invoice Cancellation,0,0,-1,0,0
1/3/2023,CGT Non-Core,Non-Core,202301,1089747,Apsu Medical AB,,1089747,Apsu Medical AB,Medical Log PointAtt: Apsu Medical,20170910,90373947,Credit Memo Cancella,3156.16,0,1,3156.16,3156.16
1/3/2023,Optilume Strictures,Uro,202301,1089747,Apsu Medical AB,,1089747,Apsu Medical AB,Medical Log PointAtt: Apsu Medical,20170910,90373948,Credit Memo,0,0,-1,0,0
1/3/2023,Optilume Strictures,Uro,202301,1089747,Apsu Medical AB,,1089747,Apsu Medical AB,Medical Log PointAtt: Apsu Medical,20170910,90373949,Debit Memo,0,0,1,0,0
1/3/2023,Optilume Strictures,Uro,202301,1089747,Apsu Medical AB,,1089747,Apsu Medical AB,Medical Log PointAtt: Apsu Medical,20170910,90373945,Debit Memo,15000,0,10,150000,150000
1/3/2023,Optilume Strictures,Uro,202301,1089747,Apsu Medical AB,,1089747,Apsu Medical AB,Medical Log PointAtt: Apsu Medical,20170910,90373947,Credit Memo Cancella,0,0,1,0,0
1/3/2023,Nexam,Uro,202301,1058746,"Asras Medical CO., LTD.",,1058746,"Asras Medical CO., LTD.","Asras Medical CO., LTD.",1058746,90373958,Invoice,0,0,0,0,0
1/3/2023,babyLance,CI,202301,1061762,Aneurin Bevan Local Health Board 342049 Accounts Payable,,1061762,Aneurin Bevan Local Health Board 342049 Accounts Payable,"Aneurin Bevan Local Health Board326363 NHH R and D Store, Main Stores",20154953,90373975,Invoice,171.32,70.98,200,34264,34193.02
1/3/2023,DSD,CI,202301,1061863,NHS Supply Chain NHS Suppply Chain Accounts Payable,,1061863,NHS Supply Chain NHS Suppply Chain Accounts Payable,NHS SUPPLY CHAIN BRIDGWATERUNIT 6,20170833,90374360,Invoice,121.15,43.45,50,6057.5,6014.05
1/3/2023,Optilume Strictures,Uro,202301,1089747,Apsu Medical AB,,1089747,Apsu Medical AB,Medical Log PointAtt: Apsu Medical,20170910,90373944,Credit Memo,-15000,0,-10,150000,150000
1/3/2023,Optilume Strictures,Uro,202301,1089747,Apsu Medical AB,,1089747,Apsu Medical AB,Medical Log PointAtt: Apsu Medical,20170910,90373947,Credit Memo Cancella,15000,0,10,150000,150000
1/3/2023,Optilume Strictures,Uro,202301,1089747,Apsu Medical AB,,1089747,Apsu Medical AB,Medical Log PointAtt: Apsu Medical,20170910,90373948,Credit Memo,-15000,0,-10,150000,150000
1/3/2023,Optilume Strictures,Uro,202301,1089747,Apsu Medical AB,,1089747,Apsu Medical AB,Medical Log PointAtt: Apsu Medical,20170910,90373949,Debit Memo,15000,0,10,150000,150000
1/3/2023,CGT Non-Core,Non-Core,202301,1061928,West Suffolk Hospital,,1061928,West Suffolk Hospital,West Suffolk Hospital,1061928,90373957,Credit Memo,0,0,-1,0,0
1/3/2023,Clearview,CI,202301,1061863,NHS Supply Chain NHS Suppply Chain Accounts Payable,,1061863,NHS Supply Chain NHS Suppply Chain Accounts Payable,NHS Supply ChainMaidstone,20155578,90373977,Invoice,305.62,74.59,5,1528.1,1453.51
1/3/2023,Spot Ex,GI,202301,1021977,Randolph Health,,1021977,Randolph Health,RANDOLPH HOSPITALRECEIVING,20195506,90373961,Invoice,380,33.6,10,3800,3766.4
1/3/2023,DSD,CI,202301,1061863,NHS Supply Chain NHS Suppply Chain Accounts Payable,,1061863,NHS Supply Chain NHS Suppply Chain Accounts Payable,"NHS Supply ChainRugby, Gynae Opd",20151486,90373972,Invoice,121.15,43.45,50,6057.5,6014.05
1/3/2023,Freight UR,Uro,202301,1061010,CHU Montpellier Pharm Euromédicine - Plateforme Log Phar,,1061010,CHU Montpellier Pharm Euromédicine - Plateforme Log Phar,CHU MontpellierPlateforme Logistique Pharmacie,20152968,90373942,Credit Memo,-21.58,0,-1,21.58,21.58
1/3/2023,Freight UR,Uro,202301,1089747,Apsu Medical AB,,1089747,Apsu Medical AB,Medical Log PointAtt: Apsu Medical,20170910,90373944,Credit Memo,-29.32,0,-1,29.32,29.32
1/3/2023,Freight UR,Uro,202301,1089747,Apsu Medical AB,,1089747,Apsu Medical AB,Medical Log PointAtt: Apsu Medical,20170910,90373947,Credit Memo Cancella,29.32,0,1,29.32,29.32
1/3/2023,Freight UR,Uro,202301,1089747,Apsu Medical AB,,1089747,Apsu Medical AB,Medical Log PointAtt: Apsu Medical,20170910,90373948,Credit Memo,-29.32,0,-1,29.32,29.32
1/3/2023,Freight UR,Uro,202301,1061928,West Suffolk Hospital,,1061928,West Suffolk Hospital,West Suffolk Hospital,1061928,90373957,Credit Memo,-18.36,0,-1,18.36,18.36
1/3/2023,Freight UR,Uro,202301,1021977,Randolph Health,,1021977,Randolph Health,RANDOLPH HOSPITALRECEIVING,20195506,90373961,Invoice,9.75,0,1,9.75,9.75
1/3/2023,Freight UR,Uro,202301,1019709,Bronson Healthcare,,1019709,Bronson Healthcare,Bronson OBGYN (20-8705)Attn: Biomedical - David Thomas,20171072,90373963,Invoice,25,0,1,25,25
1/3/2023,Freight UR,Uro,202301,1108704,HCA - Wesley Woodlawn Hospital Attn Accounts Payable 26330,,1108704,HCA - Wesley Woodlawn Hospital Attn Accounts Payable 26330,Wesley Woodlawn HospitalAttn: Receiving,20084372,90373966,Invoice,9.75,0,1,9.75,9.75
1/3/2023,Freight UR,Uro,202301,1061762,Aneurin Bevan Local Health Board 342049 Accounts Payable,,1061762,Aneurin Bevan Local Health Board 342049 Accounts Payable,324551 GUH R and D StoresGrange University Hospital,20166842,90373967,Invoice,18.36,0,1,18.36,18.36
1/3/2023,Freight UR,Uro,202301,1061854,Maidstone &Tunbridge Wells NHS Trust,,1061854,Maidstone &Tunbridge Wells NHS Trust,The Maidstone HospitalWomens Opd - Main Stores,20155238,90373968,Invoice,18.36,0,1,18.36,18.36
1/3/2023,Freight UR,Uro,202301,1061762,Aneurin Bevan Local Health Board 342049 Accounts Payable,,1061762,Aneurin Bevan Local Health Board 342049 Accounts Payable,"Aneurin Bevan Local Health Board326363 NHH R and D Store, Main Stores",20154953,90373975,Invoice,18.36,0,1,18.36,18.36
1/3/2023,Freight UR,Uro,202301,1061813,Nuffield Health The Account Department,,1061813,Nuffield Health The Account Department,NUFFIELD HEALTH NEWCASTLE HOSPITALSUPPLIES DEPARTMENT,20170855,90373976,Invoice,18.36,0,1,18.36,18.36
1/4/2023,Tubing,Uro,202301,1079255,Wiener Gesundheitsverbund,,1079255,Wiener Gesundheitsverbund,Unternehmung Wiener GesundheitsverbundKlinik FloridsdorfAnliefer. über die Ruthnergasse 2,20155363,90373980,Debit Memo,1229.95,197.44,100,122995,122797.56
1/4/2023,UDS Other Service & Repairs,Uro,202301,1061206,Hôpital Nord Franche-Comte,,1061206,Hôpital Nord Franche-Comte,Hôpital Nord Franche-ComtePôle Logistique / Mag Gal / PHARMA,20155873,90373981,Credit Memo,-176.94,-38.11,-1,176.94,215.05
1/4/2023,UDS Other Service & Repairs,Uro,202301,1061206,Hôpital Nord Franche-Comte,,1061206,Hôpital Nord Franche-Comte,Hôpital Nord Franche-ComtePôle Logistique / Mag Gal / PHARMA,20155873,90373982,Debit Memo,176.94,38.11,1,176.94,138.83
1/4/2023,Kiwi,CI,202301,1061206,Hôpital Nord Franche-Comte,,1061206,Hôpital Nord Franche-Comte,Hôpital Nord Franche-ComtePôle Logistique Hospitalier - Pharmacie,20151660,90373984,Debit Memo,3463.27,311.37,60,207796.2,207484.83
1/4/2023,T-Doc Catheters,Uro,202301,1061206,Hôpital Nord Franche-Comte,,1061206,Hôpital Nord Franche-Comte,Hôpital Nord Franche-ComtePôle Logistique Hospitalier - Pharmacie,20151660,90373985,Credit Memo,-373.45,-52.87,-20,7469,7521.87
1/4/2023,T-Doc Catheters,Uro,202301,1061206,Hôpital Nord Franche-Comte,,1061206,Hôpital Nord Franche-Comte,Hôpital Nord Franche-ComtePôle Logistique Hospitalier - Pharmacie,20151660,90373985,Credit Memo,-503.95,-86.31,-20,10079,10165.31
1/4/2023,T-Doc Catheters,Uro,202301,1061206,Hôpital Nord Franche-Comte,,1061206,Hôpital Nord Franche-Comte,Hôpital Nord Franche-ComtePôle Logistique Hospitalier - Pharmacie,20151660,90373986,Debit Memo,373.45,52.87,20,7469,7416.13
1/4/2023,T-Doc Catheters,Uro,202301,1061206,Hôpital Nord Franche-Comte,,1061206,Hôpital Nord Franche-Comte,Hôpital Nord Franche-ComtePôle Logistique Hospitalier - Pharmacie,20151660,90373986,Debit Memo,503.95,86.31,20,10079,9992.69
1/4/2023,T-Doc Catheters,Uro,202301,1069689,Hôpital Nord Franche-Comte Pole Logistique-Service Pharmacie,,1069689,Hôpital Nord Franche-Comte Pole Logistique-Service Pharmacie,Hôpital Nord Franche-ComtePôle Logistique Hospitalier - Pharmacie,20151660,90373988,Debit Memo,186.73,26.44,10,1867.3,1840.86
1/4/2023,T-Doc Catheters,Uro,202301,1061206,Hôpital Nord Franche-Comte,,1061206,Hôpital Nord Franche-Comte,Hôpital Nord Franche-ComtePôle Logistique Hospitalier - Pharmacie,20151660,90373990,Credit Memo,-251.98,-43.16,-10,2519.8,2562.96
1/4/2023,T-Doc Catheters,Uro,202301,1061206,Hôpital Nord Franche-Comte,,1061206,Hôpital Nord Franche-Comte,Hôpital Nord Franche-ComtePôle Logistique Hospitalier - Pharmacie,20151660,90373991,Debit Memo,251.98,43.16,10,2519.8,2476.64
1/4/2023,UDS Other Service & Repairs,Uro,202301,1061206,Hôpital Nord Franche-Comte,,1061206,Hôpital Nord Franche-Comte,Hôpital Nord Franche-ComtePôle Logistique / Mag Gal / PHARMA,20155873,90373992,Credit Memo,-176.94,-38.11,-1,176.94,215.05
1/4/2023,UDS Other Service & Repairs,Uro,202301,1061206,Hôpital Nord Franche-Comte,,1061206,Hôpital Nord Franche-Comte,Hôpital Nord Franche-ComtePôle Logistique / Mag Gal / PHARMA,20155873,90373993,Debit Memo,176.94,38.11,1,176.94,138.83
1/4/2023,Kiwi,CI,202301,1059349,Kliniken im Naturpark Altmühltal KU des LK Eichstätt A.d.ö.R.,,1059349,Kliniken im Naturpark Altmühltal KU des LK Eichstätt A.d.ö.R.,Klinik KöschingKreißsaal,20153109,90373994,Invoice,300.2,31.12,5,1501,1469.88
1/4/2023,3rd party,CI,202301,1060785,SMS medipool GmbH,,1060785,SMS medipool GmbH,SMS medipool GmbHWarenannahme,20154600,90373996,Invoice,356.04,139.31,3,1068.12,928.81
1/4/2023,Kiwi,CI,202301,1059391,Ortenau Klinikum Offenburg Zentralapotheke - Medikalprodukte,,1059391,Ortenau Klinikum Offenburg Zentralapotheke - Medikalprodukte,"Ortenau Klinikum OffenburgZentralapotheke, Abt. Medikalprodukte",20153206,90373998,Invoice,540.37,51.9,10,5403.7,5351.8
1/4/2023,babyLance,CI,202301,1089833,Ev. Diakonissenanstalt SP-MA-DÜW K.d.ö.R Rechnungsprüfung (RP),,1089833,Ev. Diakonissenanstalt SP-MA-DÜW K.d.ö.R Rechnungsprüfung (RP),Ev. Diakonissenanstalt SP-MA-DÜW K.d.ö.RZentrallager/RulandstraßeWarenanlieferung über Schrankenanlage,20154842,90374000,Invoice,86.31,17.8,50,4315.5,4297.7
1/4/2023,Electrodes,Uro,202301,1069976,Schwarzwald-Baar Klinikum VS GmbH Verwaltung,,1069976,Schwarzwald-Baar Klinikum VS GmbH Verwaltung,Schwarzwald-Baar Klinikum VS GmbHZentrallager,20154015,90374001,Invoice,755.23,226.57,200,151046,150819.43
1/4/2023,Kiwi,CI,202301,1059433,KKB Ilmtalklinik Pfaffenhofen GmbH,,1059433,KKB Ilmtalklinik Pfaffenhofen GmbH,Illmtalklinik GmbHZentrallager,20153226,90374002,Invoice,248.2,43.16,5,1241,1197.84
1/4/2023,3rd party,CI,202301,1059433,KKB Ilmtalklinik Pfaffenhofen GmbH,,1059433,KKB Ilmtalklinik Pfaffenhofen GmbH,Ilmtalklinik GmbHZentrallager,1059433,90374003,Invoice,334.46,87.87,4,1337.84,1249.97
1/4/2023,3rd party,CI,202301,1060253,Helios Beschaffungsmanagement GmbH,,1060253,Helios Beschaffungsmanagement GmbH,Helios Klinikum MeiningenMGN GYN OP stationär M12,20155870,90374004,Invoice,102.5,46.44,1,102.5,56.06
1/4/2023,3rd party,CI,202301,1060253,Helios Beschaffungsmanagement GmbH,,1060253,Helios Beschaffungsmanagement GmbH,Helios Klinikum MeiningenMGN GYN OP stationär M12,20155870,90374004,Invoice,148.35,57.18,25,3708.75,3651.57
1/4/2023,ROM,CI,202301,1089734,Johannesstift Diakonie Services GmbH Zentrale Dienste Finanzen/0041,,1089734,Johannesstift Diakonie Services GmbH Zentrale Dienste Finanzen/0041,"Johannesstift Diakonie Services GmbHLogistikzentrum Gesundheit, Halle 8",20152084,90374007,Invoice,525.96,119.21,25,13149,13029.79
1/4/2023,Kiwi,CI,202301,1060268,Universitätsklinikum Ruppin-Brandenburg Ruppiner Kliniken GmbH,,1060268,Universitätsklinikum Ruppin-Brandenburg Ruppiner Kliniken GmbH,Ruppiner Kliniken GmbHWarenannahme Wirtschaftshof,1060268,90374009,Invoice,270.18,31.13,5,1350.9,1319.77
1/4/2023,Kiwi,CI,202301,1069860,Klinikum Südstadt Rostock Material- und Versorgungswissenscha,,1069860,Klinikum Südstadt Rostock Material- und Versorgungswissenscha,Klinikum Südstadt RostockMaterial- und Versorgungswirtschaft,20155867,90374010,Invoice,1200.82,103.79,20,24016.4,23912.61
1/4/2023,UDS Other Service & Repairs,Uro,202301,1060365,DIAKOVERE gGmbH Einkauf,,1060365,DIAKOVERE gGmbH Einkauf,DIAKOVERE gGmbHAttn: Philipp Schmorl,1060365,90374012,Invoice,0,0,0,0,0
1/4/2023,UDS Other Service & Repairs,Uro,202301,1060365,DIAKOVERE gGmbH Einkauf,,1060365,DIAKOVERE gGmbH Einkauf,DIAKOVERE gGmbHAttn: Philipp Schmorl,1060365,90374012,Invoice,0,0,0,0,0
1/4/2023,UDS Other Service & Repairs,Uro,202301,1060365,DIAKOVERE gGmbH Einkauf,,1060365,DIAKOVERE gGmbH Einkauf,DIAKOVERE gGmbHAttn: Philipp Schmorl,1060365,90374012,Invoice,0,0,0,0,0
1/4/2023,UDS Other Service & Repairs,Uro,202301,1060365,DIAKOVERE gGmbH Einkauf,,1060365,DIAKOVERE gGmbH Einkauf,DIAKOVERE gGmbHAttn: Philipp Schmorl,1060365,90374012,Invoice,0,0,0,0,0
1/4/2023,Water Catheters,Uro,202301,1060380,Apotheke Im Medico Dr. Klaus Michels e.K.,,1060380,Apotheke Im Medico Dr. Klaus Michels e.K.,Apotheke Im MediCoDr. Klaus Michels e.K.,1060380,90374013,Invoice,172.62,46.28,10,1726.2,1679.92
1/4/2023,Kiwi,CI,202301,1060390,Katholische Hospitalvereinigung Ostwestfalen gem. GmbH,,1060390,Katholische Hospitalvereinigung Ostwestfalen gem. GmbH,KHO gem. GmbHMaterialwirtschaft - Zentrallager,1060390,90374014,Invoice,265.89,25.94,5,1329.45,1303.51
1/4/2023,Kiwi,CI,202301,1060411,St. Josefs Krankenhaus Balserische Stiftung gGmbH,,1060411,St. Josefs Krankenhaus Balserische Stiftung gGmbH,St. Josefs Krankenhaus BalserischeStiftung gGmbH - Abt. Einkauf,1060411,90374015,Invoice,1715.45,155.68,30,51463.5,51307.82
1/4/2023,Incontinence UPC Lead Sets,Uro,202301,1069492,Universitätsklinikum Essen AöR Rechnungsbüro,,1069492,Universitätsklinikum Essen AöR Rechnungsbüro,"Universitätsklinikum Essen AöRFrauenklinik EG, R. 004Hr. Buderath, Tel.-85293",20156227,90374016,Invoice,1599.25,191.26,1,1599.25,1407.99
1/4/2023,Electrodes,Uro,202301,1060552,ProServ Rhein - Erft GmbH Einkauf,,1060552,ProServ Rhein - Erft GmbH Einkauf,ProServ Rhein - Erft GmbHEinkauf,1060552,90374018,Invoice,377.62,113.29,100,37762,37648.71
1/4/2023,Water Catheters,Uro,202301,1070349,Kreiskrankenhaus Mechernich GmbH Zentraleinkauf,,1070349,Kreiskrankenhaus Mechernich GmbH Zentraleinkauf,Kreiskrankenhaus Mechernich GmbHZentrallager,20153991,90374019,Invoice,345.25,92.57,20,6905,6812.43
1/4/2023,3rd party,CI,202301,1060599,Klinikum Mutterhaus der Borromäerinnen gGmbH,,1060599,Klinikum Mutterhaus der Borromäerinnen gGmbH,Klinikum Mutterhausder Borromäerinnen Mitte,20170931,90374020,Invoice,427.24,185.74,4,1708.96,1523.22
1/4/2023,Kiwi,CI,202301,1108557,Asklepios Großhandelsgesellschaft mbH AGK 8280,,1108557,Asklepios Großhandelsgesellschaft mbH AGK 8280,Asklepios Klinik LangenLAN Kreißsaal,20155744,90374023,Invoice,486.04,51.89,10,4860.4,4808.51
1/4/2023,ROM,CI,202301,1069898,Marienhaus Dienstleistungen GmbH BUK0952,,1069898,Marienhaus Dienstleistungen GmbH BUK0952,St. Josef KohlhofKreißsaal,20152227,90374026,Invoice,525.96,119.21,25,13149,13029.79
1/4/2023,Kiwi,CI,202301,1069898,Marienhaus Dienstleistungen GmbH BUK0952,,1069898,Marienhaus Dienstleistungen GmbH BUK0952,St. Eisabeth NeuwiedMarienhaus Klininkum,20156129,90374027,Invoice,1080.73,124.5,20,21614.6,21490.1
1/4/2023,Kiwi,CI,202301,1060736,SLK-Kliniken Heilbronn GmbH,,1060736,SLK-Kliniken Heilbronn GmbH,SLK-Kliniken Heilbronn GmbHMedizinischer SachbedarfKlinikum am Gesundbrunnen,20152322,90374030,Invoice,540.37,86.31,10,5403.7,5317.39
1/4/2023,3rd party,CI,202301,1069506,ViDia Christliche Kliniken Karlsruh Einkauf & Versorgung,,1069506,ViDia Christliche Kliniken Karlsruh Einkauf & Versorgung,"Vincentius-Diakonissen-Kliniken gAG,c/o Asensus GmbHWahrenannahme",20170662,90374031,Invoice,1233.18,517.87,20,24663.6,24145.73
1/4/2023,Water Catheters,Uro,202301,1069742,Sana Einkauf & Logistik GmbH Krankenhausvollversorgung,,1069742,Sana Einkauf & Logistik GmbH Krankenhausvollversorgung,Sana Einkauf and Logistik GmbHc/o Fiege HealthCare Logistics GmbH,20164286,90374033,Invoice,534.06,161.84,50,26703,26541.16
1/4/2023,Water Catheters,Uro,202301,1069742,Sana Einkauf & Logistik GmbH Krankenhausvollversorgung,,1069742,Sana Einkauf & Logistik GmbH Krankenhausvollversorgung,Sana Einkauf and Logistik GmbHc/o Fiege HealthCare Logistics GmbH,20164286,90374033,Invoice,155.36,46.28,10,1553.6,1507.32
1/4/2023,babyLance,CI,202301,1069829,Klinikum Passau Rechnungseingang,,1069829,Klinikum Passau Rechnungseingang,Klinikum Passau44 STAT. ENTBINDUNGS / GYN,20155964,90374036,Invoice,178.02,53.41,150,26703,26649.59
1/4/2023,Other GI Disposables,GI,202301,1060873,Gemeinnützige Krankenhausgesellschaft des Landkreises Bamberg mbH,,1060873,Gemeinnützige Krankenhausgesellschaft des Landkreises Bamberg mbH,Steigerwaldklinik BurgebrachEndoskopie,20152934,90374037,Invoice,34.52,9.77,1,34.52,24.75
1/4/2023,Other GI Disposables,GI,202301,1060873,Gemeinnützige Krankenhausgesellschaft des Landkreises Bamberg mbH,,1060873,Gemeinnützige Krankenhausgesellschaft des Landkreises Bamberg mbH,Steigerwaldklinik BurgebrachEndoskopie,20152934,90374037,Invoice,34.52,9.77,1,34.52,24.75
1/4/2023,Anorectal Manometry Catheters,GI,202301,1060897,Zentralklinik Bad Berka GmbH Materialwirtschaft,,1060897,Zentralklinik Bad Berka GmbH Materialwirtschaft,Zentralklinik Bad Berka GmbHWarenannahme - MaWi,1060897,90374038,Invoice,1467.3,468.02,20,29346,28877.98
1/4/2023,UDS Other Service & Repairs,Uro,202301,1083502,Helios Klinik Blankenhain,,1083502,Helios Klinik Blankenhain,VAMED VSB-Medizintechnik Mitte GmbHc/o Helios Klinik Blankenhain,1083502,90374039,Invoice,5129.33,0,0,0,0
1/4/2023,UDS Other Service & Repairs,Uro,202301,1083502,Helios Klinik Blankenhain,,1083502,Helios Klinik Blankenhain,VAMED VSB-Medizintechnik Mitte GmbHc/o Helios Klinik Blankenhain,1083502,90374039,Invoice,3529.95,0,0,0,0
1/4/2023,3rd party,CI,202301,1088967,Vinzenz von Paul Kliniken gGmbH Marienhospital Stuttgart,,1088967,Vinzenz von Paul Kliniken gGmbH Marienhospital Stuttgart,Vinzenz von Paul Kliniken gGmbHMarienhospital StuttgartMedicallager der Apotheke,1088967,90374041,Invoice,126.23,37.76,20,2524.6,2486.84
1/4/2023,Kiwi,CI,202301,1089086,Klinikum Konstanz GmbH Zentralapotheke im GLKN,,1089086,Klinikum Konstanz GmbH Zentralapotheke im GLKN,Klinikum Konstanz GmbHZentrallager,1089086,90374044,Invoice,265.89,25.94,5,1329.45,1303.51
1/4/2023,Kiwi,CI,202301,1089098,Katholisches Klinikum Bochum gGmbH,,1089098,Katholisches Klinikum Bochum gGmbH,Katholisches Klinikum Bochum gGmbHZentrallager,20170054,90374045,Invoice,531.79,51.9,10,5317.9,5266
1/4/2023,Kiwi,CI,202301,1089260,Krankenhaus Saarlouis vom DRK Einkauf,,1089260,Krankenhaus Saarlouis vom DRK Einkauf,Krankenhaus Saarlouis vom DRKZentrallager,20170090,90374046,Invoice,480.33,51.9,10,4803.3,4751.4
1/4/2023,Other Uro Dx Equipment,Uro,202301,1108696,Urologicum Osnabrück,,1108696,Urologicum Osnabrück,Urologicum Osnabrück,1108696,90374049,Invoice,931.74,277.54,2,1863.48,1585.94
1/4/2023,UDS Other Service & Repairs,Uro,202301,1108696,Urologicum Osnabrück,,1108696,Urologicum Osnabrück,Urologicum Osnabrück,1108696,90374049,Invoice,407.18,76.22,2,814.36,738.14
1/4/2023,UDS Other Service & Repairs,Uro,202301,1108696,Urologicum Osnabrück,,1108696,Urologicum Osnabrück,Urologicum Osnabrück,1108696,90374049,Invoice,0,7.49,2,0,-7.49
1/4/2023,Anorectal Manometry Catheters,GI,202301,1059259,City Hospitals Independent Commercial Entreprises Ltd,,1059259,City Hospitals Independent Commercial Entreprises Ltd,City Hospitals90P09A - Goods Reception,20154470,90374050,Invoice,4597.5,1566.21,50,229875,228308.79
1/4/2023,Ph/Impedance Catheters,GI,202301,1059259,City Hospitals Independent Commercial Entreprises Ltd,,1059259,City Hospitals Independent Commercial Entreprises Ltd,City Hospitals90P09A - Goods Reception,20154470,90374050,Invoice,1265.31,161.17,10,12653.1,12491.93
1/4/2023,Incontinence UPC Lead Sets,Uro,202301,1069806,Swansea Bay University Health Board NWSSP Accounts Payable,,1069806,Swansea Bay University Health Board NWSSP Accounts Payable,"Swansea Bay University Health BoardProcurement R and D Store, Morriston Hosp",20155154,90374051,Invoice,2927.82,158.98,4,11711.28,11552.3
1/4/2023,Water Catheters,Uro,202301,1059559,KCH Interventional Facilities Management,,1059559,KCH Interventional Facilities Management,KCH Interventional Facilities ManagementZq0000 - PRUH Receipt And Distribution,20154852,90374052,Invoice,81.4,45.24,10,814,768.76
1/4/2023,Tubing,Uro,202301,1059559,KCH Interventional Facilities Management,,1059559,KCH Interventional Facilities Management,KCH Interventional Facilities ManagementZq0000 - PRUH Receipt And Distribution,20154852,90374052,Invoice,239.91,99.04,50,11995.5,11896.46
1/4/2023,Ph/Impedance Catheters,GI,202301,1069727,Royal Brompton Harefield Clinical Group,,1069727,Royal Brompton Harefield Clinical Group,Royal BromptonHarefield Clinical Group,20155644,90374054,Invoice,1255.52,137.14,10,12555.2,12418.06
1/4/2023,Ph/Impedance Catheters,GI,202301,1059678,Royal Brompton Harefield Clinical Group,,1059678,Royal Brompton Harefield Clinical Group,Royal BromptonHarefield Clinical Group,20155644,90374055,Invoice,1255.52,137.14,10,12555.2,12418.06
1/4/2023,Esophageal Manometry catheters,GI,202301,1070385,"University Hospitals Sussex NHS FT Creditors Payments Level A4, Bright",,1070385,"University Hospitals Sussex NHS FT Creditors Payments Level A4, Bright",University Hospitals Sussex NHS FTChart of Accounts OutpatientsC/O General Store,20166641,90374056,Invoice,4234,2806.85,40,169360,166553.15
1/4/2023,Ph/Impedance Catheters,GI,202301,1061743,NHS Greater Glasgow & Clyde Finance Department,,1061743,NHS Greater Glasgow & Clyde Finance Department,Glasgow NHS TrustGeneral StoreRHC Lung Function - Clare Reid,20163578,90374059,Invoice,1362.22,137.14,10,13622.2,13485.06
1/4/2023,Incontinence MPQ,Uro,202301,1061748,"Buckinghamshire Hospitals NHS Trust Accounts Payable, Amersham Hospital",,1061748,"Buckinghamshire Hospitals NHS Trust Accounts Payable, Amersham Hospital",Buckinghamshire Hospitals NHS TrustSmh New Wing Theatre - General Stores,20155564,90374060,Invoice,164.02,40.16,2,328.04,287.88
1/4/2023,Incontinence UPC Lead Sets,Uro,202301,1061751,Alder Hey Children's NHS FT Finance Department,,1061751,Alder Hey Children's NHS FT Finance Department,Alder Hey Children's NHS FTDeliveries,20155998,90374061,Invoice,1330.82,79.49,2,2661.64,2582.15
1/4/2023,Ph/Impedance Catheters,GI,202301,1061751,Alder Hey Children's NHS FT Finance Department,,1061751,Alder Hey Children's NHS FT Finance Department,Alder Hey Children's NHS FTDeliveries,20155998,90374062,Invoice,1497.81,205.71,15,22467.15,22261.44
1/4/2023,Endoscopy Sheaths,Uro,202301,1061775,"Mid and South Essex NHS FT Finance Department, Britannia House",,1061775,"Mid and South Essex NHS FT Finance Department, Britannia House",Basildon and Thurrock HospitalBasildon Goods Receiving/Stores (Th),20155094,90374065,Invoice,970.79,215.83,20,19415.8,19199.97
1/4/2023,Water Catheters,Uro,202301,1061786,Great Ormond Street Hospital NHS Trust Finance Department,,1061786,Great Ormond Street Hospital NHS Trust Finance Department,Great Ormond Street Hospital NHS TrustGosh Trust Stores,20151684,90374066,Invoice,338.44,143.85,30,10153.2,10009.35
1/4/2023,Incontinence UPC Lead Sets,Uro,202301,1061790,Great Western Hospital NHS FT RN3 Payables 7435,,1061790,Great Western Hospital NHS FT RN3 Payables 7435,Great Western Hospital NHS FTGWH Central Stores,20155337,90374068,Invoice,7984.94,476.94,12,95819.28,95342.34
1/4/2023,Other GI Equipment,GI,202301,1061794,Lewisham & Greenwich NHS trust RJ2 Payables 4715,,1061794,Lewisham & Greenwich NHS trust RJ2 Payables 4715,The Lewisham and Greenwich NHS TrustMain Stores Delivery Point A,20153356,90374070,Invoice,4030.87,2245.61,6,24185.22,21939.61
1/4/2023,Tubing,Uro,202301,1061795,"Barking - Havering & Redbridge RF4 Payables 6615,",,1061795,"Barking - Havering & Redbridge RF4 Payables 6615,",Barking - Havering and RedbridgeQueens Hospital,20151404,90374071,Invoice,239.91,99.04,50,11995.5,11896.46
1/4/2023,Anorectal Manometry Catheters,GI,202301,1061801,Plymouth Hospitals NHS Trust RK9 PAYABLES 6355,,1061801,Plymouth Hospitals NHS Trust RK9 PAYABLES 6355,"Plymouth Hospitals NHS TrustGoods Inward Department, Level 02",20155768,90374073,Invoice,2867.13,939.73,30,86013.9,85074.17
1/4/2023,Ph/Impedance Catheters,GI,202301,1061813,Nuffield Health The Account Department,,1061813,Nuffield Health The Account Department,Nuffield Leeds HospitalMain Stores,20168649,90374074,Invoice,630.45,80.58,5,3152.25,3071.67
1/4/2023,Water Catheters,Uro,202301,1061863,NHS Supply Chain NHS Suppply Chain Accounts Payable,,1061863,NHS Supply Chain NHS Suppply Chain Accounts Payable,NHS Supply ChainNHS Supplychain Bridgwater -Express Park,20151546,90374080,Invoice,57.27,45.13,10,572.7,527.57
1/4/2023,Anorectal Manometry Catheters,GI,202301,1061898,South Tees NHS FT,,1061898,South Tees NHS FT,"South Tees NHS FTFriarage Hospital, Logistical Delivery C",20156312,90374081,Invoice,1126.93,626.49,20,22538.6,21912.11
1/4/2023,Endoscopy Sheaths,Uro,202301,1061924,York and Scarborough Teaching Hospitals NHS Foundation Trust,,1061924,York and Scarborough Teaching Hospitals NHS Foundation Trust,York Teaching Hospital NHS FTReceipt And Distribution Point 388180,20154815,90374082,Invoice,1941.57,427.76,40,77662.8,77235.04
1/4/2023,Other GI Disposables,GI,202301,1082741,CHU Dijon - Cellule Gestion Pharmacie PHA,,1082741,CHU Dijon - Cellule Gestion Pharmacie PHA,CHU DijonPlateforme Logistique,20155911,90374090,Invoice,41.32,13.69,1,41.32,27.63
1/4/2023,Other GI Disposables,GI,202301,1082741,CHU Dijon - Cellule Gestion Pharmacie PHA,,1082741,CHU Dijon - Cellule Gestion Pharmacie PHA,CHU DijonPlateforme Logistique,20155911,90374090,Invoice,41.32,13.69,1,41.32,27.63
1/4/2023,Kiwi,CI,202301,1060992,CH Chartres,,1060992,CH Chartres,CH ChartresService Pharmacie,1060992,90374091,Invoice,1529.34,155.68,30,45880.2,45724.52
1/4/2023,Endoscopy Sheaths,Uro,202301,1061025,CH de Vienne,,1061025,CH de Vienne,CH de VienneService Pharmacie,20155195,90374093,Invoice,776.81,215.13,20,15536.2,15321.07
1/4/2023,Traxi,CI,202301,1061038,CHU Nantes,,1061038,CHU Nantes,CHU NantesDM - Pharmacie Centrale,20151129,90374094,Invoice,458.53,42.18,5,2292.65,2250.47
1/4/2023,Traxi,CI,202301,1061069,CH Bretagne Atlantique,,1061069,CH Bretagne Atlantique,CH Bretagne AtlantiquePharmacie,20154126,90374096,Invoice,733.65,42.18,5,3668.25,3626.07
1/4/2023,UDS Other Service & Repairs,Uro,202301,1061081,GH Seclin Carvin,,1061081,GH Seclin Carvin,GH Seclin CarvinService Biomédical-Fabienne ANCIAUX,20155615,90374098,Invoice,0,75.25,1,0,-75.25
1/4/2023,Clearview,CI,202301,1061082,CH Valenciennes,,1061082,CH Valenciennes,CH Valenciennes (GHT Hainaut-Cambresis)Service Pharmacie,20154230,90374099,Invoice,0,0,1,0,0
1/4/2023,Koala,CI,202301,1061230,CHI Créteil,,1061230,CHI Créteil,CHI CréteilService Pharmacie- Quai de Livraison,20151748,90374101,Invoice,508.81,42.94,10,5088.1,5045.16
1/4/2023,Endoscopy Sheaths,Uro,202301,1079925,Polyclinique la Pergola DA PER,,1079925,Polyclinique la Pergola DA PER,Clinique de la PergolaService Pharmacie,20153921,90374103,Invoice,712.07,215.13,20,14241.4,14026.27
1/4/2023,Endoscopy Sheaths,Uro,202301,1061344,GCS Clinique Chig Libournais,,1061344,GCS Clinique Chig Libournais,CL Chirurgicale du LibournaisPharmacie CDL,20151514,90374104,Invoice,1068.11,322.7,30,32043.3,31720.6
1/4/2023,UDS Other Service & Repairs,Uro,202301,1079928,Clinique Saint Augustin DA AUG,,1079928,Clinique Saint Augustin DA AUG,Clinique Saint AugustinBIOMEDICAL/DAMIEN REBOUISSOUX,1061345,90374105,Invoice,0,0,0,0,0
1/4/2023,UDS Other Service & Repairs,Uro,202301,1079928,Clinique Saint Augustin DA AUG,,1079928,Clinique Saint Augustin DA AUG,Clinique Saint AugustinBIOMEDICAL/DAMIEN REBOUISSOUX,1061345,90374105,Invoice,0,0,0,0,0
1/4/2023,Kiwi,CI,202301,1061372,Clinique Belledonne,,1061372,Clinique Belledonne,Clinique BelledonneService Pharmacie,20155951,90374107,Invoice,2562.39,259.48,50,128119.5,127860.02
1/4/2023,Endoscopy Sheaths,Uro,202301,1089974,Clinique Rhône Durance DA RHO,,1089974,Clinique Rhône Durance DA RHO,Clinique Rhône DurancePharmacie,20152542,90374110,Invoice,2848.3,860.53,80,227864,227003.47
1/4/2023,Endoscopy Sheaths,Uro,202301,1061566,Clinique Gaston Metivet,,1061566,Clinique Gaston Metivet,Clinique Gaston MetivetPharmacie,20155218,90374111,Invoice,1780.18,473.09,50,89009,88535.91
1/4/2023,Electrodes,Uro,202301,1079743,Sogenor Normandy,,1079743,Sogenor Normandy,Normandy EMPRPharmacie,20170405,90374113,Invoice,198.41,113.28,100,19841,19727.72
1/4/2023,Kiwi,CI,202301,1083912,Polyclinique de Blois,,1083912,Polyclinique de Blois,Polyclinique de BloisService Pharmacie,1083912,90374114,Invoice,1922.6,155.69,30,57678,57522.31
1/4/2023,Tubing,Uro,202301,1108585,Les Trois Soleils,,1108585,Les Trois Soleils,Les Trois SoleilsService Pharmacie,1108585,90374116,Invoice,408.42,98.72,50,20421,20322.28
1/4/2023,Solar Blue,Uro,202301,1108664,Uropôle - Dr. Nazih Amadane,,1108664,Uropôle - Dr. Nazih Amadane,Uropôle - Dr. Nazih Amadane,1108664,90374117,Invoice,0,1823.17,1,0,-1823.17
1/4/2023,Other Uro Dx Disposables,Uro,202301,1108664,Uropôle - Dr. Nazih Amadane,,1108664,Uropôle - Dr. Nazih Amadane,Uropôle - Dr. Nazih Amadane,1108664,90374117,Invoice,0,10.03,3,0,-10.03
1/4/2023,Endoscopy Sheaths,Uro,202301,9980001376,Aurore Salaun,,9980001376,Aurore Salaun,Aurore Salaun,9980001376,90374118,Invoice,0,107.57,10,0,-107.57
1/4/2023,Other Uro Dx Equipment,Uro,202301,1060122,Dr. med. Frank Grutter Reception,,1060122,Dr. med. Frank Grutter Reception,Dr. Medical Frank GrutterReception,1060122,90374119,Invoice,1740.01,657.55,1,1740.01,1082.46
1/4/2023,UDS Other Service & Repairs,Uro,202301,1060122,Dr. med. Frank Grutter Reception,,1060122,Dr. med. Frank Grutter Reception,Dr. Medical Frank GrutterReception,1060122,90374119,Invoice,88.38,19.16,1,88.38,69.22
1/4/2023,Ph/Impedance Catheters,GI,202301,1059820,GH de Charleroi,,1059820,GH de Charleroi,GH de CharleroiClinique Notre-Dame,20151841,90374123,Invoice,608.5,68.35,5,3042.5,2974.15
1/4/2023,Ph/Impedance Catheters,GI,202301,1059820,GH de Charleroi,,1059820,GH de Charleroi,GH de CharleroiClinique Notre-Dame,20151841,90374123,Invoice,608.5,68.35,5,3042.5,2974.15
1/4/2023,Kiwi,CI,202301,1058737,A.M.I. Magyarország Kft.,,1058737,A.M.I. Magyarország Kft.,A.M.I. Magyarország Kft.,20151703,90374126,Invoice,1069.78,181.63,35,37442.3,37260.67
1/4/2023,Ph/Impedance Catheters,GI,202301,1058737,A.M.I. Magyarország Kft.,,1058737,A.M.I. Magyarország Kft.,A.M.I. Magyarország Kft.,20166924,90374127,Invoice,1025.49,205.04,15,15382.35,15177.31
1/4/2023,Ph/Impedance Catheters,GI,202301,1058742,Advamed s.r.o.,,1058742,Advamed s.r.o.,Advamed s.r.o.Attn: Receiving,20153384,90374128,Invoice,3507.94,3366.17,30,105238.2,101872.03
1/4/2023,Ph/Impedance Catheters,GI,202301,1058742,Advamed s.r.o.,,1058742,Advamed s.r.o.,Advamed s.r.o.Attn: Receiving,20153384,90374128,Invoice,1023.44,136.69,10,10234.4,10097.71
1/4/2023,Ph/Impedance Catheters,GI,202301,1058951,Medicina y Mercado S.L,,1058951,Medicina y Mercado S.L,Medicina y Mercado S.L,1058951,90374132,Invoice,855.6,136.7,10,8556,8419.3
1/4/2023,Ph/Impedance Catheters,GI,202301,1070382,MEQnordic A/S Accouning Dept.,,1070382,MEQnordic A/S Accouning Dept.,MEQnordic A/SWarehouse,20151617,90374134,Invoice,1483.99,341.74,25,37099.75,36758.01
1/4/2023,Other GI Disposables,GI,202301,1059003,Sisk Healthcare t/a M.E.D. Surgical Unit 3,,1059003,Sisk Healthcare t/a M.E.D. Surgical Unit 3,StoresM.E.D. SurgicalUnit 3,20150917,90374135,Invoice,243.53,52.89,19,4627.07,4574.18
1/4/2023,Ph/Impedance Catheters,GI,202301,1059021,Urovision F.H.,,1059021,Urovision F.H.,Urovision F.H. Piotr Plonka,20153405,90374136,Invoice,468.74,68.35,5,2343.7,2275.35
1/4/2023,Koala,CI,202301,1059023,Palex Medical SA,,1059023,Palex Medical SA,Palex Medical SAAndres Estepa,20154212,90374137,Invoice,1561.38,257.64,60,93682.8,93425.16
1/4/2023,Ohmega,GI,202301,1059162,King,,1059162,King,"Alrijne ZorggroepAfd MTA, t.n.v. Roel Wijngaarden",20156341,90374139,Invoice,0,0,0,0,0
1/4/2023,Endoscopy Scopes,Uro,202301,1059691,Moss S.p.A.,,1059691,Moss S.p.A.,Moss S.p.A.,1059691,90374140,Invoice,14122.25,7739.21,2,28244.5,20505.29
1/4/2023,Endoscopy Parts & Accessories,Uro,202301,1059691,Moss S.p.A.,,1059691,Moss S.p.A.,Moss S.p.A.,1059691,90374140,Invoice,478.17,102,1,478.17,376.17
1/4/2023,Incontinence MPQ,Uro,202301,1059728,Brain Medical Oscar A. Revello,,1059728,Brain Medical Oscar A. Revello,Brain MedicalOscar A. Revello,1059728,90374141,Invoice,1394.6,559.93,38,52994.8,52434.87
1/4/2023,Incontinence MPQ,Uro,202301,1059728,Brain Medical Oscar A. Revello,,1059728,Brain Medical Oscar A. Revello,Brain MedicalOscar A. Revello,1059728,90374141,Invoice,334.92,231.66,1,334.92,103.26
1/4/2023,Incontinence MPQ,Uro,202301,1059728,Brain Medical Oscar A. Revello,,1059728,Brain Medical Oscar A. Revello,Brain MedicalOscar A. Revello,1059728,90374141,Invoice,1061.46,270.73,6,6368.76,6098.03
1/4/2023,Incontinence UPC Lead Sets,Uro,202301,1059728,Brain Medical Oscar A. Revello,,1059728,Brain Medical Oscar A. Revello,Brain MedicalOscar A. Revello,1059728,90374141,Invoice,2160.84,234.91,6,12965.04,12730.13
1/4/2023,Water Catheters,Uro,202301,1069386,Tirol Kliniken GmbH Abt. Finanzbuchhaltung,,1069386,Tirol Kliniken GmbH Abt. Finanzbuchhaltung,Landeskrankenhaus InnsbruckWarenannahme KHZ West,20171155,90374142,Invoice,737.81,347.95,50,36890.5,36542.55
1/4/2023,Kiwi,CI,202301,1059504,Landeskrankenanstalten Betriebsgesellschaft - KABEG,,1059504,Landeskrankenanstalten Betriebsgesellschaft - KABEG,LKH VillachWarenannahme,1059504,90374143,Invoice,855.58,77.84,15,12833.7,12755.86
1/4/2023,Tubing,Uro,202301,1059517,Vlbg. Krankenhaus-Betriebsges.m.b.H. Landeskrankenhaus Feldkirch,,1059517,Vlbg. Krankenhaus-Betriebsges.m.b.H. Landeskrankenhaus Feldkirch,LKH FeldkirchMaterialverwaltung,1059517,90374144,Invoice,177.48,106.81,50,8874,8767.19
1/4/2023,Kiwi,CI,202301,1081239,St. Josef-Krankenhaus GmbH Medikamentendepot,,1081239,St. Josef-Krankenhaus GmbH Medikamentendepot,St. Josef-Krankenhaus GmbHMedikamentendepot,1081239,90374146,Invoice,4796.79,518.95,100,479679,479160.05
1/4/2023,UDS Service Contracts,Uro,202301,1022625,The Urology Group LLC,,1022625,The Urology Group LLC,The Urology Group Norwood**CONSOLIDATED**,20075978,90374150,Invoice,1713.25,0,1,1713.25,1713.25
1/4/2023,UDS Service Contracts,Uro,202301,1023180,VA Houston Health Care,,1023180,VA Houston Health Care,VAMC Houston (580) PVAttn: Receiving,20076467,90374152,Invoice,571.08,0,1,571.08,571.08
1/4/2023,UDS Service Contracts,Uro,202301,1023471,Wyneski Urogyn,,1023471,Wyneski Urogyn,Wyneski UrogynAttn: Receiving,20070549,90374154,Invoice,725,0,1,725,725
1/4/2023,BoogieBaby,CI,202301,1019717,Banner Health,,1019717,Banner Health,Banner HealthAttn: Central Supply,20080725,90374156,Invoice,298,102,200,59600,59498
1/4/2023,BoogieBaby,CI,202301,1019717,Banner Health,,1019717,Banner Health,BANNER IRONWOOD MED CTRAttn: Receiving,20163913,90374157,Invoice,122,52,100,12200,12148
1/4/2023,BoogieBaby,CI,202301,1020032,CentraCare Health,,1020032,CentraCare Health,CentraCare HealthAttn: Accounts Payable,1020032,90374158,Invoice,2025,780,1500,3037500,3036720
1/4/2023,BoogieBaby,CI,202301,1021928,Providence Health & Services,,1021928,Providence Health & Services,Providence St Vincent Medical CenterAttn: Receiving,20073830,90374159,Invoice,244,82,200,48800,48718
1/4/2023,BoogieBaby,CI,202301,1022342,Integris Health,,1022342,Integris Health,Integris HealthAttn: Accounts Payable 001-7081B,1022342,90374160,Invoice,135,41,100,13500,13459
1/4/2023,Koala,CI,202301,1078678,Concordance Healthcare Solutions,,1078678,Concordance Healthcare Solutions,Concordance-New JerseyATTN: Receiving,20162436,90374166,Invoice,1928.5,317.1,70,134995,134677.9
1/4/2023,ROM,CI,202301,1078678,Concordance Healthcare Solutions,,1078678,Concordance Healthcare Solutions,Concordance-New JerseyATTN: Receiving,20162436,90374166,Invoice,2775,405.75,75,208125,207719.25
1/4/2023,Traxi,CI,202301,1078679,Cardinal Health,,1078679,Cardinal Health,ST PETERS HOSPITAL(CS01),20166710,90374167,Invoice,1360,178.2,20,27200,27021.8
1/4/2023,Traxi,CI,202301,1078679,Cardinal Health,,1078679,Cardinal Health,MEMORIAL REGIONAL HOSPITAL(66040 REGIONAL OR SHELL),20166710,90374168,Invoice,680,89.1,10,6800,6710.9
1/4/2023,Kiwi,CI,202301,1078679,Cardinal Health,,1078679,Cardinal Health,D055-Kapolei HI MPS Dist CenterATTN: Receiving,20162529,90374170,Invoice,200,35.95,5,1000,964.05
1/4/2023,ROM,CI,202301,1078679,Cardinal Health,,1078679,Cardinal Health,UCHLTH MEMORIAL DISTRIBUTION CTR(UCHLTH MEMORIAL DISTRIBUTION CTR),20166710,90374175,Invoice,127.5,92.25,15,1912.5,1820.25
1/4/2023,ROM,CI,202301,1078679,Cardinal Health,,1078679,Cardinal Health,HOLLYWOOD PRESBYTERIAN MEDICAL CTRCHA HOLLYWOOD MEDICAL CENTER LP,20166710,90374176,Invoice,212.5,153.75,25,5312.5,5158.75
1/4/2023,Kiwi,CI,202301,1078745,"Medline Industries, Inc",,1078745,"Medline Industries, Inc",C05 - Auburndale - MD0041Orlando C05,20163056,90374179,Invoice,2800,503.3,70,196000,195496.7
1/4/2023,Traxi,CI,202301,1078745,"Medline Industries, Inc",,1078745,"Medline Industries, Inc",C05 - Auburndale - MD0041Orlando C05,20163056,90374179,Invoice,2040,267.3,30,61200,60932.7
1/4/2023,ROM,CI,202301,1078745,"Medline Industries, Inc",,1078745,"Medline Industries, Inc",C05 - Auburndale - MD0041Orlando C05,20163056,90374179,Invoice,6475,946.75,175,1133125,1132178.25
1/4/2023,Clearview,CI,202301,1078745,"Medline Industries, Inc",,1078745,"Medline Industries, Inc",C05 - Auburndale - MD0041Orlando C05,20163056,90374179,Invoice,750,160.2,10,7500,7339.8
1/4/2023,Kiwi,CI,202301,1078745,"Medline Industries, Inc",,1078745,"Medline Industries, Inc",C05 - Auburndale - MD0041Orlando C05,20163056,90374179,Invoice,400,84,10,4000,3916
1/4/2023,babyLance,CI,202301,1078745,"Medline Industries, Inc",,1078745,"Medline Industries, Inc",C89 - Jeffersonville - MD0048Jeffersonville C89,20163063,90374180,Invoice,1320,429,1100,1452000,1451571
1/4/2023,Kiwi,CI,202301,1078745,"Medline Industries, Inc",,1078745,"Medline Industries, Inc",C89 - Jeffersonville - MD0048Jeffersonville C89,20163063,90374180,Invoice,1750,320.5,50,87500,87179.5
1/4/2023,Kiwi,CI,202301,1078745,"Medline Industries, Inc",,1078745,"Medline Industries, Inc",B11 - Denver - MD0008Aurora B11,20163019,90374181,Invoice,2400,431.4,60,144000,143568.6
1/4/2023,BoogieBaby,CI,202301,1078745,"Medline Industries, Inc",,1078745,"Medline Industries, Inc",B11 - Denver - MD0008Aurora B11,20163019,90374181,Invoice,1200,312,600,720000,719688
1/4/2023,Kiwi,CI,202301,1078745,"Medline Industries, Inc",,1078745,"Medline Industries, Inc",B27 - Gresham - MD0013Oregon Branch B27,20163025,90374182,Invoice,1400,256.4,40,56000,55743.6
1/4/2023,BoogieBaby,CI,202301,1078745,"Medline Industries, Inc",,1078745,"Medline Industries, Inc",B27 - Gresham - MD0013Oregon Branch B27,20163025,90374182,Invoice,869.4,204,400,347760,347556
1/4/2023,Koala,CI,202301,1078745,"Medline Industries, Inc",,1078745,"Medline Industries, Inc","B33 - Charlotte - MD0019Charlotte, NC B33",20163032,90374183,Invoice,4959,815.4,180,892620,891804.6
1/4/2023,Clearview,CI,202301,1078745,"Medline Industries, Inc",,1078745,"Medline Industries, Inc","B33 - Charlotte - MD0019Charlotte, NC B33",20163032,90374183,Invoice,4875,1041.3,65,316875,315833.7
1/4/2023,BoogieBaby,CI,202301,1078745,"Medline Industries, Inc",,1078745,"Medline Industries, Inc",C03 - McDonough - MD0040Atlanta C03,20163055,90374184,Invoice,1521.45,357,700,1065015,1064658
1/4/2023,BoogieBaby,CI,202301,1078745,"Medline Industries, Inc",,1078745,"Medline Industries, Inc",C03 - McDonough - MD0040Atlanta C03,20163055,90374184,Invoice,1956.15,459,900,1760535,1760076
1/4/2023,Kiwi,CI,202301,1078745,"Medline Industries, Inc",,1078745,"Medline Industries, Inc","Medline Industries, Inc.Katy C32",20164100,90374185,Invoice,400,84,10,4000,3916
1/4/2023,Koala,CI,202301,1078745,"Medline Industries, Inc",,1078745,"Medline Industries, Inc",C47 - Perryville - MD0044Perryville C47,20163059,90374186,Invoice,3581.5,588.9,130,465595,465006.1
1/4/2023,Kiwi,CI,202301,1078745,"Medline Industries, Inc",,1078745,"Medline Industries, Inc",C47 - Perryville - MD0044Perryville C47,20163059,90374186,Invoice,2800,418.4,80,224000,223581.6
1/4/2023,babyLance,CI,202301,1078745,"Medline Industries, Inc",,1078745,"Medline Industries, Inc",C47 - Perryville - MD0044Perryville C47,20163059,90374186,Invoice,480,156,400,192000,191844
1/4/2023,Kiwi,CI,202301,1078784,OM Owens & Minor,,1078784,OM Owens & Minor,OM Baltimore MarylandATTN: Receiving,20163183,90374189,Invoice,1050,156.9,30,31500,31343.1
1/4/2023,BoogieBaby,CI,202301,1078784,OM Owens & Minor,,1078784,OM Owens & Minor,OM Baltimore MarylandATTN: Receiving,20163183,90374189,Invoice,217.35,51,100,21735,21684
1/4/2023,Kiwi,CI,202301,1078784,OM Owens & Minor,,1078784,OM Owens & Minor,OM Kansas City ACS #12Attn: Receiving,20171047,90374190,Invoice,175,26.15,5,875,848.85
1/4/2023,Traxi,CI,202301,1078784,OM Owens & Minor,,1078784,OM Owens & Minor,OM Kansas City ACS #12Attn: Receiving,20171047,90374190,Invoice,680,89.1,10,6800,6710.9
1/4/2023,Kiwi,CI,202301,1078784,OM Owens & Minor,,1078784,OM Owens & Minor,OM Pittsburgh PennsylvaniaATTN: Receiving,20163177,90374191,Invoice,200,35.95,5,1000,964.05
1/4/2023,Clearview,CI,202301,1078784,OM Owens & Minor,,1078784,OM Owens & Minor,OM Pittsburgh PennsylvaniaATTN: Receiving,20163177,90374191,Invoice,750,160.2,10,7500,7339.8
1/4/2023,babyLance,CI,202301,1078784,OM Owens & Minor,,1078784,OM Owens & Minor,OM St. Louis MissouriATTN: Receiving,20163161,90374193,Invoice,60,19.5,50,3000,2980.5
1/4/2023,Kiwi,CI,202301,1078784,OM Owens & Minor,,1078784,OM Owens & Minor,OM St. Louis MissouriATTN: Receiving,20163161,90374193,Invoice,525,78.45,15,7875,7796.55
1/4/2023,Kiwi,CI,202301,1078784,OM Owens & Minor,,1078784,OM Owens & Minor,OM St. Louis MissouriATTN: Receiving,20163161,90374193,Invoice,175,32.05,5,875,842.95
1/4/2023,ROM,CI,202301,1078784,OM Owens & Minor,,1078784,OM Owens & Minor,OM St. Louis MissouriATTN: Receiving,20163161,90374193,Invoice,1850,270.5,50,92500,92229.5
1/4/2023,Kiwi,CI,202301,1078784,OM Owens & Minor,,1078784,OM Owens & Minor,OM Atlanta GeorgiaATTN: Receiving,20163173,90374194,Invoice,1750,261.5,50,87500,87238.5
1/4/2023,Kiwi,CI,202301,1078784,OM Owens & Minor,,1078784,OM Owens & Minor,OM Atlanta GeorgiaATTN: Receiving,20163173,90374194,Invoice,700,128.2,20,14000,13871.8
1/4/2023,BoogieBaby,CI,202301,1078784,OM Owens & Minor,,1078784,OM Owens & Minor,OM Atlanta GeorgiaATTN: Receiving,20163173,90374194,Invoice,310.5,80,200,62100,62020
1/4/2023,BoogieBaby,CI,202301,1078784,OM Owens & Minor,,1078784,OM Owens & Minor,OM Atlanta GeorgiaATTN: Receiving,20163173,90374194,Invoice,465.75,120,300,139725,139605
1/4/2023,babyLance,CI,202301,1078784,OM Owens & Minor,,1078784,OM Owens & Minor,OM Memphis TennesseeATTN: Receiving,20163195,90374195,Invoice,540,175.5,450,243000,242824.5
1/4/2023,Kiwi,CI,202301,1078784,OM Owens & Minor,,1078784,OM Owens & Minor,OM Memphis TennesseeATTN: Receiving,20163195,90374195,Invoice,11025,1647.45,315,3472875,3471227.55
1/4/2023,ROM,CI,202301,1078784,OM Owens & Minor,,1078784,OM Owens & Minor,OM Memphis TennesseeATTN: Receiving,20163195,90374195,Invoice,925,135.25,25,23125,22989.75
1/4/2023,babyLance,CI,202301,1078784,OM Owens & Minor,,1078784,OM Owens & Minor,OM Knoxville TennesseeATTN: Receiving,20163172,90374196,Invoice,60,19.5,50,3000,2980.5
1/4/2023,Clearview,CI,202301,1078784,OM Owens & Minor,,1078784,OM Owens & Minor,OM Des Moines IowaATTN: Receiving,20163193,90374197,Invoice,375,80.1,5,1875,1794.9
1/4/2023,Traxi,CI,202301,1078784,OM Owens & Minor,,1078784,OM Owens & Minor,OM Des Moines IowaATTN: Receiving,20163193,90374197,Invoice,340,14.8,5,1700,1685.2
1/4/2023,Traxi,CI,202301,1078784,OM Owens & Minor,,1078784,OM Owens & Minor,OM Des Moines IowaATTN: Receiving,20163193,90374197,Invoice,1360,178.2,20,27200,27021.8
1/4/2023,Kiwi,CI,202301,1078784,OM Owens & Minor,,1078784,OM Owens & Minor,OM Allentown PennsylvaniaATTN: Receiving,20163179,90374198,Invoice,1225,183.05,35,42875,42691.95
1/4/2023,Kiwi,CI,202301,1078784,OM Owens & Minor,,1078784,OM Owens & Minor,OM Allentown PennsylvaniaATTN: Receiving,20163179,90374198,Invoice,1000,179.75,25,25000,24820.25
1/4/2023,BoogieBaby,CI,202301,1078784,OM Owens & Minor,,1078784,OM Owens & Minor,OM Detroit MichiganATTN: Receiving,20163169,90374199,Invoice,200,52,100,20000,19948
1/4/2023,Kiwi,CI,202301,1078784,OM Owens & Minor,,1078784,OM Owens & Minor,OM New YorkATTN: Receiving,20163180,90374200,Invoice,3150,470.7,90,283500,283029.3
1/4/2023,Kiwi,CI,202301,1078784,OM Owens & Minor,,1078784,OM Owens & Minor,OM New YorkATTN: Receiving,20163180,90374200,Invoice,1925,352.55,55,105875,105522.45
1/4/2023,Traxi,CI,202301,1078784,OM Owens & Minor,,1078784,OM Owens & Minor,OM PhiladelphiaATTN: Receiving,20163182,90374201,Invoice,455,29.6,10,4550,4520.4
1/4/2023,Kiwi,CI,202301,1078784,OM Owens & Minor,,1078784,OM Owens & Minor,OM Minneapolis MinnesotaATTN: Receiving,20163158,90374202,Invoice,800,143.8,20,16000,15856.2
1/4/2023,Koala,CI,202301,1078784,OM Owens & Minor,,1078784,OM Owens & Minor,OM Minneapolis MinnesotaATTN: Receiving,20163158,90374202,Invoice,450,175.7,10,4500,4324.3
1/4/2023,ROM,CI,202301,1078784,OM Owens & Minor,,1078784,OM Owens & Minor,OM Minneapolis MinnesotaATTN: Receiving,20163158,90374202,Invoice,255,184.5,30,7650,7465.5
1/4/2023,Traxi,CI,202301,1078784,OM Owens & Minor,,1078784,OM Owens & Minor,OM Minneapolis MinnesotaATTN: Receiving,20163158,90374202,Invoice,2040,267.3,30,61200,60932.7
1/4/2023,Traxi,CI,202301,1078784,OM Owens & Minor,,1078784,OM Owens & Minor,OM Minneapolis MinnesotaATTN: Receiving,20163158,90374202,Invoice,910,59.2,20,18200,18140.8
1/4/2023,BoogieBaby,CI,202301,1078784,OM Owens & Minor,,1078784,OM Owens & Minor,OM Bangor MaineATTN: Receiving,20163190,90374203,Invoice,155.25,40,100,15525,15485
1/4/2023,BoogieBaby,CI,202301,1078784,OM Owens & Minor,,1078784,OM Owens & Minor,OM Bangor MaineATTN: Receiving,20163190,90374203,Invoice,200,41,100,20000,19959
1/4/2023,Kiwi,CI,202301,1078784,OM Owens & Minor,,1078784,OM Owens & Minor,OM Boston MassachusettsATTN: Receiving,20163178,90374204,Invoice,175,32.05,5,875,842.95
1/4/2023,Clearview,CI,202301,1078784,OM Owens & Minor,,1078784,OM Owens & Minor,OM Boston MassachusettsATTN: Receiving,20163178,90374204,Invoice,1125,240.3,15,16875,16634.7
1/4/2023,BoogieBaby,CI,202301,1078784,OM Owens & Minor,,1078784,OM Owens & Minor,OM Boston MassachusettsATTN: Receiving,20163178,90374204,Invoice,200,41,100,20000,19959
1/4/2023,Traxi,CI,202301,1078784,OM Owens & Minor,,1078784,OM Owens & Minor,OM Boston MassachusettsATTN: Receiving,20163178,90374204,Invoice,3400,445.5,50,170000,169554.5
1/4/2023,Kiwi,CI,202301,1078784,OM Owens & Minor,,1078784,OM Owens & Minor,OM Chicago IllinoisATTN: Receiving,20163160,90374205,Invoice,1750,261.5,50,87500,87238.5
1/4/2023,BoogieBaby,CI,202301,1078784,OM Owens & Minor,,1078784,OM Owens & Minor,OM Chicago IllinoisATTN: Receiving,20163160,90374205,Invoice,155.25,40,100,15525,15485
1/4/2023,BoogieBaby,CI,202301,1078784,OM Owens & Minor,,1078784,OM Owens & Minor,OM Chicago IllinoisATTN: Receiving,20163160,90374205,Invoice,1000,260,500,500000,499740
1/4/2023,Traxi,CI,202301,1078784,OM Owens & Minor,,1078784,OM Owens & Minor,OM Chicago IllinoisATTN: Receiving,20163160,90374205,Invoice,680,89.1,10,6800,6710.9
1/4/2023,Koala,CI,202301,1078784,OM Owens & Minor,,1078784,OM Owens & Minor,WAKEMED - BULKWAKEMED RALEIGH STOREROOM,20168091,90374207,Invoice,1402.5,226.5,50,70125,69898.5
1/4/2023,Koala,CI,202301,1078784,OM Owens & Minor,,1078784,OM Owens & Minor,SANFORD HEALTH CENTERSANFORD HELT MED CNTR FARGO GS21,20168091,90374209,Invoice,1377.5,226.5,50,68875,68648.5
1/4/2023,Koala,CI,202301,1078784,OM Owens & Minor,,1078784,OM Owens & Minor,SENTARA PRINCESS ANNE HOS - BULKSENTARA PRINCESS ANNE HOS - BULK,20168091,90374210,Invoice,275.5,45.3,10,2755,2709.7
1/4/2023,Koala,CI,202301,1078784,OM Owens & Minor,,1078784,OM Owens & Minor,ST. ANTHONY SHAWNEE HOSPITALST. ANTHONY HOSPITAL SHAWNEE,20168091,90374212,Invoice,275.5,45.3,10,2755,2709.7
1/4/2023,Koala,CI,202301,1078784,OM Owens & Minor,,1078784,OM Owens & Minor,SANFORD HEALTH MEDICAL CENTERSANFORD HLTH MED Center BEMIDJI GS50,20168091,90374215,Invoice,1402.5,226.5,50,70125,69898.5
1/4/2023,Kiwi,CI,202301,1078784,OM Owens & Minor,,1078784,OM Owens & Minor,"DHA FORT STEWARTDHA FORT STEWART, WINN ARMY-NUS",20168091,90374216,Invoice,2100,384.6,60,126000,125615.4
1/4/2023,Koala,CI,202301,1078784,OM Owens & Minor,,1078784,OM Owens & Minor,DENVER HEALTH MED TXF-77NOV LUMJIT CENTRAL SUPPLY,20168091,90374217,Invoice,1122,181.2,40,44880,44698.8
1/4/2023,Koala,CI,202301,1078784,OM Owens & Minor,,1078784,OM Owens & Minor,MEMORIAL HOSPITAL OF LAS CRUCESMEMORIAL HOSPITAL OF LAS CRUCES,20168091,90374218,Invoice,561,90.6,20,11220,11129.4
1/4/2023,Koala,CI,202301,1078784,OM Owens & Minor,,1078784,OM Owens & Minor,UPMC HEALTH SYSTEMINVENTORY,20168091,90374219,Invoice,1402.5,226.5,50,70125,69898.5
1/4/2023,Koala,CI,202301,1078784,OM Owens & Minor,,1078784,OM Owens & Minor,UNIV OF MISSISSIPPI MEDICAL Center LUMUNIV OF MISSISSIPPI MED Center DOCK 1,20168091,90374220,Invoice,841.5,135.9,30,25245,25109.1
1/4/2023,ROM,CI,202301,9980001133,Matt Wheeler,,9980001133,Matt Wheeler,Faith RegionalATTN-Sheryl Haddock,9980001133,90374222,Invoice,0,270.5,50,0,-270.5
1/4/2023,ROM,CI,202301,9980001133,Matt Wheeler,,9980001133,Matt Wheeler,Faith RegionalATTN-Sheryl Haddock,9980001133,90374222,Invoice,0,92.25,15,0,-92.25
1/4/2023,Traxi,CI,202301,1078694,Eastern Health,,1078694,Eastern Health,Health Sciences CentreAttn: Receiving,20162898,90374223,Invoice,1769.64,179.77,20,35392.8,35213.03
1/4/2023,Kiwi,CI,202301,1078787,THE OTTAWA HOSPITAL,,1078787,THE OTTAWA HOSPITAL,GENERAL CAMPUSATTN: Receiving,20163235,90374224,Invoice,3301.7,471.47,65,214610.5,214139.03
1/4/2023,Kiwi,CI,202301,1078834,Saskatchewan Health Authority,,1078834,Saskatchewan Health Authority,Royal University HospitalAttn: Main Stores,20170649,90374226,Invoice,692.66,108.8,15,10389.9,10281.1
1/4/2023,Koala,CI,202301,1080952,SCI Logistics Ltd.,,1080952,SCI Logistics Ltd.,SCI Logistics - 3SO BusinessAttn: Receiving,20166100,90374228,Invoice,715.01,91.4,20,14300.2,14208.8
1/4/2023,Optilume Strictures,Uro,202301,1019541,Allina Health System,,1019541,Allina Health System,Abbott Northwesterm HospitalAttn: Receiving Dock PO1539978,20084640,90374232,Invoice,2095,0,1,2095,2095
1/4/2023,Portascan 3D,Uro,202301,1019576,Adventist Health,,1019576,Adventist Health,Adventist HealthAttn: Receiving PO# 500067360,20079680,90374233,Invoice,7760,0,1,7760,7760
1/4/2023,Portascan 3D,Uro,202301,1019576,Adventist Health,,1019576,Adventist Health,Adventist HealthAttn: Receiving PO# 500067360,20079680,90374233,Invoice,0,0.81,0,0,-0.81
1/4/2023,Portascan 3D,Uro,202301,1019576,Adventist Health,,1019576,Adventist Health,Adventist HealthAttn: Receiving PO# 500067360,20079680,90374233,Invoice,0,1500,0,0,-1500
1/4/2023,Portascan 3D,Uro,202301,1019576,Adventist Health,,1019576,Adventist Health,Adventist HealthAttn: Receiving PO# 500067360,20079680,90374233,Invoice,518,412,1,518,106
1/4/2023,UDS Service Contracts,Uro,202301,1019576,Adventist Health,,1019576,Adventist Health,Adventist HealthAttn: Receiving PO# 500067360,20079680,90374233,Invoice,1200,0,1,1200,1200
1/4/2023,InjeTAK,Uro,202301,1019852,Baptist Health,,1019852,Baptist Health,BH Medical Center Little RockAttn: Outpatient Surgery,20084763,90374234,Invoice,310,76,4,1240,1164
1/4/2023,InjeTAK,Uro,202301,1019852,Baptist Health,,1019852,Baptist Health,BH Medical Center Little RockAttn: Outpatient Surgery,20084763,90374234,Invoice,310,76,4,1240,1164
1/4/2023,Incontinence UPC Lead Sets,Uro,202301,1019875,Carilion Clinic,,1019875,Carilion Clinic,Carilion Clinic Materials ManagmentAttn: Receiving,20075461,90374235,Invoice,1638,83.76,2,3276,3192.24
1/4/2023,Solar GI HRM,GI,202301,1020062,Cincinnati Children's Hospital,,1020062,Cincinnati Children's Hospital,Cincinnati Childrens Medical CenterAttn: Receiving Dock#1,20080047,90374236,Invoice,139338,25353.98,2,278676,253322.02
1/4/2023,Incontinence UPC Lead Sets,Uro,202301,1020373,Emory Healthcare,,1020373,Emory Healthcare,The Emory ClinicAttn: Receiving,20068899,90374239,Invoice,4670,209.4,5,23350,23140.6
1/4/2023,Incontinence UPC Lead Sets,Uro,202301,1020665,County of Los Angeles,,1020665,County of Los Angeles,UCLA Medical Center - Olive ViewAttn: Supply Chain Operations/WH,20167850,90374242,Invoice,889,41.88,1,889,847.12
1/4/2023,Incontinence UPC Lead Sets,Uro,202301,1020820,Haywood Regional Medical Center,,1020820,Haywood Regional Medical Center,Haywood Regional Medical CtrAttn Receiving,20081229,90374243,Invoice,934,41.88,1,934,892.12
1/4/2023,Tubing,Uro,202301,1020914,LCMC: West Jefferson Medical Center,,1020914,LCMC: West Jefferson Medical Center,West Jefferson Medical CenterAttn: Receiving/ OPOR,20074894,90374244,Invoice,549,42,25,13725,13683
1/4/2023,Incontinence UPC Lead Sets,Uro,202301,1021135,Loma Linda Univ.Health Care,,1021135,Loma Linda Univ.Health Care,Loma Linda UniversityHealth CareAdult Urology (8200/FPS),20070996,90374245,Invoice,1778,83.76,2,3556,3472.24
1/4/2023,Incontinence UPC Lead Sets,Uro,202301,1021190,Mayo Clinic,,1021190,Mayo Clinic,Mayo Clinic HospitalAttn: Dock E 69271733,20170386,90374246,Invoice,3356,167.52,4,13424,13256.48
1/4/2023,Incontinence UPC Lead Sets,Uro,202301,1021301,HCA Mission Health Hospital *11.22.24 CONSOLIDATED F2*,2,Cust Info Not Found,Cust Info Not Found,Mission Urology McDowellPO #23767/601/1323,20084768,90374247,Invoice,4680,251.28,6,28080,27828.72
1/4/2023,Optilume Strictures,Uro,202301,1021279,The Methodist Health System,,1021279,The Methodist Health System,The Methodist HospitalAttn: Receiving M002968861,20077188,90374249,Invoice,0,112,0,0,-112
1/4/2023,Portascan 3D,Uro,202301,1021287,Dignity Health - CA,,1021287,Dignity Health - CA,Dignity HealthAttn: Rec Dock on 11th Street S332A,20069224,90374250,Invoice,0,0.81,0,0,-0.81
1/4/2023,Portascan 3D,Uro,202301,1021287,Dignity Health - CA,,1021287,Dignity Health - CA,Dignity HealthAttn: Rec Dock on 11th Street S332A,20069224,90374250,Invoice,0,1320,0,0,-1320
1/4/2023,Incontinence UPC Lead Sets,Uro,202301,1021341,MyMichigan Health,,1021341,MyMichigan Health,MyMich Medical Center MidlandAttn: Receiving,20164124,90374251,Invoice,2667,125.64,3,8001,7875.36
1/4/2023,Optilume Strictures,Uro,202301,1021590,Novant Health Inc.,,1021590,Novant Health Inc.,Novant Health Inc.HIN# 361710I00NH MEDICAL PARK HOSPITAL,20073926,90374252,Invoice,4190,0,2,8380,8380
1/4/2023,Optilume Strictures,Uro,202301,1021590,Novant Health Inc.,,1021590,Novant Health Inc.,Novant Health Inc.HIN# 361710I00NH MEDICAL PARK HOSPITAL,20073926,90374252,Invoice,0,402,0,0,-402
1/4/2023,Optilume Strictures,Uro,202301,1021590,Novant Health Inc.,,1021590,Novant Health Inc.,Novant HealthAttn: Katie Helton PO3370408,20163348,90374254,Invoice,0,402,0,0,-402
1/4/2023,Optilume Strictures,Uro,202301,1021590,Novant Health Inc.,,1021590,Novant Health Inc.,Novant HealthAttn: Katie Helton PO3370408,20163348,90374254,Invoice,0,56,0,0,-56
1/4/2023,Optilume Strictures,Uro,202301,1021590,Novant Health Inc.,,1021590,Novant Health Inc.,Novant HealthAttn: Katie Helton PO3370408,20163348,90374254,Invoice,0,56,0,0,-56
1/4/2023,Incontinence MPQ,Uro,202301,1021590,Novant Health Inc.,,1021590,Novant Health Inc.,Novant Health Inc.Attn: Receiving,20067437,90374255,Invoice,1338.6,126.18,3,4015.8,3889.62
1/4/2023,Incontinence MPQ,Uro,202301,1021590,Novant Health Inc.,,1021590,Novant Health Inc.,Novant Health Inc.Attn: Receiving,20067437,90374255,Invoice,90,33.6,3,270,236.4
1/4/2023,Optilume Strictures,Uro,202301,1021596,Northside Hospital,,1021596,Northside Hospital,Northside Hospital ForsythAttn: Receiving 6-2540644,20083564,90374256,Invoice,2095,0,1,2095,2095
1/4/2023,Optilume Strictures,Uro,202301,1021596,Northside Hospital,,1021596,Northside Hospital,Northside Hospital ForsythAttn: Receiving 6-2540644,20083564,90374256,Invoice,0,28,0,0,-28
1/4/2023,Optilume Strictures,Uro,202301,1021596,Northside Hospital,,1021596,Northside Hospital,Northside Hospital ForsythAttn: Receiving 6-2542027,20083564,90374257,Invoice,6285,0,3,18855,18855
1/4/2023,Optilume Strictures,Uro,202301,1021596,Northside Hospital,,1021596,Northside Hospital,Northside Hospital ForsythAttn: Receiving 6-2542027,20083564,90374257,Invoice,0,603,0,0,-603
1/4/2023,Optilume Strictures,Uro,202301,1021596,Northside Hospital,,1021596,Northside Hospital,Northside Hospital ForsythAttn: Receiving 6-2542027,20083564,90374257,Invoice,0,84,0,0,-84
1/4/2023,InjeTAK,Uro,202301,1021726,Memorial Care Health Services,,1021726,Memorial Care Health Services,MC Long Beach Medical CenterAttn: Receiving,20076462,90374259,Invoice,625,103,10,6250,6147
1/4/2023,Other Uro Dx Disposables,Uro,202301,1021787,Palo Alto Medical Foundation Health Care Division V# 33010,,1021787,Palo Alto Medical Foundation Health Care Division V# 33010,Palo Alto Medical Foundation PAMF-ALAMEDA DOCK OPS,20070379,90374261,Invoice,54,5.2,20,1080,1074.8
1/4/2023,InjeTAK,Uro,202301,1021925,Intermountain Healthcare,,1021925,Intermountain Healthcare,Intermountain HealthRiver Road CampusSt George Hospital RR,20073939,90374263,Invoice,1480,380,20,29600,29220
1/4/2023,InjeTAK,Uro,202301,1022115,Hospital Sisters Health System,,1022115,Hospital Sisters Health System,HSHS St Elizabeths HospitalAttn: Receving,20083991,90374265,Invoice,310,76,4,1240,1164
1/4/2023,T-Doc Catheters,Uro,202301,1022236,Scripps Health,,1022236,Scripps Health,Scripps HealthAttn: La Jolla Receiving,20081346,90374266,Invoice,1164,57.8,20,23280,23222.2
1/4/2023,Incontinence UPC Lead Sets,Uro,202301,1022236,Scripps Health,,1022236,Scripps Health,Scripps HealthAttn: La Jolla Receiving,20081346,90374266,Invoice,1778,83.76,2,3556,3472.24
1/4/2023,Incontinence UPC Lead Sets,Uro,202301,1022237,Sharp Healthcare,,1022237,Sharp Healthcare,Sharp Healthcare(San Diego CA)Sharp Rees-Stealy,20072560,90374267,Invoice,1638,83.76,2,3276,3192.24
1/4/2023,T-Doc Catheters,Uro,202301,1022361,Corewell Health,,1022361,Corewell Health,Spectrum Health Med GroupAttn: Receiving,20167546,90374270,Invoice,1623,111.6,30,48690,48578.4
1/4/2023,UDS Service Contracts,Uro,202301,1022439,Urology of St Louis,,1022439,Urology of St Louis,Urology of St LouisAttn: Accounts Payable,1022439,90374275,Invoice,201.67,0,1,201.67,201.67
1/4/2023,UDS Service Contracts,Uro,202301,1022439,Urology of St Louis,,1022439,Urology of St Louis,Urology of St LouisAttn: Accounts Payable,1022439,90374275,Invoice,186.54,0,1,186.54,186.54
1/4/2023,UDS Service Contracts,Uro,202301,1022439,Urology of St Louis,,1022439,Urology of St Louis,Urology of St LouisAttn: Accounts Payable,1022439,90374275,Invoice,161.33,0,2,322.66,322.66
1/4/2023,UDS Service Contracts,Uro,202301,1022439,Urology of St Louis,,1022439,Urology of St Louis,Urology of St LouisAttn: Accounts Payable,1022439,90374275,Invoice,239.48,0,11,2634.28,2634.28
1/4/2023,UDS Service Contracts,Uro,202301,1022439,Urology of St Louis,,1022439,Urology of St Louis,Urology of St LouisAttn: Accounts Payable,1022439,90374275,Invoice,39.31,0,2,78.62,78.62
1/4/2023,Optilume Strictures,Uro,202301,1022487,Sutter Health System Office,,1022487,Sutter Health System Office,Sutter Health Sacsierra RegionPH Receiving Dock 36001105211,20070977,90374277,Invoice,0,804,0,0,-804
1/4/2023,Other Uro Dx Equipment,Uro,202301,1022499,CHI - Common Spirit Health,,1022499,CHI - Common Spirit Health,"TRIHEALTH BETHESDA N HOSPITALSean KeenanCE, 01-1062729",20167278,90374278,Invoice,168,41.75,1,168,126.25
1/4/2023,T-Doc Catheters,Uro,202301,1022567,Jefferson Health,,1022567,Jefferson Health,Jefferson Health - Bluemie BldgAttn: Receiving,20083666,90374279,Invoice,2732,148.8,40,109280,109131.2
1/4/2023,Tubing,Uro,202301,1022826,University of Rochester,,1022826,University of Rochester,UR Med Urology SawgrassAttn: Receiving,20084561,90374281,Invoice,844,84,50,42200,42116
1/4/2023,T-Doc Catheters,Uro,202301,1022826,University of Rochester,,1022826,University of Rochester,UR Med Urology SawgrassAttn: Receiving,20084561,90374282,Invoice,642,71.6,10,6420,6348.4
1/4/2023,Other Uro Dx Disposables,Uro,202301,1022826,University of Rochester,,1022826,University of Rochester,UR Med Urology SawgrassAttn: Receiving,20084561,90374282,Invoice,110,46.8,20,2200,2153.2
1/4/2023,Optilume Strictures,Uro,202301,1022826,University of Rochester,,1022826,University of Rochester,UR Med Strong Memorial HospitalAttn: SH MPD U2664394-23,20073183,90374283,Invoice,2395,0,1,2395,2395
1/4/2023,Optilume Strictures,Uro,202301,1022826,University of Rochester,,1022826,University of Rochester,UR Med Strong Memorial HospitalAttn: SH MPD U2664394-23,20073183,90374283,Invoice,0,201,0,0,-201
1/4/2023,Optilume Strictures,Uro,202301,1022826,University of Rochester,,1022826,University of Rochester,UR Med Strong Memorial HospitalAttn: SH MPD U2664394-23,20073183,90374283,Invoice,0,28,0,0,-28
1/4/2023,Optilume Strictures,Uro,202301,1022826,University of Rochester,,1022826,University of Rochester,UR Med Strong Memorial HospitalAttn: SH MPD U2664394-23,20073183,90374283,Invoice,0,151,0,0,-151
1/4/2023,Optilume Strictures,Uro,202301,1022826,University of Rochester,,1022826,University of Rochester,UR Med Strong Memorial HospitalAttn: SH MPD U2664394-23,20073183,90374283,Invoice,2395,0,1,2395,2395
1/4/2023,T-Doc Catheters,Uro,202301,1022837,University of Chicago Medicine,,1022837,University of Chicago Medicine,University of Chicago Medical CenterCOMER MANAGER OFFICE K-475MAIN DOCK,20079953,90374284,Invoice,1164,394,20,23280,22886
1/4/2023,Tubing,Uro,202301,1022837,University of Chicago Medicine,,1022837,University of Chicago Medicine,University of Chicago Medical CenterCOMER MANAGER OFFICE K-475MAIN DOCK,20079953,90374284,Invoice,220,24.1,10,2200,2175.9
1/4/2023,Incontinence UPC Lead Sets,Uro,202301,1022837,University of Chicago Medicine,,1022837,University of Chicago Medicine,UChicago Medicine River EastAttn: Receiving,20084938,90374285,Invoice,934,41.88,1,934,892.12
1/4/2023,Other Uro Dx Disposables,Uro,202301,1022848,University of Colorado Health,,1022848,University of Colorado Health,Memorial Health SystemAttn: Receiving,20167864,90374286,Invoice,108,18.9,10,1080,1061.1
1/4/2023,InjeTAK,Uro,202301,1022897,Beth Israel Lahey Health,,1022897,Beth Israel Lahey Health,Lahey Clinic BurlingtonAttn: Receiving,20075709,90374288,Invoice,1240,304,16,19840,19536
1/4/2023,Tubing,Uro,202301,1022954,GenesisCare,,1022954,GenesisCare,21st.Century Oncology LLCGS1 - Grand Strand Urology,20077166,90374290,Invoice,219,90.75,75,16425,16334.25
1/4/2023,Incontinence UPC Lead Sets,Uro,202301,1022954,GenesisCare,,1022954,GenesisCare,USS - Florida Urology SpecialistsAttn: Kristen Wildasin 10117P8112443,20069635,90374291,Invoice,660,41.88,1,660,618.12
1/4/2023,Other Uro Dx Equipment,Uro,202301,1022994,University of Missouri Healthcare,,1022994,University of Missouri Healthcare,"University of Missouri Health CenterAttn: Reed, Amber NicoleQuarterdeck Dock",20066963,90374292,Invoice,0,528.26,1,0,-528.26
1/4/2023,UDS Other Service & Repairs,Uro,202301,1022994,University of Missouri Healthcare,,1022994,University of Missouri Healthcare,"University of Missouri Health CenterAttn: Reed, Amber NicoleQuarterdeck Dock",20066963,90374292,Invoice,0,193.02,0,0,-193.02
1/4/2023,UDS Other Service & Repairs,Uro,202301,1022994,University of Missouri Healthcare,,1022994,University of Missouri Healthcare,"University of Missouri Health CenterAttn: Reed, Amber NicoleQuarterdeck Dock",20066963,90374292,Invoice,0,227.22,0,0,-227.22
1/4/2023,UDS Other Service & Repairs,Uro,202301,1022994,University of Missouri Healthcare,,1022994,University of Missouri Healthcare,"University of Missouri Health CenterAttn: Reed, Amber NicoleQuarterdeck Dock",20066963,90374292,Invoice,0,17.53,0,0,-17.53
1/4/2023,Tubing,Uro,202301,1022999,Urodynamic PRN LLC,,1022999,Urodynamic PRN LLC,Urodynamic PRN LLC(Luling LA)Attn: Receiving,20076058,90374293,Invoice,336,25,50,16800,16775
1/4/2023,Optilume Strictures,Uro,202301,1023078,UT Southwestern Medical Center,,1023078,UT Southwestern Medical Center,UT Southwestern Medical CenterAttn: CUH Receiving OSC 5230062529,20083938,90374295,Invoice,9580,0,4,38320,38320
1/4/2023,Optilume Strictures,Uro,202301,1023078,UT Southwestern Medical Center,,1023078,UT Southwestern Medical Center,UT Southwestern Medical CenterAttn: CUH Receiving OSC 5230062529,20083938,90374295,Invoice,0,604,0,0,-604
1/4/2023,Optilume Strictures,Uro,202301,1023078,UT Southwestern Medical Center,,1023078,UT Southwestern Medical Center,UT Southwestern Medical CenterAttn: CUH Receiving OSC 5230062529,20083938,90374295,Invoice,6285,0,3,18855,18855
1/4/2023,Optilume Strictures,Uro,202301,1023078,UT Southwestern Medical Center,,1023078,UT Southwestern Medical Center,UT Southwestern Medical CenterAttn: CUH Receiving OSC 5230062529,20083938,90374295,Invoice,0,84,0,0,-84
1/4/2023,Portascan 3D,Uro,202301,1023267,Aspirus Health,,1023267,Aspirus Health,Aspirus Hospice HouseAttn: Receiving,20197348,90374297,Invoice,0,0.81,0,0,-0.81
1/4/2023,Portascan 3D,Uro,202301,1023267,Aspirus Health,,1023267,Aspirus Health,Aspirus Hospice HouseAttn: Receiving,20197348,90374297,Invoice,0,20,0,0,-20
1/4/2023,Portascan 3D,Uro,202301,1023267,Aspirus Health,,1023267,Aspirus Health,Aspirus Hospice HouseAttn: Receiving,20197348,90374297,Invoice,0,1500,0,0,-1500
1/4/2023,Portascan 3D,Uro,202301,1023267,Aspirus Health,,1023267,Aspirus Health,Aspirus Hospice HouseAttn: Receiving,20197348,90374297,Invoice,0,0,0,0,0
1/4/2023,UDS Other Service & Repairs,Uro,202301,1023267,Aspirus Health,,1023267,Aspirus Health,Aspirus Hospice HouseAttn: Receiving,20197348,90374297,Invoice,0,3.4,0,0,-3.4
1/4/2023,Portascan 3D,Uro,202301,1023267,Aspirus Health,,1023267,Aspirus Health,Aspirus Hospice HouseAttn: Receiving,20197348,90374297,Invoice,518,412,1,518,106
1/4/2023,Portascan 3D,Uro,202301,1023267,Aspirus Health,,1023267,Aspirus Health,Aspirus Hospice HouseAttn: Receiving,20197348,90374297,Invoice,0,32.47,1,0,-32.47
1/4/2023,UDS Service Contracts,Uro,202301,1023267,Aspirus Health,,1023267,Aspirus Health,Aspirus Hospice HouseAttn: Receiving,20197348,90374297,Invoice,1000,0,1,1000,1000
1/4/2023,Urocap IV,Uro,202301,1023307,WakeMed Health and Hospitals,,1023307,WakeMed Health and Hospitals,WakeMed - Urogynecology-CaryAttn: Suite 310,20167894,90374298,Invoice,0,562.41,1,0,-562.41
1/4/2023,UDS Other Service & Repairs,Uro,202301,1023307,WakeMed Health and Hospitals,,1023307,WakeMed Health and Hospitals,WakeMed - Urogynecology-CaryAttn: Suite 310,20167894,90374298,Invoice,0,124.64,0,0,-124.64
1/4/2023,UDS Other Service & Repairs,Uro,202301,1023307,WakeMed Health and Hospitals,,1023307,WakeMed Health and Hospitals,WakeMed - Urogynecology-CaryAttn: Suite 310,20167894,90374298,Invoice,0,227.22,0,0,-227.22
1/4/2023,UDS Other Service & Repairs,Uro,202301,1023307,WakeMed Health and Hospitals,,1023307,WakeMed Health and Hospitals,WakeMed - Urogynecology-CaryAttn: Suite 310,20167894,90374298,Invoice,0,17.53,0,0,-17.53
1/4/2023,Other Uro Dx Disposables,Uro,202301,1023307,WakeMed Health and Hospitals,,1023307,WakeMed Health and Hospitals,WakeMed - Urogynecology-CaryAttn: Suite 310,20167894,90374298,Invoice,0,26.52,1,0,-26.52
1/4/2023,Incontinence UPC Lead Sets,Uro,202301,1087643,Southland Uro+Gynecology LLC,,1087643,Southland Uro+Gynecology LLC,Southland Uro+Gynecology LLCAttn: Office Manager,20168689,90374301,Invoice,0,366.17,1,0,-366.17
1/4/2023,Portascan 3D,Uro,202301,1079825,"AvTech Capital, LLC",,1079825,"AvTech Capital, LLC",ClearSky Waxahachiec/o Armstrong RelocationAttn: Receiving,20171077,90374302,Invoice,7055,0,1,7055,7055
1/4/2023,UDS Other Service & Repairs,Uro,202301,1079825,"AvTech Capital, LLC",,1079825,"AvTech Capital, LLC",ClearSky Waxahachiec/o Armstrong RelocationAttn: Receiving,20171077,90374302,Invoice,0,160,0,0,-160
1/4/2023,Portascan 3D,Uro,202301,1079825,"AvTech Capital, LLC",,1079825,"AvTech Capital, LLC",ClearSky Waxahachiec/o Armstrong RelocationAttn: Receiving,20171077,90374302,Invoice,0,0.81,0,0,-0.81
1/4/2023,Portascan 3D,Uro,202301,1079825,"AvTech Capital, LLC",,1079825,"AvTech Capital, LLC",ClearSky Waxahachiec/o Armstrong RelocationAttn: Receiving,20171077,90374302,Invoice,0,20,0,0,-20
1/4/2023,Portascan 3D,Uro,202301,1079825,"AvTech Capital, LLC",,1079825,"AvTech Capital, LLC",ClearSky Waxahachiec/o Armstrong RelocationAttn: Receiving,20171077,90374302,Invoice,518,412,1,518,106
1/4/2023,Portascan 3D,Uro,202301,1079825,"AvTech Capital, LLC",,1079825,"AvTech Capital, LLC",ClearSky Waxahachiec/o Armstrong RelocationAttn: Receiving,20171077,90374302,Invoice,0,32.47,1,0,-32.47
1/4/2023,Portascan 3D,Uro,202301,1079825,"AvTech Capital, LLC",,1079825,"AvTech Capital, LLC",ClearSky Rehab Hospital of Mansfieldc/o Next Step RelocationAttn: Receiving,20171080,90374303,Invoice,7055,0,1,7055,7055
1/4/2023,Portascan 3D,Uro,202301,1079825,"AvTech Capital, LLC",,1079825,"AvTech Capital, LLC",ClearSky Rehab Hospital of Mansfieldc/o Next Step RelocationAttn: Receiving,20171080,90374303,Invoice,0,0.81,0,0,-0.81
1/4/2023,Portascan 3D,Uro,202301,1079825,"AvTech Capital, LLC",,1079825,"AvTech Capital, LLC",ClearSky Rehab Hospital of Mansfieldc/o Next Step RelocationAttn: Receiving,20171080,90374303,Invoice,0,20,0,0,-20
1/4/2023,Portascan 3D,Uro,202301,1079825,"AvTech Capital, LLC",,1079825,"AvTech Capital, LLC",ClearSky Rehab Hospital of Mansfieldc/o Next Step RelocationAttn: Receiving,20171080,90374303,Invoice,0,1500,0,0,-1500
1/4/2023,Portascan 3D,Uro,202301,1079825,"AvTech Capital, LLC",,1079825,"AvTech Capital, LLC",ClearSky Rehab Hospital of Mansfieldc/o Next Step RelocationAttn: Receiving,20171080,90374303,Invoice,0,0,0,0,0
1/4/2023,Portascan 3D,Uro,202301,1079825,"AvTech Capital, LLC",,1079825,"AvTech Capital, LLC",ClearSky Rehab Hospital of Mansfieldc/o Next Step RelocationAttn: Receiving,20171080,90374303,Invoice,518,412,1,518,106
1/4/2023,Portascan 3D,Uro,202301,1079825,"AvTech Capital, LLC",,1079825,"AvTech Capital, LLC",ClearSky Rehab Hospital of Mansfieldc/o Next Step RelocationAttn: Receiving,20171080,90374303,Invoice,0,32.47,1,0,-32.47
1/4/2023,Traxi,CI,202301,1061863,NHS Supply Chain NHS Suppply Chain Accounts Payable,,1061863,NHS Supply Chain NHS Suppply Chain Accounts Payable,NHS SUPPLY CHAIN NORMANTONTHE SUPPLY CENTRE,20170861,90374315,Invoice,134.61,37.57,5,673.05,635.48
1/4/2023,DSD,CI,202301,1061863,NHS Supply Chain NHS Suppply Chain Accounts Payable,,1061863,NHS Supply Chain NHS Suppply Chain Accounts Payable,"NHS Supply ChainRugby, Gynae Opd",20151486,90374317,Invoice,121.15,43.45,50,6057.5,6014.05
1/4/2023,Traxi,CI,202301,1061794,Lewisham & Greenwich NHS trust RJ2 Payables 4715,,1061794,Lewisham & Greenwich NHS trust RJ2 Payables 4715,The Lewisham and Greenwich NHS TrustMain Stores Delivery Point A,20153356,90374323,Invoice,807.64,122.25,15,12114.6,11992.35
1/4/2023,DSD,CI,202301,1061863,NHS Supply Chain NHS Suppply Chain Accounts Payable,,1061863,NHS Supply Chain NHS Suppply Chain Accounts Payable,NHS Supply ChainAlfreton,20151478,90374325,Invoice,121.15,43.45,50,6057.5,6014.05
1/4/2023,DSD,CI,202301,1061863,NHS Supply Chain NHS Suppply Chain Accounts Payable,,1061863,NHS Supply Chain NHS Suppply Chain Accounts Payable,NHS Supply ChainNormanton,20151485,90374326,Invoice,121.15,43.45,50,6057.5,6014.05
1/4/2023,Incontinence MPQ,Uro,202301,1059728,Brain Medical Oscar A. Revello,,1059728,Brain Medical Oscar A. Revello,Brain MedicalOscar A. Revello,1059728,90374354,Invoice Cancellation,-334.92,-231.66,-1,334.92,566.58
1/4/2023,Incontinence MPQ,Uro,202301,1059728,Brain Medical Oscar A. Revello,,1059728,Brain Medical Oscar A. Revello,Brain MedicalOscar A. Revello,1059728,90374354,Invoice Cancellation,-1061.46,-270.73,-6,6368.76,6639.49
1/4/2023,babyLance,CI,202301,1089833,Ev. Diakonissenanstalt SP-MA-DÜW K.d.ö.R Rechnungsprüfung (RP),,1089833,Ev. Diakonissenanstalt SP-MA-DÜW K.d.ö.R Rechnungsprüfung (RP),Ev. Diakonissenanstalt SP-MA-DÜW K.d.ö.RZentrallager/RulandstraßeWarenanlieferung über Schrankenanlage,20154842,90373999,Invoice,517.87,106.81,300,155361,155254.19
1/4/2023,Kiwi,CI,202301,1069898,Marienhaus Dienstleistungen GmbH BUK0952,,1069898,Marienhaus Dienstleistungen GmbH BUK0952,Marienhaus Kliniken GmbHKrankenhaus Hetzelstift,20171028,90374028,Invoice,270.18,25.95,5,1350.9,1324.95
1/4/2023,Kiwi,CI,202301,1089271,Malteser Krankenhaus St. Johannes Einkauf/Verwaltung,,1089271,Malteser Krankenhaus St. Johannes Einkauf/Verwaltung,St. Johannes KrankenhausKM_Einkauf / OP,20170115,90374047,Invoice,600.41,51.9,10,6004.1,5952.2
1/4/2023,Water Catheters,Uro,202301,1059559,KCH Interventional Facilities Management,,1059559,KCH Interventional Facilities Management,KCH Interventional Facilities ManagementZq0000 - PRUH Receipt And Distribution,20154852,90374052,Invoice,154.24,81.19,25,3856,3774.81
1/4/2023,Ph/Impedance Catheters,GI,202301,1061743,NHS Greater Glasgow & Clyde Finance Department,,1061743,NHS Greater Glasgow & Clyde Finance Department,Glasgow NHS TrustGeneral Store,20163578,90374058,Invoice,1363.2,137.14,10,13632,13494.86
1/4/2023,Ph/Impedance Catheters,GI,202301,1061833,Hull University Teaching Hospitals NHS Trust,,1061833,Hull University Teaching Hospitals NHS Trust,"Hull University Teaching HospitalsGoods Inward,Cardiac and Surgical Building",20155302,90374075,Invoice,321.22,68.56,5,1606.1,1537.54
1/4/2023,Incontinence MPQ,Uro,202301,1061844,Lanarkshire NHS Kirkfield Cottage,,1061844,Lanarkshire NHS Kirkfield Cottage,Lanarkshire NHSLtw3 Gen Theatres Main Store,20155501,90374076,Invoice,298.24,59.84,4,1192.96,1133.12
1/4/2023,Endoscopy Sheaths,Uro,202301,1058856,Hôpital Clinique Claude Bernard,,1058856,Hôpital Clinique Claude Bernard,Hôpital Clinique Claude BernardService-Pharmacie,20155707,90374084,Invoice,1424.15,378.48,40,56966,56587.52
1/4/2023,Kiwi,CI,202301,1060940,CH Narbonne,,1060940,CH Narbonne,CH NarbonnePharmacie Générale,20151210,90374088,Invoice,857.73,77.85,15,12865.95,12788.1
1/4/2023,Portascan 3D,Uro,202301,1060995,CHRU Brest,,1060995,CHRU Brest,CHRU BrestMagasin General - CHU Cavale BlancheA l'attn : Thomas LAPORTE,1060995,90374092,Invoice,0,1450.14,1,0,-1450.14
1/4/2023,Ph/Impedance Catheters,GI,202301,1061077,CHU de Lille,,1061077,CHU de Lille,CHU de LillePharmacie - DM Hors Stock,20151633,90374097,Invoice,1132.85,205.05,15,16992.75,16787.7
1/4/2023,Ph/Impedance Catheters,GI,202301,1061595,Dr Patrick Congard,,1061595,Dr Patrick Congard,Dr Patrick Congard,1061595,90374112,Invoice,355.35,107.68,10,3553.5,3445.82
1/4/2023,Other Uro Dx Equipment,Uro,202301,1108423,scm Saint Germain l'Auxerrois,,1108423,scm Saint Germain l'Auxerrois,scm Saint Germain l'Auxerrois,1108423,90374115,Invoice,0,75.18,2,0,-75.18
1/4/2023,Flowmaster,Uro,202301,1108664,Uropôle - Dr. Nazih Amadane,,1108664,Uropôle - Dr. Nazih Amadane,Uropôle - Dr. Nazih Amadane,1108664,90374117,Invoice,0,446.3,1,0,-446.3
1/4/2023,UDS Other Service & Repairs,Uro,202301,1108664,Uropôle - Dr. Nazih Amadane,,1108664,Uropôle - Dr. Nazih Amadane,Uropôle - Dr. Nazih Amadane,1108664,90374117,Invoice,0,38.11,1,0,-38.11
1/4/2023,UDS Other Service & Repairs,Uro,202301,1108664,Uropôle - Dr. Nazih Amadane,,1108664,Uropôle - Dr. Nazih Amadane,Uropôle - Dr. Nazih Amadane,1108664,90374117,Invoice,0,3.74,1,0,-3.74
1/4/2023,Ph/Impedance Catheters,GI,202301,1058937,Solution Medical Care,,1058937,Solution Medical Care,Solution Medical Care,20156166,90374131,Invoice,706.17,136.69,10,7061.7,6925.01
1/4/2023,UDS Service Contracts,Uro,202301,1023180,VA Houston Health Care,,1023180,VA Houston Health Care,VAMC Houston (580) PVAttn: Receiving,20076467,90374152,Invoice,571.08,0,1,571.08,571.08
1/4/2023,ROM,CI,202301,1022938,Upson Regional Medical Center,,1022938,Upson Regional Medical Center,Upson Regional Medical CenterAttn: Receiving,20079121,90374161,Invoice,1098.75,135.25,25,27468.75,27333.5
1/4/2023,ROM,CI,202301,1078678,Concordance Healthcare Solutions,,1078678,Concordance Healthcare Solutions,Concordance-TiffinATTN: Receiving,20162425,90374163,Invoice,3700,541,100,370000,369459
1/4/2023,babyLance,CI,202301,1078678,Concordance Healthcare Solutions,,1078678,Concordance Healthcare Solutions,Concordance-MillwoodATTN: Receiving,20162423,90374164,Invoice,360,117,300,108000,107883
1/4/2023,babyLance,CI,202301,1078678,Concordance Healthcare Solutions,,1078678,Concordance Healthcare Solutions,Concordance-MillwoodATTN: Receiving,20162423,90374164,Invoice,2460,799.5,2050,5043000,5042200.5
1/4/2023,Clearview,CI,202301,1078679,Cardinal Health,,1078679,Cardinal Health,LIJ RECEIVING NORTHWELL HEALTHRECEIVING NON STOCK MAIN 1 FL (LIJ,20166710,90374173,Invoice,750,160.2,10,7500,7339.8
1/4/2023,BoogieBaby,CI,202301,1078745,"Medline Industries, Inc",,1078745,"Medline Industries, Inc",C89 - Jeffersonville - MD0048Jeffersonville C89,20163063,90374180,Invoice,800,164,400,320000,319836
1/4/2023,Koala,CI,202301,1078745,"Medline Industries, Inc",,1078745,"Medline Industries, Inc",B11 - Denver - MD0008Aurora B11,20163019,90374181,Invoice,4408,724.8,160,705280,704555.2
1/4/2023,Traxi,CI,202301,1078745,"Medline Industries, Inc",,1078745,"Medline Industries, Inc","B33 - Charlotte - MD0019Charlotte, NC B33",20163032,90374183,Invoice,455,29.6,10,4550,4520.4
1/4/2023,Kiwi,CI,202301,1078745,"Medline Industries, Inc",,1078745,"Medline Industries, Inc",C03 - McDonough - MD0040Atlanta C03,20163055,90374184,Invoice,1400,251.65,35,49000,48748.35
1/4/2023,BoogieBaby,CI,202301,1078745,"Medline Industries, Inc",,1078745,"Medline Industries, Inc",C47 - Perryville - MD0044Perryville C47,20163059,90374186,Invoice,2400,624,1200,2880000,2879376
1/4/2023,BoogieBaby,CI,202301,1078784,OM Owens & Minor,,1078784,OM Owens & Minor,OM Baltimore MarylandATTN: Receiving,20163183,90374189,Invoice,434.7,102,200,86940,86838
1/4/2023,Traxi,CI,202301,1078784,OM Owens & Minor,,1078784,OM Owens & Minor,OM Columbus OhioATTN: Receiving,20163191,90374192,Invoice,1360,178.2,20,27200,27021.8
1/4/2023,babyLance,CI,202301,1078784,OM Owens & Minor,,1078784,OM Owens & Minor,OM St. Louis MissouriATTN: Receiving,20163161,90374193,Invoice,180,58.5,150,27000,26941.5
1/4/2023,babyLance,CI,202301,1078784,OM Owens & Minor,,1078784,OM Owens & Minor,OM St. Louis MissouriATTN: Receiving,20163161,90374193,Invoice,60,19.5,50,3000,2980.5
1/4/2023,Kiwi,CI,202301,1078784,OM Owens & Minor,,1078784,OM Owens & Minor,OM St. Louis MissouriATTN: Receiving,20163161,90374193,Invoice,200,35.95,5,1000,964.05
1/4/2023,ROM,CI,202301,1078784,OM Owens & Minor,,1078784,OM Owens & Minor,OM Atlanta GeorgiaATTN: Receiving,20163173,90374194,Invoice,14800,2164,400,5920000,5917836
1/4/2023,Kiwi,CI,202301,1078784,OM Owens & Minor,,1078784,OM Owens & Minor,OM Memphis TennesseeATTN: Receiving,20163195,90374195,Invoice,350,64.1,10,3500,3435.9
1/4/2023,Kiwi,CI,202301,1078784,OM Owens & Minor,,1078784,OM Owens & Minor,OM Des Moines IowaATTN: Receiving,20163193,90374197,Invoice,175,26.15,5,875,848.85
1/4/2023,Kiwi,CI,202301,1078784,OM Owens & Minor,,1078784,OM Owens & Minor,OM Des Moines IowaATTN: Receiving,20163193,90374197,Invoice,175,32.05,5,875,842.95
1/4/2023,ROM,CI,202301,1078784,OM Owens & Minor,,1078784,OM Owens & Minor,OM Des Moines IowaATTN: Receiving,20163193,90374197,Invoice,4625,676.25,125,578125,577448.75
1/4/2023,BoogieBaby,CI,202301,1078784,OM Owens & Minor,,1078784,OM Owens & Minor,OM Minneapolis MinnesotaATTN: Receiving,20163158,90374202,Invoice,200,52,100,20000,19948
1/4/2023,babyLance,CI,202301,1078784,OM Owens & Minor,,1078784,OM Owens & Minor,OM Boston MassachusettsATTN: Receiving,20163178,90374204,Invoice,180,58.5,150,27000,26941.5
1/4/2023,babyLance,CI,202301,1078784,OM Owens & Minor,,1078784,OM Owens & Minor,OM Chicago IllinoisATTN: Receiving,20163160,90374205,Invoice,3720,1209,3100,11532000,11530791
1/4/2023,Koala,CI,202301,1078784,OM Owens & Minor,,1078784,OM Owens & Minor,SANFORD HEALTH CENTERJAMESTOWN REG MED Center GS140,20168091,90374208,Invoice,275.5,45.3,10,2755,2709.7
1/4/2023,Kiwi,CI,202301,1078834,Saskatchewan Health Authority,,1078834,Saskatchewan Health Authority,Royal University HospitalAttn: Main Stores,20170649,90374225,Invoice,923.55,145.06,20,18471,18325.94
1/4/2023,Incontinence MPQ,Uro,202301,1019070,Associates for Surgical Care,,1019070,Associates for Surgical Care,Associates for Surgical CareAttn: Receiving 849169,20073959,90374230,Invoice,1414,84.12,2,2828,2743.88
1/4/2023,Incontinence MPQ,Uro,202301,1019070,Associates for Surgical Care,,1019070,Associates for Surgical Care,Associates for Surgical CareAttn: Receiving 849169,20073959,90374230,Invoice,78,22.4,2,156,133.6
1/4/2023,Incontinence UPC Lead Sets,Uro,202301,1019217,MJW Medical Solutions Inc,,1019217,MJW Medical Solutions Inc,"FM5000 Elmendorf AFB,673 MDSS SGSMC/O: SPE2DV23F5V0JSPE2DV17D9210",20084669,90374231,Invoice,1560,83.76,2,3120,3036.24
1/4/2023,Endoscopy Sheaths,Uro,202301,1020190,The Surgical Ctr of Morehead City,,1020190,The Surgical Ctr of Morehead City,The Surgical Center of Morehead CityAttn: Receiving,20073946,90374238,Invoice,380,113.7,10,3800,3686.3
1/4/2023,InjeTAK,Uro,202301,1021253,MedStar Health,,1021253,MedStar Health,MedStar Washington Hospital CenterAttn: Receiving,20076665,90374248,Invoice,775,190,10,7750,7560
1/4/2023,Optilume Strictures,Uro,202301,1021279,The Methodist Health System,,1021279,The Methodist Health System,The Methodist HospitalAttn: Receiving M002968861,20077188,90374249,Invoice,8380,0,4,33520,33520
1/4/2023,Portascan 3D,Uro,202301,1021287,Dignity Health - CA,,1021287,Dignity Health - CA,Dignity HealthAttn: Rec Dock on 11th Street S332A,20069224,90374250,Invoice,0,1500,0,0,-1500
1/4/2023,UDS Other Service & Repairs,Uro,202301,1021287,Dignity Health - CA,,1021287,Dignity Health - CA,Dignity HealthAttn: Rec Dock on 11th Street S332A,20069224,90374250,Invoice,0,3.4,0,0,-3.4
1/4/2023,Portascan 3D,Uro,202301,1021287,Dignity Health - CA,,1021287,Dignity Health - CA,Dignity HealthAttn: Rec Dock on 11th Street S332A,20069224,90374250,Invoice,0,32.47,1,0,-32.47
1/4/2023,UDS Service Contracts,Uro,202301,1021287,Dignity Health - CA,,1021287,Dignity Health - CA,Dignity HealthAttn: Rec Dock on 11th Street S332A,20069224,90374250,Invoice,1200,0,1,1200,1200
1/4/2023,Optilume Strictures,Uro,202301,1021590,Novant Health Inc.,,1021590,Novant Health Inc.,Novant Health Inc.HIN# 361710I00NH MEDICAL PARK HOSPITAL,20073926,90374252,Invoice,0,56,0,0,-56
1/4/2023,Incontinence MPQ,Uro,202301,1021590,Novant Health Inc.,,1021590,Novant Health Inc.,NH Thomasville Med CtrAttn: Non-Stock,20164035,90374253,Invoice,1338.6,126.18,3,4015.8,3889.62
1/4/2023,InjeTAK,Uro,202301,1021732,Ohio State University Physicians,,1021732,Ohio State University Physicians,OSUP Eye and Ear Institute 2065Attn: Receiving,20068824,90374260,Invoice,1550,380,20,31000,30620
1/4/2023,InjeTAK,Uro,202301,1022292,SSM Health Care St Louis,,1022292,SSM Health Care St Louis,SSM Health DePaul HospitalSt. Clare Hospital St. Louis,20164112,90374268,Invoice,310,76,4,1240,1164
1/4/2023,Tubing,Uro,202301,1022456,St Lukes Health System,,1022456,St Lukes Health System,St Lukes PlazaSLH Plaza Shipping and ReceivingBOICT121,20082258,90374276,Invoice,549,42,25,13725,13683
1/4/2023,Optilume Strictures,Uro,202301,1022487,Sutter Health System Office,,1022487,Sutter Health System Office,Sutter Health Sacsierra RegionPH Receiving Dock 36001105211,20070977,90374277,Invoice,8380,0,4,33520,33520
1/4/2023,Optilume Strictures,Uro,202301,1022487,Sutter Health System Office,,1022487,Sutter Health System Office,Sutter Health Sacsierra RegionPH Receiving Dock 36001105211,20070977,90374277,Invoice,0,112,0,0,-112
1/4/2023,Electrodes,Uro,202301,1022826,University of Rochester,,1022826,University of Rochester,UR Med Urology SawgrassAttn: Receiving,20084561,90374282,Invoice,176,39.8,20,3520,3480.2
1/4/2023,Optilume Strictures,Uro,202301,1022826,University of Rochester,,1022826,University of Rochester,UR Med Strong Memorial HospitalAttn: SH MPD U2664394-23,20073183,90374283,Invoice,0,28,0,0,-28
1/4/2023,Other Uro Dx Disposables,Uro,202301,1022851,University of Utah Health,,1022851,University of Utah Health,University Health C.(Universityof Utah Hosp. and Attn: Receiving -ACC AREA E,20082059,90374287,Invoice,108,18.9,10,1080,1061.1
1/4/2023,Other Uro Dx Disposables,Uro,202301,1022994,University of Missouri Healthcare,,1022994,University of Missouri Healthcare,"University of Missouri Health CenterAttn: Reed, Amber NicoleQuarterdeck Dock",20066963,90374292,Invoice,0,26.52,1,0,-26.52
1/4/2023,Incontinence MPQ,Uro,202301,1023148,Vanderbilt University Medical Center,,1023148,Vanderbilt University Medical Center,Vanderbilt University Medical CenteAttn: Recieving 8480000,20071177,90374296,Invoice,561,42.06,1,561,518.94
1/4/2023,UDS Other Service & Repairs,Uro,202301,1023267,Aspirus Health,,1023267,Aspirus Health,Aspirus Hospice HouseAttn: Receiving,20197348,90374297,Invoice,0,160,0,0,-160
1/4/2023,Incontinence UPC Lead Sets,Uro,202301,1023307,WakeMed Health and Hospitals,,1023307,WakeMed Health and Hospitals,WakeMed - Urogynecology-CaryAttn: Receiving,20167894,90374299,Invoice,2667,125.64,3,8001,7875.36
1/4/2023,InjeTAK,Uro,202301,1023307,WakeMed Health and Hospitals,,1023307,WakeMed Health and Hospitals,WakeMed - Urogynecology-CaryAttn: Receiving,20167894,90374299,Invoice,310,76,4,1240,1164
1/4/2023,Incontinence UPC Lead Sets,Uro,202301,1087643,Southland Uro+Gynecology LLC,,1087643,Southland Uro+Gynecology LLC,Southland Uro+Gynecology LLCAttn: Office Manager,20168689,90374301,Invoice,1980,125.64,3,5940,5814.36
1/4/2023,UDS Other Service & Repairs,Uro,202301,1079825,"AvTech Capital, LLC",,1079825,"AvTech Capital, LLC",ClearSky Rehab Hospital of Mansfieldc/o Next Step RelocationAttn: Receiving,20171080,90374303,Invoice,0,160,0,0,-160
1/4/2023,UDS Other Service & Repairs,Uro,202301,1108645,"Physical Medicine Specialists, Inc. DBA Brooks Rehab Medical Group",,1108645,"Physical Medicine Specialists, Inc. DBA Brooks Rehab Medical Group",Brooks Rehab Medical groupAttn: Receiving,20197403,90374305,Invoice,0,0,1,0,0
1/4/2023,DSD,CI,202301,1061863,NHS Supply Chain NHS Suppply Chain Accounts Payable,,1061863,NHS Supply Chain NHS Suppply Chain Accounts Payable,NHS Supply ChainMaidstone,20155578,90374319,Invoice,121.15,43.45,50,6057.5,6014.05
1/4/2023,Incontinence UPC Lead Sets,Uro,202301,1059728,Brain Medical Oscar A. Revello,,1059728,Brain Medical Oscar A. Revello,Brain MedicalOscar A. Revello,1059728,90374354,Invoice Cancellation,-2160.84,-234.91,-6,12965.04,13199.95
1/4/2023,Kiwi,CI,202301,1060785,SMS medipool GmbH,,1060785,SMS medipool GmbH,SMS medipool GmbHWarenannahme,20154600,90373995,Invoice,496.4,51.89,10,4964,4912.11
1/4/2023,Kiwi,CI,202301,1059433,KKB Ilmtalklinik Pfaffenhofen GmbH,,1059433,KKB Ilmtalklinik Pfaffenhofen GmbH,Illmtalklinik GmbHZentrallager,20153226,90374002,Invoice,1241,129.73,25,31025,30895.27
1/4/2023,3rd party,CI,202301,1060253,Helios Beschaffungsmanagement GmbH,,1060253,Helios Beschaffungsmanagement GmbH,"Helios Kliniken SchwerinZentrale Warenannahme, Rampe Haus 9",20155471,90374005,Invoice,496.29,215.78,20,9925.8,9710.02
1/4/2023,Incontinence UPC Lead Sets,Uro,202301,1069492,Universitätsklinikum Essen AöR Rechnungsbüro,,1069492,Universitätsklinikum Essen AöR Rechnungsbüro,"Universitätsklinikum Essen AöRFrauenklinik EG, R. 004Hr. Buderath, Tel.-85293",20156227,90374016,Invoice,326.26,39.62,1,326.26,286.64
1/4/2023,Kiwi,CI,202301,1070349,Kreiskrankenhaus Mechernich GmbH Zentraleinkauf,,1070349,Kreiskrankenhaus Mechernich GmbH Zentraleinkauf,Kreiskrankenhaus Mechernich GmbHZentrallager,20153991,90374019,Invoice,558.37,51.89,10,5583.7,5531.81
1/4/2023,3rd party,CI,202301,1089772,Katholisches Klinikum Koblenz Einkauf Koblenz,,1089772,Katholisches Klinikum Koblenz Einkauf Koblenz,Katholisches Klinikum Koblenz-Montabaur--Marienhof Koblenz --,1060616,90374021,Invoice,223.33,107.89,10,2233.3,2125.41
1/4/2023,3rd party,CI,202301,1108557,Asklepios Großhandelsgesellschaft mbH AGK 8280,,1108557,Asklepios Großhandelsgesellschaft mbH AGK 8280,Asklepios Klinik Altona GmbHAKA Kreiß-Saal,20197276,90374025,Invoice,1024.95,539.45,50,51247.5,50708.05
1/4/2023,Kiwi,CI,202301,1060736,SLK-Kliniken Heilbronn GmbH,,1060736,SLK-Kliniken Heilbronn GmbH,SLK-Kliniken Heilbronn GmbHMedizinischer SachbedarfKlinikum am Gesundbrunnen,20152322,90374030,Invoice,540.37,51.9,10,5403.7,5351.8
1/4/2023,Kiwi,CI,202301,1089209,Zollernalb Klinikum gGmbH Finanzabteilung,,1089209,Zollernalb Klinikum gGmbH Finanzabteilung,Zollernalb Klinikum gGmbHKrankenhaus Albstadt/Zentrallager,20169930,90374042,Invoice,1116.76,103.79,20,22335.2,22231.41
1/4/2023,Kiwi,CI,202301,1089033,Katholische Hospitalvereinigung Ostwestfalen gGmbH - Medikal KHO,,1089033,Katholische Hospitalvereinigung Ostwestfalen gGmbH - Medikal KHO,Kath. Hospitalvereinigung gGmbHSt. Elisabeth Hospital-MedizinprodukteZentrallager,1089033,90374043,Invoice,531.79,51.9,10,5317.9,5266
1/4/2023,Other Uro Dx Disposables,Uro,202301,1059559,KCH Interventional Facilities Management,,1059559,KCH Interventional Facilities Management,KCH Interventional Facilities ManagementZq0000 - PRUH Receipt And Distribution,20154852,90374052,Invoice,1303.24,691.65,50,65162,64470.35
1/4/2023,Ph/Impedance Catheters,GI,202301,1070237,University Hospitals Of Derby & Bur Royal Derby Hospital - Finance Depa,,1070237,University Hospitals Of Derby & Bur Royal Derby Hospital - Finance Depa,"University Hospitals Of Derby and BurtonR and D, Kings Treatment Centre",20154809,90374053,Invoice,876.17,137.14,10,8761.7,8624.56
1/4/2023,Ph/Impedance Catheters,GI,202301,1061751,Alder Hey Children's NHS FT Finance Department,,1061751,Alder Hey Children's NHS FT Finance Department,Alder Hey Children's NHS FTDeliveries,20155998,90374063,Invoice,998.54,137.14,10,9985.4,9848.26
1/4/2023,Incontinence UPC Lead Sets,Uro,202301,1061759,Mid Cheshire Hospitals NHS FT Leighton Hospital,,1061759,Mid Cheshire Hospitals NHS FT Leighton Hospital,"Mid Cheshire Hospitals NHS FTReceipt and Distribution,Leighton Hospital",20154899,90374064,Invoice,7319.56,397.46,10,73195.6,72798.14
1/4/2023,Electrodes,Uro,202301,1061786,Great Ormond Street Hospital NHS Trust Finance Department,,1061786,Great Ormond Street Hospital NHS Trust Finance Department,Great Ormond Street Hospital NHS TrustGosh Trust Stores,20151684,90374067,Invoice,106.78,39.13,15,1601.7,1562.57
1/4/2023,Water Catheters,Uro,202301,1061863,NHS Supply Chain NHS Suppply Chain Accounts Payable,,1061863,NHS Supply Chain NHS Suppply Chain Accounts Payable,NHS Supply ChainBury St EdmundsBury Distribution Centre,20163892,90374079,Invoice,57.27,45.13,10,572.7,527.57
1/4/2023,Endoscopy Sheaths,Uro,202301,9980001357,LOUISE Gibbs,,9980001357,LOUISE Gibbs,LOUISE Gibbs,9980001357,90374083,Invoice,0,103.04,10,0,-103.04
1/4/2023,Endoscopy Sheaths,Uro,202301,1060913,CH Bourg en Bresse,,1060913,CH Bourg en Bresse,CH Bourg en BresseService Pui - DM,20154253,90374085,Invoice,2718.83,756.96,80,217506.4,216749.44
1/4/2023,UDS Other Service & Repairs,Uro,202301,1060122,Dr. med. Frank Grutter Reception,,1060122,Dr. med. Frank Grutter Reception,Dr. Medical Frank GrutterReception,1060122,90374119,Invoice,187.81,30.68,1,187.81,157.13
1/4/2023,Tubing,Uro,202301,1060175,Unilabs SA Comptabilite Fournisseurs,,1060175,Unilabs SA Comptabilite Fournisseurs,Imagerive - La CollineOTHER RADIOLOGY,1060126,90374120,Invoice,189.45,13.66,10,1894.5,1880.84
1/4/2023,Traxi,CI,202301,1059796,UZA,,1059796,UZA,UZALoskade Ad,20150995,90374121,Invoice,349.56,42.18,5,1747.8,1705.62
1/4/2023,Traxi,CI,202301,1059796,UZA,,1059796,UZA,UZALoskade Ad,20150995,90374122,Invoice,349.56,42.18,5,1747.8,1705.62
1/4/2023,Ph/Impedance Catheters,GI,202301,1058759,Al Zahrawi Medical  LLC Qatar,,1058759,Al Zahrawi Medical  LLC Qatar,Al Zahrawi Medical LLC QatarAttn: Receiving,20156388,90374129,Invoice,4390.4,540.35,40,175616,175075.65
1/4/2023,Ph/Impedance Catheters,GI,202301,1058913,BioElektronika d.o.o.,,1058913,BioElektronika d.o.o.,BioElektronika d.o.o.,1058913,90374130,Invoice,1412.36,273.4,20,28247.2,27973.8
1/4/2023,Incontinence MPQ,Uro,202301,1059691,Moss S.p.A.,,1059691,Moss S.p.A.,Moss S.p.A.,1059691,90374140,Invoice,1191.11,298.21,20,23822.2,23523.99
1/4/2023,Kiwi,CI,202301,1088955,Kepler Universitätsklinikum GmbH Beschaff.-&Invest.mngt/Med. Campus IV,,1088955,Kepler Universitätsklinikum GmbH Beschaff.-&Invest.mngt/Med. Campus IV,"Kepler Universitätsklinikum GmbHMed Campus IV., Zentrallager",1088955,90374147,Invoice,1080.73,103.79,20,21614.6,21510.81
1/4/2023,UDS Service Contracts,Uro,202301,1021355,Midtown Urology Associates,,1021355,Midtown Urology Associates,Midtown Urology Associates(Austin TX)Attn: Receiving,20070696,90374149,Invoice,665.5,0,1,665.5,665.5
1/4/2023,UDS Service Contracts,Uro,202301,1022625,The Urology Group LLC,,1022625,The Urology Group LLC,The Urology Group Norwood**CONSOLIDATED**,20075978,90374150,Invoice,816.75,0,1,816.75,816.75
1/4/2023,BoogieBaby,CI,202301,1078678,Concordance Healthcare Solutions,,1078678,Concordance Healthcare Solutions,Concordance-KalamazooATTN: Receiving,20162426,90374165,Invoice,400,104,200,80000,79896
1/4/2023,Koala,CI,202301,1078678,Concordance Healthcare Solutions,,1078678,Concordance Healthcare Solutions,Concordance-KalamazooATTN: Receiving,20162426,90374165,Invoice,2204,362.4,80,176320,175957.6
1/4/2023,Kiwi,CI,202301,1078678,Concordance Healthcare Solutions,,1078678,Concordance Healthcare Solutions,Concordance-New JerseyATTN: Receiving,20162436,90374166,Invoice,9600,1725.6,240,2304000,2302274.4
1/4/2023,Kiwi,CI,202301,1078679,Cardinal Health,,1078679,Cardinal Health,ST PETERS HOSPITAL(CS01),20166710,90374169,Invoice,700,128.2,20,14000,13871.8
1/4/2023,Koala,CI,202301,1078745,"Medline Industries, Inc",,1078745,"Medline Industries, Inc",C89 - Jeffersonville - MD0048Jeffersonville C89,20163063,90374180,Invoice,4408,724.8,160,705280,704555.2
1/4/2023,babyLance,CI,202301,1078745,"Medline Industries, Inc",,1078745,"Medline Industries, Inc","B33 - Charlotte - MD0019Charlotte, NC B33",20163032,90374183,Invoice,1080,351,900,972000,971649
1/4/2023,BoogieBaby,CI,202301,1078745,"Medline Industries, Inc",,1078745,"Medline Industries, Inc","Medline Industries, Inc.Katy C32",20164100,90374185,Invoice,1800,369,900,1620000,1619631
1/4/2023,babyLance,CI,202301,1078745,"Medline Industries, Inc",,1078745,"Medline Industries, Inc",C47 - Perryville - MD0044Perryville C47,20163059,90374186,Invoice,2100,682.5,1750,3675000,3674317.5
1/4/2023,Koala,CI,202301,1078784,OM Owens & Minor,,1078784,OM Owens & Minor,FT SANDERS REGIONAL MEDICAL CTRSTOREROOM 20,20168091,90374187,Invoice,2755,453,100,275500,275047
1/4/2023,babyLance,CI,202301,1078784,OM Owens & Minor,,1078784,OM Owens & Minor,OM Atlanta GeorgiaATTN: Receiving,20163173,90374194,Invoice,60,19.5,50,3000,2980.5
1/4/2023,babyLance,CI,202301,1078784,OM Owens & Minor,,1078784,OM Owens & Minor,OM Atlanta GeorgiaATTN: Receiving,20163173,90374194,Invoice,240,78,200,48000,47922
1/4/2023,Kiwi,CI,202301,1078784,OM Owens & Minor,,1078784,OM Owens & Minor,OM Atlanta GeorgiaATTN: Receiving,20163173,90374194,Invoice,800,143.8,20,16000,15856.2
1/4/2023,BoogieBaby,CI,202301,1078784,OM Owens & Minor,,1078784,OM Owens & Minor,OM Atlanta GeorgiaATTN: Receiving,20163173,90374194,Invoice,310.5,80,200,62100,62020
1/4/2023,ROM,CI,202301,1078784,OM Owens & Minor,,1078784,OM Owens & Minor,OM Allentown PennsylvaniaATTN: Receiving,20163179,90374198,Invoice,925,135.25,25,23125,22989.75
1/4/2023,Kiwi,CI,202301,1078784,OM Owens & Minor,,1078784,OM Owens & Minor,OM PhiladelphiaATTN: Receiving,20163182,90374201,Invoice,1400,209.2,40,56000,55790.8
1/4/2023,babyLance,CI,202301,1078784,OM Owens & Minor,,1078784,OM Owens & Minor,OM Bangor MaineATTN: Receiving,20163190,90374203,Invoice,240,78,200,48000,47922
1/4/2023,babyLance,CI,202301,1078784,OM Owens & Minor,,1078784,OM Owens & Minor,OM Bangor MaineATTN: Receiving,20163190,90374203,Invoice,300,97.5,250,75000,74902.5
1/4/2023,Kiwi,CI,202301,1078784,OM Owens & Minor,,1078784,OM Owens & Minor,OM Boston MassachusettsATTN: Receiving,20163178,90374204,Invoice,875,130.75,25,21875,21744.25
1/4/2023,babyLance,CI,202301,1078784,OM Owens & Minor,,1078784,OM Owens & Minor,OM Chicago IllinoisATTN: Receiving,20163160,90374205,Invoice,180,58.5,150,27000,26941.5
1/4/2023,Koala,CI,202301,1078784,OM Owens & Minor,,1078784,OM Owens & Minor,SENTARA PRINCESS ANNE HOS - BULKSENTARA PRINCESS ANNE HOS - BULK,20168091,90374210,Invoice,275.5,45.3,10,2755,2709.7
1/4/2023,Koala,CI,202301,1078784,OM Owens & Minor,,1078784,OM Owens & Minor,MARY WASHINGTON HEALTHCARE LUMACCESS TO OR ROOM - MWH,20168091,90374211,Invoice,551,90.6,20,11020,10929.4
1/4/2023,ABBy,CI,202301,1107079,NATCHITOCHES REGIONAL MEDICAL CTR ACCOUNTS PAYABLE,,1107079,NATCHITOCHES REGIONAL MEDICAL CTR ACCOUNTS PAYABLE,NATCHITOCHES REGIONAL MEDICAL CTRRECEIVING,20195063,90374221,Invoice,675,124.5,5,3375,3250.5
1/4/2023,Portascan 3D,Uro,202301,1019576,Adventist Health,,1019576,Adventist Health,Adventist HealthAttn: Receiving PO# 500067360,20079680,90374233,Invoice,0,0,0,0,0
1/4/2023,UDS Other Service & Repairs,Uro,202301,1019576,Adventist Health,,1019576,Adventist Health,Adventist HealthAttn: Receiving PO# 500067360,20079680,90374233,Invoice,0,3.4,0,0,-3.4
1/4/2023,Endoscopy Sheaths,Uro,202301,1020151,Cambridge Health Alliance,,1020151,Cambridge Health Alliance,The Cambridge Public Health Commission(MSomerville Hospital,20077374,90374237,Invoice,2356,450.4,40,94240,93789.6
1/4/2023,Incontinence UPC Lead Sets,Uro,202301,1020373,Emory Healthcare,,1020373,Emory Healthcare,TEC Womens CenterAttn: OBGYN 5233964055,20074388,90374240,Invoice,1868,83.76,2,3736,3652.24
1/4/2023,InjeTAK,Uro,202301,1020419,Intermountain Health,,1020419,Intermountain Health,Intermountain St James HospitalAttn: Receiving,20068325,90374241,Invoice,125,20.6,2,250,229.4
1/4/2023,Portascan 3D,Uro,202301,1021287,Dignity Health - CA,,1021287,Dignity Health - CA,Dignity HealthAttn: Rec Dock on 11th Street S332A,20069224,90374250,Invoice,7760,0,1,7760,7760
1/4/2023,UDS Other Service & Repairs,Uro,202301,1021287,Dignity Health - CA,,1021287,Dignity Health - CA,Dignity HealthAttn: Rec Dock on 11th Street S332A,20069224,90374250,Invoice,0,160,0,0,-160
1/4/2023,Portascan 3D,Uro,202301,1021287,Dignity Health - CA,,1021287,Dignity Health - CA,Dignity HealthAttn: Rec Dock on 11th Street S332A,20069224,90374250,Invoice,0,20,0,0,-20
1/4/2023,Optilume Strictures,Uro,202301,1021590,Novant Health Inc.,,1021590,Novant Health Inc.,Novant HealthAttn: Katie Helton PO3370408,20163348,90374254,Invoice,4190,0,2,8380,8380
1/4/2023,Optilume Strictures,Uro,202301,1021596,Northside Hospital,,1021596,Northside Hospital,Northside Hospital ForsythAttn: Receiving 6-2540644,20083564,90374256,Invoice,0,201,0,0,-201
1/4/2023,InjeTAK,Uro,202301,1021600,Northwestern Medicine,,1021600,Northwestern Medicine,Northwestern MedicineAttn: Receiving,20168734,90374258,Invoice,465,114,6,2790,2676
1/4/2023,Tables/Chairs,Uro,202301,1022392,Covenant: St Joseph Nashua,,1022392,Covenant: St Joseph Nashua,ST JOSEPH HOSPITAL-BANGORReceiving PO# 632022-410464,20195880,90374271,Invoice,18995,8230,1,18995,10765
1/4/2023,T-Doc Catheters,Uro,202301,1022400,Trinity Health,,1022400,Trinity Health,Loyola: MacNeal Center for UrologyAttn: Receiving,20163689,90374272,Invoice,582,28.9,10,5820,5791.1
1/4/2023,Other Uro Dx Equipment,Uro,202301,1022421,Stanford Hospital & Clinics,,1022421,Stanford Hospital & Clinics,Stanford Hospital(Stanford and Palo Alto CAttn: Ruth Hicks/Pav D 2nd Fl,20070699,90374274,Invoice,0,6.3,1,0,-6.3
1/4/2023,Endoscopy Service Contracts,Uro,202301,1022439,Urology of St Louis,,1022439,Urology of St Louis,Urology of St LouisAttn: Accounts Payable,1022439,90374275,Invoice,3086.92,0,20,61738.4,61738.4
1/4/2023,Goby CT,Uro,202301,1022581,Thibodaux Regional Health System,,1022581,Thibodaux Regional Health System,Thibodaux Reg.M.C.Attn: Chase/Biomed for Urology Clinic,20077557,90374280,Invoice,26495,894.32,1,26495,25600.68
1/4/2023,T-Doc Catheters,Uro,202301,1022826,University of Rochester,,1022826,University of Rochester,UR Med Urology SawgrassAttn: Receiving,20084561,90374282,Invoice,2150,144.5,50,107500,107355.5
1/4/2023,Optilume Strictures,Uro,202301,1022826,University of Rochester,,1022826,University of Rochester,UR Med Strong Memorial HospitalAttn: SH MPD U2664394-23,20073183,90374283,Invoice,0,151,0,0,-151
1/4/2023,Optilume Strictures,Uro,202301,1022826,University of Rochester,,1022826,University of Rochester,UR Med Strong Memorial HospitalAttn: SH MPD U2664394-23,20073183,90374283,Invoice,2395,0,1,2395,2395
1/4/2023,T-Doc Catheters,Uro,202301,1022837,University of Chicago Medicine,,1022837,University of Chicago Medicine,University of Chicago Medical CenterCOMER MANAGER OFFICE K-475MAIN DOCK,20079953,90374284,Invoice,1366,461.6,20,27320,26858.4
1/4/2023,Other Uro Dx Disposables,Uro,202301,1022954,GenesisCare,,1022954,GenesisCare,CU3 - Coastal UrologyCU3 - CU3 Lab,20164293,90374289,Invoice,330,140.4,60,19800,19659.6
1/4/2023,Other Uro Dx Equipment,Uro,202301,1022994,University of Missouri Healthcare,,1022994,University of Missouri Healthcare,"University of Missouri Health CenterAttn: Reed, Amber NicoleQuarterdeck Dock",20066963,90374292,Invoice,0,6.27,0,0,-6.27
1/4/2023,Water Catheters,Uro,202301,1022999,Urodynamic PRN LLC,,1022999,Urodynamic PRN LLC,Urodynamic PRN LLC(Luling LA)Attn: Receiving,20076058,90374293,Invoice,666,61.8,30,19980,19918.2
1/4/2023,Goby CT,Uro,202301,1023307,WakeMed Health and Hospitals,,1023307,WakeMed Health and Hospitals,WakeMed - Urogynecology-CaryAttn: Suite 310,20167894,90374298,Invoice,33125,1596.61,1,33125,31528.39
1/4/2023,Incontinence MPQ,Uro,202301,1023458,Wayne Surgical Center,,1023458,Wayne Surgical Center,Wayne Surgical CenterAttn: Receiving,20076417,90374300,Invoice,2121,126.18,3,6363,6236.82
1/4/2023,Portascan 3D,Uro,202301,1079825,"AvTech Capital, LLC",,1079825,"AvTech Capital, LLC",ClearSky Waxahachiec/o Armstrong RelocationAttn: Receiving,20171077,90374302,Invoice,0,1500,0,0,-1500
1/4/2023,DSD,CI,202301,1061863,NHS Supply Chain NHS Suppply Chain Accounts Payable,,1061863,NHS Supply Chain NHS Suppply Chain Accounts Payable,NHS SUPPLY CHAIN NORMANTONTHE SUPPLY CENTRE,20170861,90374316,Invoice,242.29,86.88,100,24229,24142.12
1/4/2023,DSD,CI,202301,1061863,NHS Supply Chain NHS Suppply Chain Accounts Payable,,1061863,NHS Supply Chain NHS Suppply Chain Accounts Payable,"NHS Supply ChainRugby, Gynae Opd",20151486,90374318,Invoice,121.15,43.45,50,6057.5,6014.05
1/4/2023,DSD,CI,202301,1061863,NHS Supply Chain NHS Suppply Chain Accounts Payable,,1061863,NHS Supply Chain NHS Suppply Chain Accounts Payable,NHS Supply ChainNormanton,20151485,90374327,Invoice,121.15,43.45,50,6057.5,6014.05
1/4/2023,Kiwi,CI,202301,1061863,NHS Supply Chain NHS Suppply Chain Accounts Payable,,1061863,NHS Supply Chain NHS Suppply Chain Accounts Payable,NHS SUPPLY CHAIN RUNCORNGoods Receipt,20170874,90374328,Invoice,1853.17,300.29,60,111190.2,110889.91
1/4/2023,Kiwi,CI,202301,1061863,NHS Supply Chain NHS Suppply Chain Accounts Payable,,1061863,NHS Supply Chain NHS Suppply Chain Accounts Payable,NHS SUPPLY CHAIN RUNCORNGoods Receipt,20170874,90374328,Invoice,3891.37,654.93,120,466964.4,466309.47
1/4/2023,Incontinence MPQ,Uro,202301,1059728,Brain Medical Oscar A. Revello,,1059728,Brain Medical Oscar A. Revello,Brain MedicalOscar A. Revello,1059728,90374354,Invoice Cancellation,-1394.6,-559.93,-38,52994.8,53554.73
1/4/2023,Tubing,Uro,202301,1079255,Wiener Gesundheitsverbund,,1079255,Wiener Gesundheitsverbund,Unternehmung Wiener GesundheitsverbundKlinik FloridsdorfAnliefer. über die Ruthnergasse 2,20155363,90373979,Credit Memo,-1229.95,-197.44,-100,122995,123192.44
1/4/2023,Kiwi,CI,202301,1061206,Hôpital Nord Franche-Comte,,1061206,Hôpital Nord Franche-Comte,Hôpital Nord Franche-ComtePôle Logistique Hospitalier - Pharmacie,20151660,90373983,Credit Memo,-3463.27,-311.37,-60,207796.2,208107.57
1/4/2023,Other Uro Dx Equipment,Uro,202301,1108648,Ass. Gastroenterologie Rumst VOF,,1108648,Ass. Gastroenterologie Rumst VOF,Ass. Gastroenterologie Rumst VOF,1108648,90373989,Invoice,3327.33,0,1,3327.33,3327.33
1/4/2023,Kiwi,CI,202301,1059366,Medical Krankenhaus Winsen Abteilung Apotheke,,1059366,Medical Krankenhaus Winsen Abteilung Apotheke,Medical Krankenhaus WinsenAbteilung Apotheke,1059366,90373997,Invoice,957.22,103.79,20,19144.4,19040.61
1/4/2023,Ph/Impedance Catheters,GI,202301,1060262,Universitätsklinikum Brandenburg an der Havel GmbH / ZLAG,,1060262,Universitätsklinikum Brandenburg an der Havel GmbH / ZLAG,Städt. Klinikum Brandenburg GmbHZentrallager - ZLAG,20154442,90374008,Invoice,629.86,68.35,5,3149.3,3080.95
1/4/2023,Water Catheters,Uro,202301,1069238,BG Klinikum Hamburg gGmbH Zentraler Einkauf,,1069238,BG Klinikum Hamburg gGmbH Zentraler Einkauf,BG Klinikum Hamburg gGmbHZentraler Einkauf,20152611,90374011,Invoice,461.53,157.09,40,18461.2,18304.11
1/4/2023,babyLance,CI,202301,1060698,Klinikum Worms gGmbH,,1060698,Klinikum Worms gGmbH,Klinikum Worms gGmbHZentrallager/Wirtschaftshof,20152126,90374029,Invoice,442.49,124.61,350,154871.5,154746.89
1/4/2023,Other GI Disposables,GI,202301,1069257,Universitätklinikum Freiburg Geschäftsbereich 1-Kreditorenbuchhaltung,,1069257,Universitätklinikum Freiburg Geschäftsbereich 1-Kreditorenbuchhaltung,Universitätklinikum FreiburgLogistikzentrum,20155163,90374032,Invoice,233.04,78.22,25,5826,5747.78
1/4/2023,Ph/Impedance Catheters,GI,202301,1069259,Universitätsklinikum Augsburg Einkauf,,1069259,Universitätsklinikum Augsburg Einkauf,Universitätsklinikum AugsburgEinkauf - Zufahrt über Westheimer Str.Anlieferung Tor 2,20153469,90374034,Invoice,557.87,68.35,5,2789.35,2721
1/4/2023,Kiwi,CI,202301,1060815,KJF Klinik Josefinum gGmbH,,1060815,KJF Klinik Josefinum gGmbH,KJF Klinik Josefinum gGmbHEinkauf - Warenannahme,1060815,90374035,Invoice,270.18,25.95,5,1350.9,1324.95
1/4/2023,Endoscopy Sheaths,Uro,202301,1087472,Praxis für Urologie Dres. Rödder / Neumann / Reiß,,1087472,Praxis für Urologie Dres. Rödder / Neumann / Reiß,Praxis für Urologie in Winsen/Luhe,1087472,90374040,Invoice,485.5,107.56,10,4855,4747.44
1/4/2023,3rd party,CI,202301,1089601,Ev. KKH GmbH Mülheim a.d. Ruhr,,1089601,Ev. KKH GmbH Mülheim a.d. Ruhr,Ev. Krankenhaus GmbHWarenannahme,20170068,90374048,Invoice,213.62,92.87,2,427.24,334.37
1/4/2023,Flowmaster,Uro,202301,1108696,Urologicum Osnabrück,,1108696,Urologicum Osnabrück,Urologicum Osnabrück,1108696,90374049,Invoice,5383.17,892.59,2,10766.34,9873.75
1/4/2023,Esophageal Manometry catheters,GI,202301,1059259,City Hospitals Independent Commercial Entreprises Ltd,,1059259,City Hospitals Independent Commercial Entreprises Ltd,City Hospitals90P09A - Goods Reception,20154470,90374050,Invoice,7484.52,3508.56,50,374226,370717.44
1/4/2023,Ph/Impedance Catheters,GI,202301,1069417,Oxford University Hospitals NHS FT Accounts Payable,,1069417,Oxford University Hospitals NHS FT Accounts Payable,"Oxford University Hospitals NHS FTHUT 30, Receipt And Distribution",20153526,90374057,Invoice,15602.17,2739.83,170,2652368.9,2649629.07
1/4/2023,Esophageal Manometry catheters,GI,202301,1069417,Oxford University Hospitals NHS FT Accounts Payable,,1069417,Oxford University Hospitals NHS FT Accounts Payable,"Oxford University Hospitals NHS FTHUT 30, Receipt And Distribution",20153526,90374057,Invoice,23486.47,11929.09,170,3992699.9,3980770.81
1/4/2023,Breath Test consumables,GI,202301,1061846,United Lincolnshire Hospitals NHS Trust,,1061846,United Lincolnshire Hospitals NHS Trust,Central Goods Rcpt Point-LincLincoln County Hospital,20170280,90374077,Invoice,1900.41,814.5,250,475102.5,474288
1/4/2023,Ph/Impedance Catheters,GI,202301,1070164,Newcastle Upon Tyne Hospitals Accounts Payable Invoicing,,1070164,Newcastle Upon Tyne Hospitals Accounts Payable Invoicing,Newcastle Upon Tyne HospitalsDecanting Store,20152772,90374078,Invoice,2315.24,274.28,20,46304.8,46030.52
1/4/2023,Ph/Impedance Catheters,GI,202301,1060957,CHU Caen,,1060957,CHU Caen,CHU CaenMagasin Général,20151934,90374089,Invoice,364.34,68.34,5,1821.7,1753.36
1/4/2023,Endoscopy Sheaths,Uro,202301,1061234,HP Thiais - Clinique du Sud,,1061234,HP Thiais - Clinique du Sud,HP Thiais - Clinique du SudPharmacie,20153598,90374102,Invoice,1196.28,322.69,30,35888.4,35565.71
1/4/2023,T-Doc Catheters,Uro,202301,1108423,scm Saint Germain l'Auxerrois,,1108423,scm Saint Germain l'Auxerrois,scm Saint Germain l'Auxerrois,1108423,90374115,Invoice,149.43,26.44,10,1494.3,1467.86
1/4/2023,Other Uro Dx Equipment,Uro,202301,1108664,Uropôle - Dr. Nazih Amadane,,1108664,Uropôle - Dr. Nazih Amadane,Uropôle - Dr. Nazih Amadane,1108664,90374117,Invoice,0,138.77,1,0,-138.77
1/4/2023,Ph/Impedance Catheters,GI,202301,1059830,ASBL CHU HELORA,,1059830,ASBL CHU HELORA,CH de NivellesService De Pharmacie,20153609,90374124,Invoice,1217,136.7,10,12170,12033.3
1/4/2023,Water Catheters,Uro,202301,1058742,Advamed s.r.o.,,1058742,Advamed s.r.o.,Advamed s.r.o.Attn: Receiving,20153384,90374128,Invoice,931.31,242.54,80,74504.8,74262.26
1/4/2023,Incontinence MPQ,Uro,202301,1070200,Leids Universitair Medisch Centrum Crediteurenadministratie,,1070200,Leids Universitair Medisch Centrum Crediteurenadministratie,Leids Universitair Medisch CentrumK00-Q-119 - Goederenontvangst Lumc,20153604,90374138,Invoice,122.99,29.82,2,245.98,216.16
1/4/2023,Incontinence MPQ,Uro,202301,1059691,Moss S.p.A.,,1059691,Moss S.p.A.,Moss S.p.A.,1059691,90374140,Invoice,8228.16,805.3,20,164563.2,163757.9
1/4/2023,Tubing,Uro,202301,1069408,Krankenhaus BHS Ried Betriebsges. m Finanzbuchhaltung,,1069408,Krankenhaus BHS Ried Betriebsges. m Finanzbuchhaltung,Krankenhaus d. Barmherzigen SchwesternRied Betriebsgesellschaft m.b.H.,20153320,90374145,Invoice,82,48.01,25,2050,2001.99
1/4/2023,UDS Service Contracts,Uro,202301,1087712,Carondelet St Josephs Hospital,,1087712,Carondelet St Josephs Hospital,Carondelet St Josephs HospitalAttn: Accounts PayableTenet Health,1087712,90374155,Invoice,3025,0,1,3025,3025
1/4/2023,BoogieBaby,CI,202301,1023230,Virtua Health Inc.,,1023230,Virtua Health Inc.,Virtua Support Services Center StowAttn: Receiving,20166740,90374162,Invoice,135,52,100,13500,13448
1/4/2023,Traxi,CI,202301,1078679,Cardinal Health,,1078679,Cardinal Health,HARTFORD HEALTH BACKUS HOSP WAREHSE(HARTFORD HEALTH BACKUS HOSP WAREHS,20166710,90374172,Invoice,3500,445.5,50,175000,174554.5
1/4/2023,babyLance,CI,202301,1078679,Cardinal Health,,1078679,Cardinal Health,REGIONAL MEDICAL CENTER OFORANGEBURG JIT (NURSERY 6260 JIT),20166710,90374174,Invoice,95,39,100,9500,9461
1/4/2023,Kiwi,CI,202301,1078679,Cardinal Health,,1078679,Cardinal Health,GARNET HEALTH MEDICAL CENTER(GARNET HEALTH MEDICAL CENTER),20166710,90374177,Invoice,175,32.05,5,875,842.95
1/4/2023,DSD,CI,202301,1078745,"Medline Industries, Inc",,1078745,"Medline Industries, Inc",C47 - Perryville - MD0044Perryville C47,20163059,90374178,Invoice,900,139.5,150,135000,134860.5
1/4/2023,Koala,CI,202301,1078745,"Medline Industries, Inc",,1078745,"Medline Industries, Inc",C05 - Auburndale - MD0041Orlando C05,20163056,90374179,Invoice,4408,724.8,160,705280,704555.2
1/4/2023,ROM,CI,202301,1078745,"Medline Industries, Inc",,1078745,"Medline Industries, Inc",C05 - Auburndale - MD0041Orlando C05,20163056,90374179,Invoice,2775,451.5,75,208125,207673.5
1/4/2023,Kiwi,CI,202301,1078745,"Medline Industries, Inc",,1078745,"Medline Industries, Inc",C05 - Auburndale - MD0041Orlando C05,20163056,90374179,Invoice,2450,366.1,70,171500,171133.9
1/4/2023,BoogieBaby,CI,202301,1078745,"Medline Industries, Inc",,1078745,"Medline Industries, Inc",C89 - Jeffersonville - MD0048Jeffersonville C89,20163063,90374180,Invoice,1086.75,255,500,543375,543120
1/4/2023,Kiwi,CI,202301,1078745,"Medline Industries, Inc",,1078745,"Medline Industries, Inc","Medline Industries, Inc.Katy C32",20164100,90374185,Invoice,1200,215.7,30,36000,35784.3
1/4/2023,Traxi,CI,202301,1078745,"Medline Industries, Inc",,1078745,"Medline Industries, Inc",C47 - Perryville - MD0044Perryville C47,20163059,90374186,Invoice,4760,623.7,70,333200,332576.3
1/4/2023,Koala,CI,202301,1078784,OM Owens & Minor,,1078784,OM Owens & Minor,EAST ALABAMA MEDICAL CENTEREASTALABAMA MEDCTR MAIN,20168091,90374188,Invoice,551,90.6,20,11020,10929.4
1/4/2023,babyLance,CI,202301,1078784,OM Owens & Minor,,1078784,OM Owens & Minor,OM Memphis TennesseeATTN: Receiving,20163195,90374195,Invoice,660,214.5,550,363000,362785.5
1/4/2023,Kiwi,CI,202301,1078784,OM Owens & Minor,,1078784,OM Owens & Minor,OM Knoxville TennesseeATTN: Receiving,20163172,90374196,Invoice,1050,156.9,30,31500,31343.1
1/4/2023,ROM,CI,202301,1078784,OM Owens & Minor,,1078784,OM Owens & Minor,OM Knoxville TennesseeATTN: Receiving,20163172,90374196,Invoice,925,135.25,25,23125,22989.75
1/4/2023,babyLance,CI,202301,1078784,OM Owens & Minor,,1078784,OM Owens & Minor,OM PhiladelphiaATTN: Receiving,20163182,90374201,Invoice,120,39,100,12000,11961
1/4/2023,babyLance,CI,202301,1078784,OM Owens & Minor,,1078784,OM Owens & Minor,OM PhiladelphiaATTN: Receiving,20163182,90374201,Invoice,120,39,100,12000,11961
1/4/2023,Kiwi,CI,202301,1078784,OM Owens & Minor,,1078784,OM Owens & Minor,OM Minneapolis MinnesotaATTN: Receiving,20163158,90374202,Invoice,875,130.75,25,21875,21744.25
1/4/2023,babyLance,CI,202301,1078784,OM Owens & Minor,,1078784,OM Owens & Minor,OM Boston MassachusettsATTN: Receiving,20163178,90374204,Invoice,480,156,400,192000,191844
1/4/2023,babyLance,CI,202301,1078784,OM Owens & Minor,,1078784,OM Owens & Minor,OM Chicago IllinoisATTN: Receiving,20163160,90374205,Invoice,960,312,800,768000,767688
1/4/2023,Koala,CI,202301,1078784,OM Owens & Minor,,1078784,OM Owens & Minor,PALMETTO HEALTH RICHLANDPR-9999 RICHLAND S and D,20168091,90374213,Invoice,280.5,45.3,10,2805,2759.7
1/4/2023,Koala,CI,202301,1078784,OM Owens & Minor,,1078784,OM Owens & Minor,CAPE FEAR VALLEY MEDICAL Center LUMCAPE FEAR VALLEY PAR# 62879 CSS,20168091,90374214,Invoice,561,90.6,20,11220,11129.4
1/4/2023,Koala,CI,202301,1079705,Cambridge Memorial Hospital,,1079705,Cambridge Memorial Hospital,Cambridge Memorial HospitalAttn: Receiving,20163688,90374227,Invoice,375.38,45.7,10,3753.8,3708.1
1/4/2023,Optilume Strictures,Uro,202301,1019541,Allina Health System,,1019541,Allina Health System,Abbott Northwesterm HospitalAttn: Receiving Dock PO1539978,20084640,90374232,Invoice,0,201,0,0,-201
1/4/2023,UDS Other Service & Repairs,Uro,202301,1019576,Adventist Health,,1019576,Adventist Health,Adventist HealthAttn: Receiving PO# 500067360,20079680,90374233,Invoice,0,160,0,0,-160
1/4/2023,Portascan 3D,Uro,202301,1019576,Adventist Health,,1019576,Adventist Health,Adventist HealthAttn: Receiving PO# 500067360,20079680,90374233,Invoice,0,1320,0,0,-1320
1/4/2023,Optilume Strictures,Uro,202301,1021279,The Methodist Health System,,1021279,The Methodist Health System,The Methodist HospitalAttn: Receiving M002968861,20077188,90374249,Invoice,0,804,0,0,-804
1/4/2023,Portascan 3D,Uro,202301,1021287,Dignity Health - CA,,1021287,Dignity Health - CA,Dignity HealthAttn: Rec Dock on 11th Street S332A,20069224,90374250,Invoice,0,0,0,0,0
1/4/2023,Portascan 3D,Uro,202301,1021287,Dignity Health - CA,,1021287,Dignity Health - CA,Dignity HealthAttn: Rec Dock on 11th Street S332A,20069224,90374250,Invoice,518,412,1,518,106
1/4/2023,T-Doc Catheters,Uro,202301,1022400,Trinity Health,,1022400,Trinity Health,Loyola: MacNeal Center for UrologyAttn: Receiving,20163689,90374272,Invoice,683,37.2,10,6830,6792.8
1/4/2023,UDS Service Contracts,Uro,202301,1022439,Urology of St Louis,,1022439,Urology of St Louis,Urology of St LouisAttn: Accounts Payable,1022439,90374275,Invoice,292.42,0,1,292.42,292.42
1/4/2023,UDS Service Contracts,Uro,202301,1022439,Urology of St Louis,,1022439,Urology of St Louis,Urology of St LouisAttn: Accounts Payable,1022439,90374275,Invoice,108.6,0,1,108.6,108.6
1/4/2023,UDS Service Contracts,Uro,202301,1022439,Urology of St Louis,,1022439,Urology of St Louis,Urology of St LouisAttn: Accounts Payable,1022439,90374275,Invoice,12.67,0,1,12.67,12.67
1/4/2023,T-Doc Catheters,Uro,202301,1022826,University of Rochester,,1022826,University of Rochester,UR Med Urology SawgrassAttn: Receiving,20084561,90374281,Invoice,1366,461.6,20,27320,26858.4
1/4/2023,Optilume Strictures,Uro,202301,1022826,University of Rochester,,1022826,University of Rochester,UR Med Strong Memorial HospitalAttn: SH MPD U2664394-23,20073183,90374283,Invoice,0,201,0,0,-201
1/4/2023,Optilume Strictures,Uro,202301,1022826,University of Rochester,,1022826,University of Rochester,UR Med Strong Memorial HospitalAttn: SH MPD U2664394-23,20073183,90374283,Invoice,0,151,0,0,-151
1/4/2023,Other Uro Dx Equipment,Uro,202301,1022994,University of Missouri Healthcare,,1022994,University of Missouri Healthcare,"University of Missouri Health CenterAttn: Reed, Amber NicoleQuarterdeck Dock",20066963,90374292,Invoice,0,84.22,0,0,-84.22
1/4/2023,Tubing,Uro,202301,1022999,Urodynamic PRN LLC,,1022999,Urodynamic PRN LLC,Urodynamic PRN LLC(Luling LA)Attn: Receiving,20076058,90374293,Invoice,146,70,50,7300,7230
1/4/2023,Water Catheters,Uro,202301,1022999,Urodynamic PRN LLC,,1022999,Urodynamic PRN LLC,Urodynamic PRN LLC(Luling LA)Attn: Receiving,20076058,90374293,Invoice,362,71.8,20,7240,7168.2
1/4/2023,T-Doc Catheters,Uro,202301,1023072,USC University Hospital,,1023072,USC University Hospital,USC Institute of Urology-VerdugoAttn: Receiving,20071547,90374294,Invoice,2910,144.5,50,145500,145355.5
1/4/2023,InjeTAK,Uro,202301,1023072,USC University Hospital,,1023072,USC University Hospital,USC Institute of Urology-VerdugoAttn: Receiving,20071547,90374294,Invoice,930,228,12,11160,10932
1/4/2023,Optilume Strictures,Uro,202301,1023078,UT Southwestern Medical Center,,1023078,UT Southwestern Medical Center,UT Southwestern Medical CenterAttn: CUH Receiving OSC 5230062529,20083938,90374295,Invoice,0,112,0,0,-112
1/4/2023,Portascan 3D,Uro,202301,1023267,Aspirus Health,,1023267,Aspirus Health,Aspirus Hospice HouseAttn: Receiving,20197348,90374297,Invoice,7055,0,1,7055,7055
1/4/2023,Portascan 3D,Uro,202301,1023267,Aspirus Health,,1023267,Aspirus Health,Aspirus Hospice HouseAttn: Receiving,20197348,90374297,Invoice,0,1320,0,0,-1320
1/4/2023,Portascan 3D,Uro,202301,1079825,"AvTech Capital, LLC",,1079825,"AvTech Capital, LLC",ClearSky Waxahachiec/o Armstrong RelocationAttn: Receiving,20171077,90374302,Invoice,0,1320,0,0,-1320
1/4/2023,UDS Other Service & Repairs,Uro,202301,1079825,"AvTech Capital, LLC",,1079825,"AvTech Capital, LLC",ClearSky Waxahachiec/o Armstrong RelocationAttn: Receiving,20171077,90374302,Invoice,0,3.4,0,0,-3.4
1/4/2023,Portascan 3D,Uro,202301,1079825,"AvTech Capital, LLC",,1079825,"AvTech Capital, LLC",ClearSky Rehab Hospital of Mansfieldc/o Next Step RelocationAttn: Receiving,20171080,90374303,Invoice,0,1320,0,0,-1320
1/4/2023,Incontinence MPQ,Uro,202301,1108517,Nashville Urology PC,,1108517,Nashville Urology PC,Nashville UrologyAttn: Receiving,20170524,90374304,Invoice,948,84.12,2,1896,1811.88
1/4/2023,Incontinence MPQ,Uro,202301,1108517,Nashville Urology PC,,1108517,Nashville Urology PC,Nashville UrologyAttn: Receiving,20170524,90374304,Invoice,39,11.2,1,39,27.8
1/4/2023,T-Doc Catheters,Uro,202301,1069689,Hôpital Nord Franche-Comte Pole Logistique-Service Pharmacie,,1069689,Hôpital Nord Franche-Comte Pole Logistique-Service Pharmacie,Hôpital Nord Franche-ComtePôle Logistique Hospitalier - Pharmacie,20151660,90373987,Credit Memo,-186.73,-26.44,-10,1867.3,1893.74
1/4/2023,Tubing,Uro,202301,1060253,Helios Beschaffungsmanagement GmbH,,1060253,Helios Beschaffungsmanagement GmbH,Helios Klinikum WuppertalZentrallager,20152090,90374006,Invoice,200.68,102.5,50,10034,9931.5
1/4/2023,Kiwi,CI,202301,1069287,Stiftungsklinikum Proselis gGmbH Einkauf / Rechnungseingang,,1069287,Stiftungsklinikum Proselis gGmbH Einkauf / Rechnungseingang,Stiftungsklinikum Proselis gGmbHZentrallager,20152423,90374017,Invoice,558.37,51.89,10,5583.7,5531.81
1/4/2023,3rd party,CI,202301,1060659,Agaplesion Logistikzentrum gGmbH,,1060659,Agaplesion Logistikzentrum gGmbH,AGAPLESION LOGISTIKZENTRUM gGmbhWareneingang Tor 7 - 10,20155027,90374022,Invoice,230.78,107.89,10,2307.8,2199.91
1/4/2023,babyLance,CI,202301,1108557,Asklepios Großhandelsgesellschaft mbH AGK 8280,,1108557,Asklepios Großhandelsgesellschaft mbH AGK 8280,ASK Schwalm-Eder-Klinik SchwalmstadtSCH Station S4,20153699,90374024,Invoice,206.18,53.41,150,30927,30873.59
1/4/2023,Endoscopy Sheaths,Uro,202301,1087472,Praxis für Urologie Dres. Rödder / Neumann / Reiß,,1087472,Praxis für Urologie Dres. Rödder / Neumann / Reiß,Praxis für Urologie in Winsen/Luhe,1087472,90374040,Invoice,863.12,189.24,20,17262.4,17073.16
1/4/2023,Ph/Impedance Catheters,GI,202301,1059259,City Hospitals Independent Commercial Entreprises Ltd,,1059259,City Hospitals Independent Commercial Entreprises Ltd,City Hospitals90P09A - Goods Reception,20154470,90374050,Invoice,2074.32,432.09,40,82972.8,82540.71
1/4/2023,Ph/Impedance Catheters,GI,202301,1061792,Uni Hospitals Southampton NHS FT Finance Department,,1061792,Uni Hospitals Southampton NHS FT Finance Department,"Uni Hospitals Southampton NHS FTCentral Store, G1 Child Health, Level B",20155135,90374069,Invoice,2413.14,274.28,20,48262.8,47988.52
1/4/2023,Other GI Equipment,GI,202301,1061795,"Barking - Havering & Redbridge RF4 Payables 6615,",,1061795,"Barking - Havering & Redbridge RF4 Payables 6615,",Barking - Havering and RedbridgeQueens Hospital,20151404,90374072,Invoice,6240.87,3742.69,10,62408.7,58666.01
1/4/2023,Kiwi,CI,202301,1060933,CH Ardèche Nord (Annonay),,1060933,CH Ardèche Nord (Annonay),CH Ardèche Nord (Annonay),1060933,90374086,Invoice,1683.08,155.68,30,50492.4,50336.72
1/4/2023,3rd party,CI,202301,1060939,GAPM - Plateforme Médico-Logistique,,1060939,GAPM - Plateforme Médico-Logistique,GAPM - Plateforme Médico-Logistique,20155672,90374087,Invoice,474.72,249.66,10,4747.2,4497.54
1/4/2023,Koala,CI,202301,1061050,CHU Angers,,1061050,CHU Angers,CHU AngersRéception Pharmacie Centrale,20154516,90374095,Invoice,2120.04,214.7,50,106002,105787.3
1/4/2023,Kiwi,CI,202301,1061205,CH Sens La Chauvellière,,1061205,CH Sens La Chauvellière,CH SensPharmacie,20152591,90374100,Invoice,1281.73,103.79,20,25634.6,25530.81
1/4/2023,Endoscopy Sheaths,Uro,202301,1061461,Fondation Saint-François,,1061461,Fondation Saint-François,Fondation Saint-FrançoisPharmacie 3ème étage,1061461,90374108,Invoice,1196.28,280.94,30,35888.4,35607.46
1/4/2023,Endoscopy Sheaths,Uro,202301,1061504,Clinique St Jean l'Ermitage,,1061504,Clinique St Jean l'Ermitage,Clinique St Jean l'ErmitageStock Pharmacie,20151706,90374109,Invoice,2136.22,645.4,60,128173.2,127527.8
1/4/2023,T-Doc Catheters,Uro,202301,1108423,scm Saint Germain l'Auxerrois,,1108423,scm Saint Germain l'Auxerrois,scm Saint Germain l'Auxerrois,1108423,90374115,Invoice,210.39,43.16,10,2103.9,2060.74
1/4/2023,Other Uro Dx Equipment,Uro,202301,1108664,Uropôle - Dr. Nazih Amadane,,1108664,Uropôle - Dr. Nazih Amadane,Uropôle - Dr. Nazih Amadane,1108664,90374117,Invoice,0,345.98,1,0,-345.98
1/4/2023,Other Uro Dx Disposables,Uro,202301,1108664,Uropôle - Dr. Nazih Amadane,,1108664,Uropôle - Dr. Nazih Amadane,Uropôle - Dr. Nazih Amadane,1108664,90374117,Invoice,0,6.59,1,0,-6.59
1/4/2023,Ph/Impedance Catheters,GI,202301,1059839,AZ Sint-Jan AV,,1059839,AZ Sint-Jan AV,AZ Sint-Jan AVGoederenontvangst,20155368,90374125,Invoice,492.3,68.35,5,2461.5,2393.15
1/4/2023,Tubing,Uro,202301,1058952,Meden-Inmed Sp. z o.o.,,1058952,Meden-Inmed Sp. z o.o.,Meden-Inmed Sp. z o.o.,1058952,90374133,Invoice,1191.8,391.64,300,357540,357148.36
1/4/2023,Other Uro Dx Disposables,Uro,202301,1058952,Meden-Inmed Sp. z o.o.,,1058952,Meden-Inmed Sp. z o.o.,Meden-Inmed Sp. z o.o.,1058952,90374133,Invoice,849.78,707.75,100,84978,84270.25
1/4/2023,Incontinence MPQ,Uro,202301,1059691,Moss S.p.A.,,1059691,Moss S.p.A.,Moss S.p.A.,1059691,90374140,Invoice,2293.7,456.59,10,22937,22480.41
1/4/2023,Electrodes,Uro,202301,1069408,Krankenhaus BHS Ried Betriebsges. m Finanzbuchhaltung,,1069408,Krankenhaus BHS Ried Betriebsges. m Finanzbuchhaltung,Krankenhaus d. Barmherzigen SchwesternRied Betriebsgesellschaft m.b.H.,20153320,90374145,Invoice,258.94,148.89,300,77682,77533.11
1/4/2023,Kiwi,CI,202301,1089504,PremiQaMed Privatkliniken GmbH Privatklinik Döbling,,1089504,PremiQaMed Privatkliniken GmbH Privatklinik Döbling,PremiQaMed Privatkliniken GmbHPrivatklinik DöblingMed-Depot im Erdgeschoß,1089504,90374148,Invoice,744.44,77.84,15,11166.6,11088.76
1/4/2023,UDS Service Contracts,Uro,202301,1020473,University of Vermont Medical Center,,1020473,University of Vermont Medical Center,University of Vermont Medical CenterAttn: Receiving,20077517,90374151,Invoice,7350,0,1,7350,7350
1/4/2023,UDS Service Contracts,Uro,202301,1023206,VA San Francisco Health Care,,1023206,VA San Francisco Health Care,San Francisco VA Medical CenterAttn: Receiving,20079741,90374153,Invoice,673.75,0,1,673.75,673.75
1/4/2023,Traxi,CI,202301,1078678,Concordance Healthcare Solutions,,1078678,Concordance Healthcare Solutions,Concordance-KalamazooATTN: Receiving,20162426,90374165,Invoice,680,89.1,10,6800,6710.9
1/4/2023,ROM,CI,202301,1078679,Cardinal Health,,1078679,Cardinal Health,SOUTHEAST GEORGIA REGIONAL MEDAttn: Receiving,20166710,90374171,Invoice,42.5,30.75,5,212.5,181.75
1/4/2023,BoogieBaby,CI,202301,1078745,"Medline Industries, Inc",,1078745,"Medline Industries, Inc",C89 - Jeffersonville - MD0048Jeffersonville C89,20163063,90374180,Invoice,465.75,120,300,139725,139605
1/4/2023,Kiwi,CI,202301,1078745,"Medline Industries, Inc",,1078745,"Medline Industries, Inc",B27 - Gresham - MD0013Oregon Branch B27,20163025,90374182,Invoice,2400,431.4,60,144000,143568.6
1/4/2023,Traxi,CI,202301,1078745,"Medline Industries, Inc",,1078745,"Medline Industries, Inc","B33 - Charlotte - MD0019Charlotte, NC B33",20163032,90374183,Invoice,2040,267.3,30,61200,60932.7
1/4/2023,ROM,CI,202301,1078745,"Medline Industries, Inc",,1078745,"Medline Industries, Inc","Medline Industries, Inc.Katy C32",20164100,90374185,Invoice,1850,270.5,50,92500,92229.5
1/4/2023,Koala,CI,202301,1078745,"Medline Industries, Inc",,1078745,"Medline Industries, Inc",C47 - Perryville - MD0044Perryville C47,20163059,90374186,Invoice,1485,579.81,33,49005,48425.19
1/4/2023,babyLance,CI,202301,1078784,OM Owens & Minor,,1078784,OM Owens & Minor,OM Atlanta GeorgiaATTN: Receiving,20163173,90374194,Invoice,1320,429,1100,1452000,1451571
1/4/2023,ROM,CI,202301,1078784,OM Owens & Minor,,1078784,OM Owens & Minor,OM Atlanta GeorgiaATTN: Receiving,20163173,90374194,Invoice,42.5,30.75,5,212.5,181.75
1/4/2023,babyLance,CI,202301,1078784,OM Owens & Minor,,1078784,OM Owens & Minor,OM Knoxville TennesseeATTN: Receiving,20163172,90374196,Invoice,60,19.5,50,3000,2980.5
1/4/2023,babyLance,CI,202301,1078784,OM Owens & Minor,,1078784,OM Owens & Minor,OM Knoxville TennesseeATTN: Receiving,20163172,90374196,Invoice,60,19.5,50,3000,2980.5
1/4/2023,Kiwi,CI,202301,1078784,OM Owens & Minor,,1078784,OM Owens & Minor,OM New YorkATTN: Receiving,20163180,90374200,Invoice,2600,467.35,65,169000,168532.65
1/4/2023,Traxi,CI,202301,1078784,OM Owens & Minor,,1078784,OM Owens & Minor,OM PhiladelphiaATTN: Receiving,20163182,90374201,Invoice,1360,178.2,20,27200,27021.8
1/4/2023,Kiwi,CI,202301,1078784,OM Owens & Minor,,1078784,OM Owens & Minor,OM Bangor MaineATTN: Receiving,20163190,90374203,Invoice,175,26.15,5,875,848.85
1/4/2023,Kiwi,CI,202301,1078784,OM Owens & Minor,,1078784,OM Owens & Minor,OM Boston MassachusettsATTN: Receiving,20163178,90374204,Invoice,1600,287.6,40,64000,63712.4
1/4/2023,Kiwi,CI,202301,1078784,OM Owens & Minor,,1078784,OM Owens & Minor,OM Chicago IllinoisATTN: Receiving,20163160,90374205,Invoice,350,64.1,10,3500,3435.9
1/4/2023,ROM,CI,202301,1078784,OM Owens & Minor,,1078784,OM Owens & Minor,OM Chicago IllinoisATTN: Receiving,20163160,90374205,Invoice,4625,676.25,125,578125,577448.75
1/4/2023,Koala,CI,202301,1078784,OM Owens & Minor,,1078784,OM Owens & Minor,SENTARA ALBEMARLE HOS - BULKSENTARA ALBEMARLE HOS - BULK,20168091,90374206,Invoice,280.5,45.3,10,2805,2759.7
1/4/2023,Koala,CI,202301,1078784,OM Owens & Minor,,1078784,OM Owens & Minor,DENVER HEALTH MED TXF-77NOV LUMJIT CENTRAL SUPPLY,20168091,90374217,Invoice,1122,181.2,40,44880,44698.8
1/4/2023,Optilume Strictures,Uro,202301,1019541,Allina Health System,,1019541,Allina Health System,Abbott Northwesterm HospitalAttn: Receiving Dock PO1539978,20084640,90374232,Invoice,0,28,0,0,-28
1/4/2023,Portascan 3D,Uro,202301,1019576,Adventist Health,,1019576,Adventist Health,Adventist HealthAttn: Receiving PO# 500067360,20079680,90374233,Invoice,0,20,0,0,-20
1/4/2023,Portascan 3D,Uro,202301,1019576,Adventist Health,,1019576,Adventist Health,Adventist HealthAttn: Receiving PO# 500067360,20079680,90374233,Invoice,0,32.47,1,0,-32.47
1/4/2023,Optilume Strictures,Uro,202301,1021590,Novant Health Inc.,,1021590,Novant Health Inc.,Novant HealthAttn: Katie Helton PO3370408,20163348,90374254,Invoice,4190,0,2,8380,8380
1/4/2023,Optilume Strictures,Uro,202301,1021590,Novant Health Inc.,,1021590,Novant Health Inc.,Novant HealthAttn: Katie Helton PO3370408,20163348,90374254,Invoice,0,402,0,0,-402
1/4/2023,InjeTAK,Uro,202301,1021928,Providence Health & Services,,1021928,Providence Health & Services,Providence Medford Medical CenterAttn: Receiving,20079519,90374264,Invoice,360,114,6,2160,2046
1/4/2023,Incontinence UPC Lead Sets,Uro,202301,1022350,Spartanburg Regional Healthcare System,,1022350,Spartanburg Regional Healthcare System,Spartanburg Medical CenterAttn: Receiving,20075357,90374269,Invoice,2667,125.64,3,8001,7875.36
1/4/2023,InjeTAK,Uro,202301,1022400,Trinity Health,,1022400,Trinity Health,St Joseph's Hosp. Health CtrAttn: Urogynecology,20197222,90374273,Invoice,750,123.6,12,9000,8876.4
1/4/2023,T-Doc Catheters,Uro,202301,1022567,Jefferson Health,,1022567,Jefferson Health,Jefferson Health - Bluemie BldgAttn: Receiving,20083666,90374279,Invoice,2328,115.6,40,93120,93004.4
1/4/2023,T-Doc Catheters,Uro,202301,1022826,University of Rochester,,1022826,University of Rochester,UR Med Urology SawgrassAttn: Receiving,20084561,90374281,Invoice,1164,394,20,23280,22886
1/4/2023,Optilume Strictures,Uro,202301,1022826,University of Rochester,,1022826,University of Rochester,UR Med Strong Memorial HospitalAttn: SH MPD U2664394-23,20073183,90374283,Invoice,0,28,0,0,-28
1/4/2023,Optilume Strictures,Uro,202301,1022826,University of Rochester,,1022826,University of Rochester,UR Med Strong Memorial HospitalAttn: SH MPD U2664394-23,20073183,90374283,Invoice,0,201,0,0,-201
1/4/2023,Aquarius XT,Uro,202301,1022994,University of Missouri Healthcare,,1022994,University of Missouri Healthcare,"University of Missouri Health CenterAttn: Reed, Amber NicoleQuarterdeck Dock",20066963,90374292,Invoice,124950,19701.5,1,124950,105248.5
1/4/2023,Tubing,Uro,202301,1022999,Urodynamic PRN LLC,,1022999,Urodynamic PRN LLC,Urodynamic PRN LLC(Luling LA)Attn: Receiving,20076058,90374293,Invoice,336,25,50,16800,16775
1/4/2023,Water Catheters,Uro,202301,1022999,Urodynamic PRN LLC,,1022999,Urodynamic PRN LLC,Urodynamic PRN LLC(Luling LA)Attn: Receiving,20076058,90374293,Invoice,231,35.6,10,2310,2274.4
1/4/2023,Optilume Strictures,Uro,202301,1023078,UT Southwestern Medical Center,,1023078,UT Southwestern Medical Center,UT Southwestern Medical CenterAttn: CUH Receiving OSC 5230062529,20083938,90374295,Invoice,0,804,0,0,-804
1/4/2023,Optilume Strictures,Uro,202301,1023078,UT Southwestern Medical Center,,1023078,UT Southwestern Medical Center,UT Southwestern Medical CenterAttn: CUH Receiving OSC 5230062529,20083938,90374295,Invoice,0,603,0,0,-603
1/4/2023,UDS Other Service & Repairs,Uro,202301,1023307,WakeMed Health and Hospitals,,1023307,WakeMed Health and Hospitals,WakeMed - Urogynecology-CaryAttn: Suite 310,20167894,90374298,Invoice,0,193.02,0,0,-193.02
1/4/2023,Portascan 3D,Uro,202301,1079825,"AvTech Capital, LLC",,1079825,"AvTech Capital, LLC",ClearSky Waxahachiec/o Armstrong RelocationAttn: Receiving,20171077,90374302,Invoice,0,0,0,0,0
1/4/2023,UDS Other Service & Repairs,Uro,202301,1079825,"AvTech Capital, LLC",,1079825,"AvTech Capital, LLC",ClearSky Rehab Hospital of Mansfieldc/o Next Step RelocationAttn: Receiving,20171080,90374303,Invoice,0,3.4,0,0,-3.4
1/4/2023,Traxi,CI,202301,1061743,NHS Greater Glasgow & Clyde Finance Department,,1061743,NHS Greater Glasgow & Clyde Finance Department,C/O NHSGGC (SOUTH) CENTRAL STORESMargaret Morton,20170837,90374321,Invoice,305.62,40.75,5,1528.1,1487.35
1/4/2023,Traxi,CI,202301,1061743,NHS Greater Glasgow & Clyde Finance Department,,1061743,NHS Greater Glasgow & Clyde Finance Department,C/O NHSGGC (SOUTH) CENTRAL STORESMargaret Morton,20170837,90374321,Invoice,977.74,150.27,20,19554.8,19404.53
1/4/2023,Kiwi,CI,202301,1061762,Aneurin Bevan Local Health Board 342049 Accounts Payable,,1061762,Aneurin Bevan Local Health Board 342049 Accounts Payable,324551 GUH R and D StoresGrange University Hospital,20166842,90374324,Invoice,378.12,50.05,10,3781.2,3731.15
1/4/2023,Freight UR,Uro,202301,1079255,Wiener Gesundheitsverbund,,1079255,Wiener Gesundheitsverbund,Unternehmung Wiener GesundheitsverbundKlinik FloridsdorfAnliefer. über die Ruthnergasse 2,20155363,90373979,Credit Memo,-21.5,0,-1,21.5,21.5
1/4/2023,Freight UR,Uro,202301,1061206,Hôpital Nord Franche-Comte,,1061206,Hôpital Nord Franche-Comte,Hôpital Nord Franche-ComtePôle Logistique / Mag Gal / PHARMA,20155873,90373981,Credit Memo,-21.58,0,-1,21.58,21.58
1/4/2023,Freight UR,Uro,202301,1061206,Hôpital Nord Franche-Comte,,1061206,Hôpital Nord Franche-Comte,Hôpital Nord Franche-ComtePôle Logistique Hospitalier - Pharmacie,20151660,90373983,Credit Memo,-21.58,0,-1,21.58,21.58
1/4/2023,Freight UR,Uro,202301,1061206,Hôpital Nord Franche-Comte,,1061206,Hôpital Nord Franche-Comte,Hôpital Nord Franche-ComtePôle Logistique Hospitalier - Pharmacie,20151660,90373985,Credit Memo,-21.58,0,-1,21.58,21.58
1/4/2023,Freight UR,Uro,202301,1069689,Hôpital Nord Franche-Comte Pole Logistique-Service Pharmacie,,1069689,Hôpital Nord Franche-Comte Pole Logistique-Service Pharmacie,Hôpital Nord Franche-ComtePôle Logistique Hospitalier - Pharmacie,20151660,90373987,Credit Memo,-21.58,0,-1,21.58,21.58
1/4/2023,Freight UR,Uro,202301,1061206,Hôpital Nord Franche-Comte,,1061206,Hôpital Nord Franche-Comte,Hôpital Nord Franche-ComtePôle Logistique Hospitalier - Pharmacie,20151660,90373990,Credit Memo,-21.58,0,-1,21.58,21.58
1/4/2023,Freight UR,Uro,202301,1061206,Hôpital Nord Franche-Comte,,1061206,Hôpital Nord Franche-Comte,Hôpital Nord Franche-ComtePôle Logistique / Mag Gal / PHARMA,20155873,90373993,Debit Memo,21.58,0,1,21.58,21.58
1/4/2023,Freight UR,Uro,202301,1059349,Kliniken im Naturpark Altmühltal KU des LK Eichstätt A.d.ö.R.,,1059349,Kliniken im Naturpark Altmühltal KU des LK Eichstätt A.d.ö.R.,Klinik KöschingKreißsaal,20153109,90373994,Invoice,26.97,0,1,26.97,26.97
1/4/2023,Freight UR,Uro,202301,1060785,SMS medipool GmbH,,1060785,SMS medipool GmbH,SMS medipool GmbHWarenannahme,20154600,90373995,Invoice,26.97,0,1,26.97,26.97
1/4/2023,Freight UR,Uro,202301,1089833,Ev. Diakonissenanstalt SP-MA-DÜW K.d.ö.R Rechnungsprüfung (RP),,1089833,Ev. Diakonissenanstalt SP-MA-DÜW K.d.ö.R Rechnungsprüfung (RP),Ev. Diakonissenanstalt SP-MA-DÜW K.d.ö.RZentrallager/RulandstraßeWarenanlieferung über Schrankenanlage,20154842,90373999,Invoice,26.97,0,1,26.97,26.97
1/4/2023,Freight UR,Uro,202301,1089833,Ev. Diakonissenanstalt SP-MA-DÜW K.d.ö.R Rechnungsprüfung (RP),,1089833,Ev. Diakonissenanstalt SP-MA-DÜW K.d.ö.R Rechnungsprüfung (RP),Ev. Diakonissenanstalt SP-MA-DÜW K.d.ö.RZentrallager/RulandstraßeWarenanlieferung über Schrankenanlage,20154842,90374000,Invoice,26.97,0,1,26.97,26.97
1/4/2023,Freight UR,Uro,202301,1069976,Schwarzwald-Baar Klinikum VS GmbH Verwaltung,,1069976,Schwarzwald-Baar Klinikum VS GmbH Verwaltung,Schwarzwald-Baar Klinikum VS GmbHZentrallager,20154015,90374001,Invoice,26.97,0,1,26.97,26.97
1/4/2023,Freight UR,Uro,202301,1059433,KKB Ilmtalklinik Pfaffenhofen GmbH,,1059433,KKB Ilmtalklinik Pfaffenhofen GmbH,Illmtalklinik GmbHZentrallager,20153226,90374002,Invoice,26.97,0,1,26.97,26.97
1/4/2023,Freight UR,Uro,202301,1059433,KKB Ilmtalklinik Pfaffenhofen GmbH,,1059433,KKB Ilmtalklinik Pfaffenhofen GmbH,Ilmtalklinik GmbHZentrallager,1059433,90374003,Invoice,17.99,0,1,17.99,17.99
1/4/2023,Freight UR,Uro,202301,1060253,Helios Beschaffungsmanagement GmbH,,1060253,Helios Beschaffungsmanagement GmbH,Helios Klinikum MeiningenMGN GYN OP stationär M12,20155870,90374004,Invoice,26.97,0,1,26.97,26.97
1/4/2023,Freight UR,Uro,202301,1060253,Helios Beschaffungsmanagement GmbH,,1060253,Helios Beschaffungsmanagement GmbH,"Helios Kliniken SchwerinZentrale Warenannahme, Rampe Haus 9",20155471,90374005,Invoice,26.97,0,1,26.97,26.97
1/4/2023,Freight UR,Uro,202301,1060253,Helios Beschaffungsmanagement GmbH,,1060253,Helios Beschaffungsmanagement GmbH,Helios Klinikum WuppertalZentrallager,20152090,90374006,Invoice,26.97,0,1,26.97,26.97
1/4/2023,Freight UR,Uro,202301,1089734,Johannesstift Diakonie Services GmbH Zentrale Dienste Finanzen/0041,,1089734,Johannesstift Diakonie Services GmbH Zentrale Dienste Finanzen/0041,"Johannesstift Diakonie Services GmbHLogistikzentrum Gesundheit, Halle 8",20152084,90374007,Invoice,26.97,0,1,26.97,26.97
1/4/2023,Freight UR,Uro,202301,1060262,Universitätsklinikum Brandenburg an der Havel GmbH / ZLAG,,1060262,Universitätsklinikum Brandenburg an der Havel GmbH / ZLAG,Städt. Klinikum Brandenburg GmbHZentrallager - ZLAG,20154442,90374008,Invoice,26.97,0,1,26.97,26.97
1/4/2023,Freight UR,Uro,202301,1069860,Klinikum Südstadt Rostock Material- und Versorgungswissenscha,,1069860,Klinikum Südstadt Rostock Material- und Versorgungswissenscha,Klinikum Südstadt RostockMaterial- und Versorgungswirtschaft,20155867,90374010,Invoice,26.97,0,1,26.97,26.97
1/4/2023,Freight UR,Uro,202301,1060380,Apotheke Im Medico Dr. Klaus Michels e.K.,,1060380,Apotheke Im Medico Dr. Klaus Michels e.K.,Apotheke Im MediCoDr. Klaus Michels e.K.,1060380,90374013,Invoice,26.97,0,1,26.97,26.97
1/4/2023,Freight UR,Uro,202301,1060390,Katholische Hospitalvereinigung Ostwestfalen gem. GmbH,,1060390,Katholische Hospitalvereinigung Ostwestfalen gem. GmbH,KHO gem. GmbHMaterialwirtschaft - Zentrallager,1060390,90374014,Invoice,26.97,0,1,26.97,26.97
1/4/2023,Freight UR,Uro,202301,1060411,St. Josefs Krankenhaus Balserische Stiftung gGmbH,,1060411,St. Josefs Krankenhaus Balserische Stiftung gGmbH,St. Josefs Krankenhaus BalserischeStiftung gGmbH - Abt. Einkauf,1060411,90374015,Invoice,26.97,0,1,26.97,26.97
1/4/2023,Freight UR,Uro,202301,1069492,Universitätsklinikum Essen AöR Rechnungsbüro,,1069492,Universitätsklinikum Essen AöR Rechnungsbüro,"Universitätsklinikum Essen AöRFrauenklinik EG, R. 004Hr. Buderath, Tel.-85293",20156227,90374016,Invoice,43.16,0,1,43.16,43.16
1/4/2023,Freight UR,Uro,202301,1069287,Stiftungsklinikum Proselis gGmbH Einkauf / Rechnungseingang,,1069287,Stiftungsklinikum Proselis gGmbH Einkauf / Rechnungseingang,Stiftungsklinikum Proselis gGmbHZentrallager,20152423,90374017,Invoice,26.97,0,1,26.97,26.97
1/4/2023,Freight UR,Uro,202301,1060552,ProServ Rhein - Erft GmbH Einkauf,,1060552,ProServ Rhein - Erft GmbH Einkauf,ProServ Rhein - Erft GmbHEinkauf,1060552,90374018,Invoice,26.97,0,1,26.97,26.97
1/4/2023,Freight UR,Uro,202301,1070349,Kreiskrankenhaus Mechernich GmbH Zentraleinkauf,,1070349,Kreiskrankenhaus Mechernich GmbH Zentraleinkauf,Kreiskrankenhaus Mechernich GmbHZentrallager,20153991,90374019,Invoice,26.97,0,1,26.97,26.97
1/4/2023,Freight UR,Uro,202301,1060659,Agaplesion Logistikzentrum gGmbH,,1060659,Agaplesion Logistikzentrum gGmbH,AGAPLESION LOGISTIKZENTRUM gGmbhWareneingang Tor 7 - 10,20155027,90374022,Invoice,26.97,0,1,26.97,26.97
1/4/2023,Freight UR,Uro,202301,1069898,Marienhaus Dienstleistungen GmbH BUK0952,,1069898,Marienhaus Dienstleistungen GmbH BUK0952,St. Josef KohlhofKreißsaal,20152227,90374026,Invoice,26.97,0,1,26.97,26.97
1/4/2023,Freight UR,Uro,202301,1069898,Marienhaus Dienstleistungen GmbH BUK0952,,1069898,Marienhaus Dienstleistungen GmbH BUK0952,St. Eisabeth NeuwiedMarienhaus Klininkum,20156129,90374027,Invoice,26.97,0,1,26.97,26.97
1/4/2023,Freight UR,Uro,202301,1069898,Marienhaus Dienstleistungen GmbH BUK0952,,1069898,Marienhaus Dienstleistungen GmbH BUK0952,Marienhaus Kliniken GmbHKrankenhaus Hetzelstift,20171028,90374028,Invoice,26.97,0,1,26.97,26.97
1/4/2023,Freight UR,Uro,202301,1060698,Klinikum Worms gGmbH,,1060698,Klinikum Worms gGmbH,Klinikum Worms gGmbHZentrallager/Wirtschaftshof,20152126,90374029,Invoice,26.97,0,1,26.97,26.97
1/4/2023,Freight UR,Uro,202301,1069829,Klinikum Passau Rechnungseingang,,1069829,Klinikum Passau Rechnungseingang,Klinikum Passau44 STAT. ENTBINDUNGS / GYN,20155964,90374036,Invoice,26.97,0,1,26.97,26.97
1/4/2023,Freight UR,Uro,202301,1060873,Gemeinnützige Krankenhausgesellschaft des Landkreises Bamberg mbH,,1060873,Gemeinnützige Krankenhausgesellschaft des Landkreises Bamberg mbH,Steigerwaldklinik BurgebrachEndoskopie,20152934,90374037,Invoice,26.97,0,1,26.97,26.97
1/4/2023,Freight UR,Uro,202301,1083502,Helios Klinik Blankenhain,,1083502,Helios Klinik Blankenhain,VAMED VSB-Medizintechnik Mitte GmbHc/o Helios Klinik Blankenhain,1083502,90374039,Invoice,26.97,0,1,26.97,26.97
1/4/2023,Freight UR,Uro,202301,1087472,Praxis für Urologie Dres. Rödder / Neumann / Reiß,,1087472,Praxis für Urologie Dres. Rödder / Neumann / Reiß,Praxis für Urologie in Winsen/Luhe,1087472,90374040,Invoice,26.97,0,1,26.97,26.97
1/4/2023,Freight UR,Uro,202301,1088967,Vinzenz von Paul Kliniken gGmbH Marienhospital Stuttgart,,1088967,Vinzenz von Paul Kliniken gGmbH Marienhospital Stuttgart,Vinzenz von Paul Kliniken gGmbHMarienhospital StuttgartMedicallager der Apotheke,1088967,90374041,Invoice,26.97,0,1,26.97,26.97
1/4/2023,Freight UR,Uro,202301,1089209,Zollernalb Klinikum gGmbH Finanzabteilung,,1089209,Zollernalb Klinikum gGmbH Finanzabteilung,Zollernalb Klinikum gGmbHKrankenhaus Albstadt/Zentrallager,20169930,90374042,Invoice,26.97,0,1,26.97,26.97
1/4/2023,Freight UR,Uro,202301,1089086,Klinikum Konstanz GmbH Zentralapotheke im GLKN,,1089086,Klinikum Konstanz GmbH Zentralapotheke im GLKN,Klinikum Konstanz GmbHZentrallager,1089086,90374044,Invoice,26.97,0,1,26.97,26.97
1/4/2023,Freight UR,Uro,202301,1089260,Krankenhaus Saarlouis vom DRK Einkauf,,1089260,Krankenhaus Saarlouis vom DRK Einkauf,Krankenhaus Saarlouis vom DRKZentrallager,20170090,90374046,Invoice,26.97,0,1,26.97,26.97
1/4/2023,Freight UR,Uro,202301,1089271,Malteser Krankenhaus St. Johannes Einkauf/Verwaltung,,1089271,Malteser Krankenhaus St. Johannes Einkauf/Verwaltung,St. Johannes KrankenhausKM_Einkauf / OP,20170115,90374047,Invoice,26.97,0,1,26.97,26.97
1/4/2023,Freight UR,Uro,202301,1108696,Urologicum Osnabrück,,1108696,Urologicum Osnabrück,Urologicum Osnabrück,1108696,90374049,Invoice,84.06,0,1,84.06,84.06
1/4/2023,Freight UR,Uro,202301,1059259,City Hospitals Independent Commercial Entreprises Ltd,,1059259,City Hospitals Independent Commercial Entreprises Ltd,City Hospitals90P09A - Goods Reception,20154470,90374050,Invoice,18.36,0,1,18.36,18.36
1/4/2023,Freight UR,Uro,202301,1069806,Swansea Bay University Health Board NWSSP Accounts Payable,,1069806,Swansea Bay University Health Board NWSSP Accounts Payable,"Swansea Bay University Health BoardProcurement R and D Store, Morriston Hosp",20155154,90374051,Invoice,18.36,0,1,18.36,18.36
1/4/2023,Freight UR,Uro,202301,1059559,KCH Interventional Facilities Management,,1059559,KCH Interventional Facilities Management,KCH Interventional Facilities ManagementZq0000 - PRUH Receipt And Distribution,20154852,90374052,Invoice,18.22,0,1,18.22,18.22
1/4/2023,Freight UR,Uro,202301,1070237,University Hospitals Of Derby & Bur Royal Derby Hospital - Finance Depa,,1070237,University Hospitals Of Derby & Bur Royal Derby Hospital - Finance Depa,"University Hospitals Of Derby and BurtonR and D, Kings Treatment Centre",20154809,90374053,Invoice,18.36,0,1,18.36,18.36
1/4/2023,Freight UR,Uro,202301,1069727,Royal Brompton Harefield Clinical Group,,1069727,Royal Brompton Harefield Clinical Group,Royal BromptonHarefield Clinical Group,20155644,90374054,Invoice,10.4,0,1,10.4,10.4
1/4/2023,Freight UR,Uro,202301,1059678,Royal Brompton Harefield Clinical Group,,1059678,Royal Brompton Harefield Clinical Group,Royal BromptonHarefield Clinical Group,20155644,90374055,Invoice,7.83,0,1,7.83,7.83
1/4/2023,Freight UR,Uro,202301,1070385,"University Hospitals Sussex NHS FT Creditors Payments Level A4, Bright",,1070385,"University Hospitals Sussex NHS FT Creditors Payments Level A4, Bright",University Hospitals Sussex NHS FTChart of Accounts OutpatientsC/O General Store,20166641,90374056,Invoice,13.53,0,1,13.53,13.53
1/4/2023,Freight UR,Uro,202301,1069417,Oxford University Hospitals NHS FT Accounts Payable,,1069417,Oxford University Hospitals NHS FT Accounts Payable,"Oxford University Hospitals NHS FTHUT 30, Receipt And Distribution",20153526,90374057,Invoice,18.36,0,1,18.36,18.36
1/4/2023,Freight UR,Uro,202301,1061743,NHS Greater Glasgow & Clyde Finance Department,,1061743,NHS Greater Glasgow & Clyde Finance Department,Glasgow NHS TrustGeneral Store,20163578,90374058,Invoice,18.36,0,1,18.36,18.36
1/4/2023,Freight UR,Uro,202301,1061743,NHS Greater Glasgow & Clyde Finance Department,,1061743,NHS Greater Glasgow & Clyde Finance Department,Glasgow NHS TrustGeneral StoreRHC Lung Function - Clare Reid,20163578,90374059,Invoice,18.36,0,1,18.36,18.36
1/4/2023,Freight UR,Uro,202301,1061748,"Buckinghamshire Hospitals NHS Trust Accounts Payable, Amersham Hospital",,1061748,"Buckinghamshire Hospitals NHS Trust Accounts Payable, Amersham Hospital",Buckinghamshire Hospitals NHS TrustSmh New Wing Theatre - General Stores,20155564,90374060,Invoice,18.36,0,1,18.36,18.36
1/4/2023,Freight UR,Uro,202301,1061751,Alder Hey Children's NHS FT Finance Department,,1061751,Alder Hey Children's NHS FT Finance Department,Alder Hey Children's NHS FTDeliveries,20155998,90374061,Invoice,18.36,0,1,18.36,18.36
1/4/2023,Freight UR,Uro,202301,1061751,Alder Hey Children's NHS FT Finance Department,,1061751,Alder Hey Children's NHS FT Finance Department,Alder Hey Children's NHS FTDeliveries,20155998,90374062,Invoice,6.89,0,1,6.89,6.89
1/4/2023,Freight UR,Uro,202301,1061751,Alder Hey Children's NHS FT Finance Department,,1061751,Alder Hey Children's NHS FT Finance Department,Alder Hey Children's NHS FTDeliveries,20155998,90374063,Invoice,9.18,0,1,9.18,9.18
1/4/2023,Freight UR,Uro,202301,1061759,Mid Cheshire Hospitals NHS FT Leighton Hospital,,1061759,Mid Cheshire Hospitals NHS FT Leighton Hospital,"Mid Cheshire Hospitals NHS FTReceipt and Distribution,Leighton Hospital",20154899,90374064,Invoice,18.36,0,1,18.36,18.36
1/4/2023,Freight UR,Uro,202301,1061775,"Mid and South Essex NHS FT Finance Department, Britannia House",,1061775,"Mid and South Essex NHS FT Finance Department, Britannia House",Basildon and Thurrock HospitalBasildon Goods Receiving/Stores (Th),20155094,90374065,Invoice,18.36,0,1,18.36,18.36
1/4/2023,Freight UR,Uro,202301,1061786,Great Ormond Street Hospital NHS Trust Finance Department,,1061786,Great Ormond Street Hospital NHS Trust Finance Department,Great Ormond Street Hospital NHS TrustGosh Trust Stores,20151684,90374066,Invoice,18.36,0,1,18.36,18.36
1/4/2023,Freight UR,Uro,202301,1061786,Great Ormond Street Hospital NHS Trust Finance Department,,1061786,Great Ormond Street Hospital NHS Trust Finance Department,Great Ormond Street Hospital NHS TrustGosh Trust Stores,20151684,90374067,Invoice,18.36,0,1,18.36,18.36
1/4/2023,Freight UR,Uro,202301,1061790,Great Western Hospital NHS FT RN3 Payables 7435,,1061790,Great Western Hospital NHS FT RN3 Payables 7435,Great Western Hospital NHS FTGWH Central Stores,20155337,90374068,Invoice,18.36,0,1,18.36,18.36
1/4/2023,Freight UR,Uro,202301,1061792,Uni Hospitals Southampton NHS FT Finance Department,,1061792,Uni Hospitals Southampton NHS FT Finance Department,"Uni Hospitals Southampton NHS FTCentral Store, G1 Child Health, Level B",20155135,90374069,Invoice,10.49,0,1,10.49,10.49
1/4/2023,Freight UR,Uro,202301,1061794,Lewisham & Greenwich NHS trust RJ2 Payables 4715,,1061794,Lewisham & Greenwich NHS trust RJ2 Payables 4715,The Lewisham and Greenwich NHS TrustMain Stores Delivery Point A,20153356,90374070,Invoice,18.36,0,1,18.36,18.36
1/4/2023,Freight UR,Uro,202301,1061795,"Barking - Havering & Redbridge RF4 Payables 6615,",,1061795,"Barking - Havering & Redbridge RF4 Payables 6615,",Barking - Havering and RedbridgeQueens Hospital,20151404,90374071,Invoice,18.36,0,1,18.36,18.36
1/4/2023,Freight UR,Uro,202301,1061795,"Barking - Havering & Redbridge RF4 Payables 6615,",,1061795,"Barking - Havering & Redbridge RF4 Payables 6615,",Barking - Havering and RedbridgeQueens Hospital,20151404,90374072,Invoice,18.36,0,1,18.36,18.36
1/4/2023,Freight UR,Uro,202301,1061801,Plymouth Hospitals NHS Trust RK9 PAYABLES 6355,,1061801,Plymouth Hospitals NHS Trust RK9 PAYABLES 6355,"Plymouth Hospitals NHS TrustGoods Inward Department, Level 02",20155768,90374073,Invoice,18.36,0,1,18.36,18.36
1/4/2023,Freight UR,Uro,202301,1061813,Nuffield Health The Account Department,,1061813,Nuffield Health The Account Department,Nuffield Leeds HospitalMain Stores,20168649,90374074,Invoice,18.36,0,1,18.36,18.36
1/4/2023,Freight UR,Uro,202301,1061833,Hull University Teaching Hospitals NHS Trust,,1061833,Hull University Teaching Hospitals NHS Trust,"Hull University Teaching HospitalsGoods Inward,Cardiac and Surgical Building",20155302,90374075,Invoice,9.18,0,1,9.18,9.18
1/4/2023,Freight UR,Uro,202301,1061844,Lanarkshire NHS Kirkfield Cottage,,1061844,Lanarkshire NHS Kirkfield Cottage,Lanarkshire NHSLtw3 Gen Theatres Main Store,20155501,90374076,Invoice,18.36,0,1,18.36,18.36
1/4/2023,Freight UR,Uro,202301,1061846,United Lincolnshire Hospitals NHS Trust,,1061846,United Lincolnshire Hospitals NHS Trust,Central Goods Rcpt Point-LincLincoln County Hospital,20170280,90374077,Invoice,18.36,0,1,18.36,18.36
1/4/2023,Freight UR,Uro,202301,1070164,Newcastle Upon Tyne Hospitals Accounts Payable Invoicing,,1070164,Newcastle Upon Tyne Hospitals Accounts Payable Invoicing,Newcastle Upon Tyne HospitalsDecanting Store,20152772,90374078,Invoice,18.36,0,1,18.36,18.36
1/4/2023,Freight UR,Uro,202301,1061898,South Tees NHS FT,,1061898,South Tees NHS FT,"South Tees NHS FTFriarage Hospital, Logistical Delivery C",20156312,90374081,Invoice,18.36,0,1,18.36,18.36
1/4/2023,Freight UR,Uro,202301,1061924,York and Scarborough Teaching Hospitals NHS Foundation Trust,,1061924,York and Scarborough Teaching Hospitals NHS Foundation Trust,York Teaching Hospital NHS FTReceipt And Distribution Point 388180,20154815,90374082,Invoice,18.36,0,1,18.36,18.36
1/4/2023,Freight UR,Uro,202301,1061461,Fondation Saint-François,,1061461,Fondation Saint-François,Fondation Saint-FrançoisPharmacie 3ème étage,1061461,90374108,Invoice,21.58,0,1,21.58,21.58
1/4/2023,Freight UR,Uro,202301,1061595,Dr Patrick Congard,,1061595,Dr Patrick Congard,Dr Patrick Congard,1061595,90374112,Invoice,21.58,0,1,21.58,21.58
1/4/2023,Freight UR,Uro,202301,1083912,Polyclinique de Blois,,1083912,Polyclinique de Blois,Polyclinique de BloisService Pharmacie,1083912,90374114,Invoice,21.58,0,1,21.58,21.58
1/4/2023,Freight UR,Uro,202301,1108423,scm Saint Germain l'Auxerrois,,1108423,scm Saint Germain l'Auxerrois,scm Saint Germain l'Auxerrois,1108423,90374115,Invoice,0.29,0,1,0.29,0.29
1/4/2023,Freight UR,Uro,202301,1060175,Unilabs SA Comptabilite Fournisseurs,,1060175,Unilabs SA Comptabilite Fournisseurs,Imagerive - La CollineOTHER RADIOLOGY,1060126,90374120,Invoice,27.08,0,1,27.08,27.08
1/4/2023,Freight UR,Uro,202301,1059796,UZA,,1059796,UZA,UZALoskade Ad,20150995,90374121,Invoice,21.58,0,1,21.58,21.58
1/4/2023,Freight UR,Uro,202301,1059796,UZA,,1059796,UZA,UZALoskade Ad,20150995,90374122,Invoice,21.58,0,1,21.58,21.58
1/4/2023,Freight UR,Uro,202301,1059820,GH de Charleroi,,1059820,GH de Charleroi,GH de CharleroiClinique Notre-Dame,20151841,90374123,Invoice,12.62,0,1,12.62,12.62
1/4/2023,Freight UR,Uro,202301,1059830,ASBL CHU HELORA,,1059830,ASBL CHU HELORA,CH de NivellesService De Pharmacie,20153609,90374124,Invoice,10.79,0,1,10.79,10.79
1/4/2023,Freight UR,Uro,202301,1059839,AZ Sint-Jan AV,,1059839,AZ Sint-Jan AV,AZ Sint-Jan AVGoederenontvangst,20155368,90374125,Invoice,21.58,0,1,21.58,21.58
1/4/2023,Freight UR,Uro,202301,1070200,Leids Universitair Medisch Centrum Crediteurenadministratie,,1070200,Leids Universitair Medisch Centrum Crediteurenadministratie,Leids Universitair Medisch CentrumK00-Q-119 - Goederenontvangst Lumc,20153604,90374138,Invoice,21.58,0,1,21.58,21.58
1/4/2023,Freight UR,Uro,202301,1069386,Tirol Kliniken GmbH Abt. Finanzbuchhaltung,,1069386,Tirol Kliniken GmbH Abt. Finanzbuchhaltung,Landeskrankenhaus InnsbruckWarenannahme KHZ West,20171155,90374142,Invoice,26.97,0,1,26.97,26.97
1/4/2023,Freight UR,Uro,202301,1059504,Landeskrankenanstalten Betriebsgesellschaft - KABEG,,1059504,Landeskrankenanstalten Betriebsgesellschaft - KABEG,LKH VillachWarenannahme,1059504,90374143,Invoice,26.97,0,1,26.97,26.97
1/4/2023,Freight UR,Uro,202301,1059517,Vlbg. Krankenhaus-Betriebsges.m.b.H. Landeskrankenhaus Feldkirch,,1059517,Vlbg. Krankenhaus-Betriebsges.m.b.H. Landeskrankenhaus Feldkirch,LKH FeldkirchMaterialverwaltung,1059517,90374144,Invoice,7.08,0,1,7.08,7.08
1/4/2023,Freight UR,Uro,202301,1069408,Krankenhaus BHS Ried Betriebsges. m Finanzbuchhaltung,,1069408,Krankenhaus BHS Ried Betriebsges. m Finanzbuchhaltung,Krankenhaus d. Barmherzigen SchwesternRied Betriebsgesellschaft m.b.H.,20153320,90374145,Invoice,7.3,0,1,7.3,7.3
1/4/2023,Freight UR,Uro,202301,1081239,St. Josef-Krankenhaus GmbH Medikamentendepot,,1081239,St. Josef-Krankenhaus GmbH Medikamentendepot,St. Josef-Krankenhaus GmbHMedikamentendepot,1081239,90374146,Invoice,26.97,0,1,26.97,26.97
1/4/2023,Freight UR,Uro,202301,1088955,Kepler Universitätsklinikum GmbH Beschaff.-&Invest.mngt/Med. Campus IV,,1088955,Kepler Universitätsklinikum GmbH Beschaff.-&Invest.mngt/Med. Campus IV,"Kepler Universitätsklinikum GmbHMed Campus IV., Zentrallager",1088955,90374147,Invoice,26.97,0,1,26.97,26.97
1/4/2023,Freight UR,Uro,202301,1089504,PremiQaMed Privatkliniken GmbH Privatklinik Döbling,,1089504,PremiQaMed Privatkliniken GmbH Privatklinik Döbling,PremiQaMed Privatkliniken GmbHPrivatklinik DöblingMed-Depot im Erdgeschoß,1089504,90374148,Invoice,26.97,0,1,26.97,26.97
1/4/2023,Freight UR,Uro,202301,1019717,Banner Health,,1019717,Banner Health,Banner HealthAttn: Central Supply,20080725,90374156,Invoice,25,0,1,25,25
1/4/2023,Freight UR,Uro,202301,1019717,Banner Health,,1019717,Banner Health,BANNER IRONWOOD MED CTRAttn: Receiving,20163913,90374157,Invoice,25,0,1,25,25
1/4/2023,Freight UR,Uro,202301,1020032,CentraCare Health,,1020032,CentraCare Health,CentraCare HealthAttn: Accounts Payable,1020032,90374158,Invoice,25,0,1,25,25
1/4/2023,Freight UR,Uro,202301,1021928,Providence Health & Services,,1021928,Providence Health & Services,Providence St Vincent Medical CenterAttn: Receiving,20073830,90374159,Invoice,25,0,1,25,25
1/4/2023,Freight UR,Uro,202301,1022342,Integris Health,,1022342,Integris Health,Integris HealthAttn: Accounts Payable 001-7081B,1022342,90374160,Invoice,25,0,1,25,25
1/4/2023,Freight UR,Uro,202301,1022938,Upson Regional Medical Center,,1022938,Upson Regional Medical Center,Upson Regional Medical CenterAttn: Receiving,20079121,90374161,Invoice,10.09,0,1,10.09,10.09
1/4/2023,Freight UR,Uro,202301,1023230,Virtua Health Inc.,,1023230,Virtua Health Inc.,Virtua Support Services Center StowAttn: Receiving,20166740,90374162,Invoice,25,0,1,25,25
1/4/2023,Freight UR,Uro,202301,1078784,OM Owens & Minor,,1078784,OM Owens & Minor,FT SANDERS REGIONAL MEDICAL CTRSTOREROOM 20,20168091,90374187,Invoice,25,0,1,25,25
1/4/2023,Freight UR,Uro,202301,1078784,OM Owens & Minor,,1078784,OM Owens & Minor,EAST ALABAMA MEDICAL CENTEREASTALABAMA MEDCTR MAIN,20168091,90374188,Invoice,25,0,1,25,25
1/4/2023,Freight UR,Uro,202301,1078784,OM Owens & Minor,,1078784,OM Owens & Minor,"DHA FORT STEWARTDHA FORT STEWART, WINN ARMY-NUS",20168091,90374216,Invoice,25,0,1,25,25
1/4/2023,Freight UR,Uro,202301,1107079,NATCHITOCHES REGIONAL MEDICAL CTR ACCOUNTS PAYABLE,,1107079,NATCHITOCHES REGIONAL MEDICAL CTR ACCOUNTS PAYABLE,NATCHITOCHES REGIONAL MEDICAL CTRRECEIVING,20195063,90374221,Invoice,10.05,0,1,10.05,10.05
1/4/2023,Freight UR,Uro,202301,1078694,Eastern Health,,1078694,Eastern Health,Health Sciences CentreAttn: Receiving,20162898,90374223,Invoice,45.28,0,1,45.28,45.28
1/4/2023,Freight UR,Uro,202301,1078787,THE OTTAWA HOSPITAL,,1078787,THE OTTAWA HOSPITAL,GENERAL CAMPUSATTN: Receiving,20163235,90374224,Invoice,146.08,0,1,146.08,146.08
1/4/2023,Freight UR,Uro,202301,1078834,Saskatchewan Health Authority,,1078834,Saskatchewan Health Authority,Royal University HospitalAttn: Main Stores,20170649,90374225,Invoice,97.24,0,1,97.24,97.24
1/4/2023,Freight UR,Uro,202301,1078834,Saskatchewan Health Authority,,1078834,Saskatchewan Health Authority,Royal University HospitalAttn: Main Stores,20170649,90374226,Invoice,77.4,0,1,77.4,77.4
1/4/2023,Freight UR,Uro,202301,1079705,Cambridge Memorial Hospital,,1079705,Cambridge Memorial Hospital,Cambridge Memorial HospitalAttn: Receiving,20163688,90374227,Invoice,42.17,0,1,42.17,42.17
1/4/2023,Freight UR,Uro,202301,1080952,SCI Logistics Ltd.,,1080952,SCI Logistics Ltd.,SCI Logistics - 3SO BusinessAttn: Receiving,20166100,90374228,Invoice,97.24,0,1,97.24,97.24
1/4/2023,Freight UR,Uro,202301,1019070,Associates for Surgical Care,,1019070,Associates for Surgical Care,Associates for Surgical CareAttn: Receiving 849169,20073959,90374230,Invoice,40.06,0,1,40.06,40.06
1/4/2023,Freight UR,Uro,202301,1019217,MJW Medical Solutions Inc,,1019217,MJW Medical Solutions Inc,"FM5000 Elmendorf AFB,673 MDSS SGSMC/O: SPE2DV23F5V0JSPE2DV17D9210",20084669,90374231,Invoice,92,0,1,92,92
1/4/2023,Freight UR,Uro,202301,1019541,Allina Health System,,1019541,Allina Health System,Abbott Northwesterm HospitalAttn: Receiving Dock PO1539978,20084640,90374232,Invoice,25,0,1,25,25
1/4/2023,Freight UR,Uro,202301,1019576,Adventist Health,,1019576,Adventist Health,Adventist HealthAttn: Receiving PO# 500067360,20079680,90374233,Invoice,150,0,1,150,150
1/4/2023,Freight UR,Uro,202301,1019852,Baptist Health,,1019852,Baptist Health,BH Medical Center Little RockAttn: Outpatient Surgery,20084763,90374234,Invoice,25,0,1,25,25
1/4/2023,Freight UR,Uro,202301,1019875,Carilion Clinic,,1019875,Carilion Clinic,Carilion Clinic Materials ManagmentAttn: Receiving,20075461,90374235,Invoice,25,0,1,25,25
1/4/2023,Freight UR,Uro,202301,1020151,Cambridge Health Alliance,,1020151,Cambridge Health Alliance,The Cambridge Public Health Commission(MSomerville Hospital,20077374,90374237,Invoice,25,0,1,25,25
1/4/2023,Freight UR,Uro,202301,1020190,The Surgical Ctr of Morehead City,,1020190,The Surgical Ctr of Morehead City,The Surgical Center of Morehead CityAttn: Receiving,20073946,90374238,Invoice,25,0,1,25,25
1/4/2023,Freight UR,Uro,202301,1020373,Emory Healthcare,,1020373,Emory Healthcare,The Emory ClinicAttn: Receiving,20068899,90374239,Invoice,25,0,1,25,25
1/4/2023,Freight UR,Uro,202301,1020373,Emory Healthcare,,1020373,Emory Healthcare,TEC Womens CenterAttn: OBGYN 5233964055,20074388,90374240,Invoice,25,0,1,25,25
1/4/2023,Freight UR,Uro,202301,1020419,Intermountain Health,,1020419,Intermountain Health,Intermountain St James HospitalAttn: Receiving,20068325,90374241,Invoice,25,0,1,25,25
1/4/2023,Freight UR,Uro,202301,1020665,County of Los Angeles,,1020665,County of Los Angeles,UCLA Medical Center - Olive ViewAttn: Supply Chain Operations/WH,20167850,90374242,Invoice,16.3,0,1,16.3,16.3
1/4/2023,Freight UR,Uro,202301,1020820,Haywood Regional Medical Center,,1020820,Haywood Regional Medical Center,Haywood Regional Medical CtrAttn Receiving,20081229,90374243,Invoice,25,0,1,25,25
1/4/2023,Freight UR,Uro,202301,1020914,LCMC: West Jefferson Medical Center,,1020914,LCMC: West Jefferson Medical Center,West Jefferson Medical CenterAttn: Receiving/ OPOR,20074894,90374244,Invoice,25,0,1,25,25
1/4/2023,Freight UR,Uro,202301,1021135,Loma Linda Univ.Health Care,,1021135,Loma Linda Univ.Health Care,Loma Linda UniversityHealth CareAdult Urology (8200/FPS),20070996,90374245,Invoice,18,0,1,18,18
1/4/2023,Freight UR,Uro,202301,1021190,Mayo Clinic,,1021190,Mayo Clinic,Mayo Clinic HospitalAttn: Dock E 69271733,20170386,90374246,Invoice,12.39,0,1,12.39,12.39
1/4/2023,Freight UR,Uro,202301,1021301,HCA Mission Health Hospital *11.22.24 CONSOLIDATED 1114774*,1114774,Cust Info Not Found,Cust Info Not Found,Mission Urology McDowellPO #23767/601/1323,20084768,90374247,Invoice,25,0,1,25,25
1/4/2023,Freight UR,Uro,202301,1021253,MedStar Health,,1021253,MedStar Health,MedStar Washington Hospital CenterAttn: Receiving,20076665,90374248,Invoice,25,0,1,25,25
1/4/2023,Freight UR,Uro,202301,1021279,The Methodist Health System,,1021279,The Methodist Health System,The Methodist HospitalAttn: Receiving M002968861,20077188,90374249,Invoice,25,0,1,25,25
1/4/2023,Freight UR,Uro,202301,1021287,Dignity Health - CA,,1021287,Dignity Health - CA,Dignity HealthAttn: Rec Dock on 11th Street S332A,20069224,90374250,Invoice,150,0,1,150,150
1/4/2023,Freight UR,Uro,202301,1021341,MyMichigan Health,,1021341,MyMichigan Health,MyMich Medical Center MidlandAttn: Receiving,20164124,90374251,Invoice,25,0,1,25,25
1/4/2023,Freight UR,Uro,202301,1021590,Novant Health Inc.,,1021590,Novant Health Inc.,Novant Health Inc.HIN# 361710I00NH MEDICAL PARK HOSPITAL,20073926,90374252,Invoice,25,0,1,25,25
1/4/2023,Freight UR,Uro,202301,1021590,Novant Health Inc.,,1021590,Novant Health Inc.,NH Thomasville Med CtrAttn: Non-Stock,20164035,90374253,Invoice,25,0,1,25,25
1/4/2023,Freight UR,Uro,202301,1021590,Novant Health Inc.,,1021590,Novant Health Inc.,Novant HealthAttn: Katie Helton PO3370408,20163348,90374254,Invoice,25,0,1,25,25
1/4/2023,Freight UR,Uro,202301,1021590,Novant Health Inc.,,1021590,Novant Health Inc.,Novant Health Inc.Attn: Receiving,20067437,90374255,Invoice,25,0,1,25,25
1/4/2023,Freight UR,Uro,202301,1021596,Northside Hospital,,1021596,Northside Hospital,Northside Hospital ForsythAttn: Receiving 6-2540644,20083564,90374256,Invoice,12.5,0,1,12.5,12.5
1/4/2023,Freight UR,Uro,202301,1021596,Northside Hospital,,1021596,Northside Hospital,Northside Hospital ForsythAttn: Receiving 6-2542027,20083564,90374257,Invoice,25,0,1,25,25
1/4/2023,Freight UR,Uro,202301,1021600,Northwestern Medicine,,1021600,Northwestern Medicine,Northwestern MedicineAttn: Receiving,20168734,90374258,Invoice,25,0,1,25,25
1/4/2023,Freight UR,Uro,202301,1021726,Memorial Care Health Services,,1021726,Memorial Care Health Services,MC Long Beach Medical CenterAttn: Receiving,20076462,90374259,Invoice,25,0,1,25,25
1/4/2023,Freight UR,Uro,202301,1021732,Ohio State University Physicians,,1021732,Ohio State University Physicians,OSUP Eye and Ear Institute 2065Attn: Receiving,20068824,90374260,Invoice,16.3,0,1,16.3,16.3
1/4/2023,Freight UR,Uro,202301,1021787,Palo Alto Medical Foundation Health Care Division V# 33010,,1021787,Palo Alto Medical Foundation Health Care Division V# 33010,Palo Alto Medical Foundation PAMF-ALAMEDA DOCK OPS,20070379,90374261,Invoice,25,0,1,25,25
1/4/2023,Freight UR,Uro,202301,1021925,Intermountain Healthcare,,1021925,Intermountain Healthcare,Intermountain HealthRiver Road CampusSt George Hospital RR,20073939,90374263,Invoice,25,0,1,25,25
1/4/2023,Freight UR,Uro,202301,1021928,Providence Health & Services,,1021928,Providence Health & Services,Providence Medford Medical CenterAttn: Receiving,20079519,90374264,Invoice,25,0,1,25,25
1/4/2023,Freight UR,Uro,202301,1022115,Hospital Sisters Health System,,1022115,Hospital Sisters Health System,HSHS St Elizabeths HospitalAttn: Receving,20083991,90374265,Invoice,25,0,1,25,25
1/4/2023,Freight UR,Uro,202301,1022236,Scripps Health,,1022236,Scripps Health,Scripps HealthAttn: La Jolla Receiving,20081346,90374266,Invoice,9.89,0,1,9.89,9.89
1/4/2023,Freight UR,Uro,202301,1022236,Scripps Health,,1022236,Scripps Health,Scripps HealthAttn: La Jolla Receiving,20081346,90374266,Invoice,15.11,0,1,15.11,15.11
1/4/2023,Freight UR,Uro,202301,1022237,Sharp Healthcare,,1022237,Sharp Healthcare,Sharp Healthcare(San Diego CA)Sharp Rees-Stealy,20072560,90374267,Invoice,25,0,1,25,25
1/4/2023,Freight UR,Uro,202301,1022292,SSM Health Care St Louis,,1022292,SSM Health Care St Louis,SSM Health DePaul HospitalSt. Clare Hospital St. Louis,20164112,90374268,Invoice,25,0,1,25,25
1/4/2023,Freight UR,Uro,202301,1022350,Spartanburg Regional Healthcare System,,1022350,Spartanburg Regional Healthcare System,Spartanburg Medical CenterAttn: Receiving,20075357,90374269,Invoice,25,0,1,25,25
1/4/2023,Freight UR,Uro,202301,1022361,Corewell Health,,1022361,Corewell Health,Spectrum Health Med GroupAttn: Receiving,20167546,90374270,Invoice,25,0,1,25,25
1/4/2023,Freight UR,Uro,202301,1022392,Covenant: St Joseph Nashua,,1022392,Covenant: St Joseph Nashua,ST JOSEPH HOSPITAL-BANGORReceiving PO# 632022-410464,20195880,90374271,Invoice,950,0,1,950,950
1/4/2023,Freight UR,Uro,202301,1022400,Trinity Health,,1022400,Trinity Health,Loyola: MacNeal Center for UrologyAttn: Receiving,20163689,90374272,Invoice,25,0,1,25,25
1/4/2023,Freight UR,Uro,202301,1022400,Trinity Health,,1022400,Trinity Health,St Joseph's Hosp. Health CtrAttn: Urogynecology,20197222,90374273,Invoice,25,0,1,25,25
1/4/2023,Freight UR,Uro,202301,1022456,St Lukes Health System,,1022456,St Lukes Health System,St Lukes PlazaSLH Plaza Shipping and ReceivingBOICT121,20082258,90374276,Invoice,25,0,1,25,25
1/4/2023,Freight UR,Uro,202301,1022487,Sutter Health System Office,,1022487,Sutter Health System Office,Sutter Health Sacsierra RegionPH Receiving Dock 36001105211,20070977,90374277,Invoice,25,0,1,25,25
1/4/2023,Freight UR,Uro,202301,1022499,CHI - Common Spirit Health,,1022499,CHI - Common Spirit Health,"TRIHEALTH BETHESDA N HOSPITALSean KeenanCE, 01-1062729",20167278,90374278,Invoice,11.6,0,1,11.6,11.6
1/4/2023,Freight UR,Uro,202301,1022567,Jefferson Health,,1022567,Jefferson Health,Jefferson Health - Bluemie BldgAttn: Receiving,20083666,90374279,Invoice,25,0,1,25,25
1/4/2023,Freight UR,Uro,202301,1022581,Thibodaux Regional Health System,,1022581,Thibodaux Regional Health System,Thibodaux Reg.M.C.Attn: Chase/Biomed for Urology Clinic,20077557,90374280,Invoice,550,0,1,550,550
1/4/2023,Freight UR,Uro,202301,1022826,University of Rochester,,1022826,University of Rochester,UR Med Urology SawgrassAttn: Receiving,20084561,90374281,Invoice,25,0,1,25,25
1/4/2023,Freight UR,Uro,202301,1022826,University of Rochester,,1022826,University of Rochester,UR Med Urology SawgrassAttn: Receiving,20084561,90374282,Invoice,25,0,1,25,25
1/4/2023,Freight UR,Uro,202301,1022826,University of Rochester,,1022826,University of Rochester,UR Med Strong Memorial HospitalAttn: SH MPD U2664394-23,20073183,90374283,Invoice,25,0,1,25,25
1/4/2023,Freight UR,Uro,202301,1022837,University of Chicago Medicine,,1022837,University of Chicago Medicine,University of Chicago Medical CenterCOMER MANAGER OFFICE K-475MAIN DOCK,20079953,90374284,Invoice,25,0,1,25,25
1/4/2023,Freight UR,Uro,202301,1022837,University of Chicago Medicine,,1022837,University of Chicago Medicine,UChicago Medicine River EastAttn: Receiving,20084938,90374285,Invoice,25,0,1,25,25
1/4/2023,Freight UR,Uro,202301,1022848,University of Colorado Health,,1022848,University of Colorado Health,Memorial Health SystemAttn: Receiving,20167864,90374286,Invoice,25,0,1,25,25
1/4/2023,Freight UR,Uro,202301,1022851,University of Utah Health,,1022851,University of Utah Health,University Health C.(Universityof Utah Hosp. and Attn: Receiving -ACC AREA E,20082059,90374287,Invoice,25,0,1,25,25
1/4/2023,Freight UR,Uro,202301,1022897,Beth Israel Lahey Health,,1022897,Beth Israel Lahey Health,Lahey Clinic BurlingtonAttn: Receiving,20075709,90374288,Invoice,25,0,1,25,25
1/4/2023,Freight UR,Uro,202301,1022954,GenesisCare,,1022954,GenesisCare,CU3 - Coastal UrologyCU3 - CU3 Lab,20164293,90374289,Invoice,16.3,0,1,16.3,16.3
1/4/2023,Freight UR,Uro,202301,1022954,GenesisCare,,1022954,GenesisCare,21st.Century Oncology LLCGS1 - Grand Strand Urology,20077166,90374290,Invoice,17.18,0,1,17.18,17.18
1/4/2023,Freight UR,Uro,202301,1022954,GenesisCare,,1022954,GenesisCare,USS - Florida Urology SpecialistsAttn: Kristen Wildasin 10117P8112443,20069635,90374291,Invoice,22,0,1,22,22
1/4/2023,Freight UR,Uro,202301,1022994,University of Missouri Healthcare,,1022994,University of Missouri Healthcare,"University of Missouri Health CenterAttn: Reed, Amber NicoleQuarterdeck Dock",20066963,90374292,Invoice,550,0,1,550,550
1/4/2023,Freight UR,Uro,202301,1022999,Urodynamic PRN LLC,,1022999,Urodynamic PRN LLC,Urodynamic PRN LLC(Luling LA)Attn: Receiving,20076058,90374293,Invoice,70.73,0,1,70.73,70.73
1/4/2023,Freight UR,Uro,202301,1023072,USC University Hospital,,1023072,USC University Hospital,USC Institute of Urology-VerdugoAttn: Receiving,20071547,90374294,Invoice,25,0,1,25,25
1/4/2023,Freight UR,Uro,202301,1023078,UT Southwestern Medical Center,,1023078,UT Southwestern Medical Center,UT Southwestern Medical CenterAttn: CUH Receiving OSC 5230062529,20083938,90374295,Invoice,25,0,1,25,25
1/4/2023,Freight UR,Uro,202301,1023148,Vanderbilt University Medical Center,,1023148,Vanderbilt University Medical Center,Vanderbilt University Medical CenteAttn: Recieving 8480000,20071177,90374296,Invoice,25,0,1,25,25
1/4/2023,Freight UR,Uro,202301,1023267,Aspirus Health,,1023267,Aspirus Health,Aspirus Hospice HouseAttn: Receiving,20197348,90374297,Invoice,150,0,1,150,150
1/4/2023,Freight UR,Uro,202301,1023307,WakeMed Health and Hospitals,,1023307,WakeMed Health and Hospitals,WakeMed - Urogynecology-CaryAttn: Suite 310,20167894,90374298,Invoice,550,0,1,550,550
1/4/2023,Freight UR,Uro,202301,1023307,WakeMed Health and Hospitals,,1023307,WakeMed Health and Hospitals,WakeMed - Urogynecology-CaryAttn: Receiving,20167894,90374299,Invoice,2.6,0,1,2.6,2.6
1/4/2023,Freight UR,Uro,202301,1023307,WakeMed Health and Hospitals,,1023307,WakeMed Health and Hospitals,WakeMed - Urogynecology-CaryAttn: Receiving,20167894,90374299,Invoice,22.4,0,1,22.4,22.4
1/4/2023,Freight UR,Uro,202301,1023458,Wayne Surgical Center,,1023458,Wayne Surgical Center,Wayne Surgical CenterAttn: Receiving,20076417,90374300,Invoice,184.06,0,1,184.06,184.06
1/4/2023,Freight UR,Uro,202301,1087643,Southland Uro+Gynecology LLC,,1087643,Southland Uro+Gynecology LLC,Southland Uro+Gynecology LLCAttn: Office Manager,20168689,90374301,Invoice,22,0,1,22,22
1/4/2023,Freight UR,Uro,202301,1079825,"AvTech Capital, LLC",,1079825,"AvTech Capital, LLC",ClearSky Waxahachiec/o Armstrong RelocationAttn: Receiving,20171077,90374302,Invoice,150,0,1,150,150
1/4/2023,Freight UR,Uro,202301,1079825,"AvTech Capital, LLC",,1079825,"AvTech Capital, LLC",ClearSky Rehab Hospital of Mansfieldc/o Next Step RelocationAttn: Receiving,20171080,90374303,Invoice,150,0,1,150,150
1/4/2023,Freight UR,Uro,202301,1108517,Nashville Urology PC,,1108517,Nashville Urology PC,Nashville UrologyAttn: Receiving,20170524,90374304,Invoice,224.84,0,1,224.84,224.84
1/4/2023,Freight UR,Uro,202301,1061743,NHS Greater Glasgow & Clyde Finance Department,,1061743,NHS Greater Glasgow & Clyde Finance Department,C/O NHSGGC (SOUTH) CENTRAL STORESMargaret Morton,20170837,90374321,Invoice,18.36,0,1,18.36,18.36
1/4/2023,Freight UR,Uro,202301,1061794,Lewisham & Greenwich NHS trust RJ2 Payables 4715,,1061794,Lewisham & Greenwich NHS trust RJ2 Payables 4715,The Lewisham and Greenwich NHS TrustMain Stores Delivery Point A,20153356,90374323,Invoice,18.36,0,1,18.36,18.36
1/4/2023,Freight UR,Uro,202301,1061762,Aneurin Bevan Local Health Board 342049 Accounts Payable,,1061762,Aneurin Bevan Local Health Board 342049 Accounts Payable,324551 GUH R and D StoresGrange University Hospital,20166842,90374324,Invoice,18.36,0,1,18.36,18.36
1/5/2023,3rd party,CI,202301,1061013,CHU Rennes,,1061013,CHU Rennes,"CHU RennesPôle Pharmacie, Bmt-Hc",20151110,90374310,Credit Memo,-431.56,-249.66,-10,4315.6,4565.26
1/5/2023,3rd party,CI,202301,1061013,CHU Rennes,,1061013,CHU Rennes,"CHU RennesPôle Pharmacie, Bmt-Hc",20151110,90374311,Debit Memo,431.56,249.66,10,4315.6,4065.94
1/5/2023,Endoscopy Sheaths,Uro,202301,1058855,CH Samuel Pozzi,,1058855,CH Samuel Pozzi,CH Samuel PozziPharmacie,20151794,90374313,Debit Memo,390.95,94.62,10,3909.5,3814.88
1/5/2023,Other Uro Dx Equipment,Uro,202301,1070382,MEQnordic A/S Accouning Dept.,,1070382,MEQnordic A/S Accouning Dept.,MEQnordic A/SAccounting,1058994,90374314,Invoice,2672.69,0,1,2672.69,2672.69
1/5/2023,Endoscopy Sheaths,Uro,202301,1089385,CH Haut Bugey Pharmacie,,1089385,CH Haut Bugey Pharmacie,CH Haut BugeyPharmacie,20154128,90374320,Credit Memo,-1359.41,-378.47,-40,54376.4,54754.87
1/5/2023,Endoscopy Sheaths,Uro,202301,1089385,CH Haut Bugey Pharmacie,,1089385,CH Haut Bugey Pharmacie,CH Haut BugeyPharmacie,20154128,90374322,Debit Memo,1359.41,378.47,40,54376.4,53997.93
1/5/2023,InjeTAK,Uro,202301,1089385,CH Haut Bugey Pharmacie,,1089385,CH Haut Bugey Pharmacie,CH Haut BugeyPharmacie,20154128,90374322,Debit Memo,48.77,19.66,2,97.54,77.88
1/5/2023,T-Doc Catheters,Uro,202301,1060927,CH Grasse,,1060927,CH Grasse,CH GrasseService Pharmacie,20152891,90374331,Credit Memo,-448.95,-86.31,-20,8979,9065.31
1/5/2023,T-Doc Catheters,Uro,202301,1060927,CH Grasse,,1060927,CH Grasse,CH GrasseService Pharmacie,20152891,90374331,Credit Memo,-161.84,-26.44,-10,1618.4,1644.84
1/5/2023,Kiwi,CI,202301,1060965,CH Saintonge,,1060965,CH Saintonge,CH SaintongeService Pharmacie,20152892,90374333,Credit Memo,-1514.78,-155.69,-30,45443.4,45599.09
1/5/2023,Tubing,Uro,202301,1060965,CH Saintonge,,1060965,CH Saintonge,CH SaintongeService Pharmacie,20152892,90374334,Debit Memo,340.02,127.31,50,17001,16873.69
1/5/2023,Kiwi,CI,202301,1060965,CH Saintonge,,1060965,CH Saintonge,CH SaintongeService Pharmacie,20152892,90374334,Debit Memo,1514.78,155.69,30,45443.4,45287.71
1/5/2023,Ph/Impedance Catheters,GI,202301,1060969,CH Tulle,,1060969,CH Tulle,CH TulleMagasin - Le Chandou,20151265,90374335,Credit Memo,-364.34,-199.59,-10,3643.4,3842.99
1/5/2023,InjeTAK,Uro,202301,1061001,CHU Toulouse,,1061001,CHU Toulouse,CHU ToulouseLogipharma - DMS,20151157,90374337,Credit Memo,-200.03,-108.76,-6,1200.18,1308.94
1/5/2023,InjeTAK,Uro,202301,1061001,CHU Toulouse,,1061001,CHU Toulouse,CHU ToulouseLogipharma - DMS,20151157,90374338,Debit Memo,200.03,108.76,6,1200.18,1091.42
1/5/2023,Ph/Impedance Catheters,GI,202301,1069360,CHU Toulouse Service Pharmacie 1er étage,,1069360,CHU Toulouse Service Pharmacie 1er étage,CHU ToulouseLogipharma - DMS,20151157,90374339,Credit Memo,-297.78,-199.6,-10,2977.8,3177.4
1/5/2023,Ph/Impedance Catheters,GI,202301,1069360,CHU Toulouse Service Pharmacie 1er étage,,1069360,CHU Toulouse Service Pharmacie 1er étage,CHU ToulouseLogipharma - DMS,20151157,90374340,Debit Memo,297.78,139.83,10,2977.8,2837.97
1/5/2023,Koala,CI,202301,1061001,CHU Toulouse,,1061001,CHU Toulouse,CHU ToulouseLogipharma - DMS,20151157,90374341,Credit Memo,-1582.96,-171.76,-40,63318.4,63490.16
1/5/2023,Tubing,Uro,202301,1060922,CH de Vichy,,1060922,CH de Vichy,CH de VichyService Pharmacie,20153850,90374346,Debit Memo,117.6,13.81,10,1176,1162.19
1/5/2023,Tubing,Uro,202301,1060926,CH Cannes,,1060926,CH Cannes,CH CannesPharmacie Quai 1,20151253,90374347,Credit Memo,-485.5,-127.31,-50,24275,24402.31
1/5/2023,Tubing,Uro,202301,1060926,CH Cannes,,1060926,CH Cannes,CH CannesPharmacie Quai 1,20151253,90374348,Debit Memo,485.5,127.31,50,24275,24147.69
1/5/2023,InjeTAK,Uro,202301,1058796,CH Nord Mayenne,,1058796,CH Nord Mayenne,CH Nord MayenneService Pharmacie,20151916,90374350,Debit Memo,41,19.66,2,82,62.34
1/5/2023,Endoscopy Service Contracts,Uro,202301,1061504,Clinique St Jean l'Ermitage,,1061504,Clinique St Jean l'Ermitage,Clinique St Jean l'ErmitageStock Pharmacie,20151706,90374353,Invoice,4099.82,0,1,4099.82,4099.82
1/5/2023,Kiwi,CI,202301,1061034,CH du Forez - Site de Fleurs,,1061034,CH du Forez - Site de Fleurs,CH du Forez - Site de Montbrison,1061034,90374356,Credit Memo,-1683.08,-155.68,-30,50492.4,50648.08
1/5/2023,Kiwi,CI,202301,1061034,CH du Forez - Site de Fleurs,,1061034,CH du Forez - Site de Fleurs,CH du Forez - Site de Montbrison,1061034,90374357,Debit Memo,1683.08,155.68,30,50492.4,50336.72
1/5/2023,Water Catheters,Uro,202301,1083861,Oberschwaben Klinik gGmbH Krankenhaus St. Elisabeth,,1083861,Oberschwaben Klinik gGmbH Krankenhaus St. Elisabeth,Oberschwabenklinik gGmbHSankt Elisabethen Klinikum,1059302,90374363,Invoice,860.31,83.72,20,17206.2,17122.48
1/5/2023,Water Catheters,Uro,202301,1082702,Kliniken des Landkreises Lörrach GmbH Rechnungseingang,,1082702,Kliniken des Landkreises Lörrach GmbH Rechnungseingang,Kliniken des Landkreises Lörrach GmbHMaterialwirtschaft Lörrach,20155054,90374365,Invoice,172.62,46.28,10,1726.2,1679.92
1/5/2023,Water Catheters,Uro,202301,1082702,Kliniken des Landkreises Lörrach GmbH Rechnungseingang,,1082702,Kliniken des Landkreises Lörrach GmbH Rechnungseingang,Kliniken des Landkreises Lörrach GmbHMaterialwirtschaft Lörrach,20155054,90374365,Invoice,204.99,54.16,10,2049.9,1995.74
1/5/2023,Tubing,Uro,202301,1082702,Kliniken des Landkreises Lörrach GmbH Rechnungseingang,,1082702,Kliniken des Landkreises Lörrach GmbH Rechnungseingang,Kliniken des Landkreises Lörrach GmbHMaterialwirtschaft Lörrach,20155054,90374365,Invoice,593.39,98.71,50,29669.5,29570.79
1/5/2023,UDS Other Service & Repairs,Uro,202301,1070327,Martha-Maria Krankenhaus gGmbH,,1070327,Martha-Maria Krankenhaus gGmbH,KrankenhauMartha-Maria Halle DölauMedizintechnik,20152301,90374368,Invoice,239.52,38.11,1,239.52,201.41
1/5/2023,Kiwi,CI,202301,1060466,Klinikum Dortmund gGmbH,,1060466,Klinikum Dortmund gGmbH,Klinikum Dortmund gGmbHZentrallager,1060466,90374370,Invoice,1080.73,103.79,20,21614.6,21510.81
1/5/2023,Water Catheters,Uro,202301,1069492,Universitätsklinikum Essen AöR Rechnungsbüro,,1069492,Universitätsklinikum Essen AöR Rechnungsbüro,Universitätsklinikum EssenUrologie Poliklinik/OPZ1/Ambulanz/2.OGAnmeldung/Fr. Ghadimi/Tel.:-3216,20156227,90374371,Invoice,472.6,162.48,30,14178,14015.52
1/5/2023,Kiwi,CI,202301,1069558,Kreiskliniken Böblingen gGmbH B11 Kreditorenbuchhaltung,,1069558,Kreiskliniken Böblingen gGmbH B11 Kreditorenbuchhaltung,Klinikverbund Südwest GmbHKreiskliniken Böblingen gGmbHZentrallager,20166571,90374378,Invoice,481.84,51.9,10,4818.4,4766.5
1/5/2023,Kiwi,CI,202301,1089088,SANA Helmut-G.-Walter-Klinikum Lichtenfels GmbH,,1089088,SANA Helmut-G.-Walter-Klinikum Lichtenfels GmbH,Klinikum LichtenfelsZentrale Warenannahme,20170043,90374382,Invoice,540.37,51.9,10,5403.7,5351.8
1/5/2023,Tubing,Uro,202301,1089506,Alexianer Krefeld GmbH,,1089506,Alexianer Krefeld GmbH,Alexianer Krefeld GmbHEinkauf / Warenannahme,20170381,90374383,Invoice,534.06,98.72,50,26703,26604.28
1/5/2023,Tubing,Uro,202301,1061745,Frimley Park Hospital NHS FT Heatherwood Hospital,,1061745,Frimley Park Hospital NHS FT Heatherwood Hospital,Frimley Park Hospital NHS FTFPH: Receipts and Distribution,20153591,90374385,Invoice,103.38,27.71,20,2067.6,2039.89
1/5/2023,UDS Other Service & Repairs,Uro,202301,1061751,Alder Hey Children's NHS FT Finance Department,,1061751,Alder Hey Children's NHS FT Finance Department,Alder Hey Children's NHS FTDeliveries,20155998,90374387,Invoice,697.51,139.28,1,697.51,558.23
1/5/2023,Other Uro Dx Disposables,Uro,202301,1061808,SHL Spire Healthcare Ltd Accounts Payable,,1061808,SHL Spire Healthcare Ltd Accounts Payable,Spire HealthcareSpire Shawfair Park Hospital,20163640,90374389,Invoice,1172.92,691.65,50,58646,57954.35
1/5/2023,InjeTAK,Uro,202301,1061863,NHS Supply Chain NHS Suppply Chain Accounts Payable,,1061863,NHS Supply Chain NHS Suppply Chain Accounts Payable,NHS Supply ChainBury St EdmundsBury Distribution Centre,20163892,90374392,Invoice,278.64,109.11,6,1671.84,1562.73
1/5/2023,InjeTAK,Uro,202301,1061863,NHS Supply Chain NHS Suppply Chain Accounts Payable,,1061863,NHS Supply Chain NHS Suppply Chain Accounts Payable,NHS Supply ChainNHS Supplychain Bridgwater -Express Park,20151546,90374396,Invoice,1857.58,727.37,40,74303.2,73575.83
1/5/2023,Water Catheters,Uro,202301,1061863,NHS Supply Chain NHS Suppply Chain Accounts Payable,,1061863,NHS Supply Chain NHS Suppply Chain Accounts Payable,NHS Supply ChainAlfreton,20151478,90374398,Invoice,57.27,45.13,10,572.7,527.57
1/5/2023,InjeTAK,Uro,202301,1061863,NHS Supply Chain NHS Suppply Chain Accounts Payable,,1061863,NHS Supply Chain NHS Suppply Chain Accounts Payable,"NHS Supply ChainRugby, Gynae Opd",20151486,90374399,Invoice,158.1,39.44,4,632.4,592.96
1/5/2023,InjeTAK,Uro,202301,1061863,NHS Supply Chain NHS Suppply Chain Accounts Payable,,1061863,NHS Supply Chain NHS Suppply Chain Accounts Payable,NHS Supply ChainBury St EdmundsBury Distribution Centre,20163892,90374400,Invoice,557.27,218.21,12,6687.24,6469.03
1/5/2023,InjeTAK,Uro,202301,1061863,NHS Supply Chain NHS Suppply Chain Accounts Payable,,1061863,NHS Supply Chain NHS Suppply Chain Accounts Payable,NHS Supply ChainNHSSC Maidstone,20152822,90374401,Invoice,92.88,36.37,2,185.76,149.39
1/5/2023,UDS Other Service & Repairs,Uro,202301,1083538,HP Dijon Bourgogne (HPDB),,1083538,HP Dijon Bourgogne (HPDB),HP DIJON BOURGOGNE (HPDB)BIOMEDICAL/NATHAN SOURRIS,1058772,90374402,Invoice,0,0,0,0,0
1/5/2023,UDS Other Service & Repairs,Uro,202301,1083538,HP Dijon Bourgogne (HPDB),,1083538,HP Dijon Bourgogne (HPDB),HP DIJON BOURGOGNE (HPDB)BIOMEDICAL/NATHAN SOURRIS,1058772,90374402,Invoice,0,0,0,0,0
1/5/2023,UDS Other Service & Repairs,Uro,202301,1083538,HP Dijon Bourgogne (HPDB),,1083538,HP Dijon Bourgogne (HPDB),HP DIJON BOURGOGNE (HPDB)BIOMEDICAL/NATHAN SOURRIS,1058772,90374402,Invoice,0,0,0,0,0
1/5/2023,Endoscopy Parts & Accessories,Uro,202301,1058862,Mcmed,,1058862,Mcmed,McmedCaroline Coville,1058862,90374403,Invoice,0,48.96,1,0,-48.96
1/5/2023,Tubing,Uro,202301,1061037,GCS Pui - Cité Sanitaire,,1061037,GCS Pui - Cité Sanitaire,GCS Pui - Cité SanitaireMagasin Pharmacie Cite Sanitaire,20151128,90374405,Invoice,64.73,48.01,25,1618.25,1570.24
1/5/2023,Other Uro Dx Disposables,Uro,202301,1061060,CH du Haut Anjou,,1061060,CH du Haut Anjou,CH du Haut AnjouMagasin Général,20151139,90374406,Invoice,400.81,23.73,50,20040.5,20016.77
1/5/2023,UDS Other Service & Repairs,Uro,202301,1061347,NCBA Clinique Bel Air - GBNA,,1061347,NCBA Clinique Bel Air - GBNA,NCBA Clinique Bel Air - GBNAENDOSCOPIE/SOPHIE COLLANTIER,1061347,90374409,Invoice,0,0,0,0,0
1/5/2023,UDS Other Service & Repairs,Uro,202301,1061347,NCBA Clinique Bel Air - GBNA,,1061347,NCBA Clinique Bel Air - GBNA,NCBA Clinique Bel Air - GBNAENDOSCOPIE/SOPHIE COLLANTIER,1061347,90374409,Invoice,0,0,0,0,0
1/5/2023,UDS Other Service & Repairs,Uro,202301,1079964,Clinique Ormeau Pyrénées DA ORP,,1079964,Clinique Ormeau Pyrénées DA ORP,CLINIQUE ORMEAU PYRÉNÉESJOCELYNE MARZOLINI,1061460,90374410,Invoice,4447.99,0,0,0,0
1/5/2023,UDS Other Service & Repairs,Uro,202301,1079964,Clinique Ormeau Pyrénées DA ORP,,1079964,Clinique Ormeau Pyrénées DA ORP,CLINIQUE ORMEAU PYRÉNÉESJOCELYNE MARZOLINI,1061460,90374410,Invoice,2229.44,0,0,0,0
1/5/2023,Koala,CI,202301,1061497,Clinique Mathilde,,1061497,Clinique Mathilde,Clinique MathildeService Pharmacie,20196955,90374411,Invoice,1119.9,85.88,20,22398,22312.12
1/5/2023,Kiwi,CI,202301,1083908,SA Champeau Méditerranée,,1083908,SA Champeau Méditerranée,SA Champeau Méditerranée,1083908,90374413,Invoice,566.42,51.89,10,5664.2,5612.31
1/5/2023,Clearview,CI,202301,9980001262,Peggy Querrec,,9980001262,Peggy Querrec,Peggy Querrec,9980001262,90374414,Invoice,0,77.2,5,0,-77.2
1/5/2023,Clearview,CI,202301,9980001262,Peggy Querrec,,9980001262,Peggy Querrec,Peggy Querrec,9980001262,90374414,Invoice,0,78.11,5,0,-78.11
1/5/2023,Water Catheters,Uro,202301,1060139,Clinique Romande de Réadaptation Magasin des soins infirmiers,,1060139,Clinique Romande de Réadaptation Magasin des soins infirmiers,Clinique Romande de RéadaptationMagasin des soins infirmiersQuai de livraison n. 6,1060139,90374417,Invoice,922.81,169.93,40,36912.4,36742.47
1/5/2023,UDS Other Service & Repairs,Uro,202301,1059725,Medicor Medical Supplies NV,,1059725,Medicor Medical Supplies NV,Medicor Medical Supplies NVWarehouse - T.a.v. Kris Goddeau,20155360,90374418,Invoice,2727.01,0,0,0,0
1/5/2023,UDS Other Service & Repairs,Uro,202301,1059725,Medicor Medical Supplies NV,,1059725,Medicor Medical Supplies NV,Medicor Medical Supplies NVWarehouse - T.a.v. Kris Goddeau,20155360,90374418,Invoice,1472.7,0,0,0,0
1/5/2023,Kiwi,CI,202301,1070328,CHC asbl Comptabilité,,1070328,CHC asbl Comptabilité,CHC asblClinique CHC Montlégia,20156239,90374419,Invoice,5826.06,518.95,100,582606,582087.05
1/5/2023,Other Uro Dx Equipment,Uro,202301,1069667,EB Neuro  S.p.A.,,1069667,EB Neuro  S.p.A.,EB Neuro S.p.A.Antonio Maccario,20156439,90374421,Invoice,269.72,0,1,269.72,269.72
1/5/2023,Other Uro Dx Equipment,Uro,202301,1070382,MEQnordic A/S Accouning Dept.,,1070382,MEQnordic A/S Accouning Dept.,MEQnordic A/SWarehouse,20151617,90374422,Invoice,1849.94,0,1,1849.94,1849.94
1/5/2023,Other GI Disposables,GI,202301,1059003,Sisk Healthcare t/a M.E.D. Surgical Unit 3,,1059003,Sisk Healthcare t/a M.E.D. Surgical Unit 3,StoresM.E.D. SurgicalUnit 3,20150917,90374423,Invoice,345.46,59.77,20,6909.2,6849.43
1/5/2023,Incontinence MPQ,Uro,202301,1070159,Academisch Ziekenhuis Maastricht Crediteurenadministratie,,1070159,Academisch Ziekenhuis Maastricht Crediteurenadministratie,Academisch Ziekenhuis MaastrichtAzm Distributieknooppunt,20151844,90374424,Invoice,2255.98,120.79,3,6767.94,6647.15
1/5/2023,Other GI Disposables,GI,202301,1059197,Zorgsaam Ziekenhuis Crediteurenadministratie,,1059197,Zorgsaam Ziekenhuis Crediteurenadministratie,Zorgsaam ZiekenhuisCentraal Magazijn - Goederenontvangst,20153578,90374426,Invoice,29.13,9.77,1,29.13,19.36
1/5/2023,Kiwi,CI,202301,1059220,Isala,,1059220,Isala,IsalaHospital Logistics,20150943,90374427,Invoice,235.2,25.95,5,1176,1150.05
1/5/2023,Optilume Strictures,Uro,202301,1089747,Apsu Medical AB,,1089747,Apsu Medical AB,Medical Log PointAtt: Apsu Medical,20170910,90374429,Invoice,9000,0,6,54000,54000
1/5/2023,Optilume Strictures,Uro,202301,1089747,Apsu Medical AB,,1089747,Apsu Medical AB,Medical Log PointAtt: Apsu Medical,20170910,90374429,Invoice,0,180.18,0,0,-180.18
1/5/2023,Tubing,Uro,202301,1059517,Vlbg. Krankenhaus-Betriebsges.m.b.H. Landeskrankenhaus Feldkirch,,1059517,Vlbg. Krankenhaus-Betriebsges.m.b.H. Landeskrankenhaus Feldkirch,LKH FeldkirchMaterialverwaltung,1059517,90374431,Invoice,498.45,89.65,30,14953.5,14863.85
1/5/2023,Kiwi,CI,202301,1069453,Vlbg. Krankenhaus-Betriebsges.m.b.H. Landeskrankenhaus Bregenz,,1069453,Vlbg. Krankenhaus-Betriebsges.m.b.H. Landeskrankenhaus Bregenz,LKH BregenzMaterialverwaltung Bregenz,20156306,90374432,Invoice,496.29,51.89,10,4962.9,4911.01
1/5/2023,babyLance,CI,202301,1020072,Claflin Company,,1020072,Claflin Company,Claflin CompanyATTN: Receiving,20163260,90374436,Invoice,760,312,800,608000,607688
1/5/2023,babyLance,CI,202301,1020072,Claflin Company,,1020072,Claflin Company,Claflin CompanyATTN: Receiving,20163260,90374436,Invoice,190,78,200,38000,37922
1/5/2023,ROM,CI,202301,1020072,Claflin Company,,1020072,Claflin Company,Claflin CompanyATTN: Receiving,20163260,90374436,Invoice,3700,602,100,370000,369398
1/5/2023,BoogieBaby,CI,202301,1020177,Cuyuna Regional Medical Center,,1020177,Cuyuna Regional Medical Center,Cuyuna Regional Medical CenterAttn: Receiving,20163713,90374437,Invoice,118,40,100,11800,11760
1/5/2023,BoogieBaby,CI,202301,1020177,Cuyuna Regional Medical Center,,1020177,Cuyuna Regional Medical Center,Cuyuna Regional Medical CenterAttn: Receiving,20163713,90374438,Invoice,118,40,100,11800,11760
1/5/2023,ROM,CI,202301,1020775,Ardent: Hillcrest Healthcare System,,1020775,Ardent: Hillcrest Healthcare System,Hillcrest Hospital SouthAttn: Receiving,20073991,90374439,Invoice,1750,270.5,50,87500,87229.5
1/5/2023,ROM,CI,202301,1020775,Ardent: Hillcrest Healthcare System,,1020775,Ardent: Hillcrest Healthcare System,Hillcrest Hospital SouthAttn: Receiving,20073991,90374439,Invoice,35,30.75,5,175,144.25
1/5/2023,ROM,CI,202301,1021253,MedStar Health,,1021253,MedStar Health,MedStar Southern Maryland Hospital CtrAttn: Receiving,20073738,90374440,Invoice,7400,1204,200,1480000,1478796
1/5/2023,ROM,CI,202301,1021253,MedStar Health,,1021253,MedStar Health,MedStar Southern Maryland Hospital CtrAttn: Receiving,20073738,90374440,Invoice,212.5,153.75,25,5312.5,5158.75
1/5/2023,BoogieBaby,CI,202301,1022024,Reid Hospital & Health Care Services Inc,,1022024,Reid Hospital & Health Care Services Inc,Reid Hospital and Health Care Services IncAttn: Receiving,20073945,90374441,Invoice,135,41,100,13500,13459
1/5/2023,Kiwi,CI,202301,1022575,ThedaCare Inc,,1022575,ThedaCare Inc,ThedaCare ShawanoAttn: Receiving,20166762,90374443,Invoice,135,26.15,5,675,648.85
1/5/2023,Traxi,CI,202301,1078679,Cardinal Health,,1078679,Cardinal Health,COOPER DISTRIBUTION CENTERRECEIVING DOCK COOPER UNIVERSITY (C,20166710,90374445,Invoice,455,29.6,10,4550,4520.4
1/5/2023,Koala,CI,202301,1078679,Cardinal Health,,1078679,Cardinal Health,COOPER DISTRIBUTION CENTERRECEIVING DOCK COOPER UNIVERSITY (C,20166710,90374447,Invoice,55,17.57,1,55,37.43
1/5/2023,Kiwi,CI,202301,1078679,Cardinal Health,,1078679,Cardinal Health,HCA COLLETON MEDICAL CENTERAttn: Receiving,20166710,90374448,Invoice,400,71.9,10,4000,3928.1
1/5/2023,babyLance,CI,202301,1078703,"Distribution Cooperative, Inc.",,1078703,"Distribution Cooperative, Inc.","Distribution Cooperative, Inc.ATTN: Receiving",20162912,90374450,Invoice,624,312,800,499200,498888
1/5/2023,Koala,CI,202301,1078784,OM Owens & Minor,,1078784,OM Owens & Minor,CAMDEN CLARK MEDICAL CTRCAMDEN CLARK MEM HOSP - NON-STOCK,20168091,90374451,Invoice,1122,181.2,40,44880,44698.8
1/5/2023,Koala,CI,202301,1078784,OM Owens & Minor,,1078784,OM Owens & Minor,TX HEALTH HARRIS METH HOSP ALLIANCETX HEALTH HARRIS METH HOSP ALLIANCE,20168091,90374452,Invoice,561,90.6,20,11220,11129.4
1/5/2023,Koala,CI,202301,1078784,OM Owens & Minor,,1078784,OM Owens & Minor,HEALTHEASTST JOHN S NON STOCK/OR,20168091,90374453,Invoice,841.5,135.9,30,25245,25109.1
1/5/2023,Koala,CI,202301,1078784,OM Owens & Minor,,1078784,OM Owens & Minor,SENTARA NORFOLK GEN HOSPITAL - BULKSENTARA NORFOLK GEN HOSPITAL - BULK,20168091,90374454,Invoice,1683,271.8,60,100980,100708.2
1/5/2023,Koala,CI,202301,1078784,OM Owens & Minor,,1078784,OM Owens & Minor,SENTARA LEIGH HOSPITAL - BULKSENTARA LEIGH HOSPITAL - BULK,20168091,90374456,Invoice,280.5,45.3,10,2805,2759.7
1/5/2023,ROM,CI,202301,9980001104,Ross Collins,,9980001104,Ross Collins,Ross Collins,9980001104,90374460,Invoice,0,150.5,25,0,-150.5
1/5/2023,ROM,CI,202301,9980001104,Ross Collins,,9980001104,Ross Collins,Ross Collins,9980001104,90374460,Invoice,0,135.25,25,0,-135.25
1/5/2023,Koala,CI,202301,9980001104,Ross Collins,,9980001104,Ross Collins,Ross Collins,9980001104,90374460,Invoice,0,74.84,4,0,-74.84
1/5/2023,Traxi,CI,202301,9980001107,Mark Gables,,9980001107,Mark Gables,Mark Gables,9980001107,90374461,Invoice,0,356.4,40,0,-356.4
1/5/2023,Traxi,CI,202301,9980001107,Mark Gables,,9980001107,Mark Gables,Mark Gables,9980001107,90374461,Invoice,0,118.4,40,0,-118.4
1/5/2023,Kiwi,CI,202301,9980001255,Susan Smyth,,9980001255,Susan Smyth,Susan Smyth,9980001255,90374463,Invoice,0,71.9,10,0,-71.9
1/5/2023,ClearView Total,CI,202301,9980001255,Susan Smyth,,9980001255,Susan Smyth,Susan Smyth,9980001255,90374463,Invoice,0,147.8,5,0,-147.8
1/5/2023,Kiwi,CI,202301,1078661,Alberta Health Service,,1078661,Alberta Health Service,PDC PONOKA DISTRIBUTION Center (DC)Attn: Receiving,20168277,90374464,Invoice,344.1,52.76,10,3441,3388.24
1/5/2023,Koala,CI,202301,1078799,Prince Albert Parkland Health Region **CONSOLIDATED use 1078834**,1078834,1078834,Saskatchewan Health Authority,Victoria HospitalAttn: Receiving,20163254,90374471,Invoice,750.76,91.4,20,15015.2,14923.8
1/5/2023,Kiwi,CI,202301,1078825,SUNNYBROOK HEALTH SCIENCES CENTRE,,1078825,SUNNYBROOK HEALTH SCIENCES CENTRE,Sunnybrook Health Sciences CentreAttn: Receiving,20163868,90374472,Invoice,1862,263.8,50,93100,92836.2
1/5/2023,Kiwi,CI,202301,1080952,SCI Logistics Ltd.,,1080952,SCI Logistics Ltd.,SCI Logistics - 3SO BusinessAttn: Receiving,20166100,90374479,Invoice,1001.76,131.91,25,25044,24912.09
1/5/2023,babyLance,CI,202301,1108644,Community Midwives of Halton,,1108644,Community Midwives of Halton,Community Midwives of HaltonAttn: Receiving,20197401,90374480,Invoice,223.44,78.69,200,44688,44609.31
1/5/2023,Optilume Strictures,Uro,202301,1019036,Columbus Reg Healthcare System,,1019036,Columbus Reg Healthcare System,Columbus Reg Healthcare SystemAttn: ReceivingGENERAL STORES,20164176,90374483,Invoice,2095,0,1,2095,2095
1/5/2023,Optilume Strictures,Uro,202301,1019036,Columbus Reg Healthcare System,,1019036,Columbus Reg Healthcare System,Columbus Reg Healthcare SystemAttn: ReceivingGENERAL STORES,20164176,90374483,Invoice,0,28,0,0,-28
1/5/2023,Spot Ex,GI,202301,1019214,Doctors Medical Center of Modesto,,1019214,Doctors Medical Center of Modesto,Doctors Medical Center of Modesto Inc.Attn: Receiving,20073915,90374487,Invoice,345,33.6,10,3450,3416.4
1/5/2023,Incontinence UPC Lead Sets,Uro,202301,1019217,MJW Medical Solutions Inc,,1019217,MJW Medical Solutions Inc,Naval Hospital Camp PendeltonAttn: Receiving,20072166,90374488,Invoice,780,41.88,1,780,738.12
1/5/2023,Other Uro Tx Disposables,Uro,202301,1019428,Mobile Dysphagia Imaging of North Jersey,,1019428,Mobile Dysphagia Imaging of North Jersey,Mobile Dysphagia Imaging of North JerseyAttn: Receiving,20170905,90374492,Invoice,298,42.6,12,3576,3533.4
1/5/2023,Incontinence UPC Lead Sets,Uro,202301,1019476,Advanced Urology Institute LLC,,1019476,Advanced Urology Institute LLC,Advanced Urology InstituteAttn: Receiving/PIN-57106-AUI,20074176,90374493,Invoice,1740,125.64,3,5220,5094.36
1/5/2023,Incontinence UPC Lead Sets,Uro,202301,1019535,Albany Med Health System,,1019535,Albany Med Health System,Albany Medical CenterAttn: Receiving,20168243,90374496,Invoice,660,41.88,1,660,618.12
1/5/2023,Incontinence UPC Lead Sets,Uro,202301,1019540,UnityPoint Health,,1019540,UnityPoint Health,UnityPoint Allen HospitalAttn: Receiving,20074543,90374497,Invoice,819,41.88,1,819,777.12
1/5/2023,Incontinence UPC Lead Sets,Uro,202301,1019582,Luminis Health,,1019582,Luminis Health,Luminis Womens Pelvic Health OdentonAttn: Receiving,20073381,90374501,Invoice,1868,83.76,2,3736,3652.24
1/5/2023,RenovaRP Consumables,GI,202301,1019605,Appalachian Regional HC Inc.,,1019605,Appalachian Regional HC Inc.,Appalachian Regional Healthcare IncAttn: Receiving,20078098,90374503,Invoice,215,100,20,4300,4200
1/5/2023,Optilume Strictures,Uro,202301,1019647,New Hanover Regional Medical Ctr *CONSOLIDATED use 1021590*,1021590,1021590,Novant Health Inc.,New Hanover Regional Medical CtrAttn: Receiving Dock 6809312,20069038,90374505,Invoice,4190,0,2,8380,8380
1/5/2023,Optilume Strictures,Uro,202301,1019647,New Hanover Regional Medical Ctr *CONSOLIDATED use 1021590*,1021590,1021590,Novant Health Inc.,New Hanover Regional Medical CtrAttn: Receiving Dock 6809312,20069038,90374505,Invoice,0,56,0,0,-56
1/5/2023,Optilume Strictures,Uro,202301,1019647,New Hanover Regional Medical Ctr *CONSOLIDATED use 1021590*,1021590,1021590,Novant Health Inc.,New Hanover Regional Medical CtrAttn: Receiving Dock 6809312,20069038,90374505,Invoice,4190,0,2,8380,8380
1/5/2023,Optilume Strictures,Uro,202301,1019647,New Hanover Regional Medical Ctr *CONSOLIDATED use 1021590*,1021590,1021590,Novant Health Inc.,New Hanover Regional Medical CtrAttn: Receiving Dock 6809312,20069038,90374505,Invoice,0,402,0,0,-402
1/5/2023,Optilume Strictures,Uro,202301,1019647,New Hanover Regional Medical Ctr *CONSOLIDATED use 1021590*,1021590,1021590,Novant Health Inc.,New Hanover Regional Medical CtrAttn: Receiving Dock 6809312,20069038,90374505,Invoice,0,56,0,0,-56
1/5/2023,EverLift,GI,202301,1019652,BJC Healthcare,,1019652,BJC Healthcare,CHRISTIAN NORTHEAST HOSPITALpo 1020331309,20193062,90374507,Invoice,720,90.9,10,7200,7109.1
1/5/2023,Optilume Strictures,Uro,202301,1019652,BJC Healthcare,,1019652,BJC Healthcare,BJC Missouri Baptist Medical CenterAttn: Receiving 1060579225,20078904,90374508,Invoice,2095,0,1,2095,2095
1/5/2023,Optilume Strictures,Uro,202301,1019652,BJC Healthcare,,1019652,BJC Healthcare,BJC Missouri Baptist Medical CenterAttn: Receiving 1060579225,20078904,90374508,Invoice,0,201,0,0,-201
1/5/2023,Optilume Strictures,Uro,202301,1019652,BJC Healthcare,,1019652,BJC Healthcare,BJC Missouri Baptist Medical CenterAttn: Receiving 1060579225,20078904,90374508,Invoice,0,28,0,0,-28
1/5/2023,Incontinence UPC Lead Sets,Uro,202301,1019658,Augusta Urology Assoc. LLC,,1019658,Augusta Urology Assoc. LLC,Augusta Urology Assoc. LLCATTN: RECEIVING,20079908,90374509,Invoice,934,41.88,1,934,892.12
1/5/2023,RenovaRP Consumables,GI,202301,1019668,Aurora Health *Consolidated* Use BP# 1020857,1020857,Cust Info Not Found,Cust Info Not Found,Advocate Sherman HospitalAttn: SHR Receiving Dock,20170938,90374510,Invoice,1950,328.5,30,58500,58171.5
1/5/2023,RenovaRP Consumables,GI,202301,1019668,Aurora Health *Consolidated* Use BP# 1020857,1020857,Cust Info Not Found,Cust Info Not Found,Advocate Chrsit MedicalAttn: Receiving,20084706,90374511,Invoice,1950,328.5,30,58500,58171.5
1/5/2023,RenovaRP Consumables,GI,202301,1019668,Aurora Health *Consolidated* Use BP# 1020857,1020857,Cust Info Not Found,Cust Info Not Found,Advocate Chrsit MedicalAttn: Receiving,20084706,90374511,Invoice,760,400,80,60800,60400
1/5/2023,Spot Ex,GI,202301,1019697,Bayhealth Inc,,1019697,Bayhealth Inc,Bayhealth Inc.PO 634733,20079955,90374514,Invoice,380,33.6,10,3800,3766.4
1/5/2023,Endoscopy Sheaths,Uro,202301,1019703,Florida Urology Partners LLP,,1019703,Florida Urology Partners LLP,Florida Urology Partners LLPAttn: Dr. Laryngakis,20070775,90374516,Invoice,3510,1137,100,351000,349863
1/5/2023,Spot Ex,GI,202301,1019717,Banner Health,,1019717,Banner Health,Banner HealthAttn: Central Supply,20080725,90374517,Invoice,760,67.2,20,15200,15132.8
1/5/2023,Spot Ex,GI,202301,1019812,Bon Secours Mercy Health,,1019812,Bon Secours Mercy Health,BSMH Southside Reg Med Ctrpo 24370039350,20167042,90374521,Invoice,380,33.6,10,3800,3766.4
1/5/2023,RenovaRP Consumables,GI,202301,1019812,Bon Secours Mercy Health,,1019812,Bon Secours Mercy Health,BSMH Fairfield HospitalAttn: Receiving,20166355,90374522,Invoice,1425,273.75,25,35625,35351.25
1/5/2023,Spot Ex,GI,202301,1019819,Philip R. Bowden MD PA,,1019819,Philip R. Bowden MD PA,Bowden Gastro AssociatesAttn: Surgery Center,20072051,90374523,Invoice,380,33.6,10,3800,3766.4
1/5/2023,Incontinence UPC Lead Sets,Uro,202301,1019824,Boulder Medical Center P.C.,,1019824,Boulder Medical Center P.C.,Boulder Medical Center P.C.Attn: Receiving,20080236,90374524,Invoice,5604,251.28,6,33624,33372.72
1/5/2023,Endoscopy Sheaths,Uro,202301,1019856,UNC Appalachian Regional Healthcare,,1019856,UNC Appalachian Regional Healthcare,Appalachian Watauga Medical CenterAttn: Receiving,20081174,90374527,Invoice,868,227.4,20,17360,17132.6
1/5/2023,Other GI Supply Disposables,GI,202301,1019986,Boston Children's Hospital,,1019986,Boston Children's Hospital,Boston Children's HospitalAttn: Receiving,20167614,90374529,Invoice,124,60,100,12400,12340
1/5/2023,Spot Ex,GI,202301,1020032,CentraCare Health,,1020032,CentraCare Health,St. Cloud HospitalATTN: RECEIVING,20080058,90374530,Invoice,760,67.2,20,15200,15132.8
1/5/2023,Spot Ex,GI,202301,1020042,Christus Health,,1020042,Christus Health,Christus Spohn HospitalPO 1130186,20070477,90374532,Invoice,690,67.2,20,13800,13732.8
1/5/2023,Spot Ex,GI,202301,1020064,City Of Hope,,1020064,City Of Hope,City Of Hope Medical CenterPO 2000274590,20078727,90374535,Invoice,380,33.6,10,3800,3766.4
1/5/2023,Spot Ex,GI,202301,1020112,Cone Health,,1020112,Cone Health,Cone Health Moses Cone HospitalAttn: Receiving,20168227,90374539,Invoice,1140,100.8,30,34200,34099.2
1/5/2023,Incontinence UPC Lead Sets,Uro,202301,1020112,Cone Health,,1020112,Cone Health,Cone Health Offsite Distribution CenterAttn: Receiving,20170609,90374540,Invoice,934,41.88,1,934,892.12
1/5/2023,Spot Ex,GI,202301,1020129,CSC Surgical Management Gr. LLC,,1020129,CSC Surgical Management Gr. LLC,CSC Surgical Management Gr. LLCPO SMG-57117,20079679,90374541,Invoice,380,33.6,10,3800,3766.4
1/5/2023,Incontinence UPC Lead Sets,Uro,202301,1020159,United Urology Group,,1020159,United Urology Group,Chesapeake UrologyAttn: Crystal Fitzgerald,20074821,90374544,Invoice,600,41.88,1,600,558.12
1/5/2023,Incontinence MPQ,Uro,202301,1020159,United Urology Group,,1020159,United Urology Group,Urology Associates of Southern ArizonaAttn: Receiving,20197029,90374545,Invoice,1960,210.3,5,9800,9589.7
1/5/2023,Incontinence UPC Lead Sets,Uro,202301,1020159,United Urology Group,,1020159,United Urology Group,Chesapeake UrologyAttn: Park West II Office (TUA),20070854,90374549,Invoice,600,41.88,1,600,558.12
1/5/2023,Endoscopy Sheaths,Uro,202301,1020165,Crisp Regional Hospital Inc.,,1020165,Crisp Regional Hospital Inc.,Crisp Regional Hospital Inc.Attn: Receiving,20071748,90374550,Invoice,619,112.6,10,6190,6077.4
1/5/2023,Other Uro Tx Disposables,Uro,202301,1020325,Northern Light Health,,1020325,Northern Light Health,CA Dean HospitalCA DEAN WHSE 2,20084441,90374554,Invoice,298,42.6,12,3576,3533.4
1/5/2023,Endoscopy Sheaths,Uro,202301,1020359,Ellis Hospital,,1020359,Ellis Hospital,Ellis HospitalAttn: Receiving,20075423,90374557,Invoice,848.8,227.4,20,16976,16748.6
1/5/2023,Endoscopy Sheaths,Uro,202301,1020359,Ellis Hospital,,1020359,Ellis Hospital,Ellis HospitalAttn: Receiving,20075423,90374558,Invoice,4244,1137,100,424400,423263
1/5/2023,RenovaRP Consumables,GI,202301,1020378,Legacy Health System,,1020378,Legacy Health System,Legacy Health SystemPO 3000312937,20073674,90374559,Invoice,300,54.75,5,1500,1445.25
1/5/2023,RenovaRP Consumables,GI,202301,1020394,Erlanger Health System,,1020394,Erlanger Health System,Erlanger Health SystemRECEIVING,20068082,90374560,Invoice,225,54.75,5,1125,1070.25
1/5/2023,Optilume Strictures,Uro,202301,1020407,Ardent: UT Health East Texas,,1020407,Ardent: UT Health East Texas,UT Health TylerDistribution Center 55000077414,20074052,90374562,Invoice,0,402,0,0,-402
1/5/2023,Optilume Strictures,Uro,202301,1020407,Ardent: UT Health East Texas,,1020407,Ardent: UT Health East Texas,UT Health TylerDistribution Center 55000077414,20074052,90374562,Invoice,0,56,0,0,-56
1/5/2023,Spot Ex,GI,202301,1020450,Forrest General Hosp.,,1020450,Forrest General Hosp.,Forrest General Hosp.Attn: Receiving,20077812,90374566,Invoice,380,33.6,10,3800,3766.4
1/5/2023,Spot Ex,GI,202301,1020577,Tidelands Health,,1020577,Tidelands Health,Georgetown Hospital SystemAttn: Receiving 0000347822,20084810,90374570,Invoice,760,67.2,20,15200,15132.8
1/5/2023,Spot Ex,GI,202301,1020577,Tidelands Health,,1020577,Tidelands Health,Tidelands Distribution Center #2Attn: Receiving,20084810,90374571,Invoice,760,67.2,20,15200,15132.8
1/5/2023,Spot Ex,GI,202301,1020584,Glens Falls Hospital *Consolidated* Use BP# 1019535,1019535,1019535,Albany Med Health System,Glens Falls HospitalPO RXGISUP123022,20082890,90374572,Invoice,380,33.6,10,3800,3766.4
1/5/2023,Incontinence UPC Lead Sets,Uro,202301,1020597,Genesis Healthcare Partners,,1020597,Genesis Healthcare Partners,Genesis Healthcare PartnersAttn: Jack Smith,20073824,90374573,Invoice,12300,837.6,20,246000,245162.4
1/5/2023,Incontinence UPC Lead Sets,Uro,202301,1020597,Genesis Healthcare Partners,,1020597,Genesis Healthcare Partners,Unio Specialty Urology EarlAttn: Receiving,20081193,90374574,Invoice,12300,837.6,20,246000,245162.4
1/5/2023,H. pylori Tests ,GI,202301,1020621,CHI - Common Spirit Health,,1020621,CHI - Common Spirit Health,CHI St Vincent Infirmary Little RockAttn: Receiving,20071472,90374576,Invoice,520,202,100,52000,51798
1/5/2023,Other GI Supply Disposables,GI,202301,1020621,CHI - Common Spirit Health,,1020621,CHI - Common Spirit Health,HIGHLINE MEDICAL CENTERpo 51001433737,20194001,90374577,Invoice,97,34.5,50,4850,4815.5
1/5/2023,Incontinence UPC Lead Sets,Uro,202301,1020632,Prisma Health,,1020632,Prisma Health,PH Regional Urology GreenvilleAttn: Receiving,20085020,90374582,Invoice,660,41.88,1,660,618.12
1/5/2023,RenovaRP Consumables,GI,202301,1020670,Guthrie Healthcare System,,1020670,Guthrie Healthcare System,Guthrie Robert Packer HospitalPO A011025195,20070508,90374584,Invoice,1950,1000,200,390000,389000
1/5/2023,Incontinence UPC Lead Sets,Uro,202301,1020693,Urology Specialists of the Carolinas,,1020693,Urology Specialists of the Carolinas,Urology Specialists of the CarolinaAttn: Detra Dyakon,20083824,90374585,Invoice,1320,83.76,2,2640,2556.24
1/5/2023,RenovaRP Consumables,GI,202301,1020752,Memorial Hermann Health System,,1020752,Memorial Hermann Health System,MHHS Hermann HospitalAttn: Receiving,20076174,90374587,Invoice,700,219,20,14000,13781
1/5/2023,Other GI Supply Disposables,GI,202301,1020752,Memorial Hermann Health System,,1020752,Memorial Hermann Health System,MHHS GREATER HEIGHTS HOSP/NW ENDOPO 4658202,20194084,90374588,Invoice,250,160,10,2500,2340
1/5/2023,Endoscopy Sheaths,Uro,202301,1020822,Hutchinson Regional Medical Ctr.,,1020822,Hutchinson Regional Medical Ctr.,Hutchinson Regional Medical Center Attn: Receiving,20069662,90374591,Invoice,1857,341.1,30,55710,55368.9
1/5/2023,Endoscopy Sheaths,Uro,202301,1020912,Washington University,,1020912,Washington University,Washington University in St. LouisAttn: Receiving - MOB2,20166182,90374592,Invoice,3040,900.8,80,243200,242299.2
1/5/2023,Spot Ex,GI,202301,1020921,1000-St. Joseph Health System *Consolidated* Use BP# 1021928,1021928,1021928,Providence Health & Services,PHS St Patrick Hospitalpo P0090000006166,20067030,90374593,Invoice,360,33.6,10,3600,3566.4
1/5/2023,RenovaRP Consumables,GI,202301,1020971,Kaiser Health Plan Asset Mgmt,,1020971,Kaiser Health Plan Asset Mgmt,Kaiser Health Plan Asset MgmtATTN: RECEIVING / 2170100000,20083533,90374597,Invoice,800,235.4,10,8000,7764.6
1/5/2023,Spot Ex,GI,202301,1020971,Kaiser Health Plan Asset Mgmt,,1020971,Kaiser Health Plan Asset Mgmt,KAISER LUTHERVILLE TIMONIUMPO,20194371,90374598,Invoice,760,67.2,20,15200,15132.8
1/5/2023,Incontinence UPC Lead Sets,Uro,202301,1020971,Kaiser Health Plan Asset Mgmt,,1020971,Kaiser Health Plan Asset Mgmt,East Denver Medical OfficesAttn: Receiving 1600600000,20167255,90374600,Invoice,1104,83.76,2,2208,2124.24
1/5/2023,Spot Ex,GI,202301,1021016,Knox Community Hospital,,1021016,Knox Community Hospital,KNOX COMMUNITY HOSPITALPO 1700136641,20194323,90374602,Invoice,345,33.6,10,3450,3416.4
1/5/2023,Spot Ex,GI,202301,1021016,Knox Community Hospital,,1021016,Knox Community Hospital,KNOX COMMUNITY HOSPITAL**CONSOLIDATED**,20194323,90374603,Invoice,345,33.6,10,3450,3416.4
1/5/2023,Spot Ex,GI,202301,1021054,Lake Regional Health System,,1021054,Lake Regional Health System,Lake Regional Health SystemAttn: Receiving 0000336513,20067472,90374607,Invoice,380,33.6,10,3800,3766.4
1/5/2023,Spot Ex,GI,202301,1021074,Labette County Med. Ctr.,,1021074,Labette County Med. Ctr.,Labette County Medical Center PO 304830,20068777,90374608,Invoice,1140,100.8,30,34200,34099.2
1/5/2023,Spot Ex,GI,202301,1021074,Labette County Med. Ctr.,,1021074,Labette County Med. Ctr.,Labette HealthAttn: Receiving,20068777,90374609,Invoice,760,67.2,20,15200,15132.8
1/5/2023,Spot Ex,GI,202301,1021075,Lake Charles Memorial Health,,1021075,Lake Charles Memorial Health,Lake Charles Memorial HospitalAttn: Receiving,20076799,90374611,Invoice,345,33.6,10,3450,3416.4
1/5/2023,UDS Other Service & Repairs,Uro,202301,1021127,Lowcountry Urology Clinics PA,,1021127,Lowcountry Urology Clinics PA,Lowcountry Urology Clinics PAAttn: Corrie Tindal,20075311,90374615,Invoice,3615.68,0,0,0,0
1/5/2023,UDS Other Service & Repairs,Uro,202301,1021127,Lowcountry Urology Clinics PA,,1021127,Lowcountry Urology Clinics PA,Lowcountry Urology Clinics PAAttn: Corrie Tindal,20075311,90374615,Invoice,1500.01,0,0,0,0
1/5/2023,Spot Ex,GI,202301,1021158,NYU Langone Health System,,1021158,NYU Langone Health System,NEW YORK UNIV LANGONE MED CTRRECEIVING H231660906,20195129,90374616,Invoice,760,67.2,20,15200,15132.8
1/5/2023,Spot Ex,GI,202301,1021169,Mainehealth,,1021169,Mainehealth,MH Service CenterAttn: Main Inv 24316 140652556,20083708,90374618,Invoice,380,33.6,10,3800,3766.4
1/5/2023,Incontinence UPC Lead Sets,Uro,202301,1021169,Mainehealth,,1021169,Mainehealth,MH Service CenterAttn: Main Inv 14595,20083708,90374619,Invoice,1868,83.76,2,3736,3652.24
1/5/2023,Other GI Supply Disposables,GI,202301,1021190,Mayo Clinic,,1021190,Mayo Clinic,Mayo Clinicpo 49312588,20068059,90374622,Invoice,165,57.75,75,12375,12317.25
1/5/2023,EverLift,GI,202301,1021190,Mayo Clinic,,1021190,Mayo Clinic,Mayo ClinicATTN: Eau Claire 69270318,20074851,90374623,Invoice,1580,181.8,20,31600,31418.2
1/5/2023,Other GI Supply Disposables,GI,202301,1021190,Mayo Clinic,,1021190,Mayo Clinic,Mayo Clinic HospitalPO 69271733,20170386,90374624,Invoice,270,103.5,150,40500,40396.5
1/5/2023,Spot Ex,GI,202301,1021266,Mercy Medical Center,,1021266,Mercy Medical Center,Mercy Medical Centerpo 209920,20078681,90374628,Invoice,380,33.6,10,3800,3766.4
1/5/2023,EverLift,GI,202301,1021279,The Methodist Health System,,1021279,The Methodist Health System,BAYLOR COLLEGE OF MEDICINE**CONSOLIDATED**,20192734,90374633,Invoice,5200,727.2,80,416000,415272.8
1/5/2023,Spot Ex,GI,202301,1021279,The Methodist Health System,,1021279,The Methodist Health System,Houston Methodist Woodlands HospitalAttn: Receiving,20170472,90374634,Invoice,345,33.6,10,3450,3416.4
1/5/2023,Optilume Strictures,Uro,202301,1021279,The Methodist Health System,,1021279,The Methodist Health System,The Methodist HospitalAttn: HPO M002968628,20168752,90374635,Invoice,4190,0,2,8380,8380
1/5/2023,Optilume Strictures,Uro,202301,1021279,The Methodist Health System,,1021279,The Methodist Health System,The Methodist HospitalAttn: HPO M002968628,20168752,90374635,Invoice,0,402,0,0,-402
1/5/2023,Incontinence UPC Lead Sets,Uro,202301,1021287,Dignity Health - CA,,1021287,Dignity Health - CA,DHMFAttn: Receiving 1801135494,20163867,90374637,Invoice,4670,209.4,5,23350,23140.6
1/5/2023,Spot Ex,GI,202301,1021301,HCA Mission Health Hospital *11.22.24 CONSOLIDATED 1114774*,1114774,Cust Info Not Found,Cust Info Not Found,Angel Medical Centerpo 297246,20197106,90374639,Invoice,345,33.6,10,3450,3416.4
1/5/2023,Spot Ex,GI,202301,1021327,Penn State Health,,1021327,Penn State Health,PSH Milton S.Hershey Med CtrPO 100365748,20080307,90374641,Invoice,760,67.2,20,15200,15132.8
1/5/2023,Other GI Supply Disposables,GI,202301,1021341,MyMichigan Health,,1021341,MyMichigan Health,MyMichigan Medical Center ClareAttn: Receiving,20166611,90374642,Invoice,118,32.5,50,5900,5867.5
1/5/2023,Spot Ex,GI,202301,1021388,Mount Nittany Medical Center,,1021388,Mount Nittany Medical Center,Mount Nittany Medical CenterAttn: Receiving,20069131,90374643,Invoice,760,67.2,20,15200,15132.8
1/5/2023,EverLift,GI,202301,1021444,Ballad Health,,1021444,Ballad Health,Bristol Regional Med CtrAttn: Receiving,20079177,90374646,Invoice,400,44.5,10,4000,3955.5
1/5/2023,Endoscopy Sheaths,Uro,202301,1021446,Mary South MD LLC,,1021446,Mary South MD LLC,Mary South MD LLCAttn: Receiving,20084393,90374647,Invoice,2476,450.4,40,99040,98589.6
1/5/2023,Spot Ex,GI,202301,1021487,Mary Washington Healthcare,,1021487,Mary Washington Healthcare,Mary Washington HospitalAttn: Receiving,20077182,90374651,Invoice,720,67.2,20,14400,14332.8
1/5/2023,Optilume Strictures,Uro,202301,1021536,New York Presbyterian Hospital,,1021536,New York Presbyterian Hospital,NYPresb - Weill Cornell Med CtrReceiving Dock 9904832905,20083623,90374652,Invoice,2395,0,1,2395,2395
1/5/2023,Optilume Strictures,Uro,202301,1021536,New York Presbyterian Hospital,,1021536,New York Presbyterian Hospital,NYPresb - Weill Cornell Med CtrReceiving Dock 9904832905,20083623,90374652,Invoice,0,201,0,0,-201
1/5/2023,Optilume Strictures,Uro,202301,1021536,New York Presbyterian Hospital,,1021536,New York Presbyterian Hospital,NYPresb - Weill Cornell Med CtrReceiving Dock 9904832905,20083623,90374652,Invoice,2395,0,1,2395,2395
1/5/2023,Optilume Strictures,Uro,202301,1021536,New York Presbyterian Hospital,,1021536,New York Presbyterian Hospital,NYPresb - Weill Cornell Med CtrReceiving Dock 9904832905,20083623,90374652,Invoice,0,151,0,0,-151
1/5/2023,Optilume Strictures,Uro,202301,1021536,New York Presbyterian Hospital,,1021536,New York Presbyterian Hospital,NYPresb - Weill Cornell Med CtrReceiving Dock 9904832905,20083623,90374652,Invoice,2395,0,1,2395,2395
1/5/2023,Optilume Strictures,Uro,202301,1021536,New York Presbyterian Hospital,,1021536,New York Presbyterian Hospital,NYPresb - Weill Cornell Med CtrReceiving Dock 9904832905,20083623,90374652,Invoice,0,201,0,0,-201
1/5/2023,Optilume Strictures,Uro,202301,1021536,New York Presbyterian Hospital,,1021536,New York Presbyterian Hospital,NYPresb - Weill Cornell Med CtrReceiving Dock 9904832905,20083623,90374652,Invoice,0,151,0,0,-151
1/5/2023,Incontinence MPQ,Uro,202301,1021590,Novant Health Inc.,,1021590,Novant Health Inc.,Novant Health Inc.Attn: Receiving,20067437,90374653,Invoice,2231,210.3,5,11155,10944.7
1/5/2023,Incontinence UPC Lead Sets,Uro,202301,1021591,Northwell Health,,1021591,Northwell Health,Smith Institute for Urology at CFAMAttn: Receiving / Entrance B,20068065,90374656,Invoice,3000,209.4,5,15000,14790.6
1/5/2023,Optilume Strictures,Uro,202301,1021596,Northside Hospital,,1021596,Northside Hospital,Northside Hospital ForsythAttn: Receiving 6-2543441,20083564,90374657,Invoice,2095,0,1,2095,2095
1/5/2023,Optilume Strictures,Uro,202301,1021596,Northside Hospital,,1021596,Northside Hospital,Northside Hospital ForsythAttn: Receiving 6-2543441,20083564,90374657,Invoice,0,201,0,0,-201
1/5/2023,Optilume Strictures,Uro,202301,1021596,Northside Hospital,,1021596,Northside Hospital,Northside Hospital ForsythAttn: Receiving 6-2543441,20083564,90374657,Invoice,0,28,0,0,-28
1/5/2023,Incontinence UPC Lead Sets,Uro,202301,1021597,Northwest Iowa Urologists,,1021597,Northwest Iowa Urologists,Northwest Iowa UrologistsAttn: Receiving,20077355,90374658,Invoice,2802,125.64,3,8406,8280.36
1/5/2023,Spot Ex,GI,202301,1021620,Northeast Georgia Health System Inc.,,1021620,Northeast Georgia Health System Inc.,Northeast Georgia Med Center BarrowAttn: Receiving,20166695,90374663,Invoice,760,67.2,20,15200,15132.8
1/5/2023,Incontinence UPC Lead Sets,Uro,202301,1021650,Northwest Urology LLC,,1021650,Northwest Urology LLC,Northwest Urology LLCAttn: Receiving,20074160,90374668,Invoice,1560,83.76,2,3120,3036.24
1/5/2023,Endoscopy Sheaths,Uro,202301,1021682,Collaborative Care Svcs Inc,,1021682,Collaborative Care Svcs Inc,Urology Specialists of Nevada SouthwestAttn: Receiving,20168201,90374669,Invoice,1482,337.8,30,44460,44122.2
1/5/2023,Spot Ex,GI,202301,1021686,Ochsner Health,,1021686,Ochsner Health,Ochsner Acadia Generalpo 30150007447,20069553,90374670,Invoice,345,33.6,10,3450,3416.4
1/5/2023,EverLift,GI,202301,1021686,Ochsner Health,,1021686,Ochsner Health,OCHSNER MEDICAL CENTER**CONSOLIDATED**,20195137,90374671,Invoice,350,44.5,10,3500,3455.5
1/5/2023,Endoscopy Sheaths,Uro,202301,1021753,Atlantic Health System,,1021753,Atlantic Health System,Atlantic Health Overlook Hospital**CONSOLIDTED use 20076314*,20077108,90374676,Invoice,619,113.7,10,6190,6076.3
1/5/2023,Spot Ex,GI,202301,1021766,University of Pennsylvania Health,,1021766,University of Pennsylvania Health,Penn Medicinepo 66802088,20163352,90374677,Invoice,380,33.6,10,3800,3766.4
1/5/2023,Spot Ex,GI,202301,1021775,Piedmont Healthcare,,1021775,Piedmont Healthcare,Piedmont Regional Midtown Med Clinicpo 2001960492,20170471,90374678,Invoice,380,33.6,10,3800,3766.4
1/5/2023,Other Uro Tx Disposables,Uro,202301,1021787,Palo Alto Medical Foundation Health Care Division V# 33010,,1021787,Palo Alto Medical Foundation Health Care Division V# 33010,Palo Alto Medical Foundation PAMF-PALO ALTO-DOCK OPS,20074146,90374679,Invoice,1788,255.6,72,128736,128480.4
1/5/2023,Spot Ex,GI,202301,1021799,"ProHEALTH Medical Management, LLC",,1021799,"ProHEALTH Medical Management, LLC",PROHEALTH GASTROENTEROLOGYpo 265415 ENDOSCOPY,20195315,90374680,Invoice,2280,201.6,60,136800,136598.4
1/5/2023,Spot Ex,GI,202301,1021807,Perry County Memorial Hospital,,1021807,Perry County Memorial Hospital,Perry County Memorial HospitalAttn: Receiving,20066879,90374681,Invoice,380,33.6,10,3800,3766.4
1/5/2023,Optilume Strictures,Uro,202301,1021829,PeaceHealth Shared Services,,1021829,PeaceHealth Shared Services,PeaceHealth Riverbend AnnexAttn: Receiving,20079345,90374683,Invoice,0,402,0,0,-402
1/5/2023,Optilume Strictures,Uro,202301,1021833,Putnam General Hospital,,1021833,Putnam General Hospital,Putnam General HospitalAttn. Receiving 31847,20083245,90374684,Invoice,0,402,0,0,-402
1/5/2023,Optilume Strictures,Uro,202301,1021833,Putnam General Hospital,,1021833,Putnam General Hospital,Putnam General HospitalAttn. Receiving 31847,20083245,90374684,Invoice,0,56,0,0,-56
1/5/2023,Optilume Strictures,Uro,202301,1021833,Putnam General Hospital,,1021833,Putnam General Hospital,Putnam General HospitalAttn. Receiving 31847,20083245,90374684,Invoice,4190,0,2,8380,8380
1/5/2023,RenovaRP Consumables,GI,202301,1021890,Ardent: Portneuf Medical Center,,1021890,Ardent: Portneuf Medical Center,Portneuf Medical Center(ID)PO 5400203554,20076676,90374685,Invoice,880,400,80,70400,70000
1/5/2023,Spot Ex,GI,202301,1021890,Ardent: Portneuf Medical Center,,1021890,Ardent: Portneuf Medical Center,Portneuf Medical CenterAttn: Receiving,20076676,90374686,Invoice,345,33.6,10,3450,3416.4
1/5/2023,Incontinence MPQ,Uro,202301,1021925,Intermountain Healthcare,,1021925,Intermountain Healthcare,Intermountain HealthAttn: PO 1002685222,20073939,90374688,Invoice,78,22.4,2,156,133.6
1/5/2023,Spot Ex,GI,202301,1021984,Monument Health,,1021984,Monument Health,MONUMENT HEALTH SURGERY CENTERPO PO202328106,20195473,90374691,Invoice,380,33.6,10,3800,3766.4
1/5/2023,RenovaRP Consumables,GI,202301,1022013,Reading Hospital (Tower Health),,1022013,Reading Hospital (Tower Health),READING HOSPITAL and MEDICAL CENTER*12.4.24 CONSOLIDATED 20205886*Deactivated 2024,20195502,90374693,Invoice,390,200,40,15600,15400
1/5/2023,RenovaRP Consumables,GI,202301,1022013,Reading Hospital (Tower Health),,1022013,Reading Hospital (Tower Health),READING HOSPITAL and MEDICAL CENTER*12.4.24 CONSOLIDATED 20205886*Deactivated 2024,20195502,90374694,Invoice,1000,402.2,10,10000,9597.8
1/5/2023,Spot Ex,GI,202301,1022013,Reading Hospital (Tower Health),,1022013,Reading Hospital (Tower Health),Tower Health Phoenixville HospitalAttn: Receiving,20195329,90374695,Invoice,345,33.6,10,3450,3416.4
1/5/2023,Spot Ex,GI,202301,1022117,UW Health Swedish American,,1022117,UW Health Swedish American,Swedish American Brookside OBpo 01270177,20078609,90374698,Invoice,380,33.6,10,3800,3766.4
1/5/2023,Incontinence MPQ,Uro,202301,1022120,Salina Surgical Hospital,,1022120,Salina Surgical Hospital,Salina Surgical HospitalAttn: Receiving,20074050,90374699,Invoice,156,44.8,4,624,579.2
1/5/2023,Optilume Strictures,Uro,202301,1022138,Santa Clara Valley Health & Hosp,,1022138,Santa Clara Valley Health & Hosp,SCVHHS Valley Specialty CenterMRSD Receiving PROC1310226PHC,20075407,90374700,Invoice,4190,0,2,8380,8380
1/5/2023,Optilume Strictures,Uro,202301,1022138,Santa Clara Valley Health & Hosp,,1022138,Santa Clara Valley Health & Hosp,SCVHHS Valley Specialty CenterMRSD Receiving PROC1310226PHC,20075407,90374700,Invoice,0,402,0,0,-402
1/5/2023,Optilume Strictures,Uro,202301,1022138,Santa Clara Valley Health & Hosp,,1022138,Santa Clara Valley Health & Hosp,SCVHHS Valley Specialty CenterMRSD Receiving PROC1310226PHC,20075407,90374700,Invoice,0,56,0,0,-56
1/5/2023,Optilume Strictures,Uro,202301,1022138,Santa Clara Valley Health & Hosp,,1022138,Santa Clara Valley Health & Hosp,SCVHHS Valley Specialty CenterMRSD Receiving PROC1310226PHC,20075407,90374700,Invoice,4190,0,2,8380,8380
1/5/2023,RenovaRP Consumables,GI,202301,1022160,Baylor Scott & White Health,,1022160,Baylor Scott & White Health,BSW Medical Center McKinneyAttn: McKinney CS/Storeroom,20084139,90374703,Invoice,680,400,80,54400,54000
1/5/2023,RenovaRP Consumables,GI,202301,1022160,Baylor Scott & White Health,,1022160,Baylor Scott & White Health,BSW Medical Center McKinneypo 11451527396,20084139,90374705,Invoice,680,400,80,54400,54000
1/5/2023,Incontinence MPQ,Uro,202301,1022174,Surgery Center of Fremont,,1022174,Surgery Center of Fremont,Surgery Center of FremontAttn: Receiving,20077613,90374707,Invoice,1414,84.12,2,2828,2743.88
1/5/2023,RenovaRP Consumables,GI,202301,1022188,Sentara Healthcare,,1022188,Sentara Healthcare,Sentara Norfolk General HospitalAttn: Recieving,20073916,90374708,Invoice,495,201.1,5,2475,2273.9
1/5/2023,Spot Ex,GI,202301,1022192,St Francis Health System,,1022192,St Francis Health System,SF Outpatient Endoscopy CenterPO PO032468,20197088,90374711,Invoice,380,33.6,10,3800,3766.4
1/5/2023,Incontinence UPC Lead Sets,Uro,202301,1022236,Scripps Health,,1022236,Scripps Health,Scripps Medical Center JeffersonAttn: Receiving,20164194,90374713,Invoice,1868,83.76,2,3736,3652.24
1/5/2023,RenovaRP Consumables,GI,202301,1022252,Silver Cross Hospital and Medical Center,,1022252,Silver Cross Hospital and Medical Center,Silver Cross Hospital and Medical CenterPO PO-269476,20071094,90374714,Invoice,600,109.5,10,6000,5890.5
1/5/2023,RenovaRP Consumables,GI,202301,1022252,Silver Cross Hospital and Medical Center,,1022252,Silver Cross Hospital and Medical Center,Silver Cross Hospital and Medical CenterPO PO-269476,20071094,90374714,Invoice,390,200,40,15600,15400
1/5/2023,Incontinence UPC Lead Sets,Uro,202301,1022309,Mount Sinai - South Nassau,,1022309,Mount Sinai - South Nassau,Mount Sinai Doctors Rockville CentreAttn: Receiving,20083932,90374715,Invoice,934,41.88,1,934,892.12
1/5/2023,Spot Ex,GI,202301,1022392,Covenant: St Joseph Nashua,,1022392,Covenant: St Joseph Nashua,St Joseph Hospital BangorAttn: Receiving,20195880,90374717,Invoice,380,33.6,10,3800,3766.4
1/5/2023,RenovaRP Consumables,GI,202301,1022399,Stony Brook Med: State Univ of NY,,1022399,Stony Brook Med: State Univ of NY,STONY BROOK UNIVERSITY HOSPITAL**CONSOLIDATED**,20196297,90374718,Invoice,630,109.5,10,6300,6190.5
1/5/2023,RenovaRP Consumables,GI,202301,1022400,Trinity Health,,1022400,Trinity Health,Saint Agnes Medical CenterPO 101010000169093,20167729,90374720,Invoice,7500,3016.5,75,562500,559483.5
1/5/2023,RenovaRP Consumables,GI,202301,1022400,Trinity Health,,1022400,Trinity Health,Saint Agnes Medical CenterPO 101010000169093,20167729,90374720,Invoice,4100,2000,400,1640000,1638000
1/5/2023,Spot Ex,GI,202301,1022407,St. Luke's Hospital & Health Networ,,1022407,St. Luke's Hospital & Health Networ,St. Luke's Hospital and Health NetworkAttn: SL Distribution Center,20074111,90374721,Invoice,380,33.6,10,3800,3766.4
1/5/2023,Other GI Supply Disposables,GI,202301,1022407,St. Luke's Hospital & Health Networ,,1022407,St. Luke's Hospital & Health Networ,St. Luke's Hospital and Health NetworkAttn: SL Distribution Center,20074111,90374722,Invoice,205,63,100,20500,20437
1/5/2023,Optilume Strictures,Uro,202301,1022415,Baycare Health System,,1022415,Baycare Health System,Baycare Integrated Service CenterAttn: Receiving 260912026,20074769,90374724,Invoice,4190,0,2,8380,8380
1/5/2023,Optilume Strictures,Uro,202301,1022419,UCSF Medical Center,,1022419,UCSF Medical Center,UCSF Med Center at ParnassusMLOR Urology M475B SFMED-4627074,20071221,90374725,Invoice,4190,0,2,8380,8380
1/5/2023,Optilume Strictures,Uro,202301,1022419,UCSF Medical Center,,1022419,UCSF Medical Center,UCSF Med Center at ParnassusMLOR Urology M475B SFMED-4627074,20071221,90374725,Invoice,0,402,0,0,-402
1/5/2023,Optilume Strictures,Uro,202301,1022419,UCSF Medical Center,,1022419,UCSF Medical Center,UCSF Med Center at ParnassusMLOR Urology M475B SFMED-4627074,20071221,90374725,Invoice,0,56,0,0,-56
1/5/2023,Other Uro Tx Disposables,Uro,202301,1022439,Urology of St Louis,,1022439,Urology of St Louis,Urology of St Louis: St LukesAttn: Receiving,20068489,90374726,Invoice,284,42.6,12,3408,3365.4
1/5/2023,EverLift,GI,202301,1022444,Mercy Health,,1022444,Mercy Health,Mercy Hospital SouthReceiving 1544150968-1544,20069398,90374727,Invoice,800,89,20,16000,15911
1/5/2023,EverLift,GI,202301,1022444,Mercy Health,,1022444,Mercy Health,Mercy Hospital JeffersonReceiving 1542139808-1542,20074857,90374728,Invoice,720,90.9,10,7200,7109.1
1/5/2023,Endoscopy Sheaths,Uro,202301,1022444,Mercy Health,,1022444,Mercy Health,Mercy Hospital Oklahoma CityAttn: Receiving/Central Supply INV,20074262,90374729,Invoice,6190,1126,100,619000,617874
1/5/2023,Spot Ex,GI,202301,1022454,CommonSpirit Mountain Region,,1022454,CommonSpirit Mountain Region,AdventHealth ParkerAttn: Receiving,20080668,90374730,Invoice,345,33.6,10,3450,3416.4
1/5/2023,Spot Ex,GI,202301,1022459,Franciscan Alliance Inc,,1022459,Franciscan Alliance Inc,Franciscan Health Crown PointAttn: 10 Crown Point Recv Dock,20168549,90374733,Invoice,345,33.6,10,3450,3416.4
1/5/2023,Spot Ex,GI,202301,1022459,Franciscan Alliance Inc,,1022459,Franciscan Alliance Inc,Franciscan Health MunsterAttn: Receiving,20077058,90374734,Invoice,345,33.6,10,3450,3416.4
1/5/2023,EverLift,GI,202301,1022487,Sutter Health System Office,,1022487,Sutter Health System Office,Van Ness Campus Receiving DockAttn: Campus Receiving Dock,20196777,90374737,Invoice,700,90.9,10,7000,6909.1
1/5/2023,EverLift,GI,202301,1022487,Sutter Health System Office,,1022487,Sutter Health System Office,SUTTER HEALTH ROSEVILLE MEDICAL CTR11001154817,20196045,90374738,Invoice,360,44.5,10,3600,3555.5
1/5/2023,Optilume Strictures,Uro,202301,1022487,Sutter Health System Office,,1022487,Sutter Health System Office,Sutter Health Sacsierra RegionPH Receiving Dock 36001105287,20070977,90374740,Invoice,2095,0,1,2095,2095
1/5/2023,Optilume Strictures,Uro,202301,1022487,Sutter Health System Office,,1022487,Sutter Health System Office,Sutter Health Sacsierra RegionPH Receiving Dock 36001105287,20070977,90374740,Invoice,0,201,0,0,-201
1/5/2023,Incontinence UPC Lead Sets,Uro,202301,1022522,University of Louisville Physicians,,1022522,University of Louisville Physicians,UofL Physicians UrogynecologyAttn: Receiving,20068204,90374743,Invoice,2340,125.64,3,7020,6894.36
1/5/2023,Endoscopy Sheaths,Uro,202301,1022531,Town Center ASC LLC,,1022531,Town Center ASC LLC,Town Center ASC LLCAttn: Receiving,20078661,90374744,Invoice,1857,341.1,30,55710,55368.9
1/5/2023,Other GI Supply Disposables,GI,202301,1022572,Cleveland Clinic Health,,1022572,Cleveland Clinic Health,Cleveland Clinic Akron GeneralAttn: OR1 OR SUPPLIES,20068528,90374746,Invoice,205,50,100,20500,20450
1/5/2023,RenovaRP Consumables,GI,202301,1022572,Cleveland Clinic Health,,1022572,Cleveland Clinic Health,CCF Fairview HopsitalPO CCF23003884,20167144,90374747,Invoice,360,200,40,14400,14200
1/5/2023,RenovaRP Consumables,GI,202301,1022572,Cleveland Clinic Health,,1022572,Cleveland Clinic Health,Cleveland Clinic Avon HospitalAttn: Receiving,20072475,90374748,Invoice,350,109.5,10,3500,3390.5
1/5/2023,RenovaRP Consumables,GI,202301,1022572,Cleveland Clinic Health,,1022572,Cleveland Clinic Health,Cleveland Clinic Mercy Medical CenterAttn: Receiving,20196704,90374749,Invoice,180,100,20,3600,3500
1/5/2023,RenovaRP Consumables,GI,202301,1022572,Cleveland Clinic Health,,1022572,Cleveland Clinic Health,Cleveland Clinic Medina HospitalAttn: Receiving,20166704,90374750,Invoice,360,200,40,14400,14200
1/5/2023,RenovaRP Consumables,GI,202301,1022572,Cleveland Clinic Health,,1022572,Cleveland Clinic Health,Cleveland Clinic HealthPO CCF23008376,20069947,90374752,Invoice,950,500,100,95000,94500
1/5/2023,RenovaRP Consumables,GI,202301,1022572,Cleveland Clinic Health,,1022572,Cleveland Clinic Health,CCF Fairview Hopsitalpo CCF23008520,20167144,90374754,Invoice,1170,328.5,30,35100,34771.5
1/5/2023,RenovaRP Consumables,GI,202301,1022572,Cleveland Clinic Health,,1022572,Cleveland Clinic Health,CCF Fairview Hopsitalpo CCF23008520,20167144,90374754,Invoice,400,200,40,16000,15800
1/5/2023,Spot Ex,GI,202301,1022575,ThedaCare Inc,,1022575,ThedaCare Inc,ThedaCare NeenahAttn: Receiving,20077205,90374756,Invoice,380,33.6,10,3800,3766.4
1/5/2023,Incontinence MPQ,Uro,202301,1022801,Christiana Care Cecil County,,1022801,Christiana Care Cecil County,"ChristianaCare, Union HospitalAttn: Receiving",20072692,90374760,Invoice,707,42.06,1,707,664.94
1/5/2023,RenovaRP Consumables,GI,202301,1022821,UMass Memorial Health,,1022821,UMass Memorial Health,HealthAlliance Hospital Incc/o UMass Memorial Hospitals,20084337,90374762,Invoice,3500,1177,50,175000,173823
1/5/2023,RenovaRP Consumables,GI,202301,1022821,UMass Memorial Health,,1022821,UMass Memorial Health,HealthAlliance Hospital Incc/o UMass Memorial Hospitals,20084337,90374762,Invoice,1950,1000,200,390000,389000
1/5/2023,Spot Ex,GI,202301,1022828,University of Virginia Health System,,1022828,University of Virginia Health System,University of Virginia Health SystemPO 0002199313,20167491,90374763,Invoice,380,33.6,10,3800,3766.4
1/5/2023,Spot Ex,GI,202301,1022829,UPMC Health System,,1022829,UPMC Health System,UPMC Health SystemAttn: Receiving Dock,20078842,90374764,Invoice,345,33.6,10,3450,3416.4
1/5/2023,Incontinence UPC Lead Sets,Uro,202301,1022855,UCLA Health,,1022855,UCLA Health,UCLA UrologyAttn: Receiving 1719 N LB204 00,20067866,90374769,Invoice,4760,293.16,7,33320,33026.84
1/5/2023,Endoscopy Sheaths,Uro,202301,1022954,GenesisCare,,1022954,GenesisCare,CS5 - University UrologyAttn: Receiving,20072485,90374771,Invoice,1900,563,50,95000,94437
1/5/2023,Endoscopy Sheaths,Uro,202301,1022954,GenesisCare,,1022954,GenesisCare,CS5 - University UrologyAttn: Receiving,20072485,90374771,Invoice,1900,563,50,95000,94437
1/5/2023,Other Uro Tx Disposables,Uro,202301,1022955,Urology Institute of Central Florida,,1022955,Urology Institute of Central Florida,Urology Institute of Central Florida(OcaAttn: Receiving,20073244,90374772,Invoice,582,175.04,8,4656,4480.96
1/5/2023,UDS Other Service & Repairs,Uro,202301,1022962,"Urology Associates, PC",,1022962,"Urology Associates, PC",Urology AssociatesAttn: Surgery CenterMichala Moses,20081868,90374773,Invoice,0,0,0,0,0
1/5/2023,UDS Other Service & Repairs,Uro,202301,1022962,"Urology Associates, PC",,1022962,"Urology Associates, PC",Urology AssociatesAttn: Surgery CenterMichala Moses,20081868,90374773,Invoice,0,0,0,0,0
1/5/2023,Incontinence UPC Lead Sets,Uro,202301,1023007,Urologic Specialists of Oklahoma,,1023007,Urologic Specialists of Oklahoma,Urologic Specialists Tulsa OfficeAttn: Receiving,20082534,90374774,Invoice,9340,418.8,10,93400,92981.2
1/5/2023,Incontinence UPC Lead Sets,Uro,202301,1023010,USMD Health System,,1023010,USMD Health System,HEB Urology*2.13.25 CONSOLIDATED 20203327*Deactivated 2024,20164278,90374775,Invoice,1778,83.76,2,3556,3472.24
1/5/2023,Incontinence UPC Lead Sets,Uro,202301,1023024,Urological Assoc of Western Colorado,,1023024,Urological Assoc of Western Colorado,Urological Assoc of Western ColoradoAttn: Receiving,20074208,90374776,Invoice,7200,502.56,12,86400,85897.44
1/5/2023,Endoscopy Sheaths,Uro,202301,1023033,Las Vegas Urology,,1023033,Las Vegas Urology,"Las Vegas UrologyOffice of Jeffrey Zapinsky, MD",20073805,90374777,Invoice,2238,682.2,60,134280,133597.8
1/5/2023,Incontinence UPC Lead Sets,Uro,202301,1023034,Urology Nevada,,1023034,Urology Nevada,Urology Nevada Kietzke LaneAttn: Receiving,20074548,90374778,Invoice,9340,418.8,10,93400,92981.2
1/5/2023,Spot Ex,GI,202301,1023072,USC University Hospital,,1023072,USC University Hospital,USC University HospitalPO 6794227-0-KECK,20080153,90374779,Invoice,1140,100.8,30,34200,34099.2
1/5/2023,UDS Other Service & Repairs,Uro,202301,1023072,USC University Hospital,,1023072,USC University Hospital,Keck Hospital of USCAttn: Sam Valencerina,20197426,90374780,Invoice,324,0,0,0,0
1/5/2023,UDS Other Service & Repairs,Uro,202301,1023072,USC University Hospital,,1023072,USC University Hospital,Keck Hospital of USCAttn: Sam Valencerina,20197426,90374780,Invoice,284.75,0,0,0,0
1/5/2023,RenovaRP Consumables,GI,202301,1023078,UT Southwestern Medical Center,,1023078,UT Southwestern Medical Center,CUH OUTPATIENT SURGERY CTRRCVG PO 5230061724,20196359,90374781,Invoice,2125,1005.5,25,53125,52119.5
1/5/2023,Optilume Strictures,Uro,202301,1023078,UT Southwestern Medical Center,,1023078,UT Southwestern Medical Center,Clements University ORCUH 33500 Surgery Rcvg P230015995,20083936,90374782,Invoice,2395,0,1,2395,2395
1/5/2023,Optilume Strictures,Uro,202301,1023078,UT Southwestern Medical Center,,1023078,UT Southwestern Medical Center,Clements University ORCUH 33500 Surgery Rcvg P230015995,20083936,90374782,Invoice,0,201,0,0,-201
1/5/2023,Optilume Strictures,Uro,202301,1023078,UT Southwestern Medical Center,,1023078,UT Southwestern Medical Center,Clements University ORCUH 33500 Surgery Rcvg P230015995,20083936,90374782,Invoice,0,151,0,0,-151
1/5/2023,Endoscopy Sheaths,Uro,202301,1023091,Wellstone Health Partners,,1023091,Wellstone Health Partners,Wellstone Health UrologyAttn: Receiving,20168672,90374783,Invoice,589,113.7,10,5890,5776.3
1/5/2023,Optilume Strictures,Uro,202301,1023139,VA Hospital(Lake CityFL) **CONSOLIDATED USE 1023131**,1023131,Cust Info Not Found,Cust Info Not Found,VA Hospital(Lake City FL)Attn: Warehouse 573-Q31314,20079635,90374784,Invoice,0,402,0,0,-402
1/5/2023,RenovaRP Consumables,GI,202301,1023156,VA Indiana Health Care,,1023156,VA Indiana Health Care,Richard L Roudebush VA Medical CenterPO 583-U33845 ATTN VINCENT,20068633,90374785,Invoice,1075,500,100,107500,107000
1/5/2023,RenovaRP Consumables,GI,202301,1023176,VA Oklahoma City Health Care,,1023176,VA Oklahoma City Health Care,VA MEDICAL CENTER**CONSOLIDATED**,20196417,90374787,Invoice,430,200,40,17200,17000
1/5/2023,Other Uro Tx Disposables,Uro,202301,1023188,VA Eastern Colorado Health Care,,1023188,VA Eastern Colorado Health Care,Rocky Mountain Regional VA Medical CtrAttn: Warehouse,20074968,90374788,Invoice,582,175.04,8,4656,4480.96
1/5/2023,Incontinence UPC Lead Sets,Uro,202301,1023195,Valley Urologic Associates,,1023195,Valley Urologic Associates,Valley Urologic AssociatesAttn: Receiving,20068593,90374789,Invoice,3120,167.52,4,12480,12312.48
1/5/2023,Endoscopy Sheaths,Uro,202301,1023195,Valley Urologic Associates,,1023195,Valley Urologic Associates,Valley Urologic AssociatesAttn: Receiving,20068593,90374789,Invoice,4340,1137,100,434000,432863
1/5/2023,RenovaRP Consumables,GI,202301,1023208,VA Northern California Health Care,,1023208,VA Northern California Health Care,Sacramento VA Medical CenterAttn: Receiving,20076142,90374790,Invoice,430,200,40,17200,17000
1/5/2023,RenovaRP Consumables,GI,202301,1023208,VA Northern California Health Care,,1023208,VA Northern California Health Care,Sacramento VA Medical CenterAttn: Receiving,20076142,90374790,Invoice,520,109.5,10,5200,5090.5
1/5/2023,Other GI Supply Disposables,GI,202301,1023225,Valley Health,,1023225,Valley Health,Valley HealthAttn Receiving,20067683,90374791,Invoice,220,50,100,22000,21950
1/5/2023,UDS Other Service & Repairs,Uro,202301,1023230,Virtua Health Inc.,,1023230,Virtua Health Inc.,Virtua Health Inc.VMG FEMALE PELVIC MEDICINEAttn: Valerie Brady,20071515,90374792,Invoice,46.5,0,0,0,0
1/5/2023,UDS Other Service & Repairs,Uro,202301,1023230,Virtua Health Inc.,,1023230,Virtua Health Inc.,Virtua Health Inc.VMG FEMALE PELVIC MEDICINEAttn: Valerie Brady,20071515,90374792,Invoice,600,0,0,0,0
1/5/2023,Spot Ex,GI,202301,1023239,Virginia Mason Medical Center,,1023239,Virginia Mason Medical Center,Virginia Mason Medical CtrJONE05-IR/GI STR 574 3402946,20076482,90374793,Invoice,380,33.6,10,3800,3766.4
1/5/2023,EverLift,GI,202301,1023244,ECU Health,,1023244,ECU Health,ECU Health Medical CenterAttn: Receiving,20076501,90374794,Invoice,2100,272.7,30,63000,62727.3
1/5/2023,Optilume Strictures,Uro,202301,1023443,White Plains Hospital,,1023443,White Plains Hospital,White Plains HospitalAttn: Receiving 0000389924,20077600,90374799,Invoice,0,201,0,0,-201
1/5/2023,Optilume Strictures,Uro,202301,1023443,White Plains Hospital,,1023443,White Plains Hospital,White Plains HospitalAttn: Receiving 0000389924,20077600,90374799,Invoice,0,28,0,0,-28
1/5/2023,Incontinence MPQ,Uro,202301,1025531,Moberly Regional Medical Center (CHS),,1025531,Moberly Regional Medical Center (CHS),Moberly Regional HospitalAttn: Receiving-1110,20084334,90374802,Invoice,1414,84.12,2,2828,2743.88
1/5/2023,Spot Ex,GI,202301,1026191,Baylor Scott & White Surg.Hosp-Sher,,1026191,Baylor Scott & White Surg.Hosp-Sher,Baylor Scott and White Surg.Hosp-ShermanPO HOPD12695,20084593,90374803,Invoice,690,67.2,20,13800,13732.8
1/5/2023,EverLift,GI,202301,1026530,Mason City Surgery Center,,1026530,Mason City Surgery Center,Mason City Surgery CenterAttn: Receiving,20084697,90374804,Invoice,800,89,20,16000,15911
1/5/2023,Spot Ex,GI,202301,1078783,Integris Health *2.10.25 CONSOLIDATED 1022342*,1022342,1022342,Integris Health,Integris Bass Baptist Health CenterAttn: 715,20084461,90374808,Invoice,760,67.2,20,15200,15132.8
1/5/2023,Spot Ex,GI,202301,1079511,St. Francis Cardiovascular Physicians PC,,1079511,St. Francis Cardiovascular Physicians PC,ST CATHERINE OF SIENA MEDICAL CTRRECEIVING,20195715,90374809,Invoice,760,67.2,20,15200,15132.8
1/5/2023,Spot Ex,GI,202301,1082721,Tulsa Spine & Specialty,,1082721,Tulsa Spine & Specialty,Tulsa Spine and SpecialtyAttn: Receiving,20167055,90374811,Invoice,345,33.6,10,3450,3416.4
1/5/2023,Spot Ex,GI,202301,1084005,Oaklawn Hospital,,1084005,Oaklawn Hospital,Oaklawn HospitalATTN PHARMACY,20167878,90374813,Invoice,760,67.2,20,15200,15132.8
1/5/2023,EverLift,GI,202301,1105358,ADVANCED ENDOSCOPY CENTER ACCOUNTS PAYABLE,,1105358,ADVANCED ENDOSCOPY CENTER ACCOUNTS PAYABLE,ADVANCED ENDOSCOPY CENTERRECEIVING,20192507,90374816,Invoice,400,44.5,10,4000,3955.5
1/5/2023,Spot Ex,GI,202301,1105480,RAJIV BANSAL MD ACCOUNTS PAYABLE,,1105480,RAJIV BANSAL MD ACCOUNTS PAYABLE,RAJIV BANSAL MDRECEIVING,20192696,90374820,Invoice,380,33.6,10,3800,3766.4
1/5/2023,Spot Ex,GI,202301,1105519,BAYLOR AMBULATORY ENDOSCOPY CENTER ACCOUNTS PAYABLE,,1105519,BAYLOR AMBULATORY ENDOSCOPY CENTER ACCOUNTS PAYABLE,BAYLOR AMBULATORY ENDOSCOPLY CENTERRECEIVING,20192744,90374822,Invoice,690,67.2,20,13800,13732.8
1/5/2023,Spot Ex,GI,202301,1105540,Medical CB of Birmingham,,1105540,Medical CB of Birmingham,MEDICAL CB OF BIRMINGHAMPO 068C-106537,20192769,90374823,Invoice,690,67.2,20,13800,13732.8
1/5/2023,Spot Ex,GI,202301,1105556,110 Prisma Health - Upstate *Consolidated* Use BP# 1020632,1020632,1020632,Prisma Health,Prisma HealthMaterials Distribution 22335429 - PO,20067635,90374827,Invoice,760,67.2,20,15200,15132.8
1/5/2023,Spot Ex,GI,202301,1105923,SOAR SURGERY CENTER ACCOUNTS PAYABLE,,1105923,SOAR SURGERY CENTER ACCOUNTS PAYABLE,SOAR SURGERY CENTERRECEIVING PO,20196079,90374830,Invoice,380,33.6,10,3800,3766.4
1/5/2023,Other GI Supply Disposables,GI,202301,1105950,DIGESTIVE HEALTH ASSOCIATES ACCOUNTS PAYABLE,,1105950,DIGESTIVE HEALTH ASSOCIATES ACCOUNTS PAYABLE,DIGESTIVE HEALTH ASSOCIATESRECEIVING,20193345,90374831,Invoice,100,0,4,400,400
1/5/2023,Other GI Supply Disposables,GI,202301,1105950,DIGESTIVE HEALTH ASSOCIATES ACCOUNTS PAYABLE,,1105950,DIGESTIVE HEALTH ASSOCIATES ACCOUNTS PAYABLE,DIGESTIVE HEALTH ASSOCIATESRECEIVING,20193345,90374831,Invoice,100,0,4,400,400
1/5/2023,EverLift,GI,202301,1106026,ELY BLOOMENSON HOSPITAL ACCOUNTS PAYABLE,,1106026,ELY BLOOMENSON HOSPITAL ACCOUNTS PAYABLE,ELY BLOOMENSON HOSPITALpo 20119,20193461,90374833,Invoice,720,90.9,10,7200,7109.1
1/5/2023,Other GI Supply Disposables,GI,202301,1106174,FALL HILL GASTROENTEROLOGY ASSOC ACCOUNTS PAYABLE,,1106174,FALL HILL GASTROENTEROLOGY ASSOC ACCOUNTS PAYABLE,FALL HILL GASTROENTEROLOGY ASSOCRECEIVING,20193670,90374835,Invoice,117.5,0,5,587.5,587.5
1/5/2023,Other GI Supply Disposables,GI,202301,1106224,ENDOSCOPY CENTER OF FAIRFIELD CNTY ACCOUNTS PAYABLE,,1106224,ENDOSCOPY CENTER OF FAIRFIELD CNTY ACCOUNTS PAYABLE,GASTROENTEROLOGY ASSOCIATES OFFAIRFIELD COUNTY - RECEIVING,20193740,90374837,Invoice,23.5,0,1,23.5,23.5
1/5/2023,Other GI Supply Disposables,GI,202301,1106224,ENDOSCOPY CENTER OF FAIRFIELD CNTY ACCOUNTS PAYABLE,,1106224,ENDOSCOPY CENTER OF FAIRFIELD CNTY ACCOUNTS PAYABLE,GASTROENTEROLOGY ASSOCIATES OFFAIRFIELD COUNTY - RECEIVING,20193740,90374837,Invoice,23.5,0,1,23.5,23.5
1/5/2023,Other GI Supply Disposables,GI,202301,1106224,ENDOSCOPY CENTER OF FAIRFIELD CNTY ACCOUNTS PAYABLE,,1106224,ENDOSCOPY CENTER OF FAIRFIELD CNTY ACCOUNTS PAYABLE,GASTROENTEROLOGY ASSOCIATES OFFAIRFIELD COUNTY - RECEIVING,20193740,90374837,Invoice,141,0,6,846,846
1/5/2023,Other GI Supply Disposables,GI,202301,1106224,ENDOSCOPY CENTER OF FAIRFIELD CNTY ACCOUNTS PAYABLE,,1106224,ENDOSCOPY CENTER OF FAIRFIELD CNTY ACCOUNTS PAYABLE,GASTROENTEROLOGY ASSOCIATES OFFAIRFIELD COUNTY - RECEIVING,20193740,90374837,Invoice,23.5,0,1,23.5,23.5
1/5/2023,Spot Ex,GI,202301,1106340,Gastro & Liver Specialists of Tidewater,,1106340,Gastro & Liver Specialists of Tidewater,Gastro and Liver Specialists of TidewaterAttn: Receiving,20193905,90374840,Invoice,380,33.6,10,3800,3766.4
1/5/2023,Other GI Supply Disposables,GI,202301,1106429,HACKENSACK ENDOSCOPY CENTER ACCOUNTS PAYABLE,,1106429,HACKENSACK ENDOSCOPY CENTER ACCOUNTS PAYABLE,HACKENSACK ENDOSCOPY CENTERRECEIVING,20194028,90374842,Invoice,520,320,20,10400,10080
1/5/2023,EverLift,GI,202301,1106541,UNITED SURGERY CTR IRVINE ACCOUNTS PAYABLE,,1106541,UNITED SURGERY CTR IRVINE ACCOUNTS PAYABLE,UNITED SURGERY Center IRVINEPO 1229NM,20194201,90374844,Invoice,400,44.5,10,4000,3955.5
1/5/2023,RenovaRP Consumables,GI,202301,1106594,JOHN T MATHER HOSPITAL ACCOUNTS PAYABLE,,1106594,JOHN T MATHER HOSPITAL ACCOUNTS PAYABLE,JOHN T MATHER HOSPITALRECEIVING,20194302,90374847,Invoice,860,400,80,68800,68400
1/5/2023,Optilume Strictures,Uro,202301,1106607,KONA COMMUNITY HOSPITAL ACCOUNTS PAYABLE,,1106607,KONA COMMUNITY HOSPITAL ACCOUNTS PAYABLE,KONA COMMUNITY HOSPITALRECEIVING 47879,20194325,90374848,Invoice,4790,0,2,9580,9580
1/5/2023,Optilume Strictures,Uro,202301,1106607,KONA COMMUNITY HOSPITAL ACCOUNTS PAYABLE,,1106607,KONA COMMUNITY HOSPITAL ACCOUNTS PAYABLE,KONA COMMUNITY HOSPITALRECEIVING 47879,20194325,90374848,Invoice,0,402,0,0,-402
1/5/2023,Optilume Strictures,Uro,202301,1106607,KONA COMMUNITY HOSPITAL ACCOUNTS PAYABLE,,1106607,KONA COMMUNITY HOSPITAL ACCOUNTS PAYABLE,KONA COMMUNITY HOSPITALRECEIVING 47879,20194325,90374848,Invoice,0,302,0,0,-302
1/5/2023,Optilume Strictures,Uro,202301,1106607,KONA COMMUNITY HOSPITAL ACCOUNTS PAYABLE,,1106607,KONA COMMUNITY HOSPITAL ACCOUNTS PAYABLE,KONA COMMUNITY HOSPITALRECEIVING 47879,20194325,90374848,Invoice,0,56,0,0,-56
1/5/2023,RenovaRP Consumables,GI,202301,1106820,UNITY MEDICAL CENTER ACCOUNTS PAYABLE,,1106820,UNITY MEDICAL CENTER ACCOUNTS PAYABLE,UNITY MEDICAL CENTERRECEIVING,20194625,90374851,Invoice,1000,402.2,10,10000,9597.8
1/5/2023,Other GI Supply Disposables,GI,202301,1107016,HCA Houston Healthcare North Cypress,,1107016,HCA Houston Healthcare North Cypress,HCA Houston North Cypress Medical CenterAttn: Receiving,20194978,90374854,Invoice,194,69,100,19400,19331
1/5/2023,Spot Ex,GI,202301,1107044,Northwest Gastro & Endoscopy,,1107044,Northwest Gastro & Endoscopy,Northwest Endoscopy Centerpo 0472,20195012,90374855,Invoice,760,67.2,20,15200,15132.8
1/5/2023,Other GI Supply Disposables,GI,202301,1107167,East Greenwich Endoscopy Center,,1107167,East Greenwich Endoscopy Center,OCEAN STATE ENDOSCOPY CENTERRECEIVING,20195206,90374857,Invoice,260,160,10,2600,2440
1/5/2023,EverLift,GI,202301,1107167,East Greenwich Endoscopy Center,,1107167,East Greenwich Endoscopy Center,OCEAN STATE ENDOSCOPY CENTERRECEIVING,20195206,90374857,Invoice,360,44.5,10,3600,3555.5
1/5/2023,Spot Ex,GI,202301,1107345,ROWAN DIAGNOSTIC CLINIC ACCOUNTS PAYABLE,,1107345,ROWAN DIAGNOSTIC CLINIC ACCOUNTS PAYABLE,ROWAN DIAGNOSTICS CLINICRECEIVING,20195477,90374859,Invoice,380,33.6,10,3800,3766.4
1/5/2023,Spot Ex,GI,202301,1107513,SOUTH DENVER ENDOSCOPY CENTER ACCOUNTS PAYABLE,,1107513,SOUTH DENVER ENDOSCOPY CENTER ACCOUNTS PAYABLE,SOUTH DENVER ENDOSCOPY CENTERPO 714247,20195733,90374860,Invoice,345,33.6,10,3450,3416.4
1/5/2023,Spot Ex,GI,202301,1107534,SEATTLE GASTROENTEROLOGY ASSOCIATES ACCOUNTS PAYABLE,,1107534,SEATTLE GASTROENTEROLOGY ASSOCIATES ACCOUNTS PAYABLE,FREMONT ENDOSCOPY CENTERRECEIVING,20195760,90374861,Invoice,760,67.2,20,15200,15132.8
1/5/2023,Spot Ex,GI,202301,1107644,SANTA MONICA-UCLA MEDICAL CENTER *Consolidated* Use BP# 1022708,1022708,Cust Info Not Found,Cust Info Not Found,SANTA MONICA-UCLA MEDICAL CENTERPO 22666626-0-SMH LUM GILAB,20195982,90374863,Invoice,1035,100.8,30,31050,30949.2
1/5/2023,Other GI Supply Disposables,GI,202301,1107716,SSM HEALTH CARE NETWORK **CONSOLIDATED USE 1022292**,1022292,1022292,SSM Health Care St Louis,SSM INTEGRATED DISTRIBUTION CTR**CONSOLIDATED**,20196089,90374864,Invoice,55,16.25,25,1375,1358.75
1/5/2023,Spot Ex,GI,202301,1107716,SSM HEALTH CARE NETWORK **CONSOLIDATED USE 1022292**,1022292,1022292,SSM Health Care St Louis,SSM INTEGRATED DISTRIBUTION CTRRECEIVING PO,20196089,90374865,Invoice,1900,168,50,95000,94832
1/5/2023,EverLift,GI,202301,1107838,UNIV CA SAN DIEGO MEDICAL CENTER *Consolidated* Use BP# 1022710,1022710,Cust Info Not Found,Cust Info Not Found,UNIV CA SAN DIEGO MEDICAL CENTER*Consolidated* Use BP# 20071668,20196283,90374867,Invoice,350,44.5,10,3500,3455.5
1/5/2023,Spot Ex,GI,202301,1107885,VA MEDICAL CENTER - DES MOINES ACCOUNTS PAYABLE,,1107885,VA MEDICAL CENTER - DES MOINES ACCOUNTS PAYABLE,VA MEDICAL CENTERRECEIVING,20196386,90374869,Invoice,380,33.6,10,3800,3766.4
1/5/2023,Spot Ex,GI,202301,1107916,HCA Venture Ambulatory Surgery Center,,1107916,HCA Venture Ambulatory Surgery Center,HCA Venture Ambulatory Surgery CenterAttn: Receiving,20196425,90374870,Invoice,345,33.6,10,3450,3416.4
1/5/2023,Other GI Supply Disposables,GI,202301,1108035,WASHINGTON HOSPITAL ACCOUNTS PAYABLE,,1108035,WASHINGTON HOSPITAL ACCOUNTS PAYABLE,WASHINGTON HOSPITALRECEIVING,20196576,90374873,Invoice,25,0,1,25,25
1/5/2023,Spot Ex,GI,202301,1108062,CENTER FOR AMBULATORY SURGERY ACCOUNTS PAYABLE,,1108062,CENTER FOR AMBULATORY SURGERY ACCOUNTS PAYABLE,CENTER FOR AMBULATORY SURGERYpo 2301047,20196621,90374874,Invoice,1140,100.8,30,34200,34099.2
1/5/2023,Spot Ex,GI,202301,1108711,North Florida Surgeons Colon & Rectal Associates,,1108711,North Florida Surgeons Colon & Rectal Associates,North Florida SurgeonsColon and Rectal Associates,20197493,90374875,Invoice,380,33.6,10,3800,3766.4
1/5/2023,Optilume Strictures,Uro,202301,9980000441,MICHAEL RYAN,,9980000441,MICHAEL RYAN,MICHAEL RYAN,9980000441,90374876,Invoice,0,302,2,0,-302
1/5/2023,Clearview,CI,202301,1059705,North Tees & Hartlepool Solutions University Hospital North Tees,,1059705,North Tees & Hartlepool Solutions University Hospital North Tees,North Tees and Hartlepool SolutionsCentral Stores,20155358,90374877,Invoice,290.63,74.59,5,1453.15,1378.56
1/5/2023,babyLance,CI,202301,1061762,Aneurin Bevan Local Health Board 342049 Accounts Payable,,1061762,Aneurin Bevan Local Health Board 342049 Accounts Payable,Aneurin Bevan Local Health Board320061 RGH Receipt and Distribution Bay,20156105,90374878,Invoice,1713.18,709.75,2000,3426360,3425650.25
